pair_index,mol_a_idx,mol_b_idx,input_line_a,input_line_b,input_smiles_a,input_smiles_b,smiles_a,smiles_b,atoms_a,bonds_a,atoms_b,bonds_b,nvmolkit_time_ms,rdkit_time_ms,nvmolkit_atoms,nvmolkit_bonds,rdkit_atoms,rdkit_bonds,rdkit_completed,nvmolkit_canceled,nvmolkit_overflowed,nvmolkit_used_gpu,nvmolkit_used_fallback,nvmolkit_phase2_iters,nvmolkit_initial_seeds,nvmolkit_mismatched_initial_seeds,nvmolkit_popped,nvmolkit_seed_checks,nvmolkit_match_calls,nvmolkit_match_found,nvmolkit_bound_rejected,nvmolkit_expanded,nvmolkit_fill_zero,nvmolkit_stage0_attempts,nvmolkit_stage0_success,nvmolkit_stage1_attempts,nvmolkit_stage1_success,nvmolkit_stage2_attempts,nvmolkit_stage2_success,nvmolkit_individual_bond_excluded,nvmolkit_fast_attempts,nvmolkit_fast_success,nvmolkit_fallback_calls,nvmolkit_fallback_success,nvmolkit_fallback_fail,nvmolkit_fallback_overflow,nvmolkit_max_queue,nvmolkit_forced_exit
0,654,114,5240309,5937853,CC1=C(NC(=O)CC2CCN(C(=O)OC(C)(C)C)C2)C=CC=C1S(N)(=O)=O,CCN1N=CC(C)=C1C(=O)NCC(C)CN(C)C(=O)C1=CSC(C(C)=O)=N1,Cc1c(NC(=O)CC2CCN(C(=O)OC(C)(C)C)C2)cccc1S(N)(=O)=O,CCn1ncc(C)c1C(=O)NCC(C)CN(C)C(=O)c1csc(C(C)=O)n1,27,28,27,28,12.819991,,12,11,,,0,0,0,1,0,68,28,5,268,437,437,227,110,268,2,213,98,260,98,33,8,75,409,96,341,131,210,0,23,0
1,25,759,7637054,8626595,C=C1CC2CC1CN2C1=NC(N2CCOC(C3=CC=C(C)S3)C2)=NC(NC)=N1,CC1=CC(C(=O)N(CC2=C3C=CN(C)C3=CC=C2)C[C@@H]2CCCC[C@H]2O)=CC=N1,C=C1CC2CC1CN2c1nc(NC)nc(N2CCOC(c3ccc(C)s3)C2)n1,Cc1cc(C(=O)N(Cc2cccc3c2ccn3C)C[C@@H]2CCCC[C@H]2O)ccn1,28,32,29,32,17.425140,,11,10,,,0,0,0,1,0,60,32,3,235,459,459,201,126,235,0,186,82,303,71,49,19,139,427,108,351,93,258,0,29,0
2,281,250,7360629,970568,CCC1=NC(C)=C(C(=O)N2CCN(C(=O)C=CC3=CSC=C3)CC23CCC3)O1,CC1=CC=C(F)C=C1NC(=O)CC(C1=CC=CC=C1)C(C)C,CCc1nc(C)c(C(=O)N2CCN(C(=O)C=Cc3ccsc3)CC23CCC3)o1,Cc1ccc(F)cc1NC(=O)CC(c1ccccc1)C(C)C,28,31,22,23,16.402130,,11,10,,,0,0,0,1,0,71,23,1,276,481,481,247,89,276,0,240,104,272,113,28,8,80,458,116,365,131,234,0,22,0
3,228,142,4759077,3301945,CON=CC(=O)N1CCC(OCCNC(=O)[C@H]2CCC[C@H]2C(=O)OC)C1,CC1=C(C(=O)N2CC(C)(C)C[C@H]2C(=O)NCC(C)OCCO)N=CO1,CON=CC(=O)N1CCC(OCCNC(=O)[C@H]2CCC[C@H]2C(=O)OC)C1,Cc1ocnc1C(=O)N1CC(C)(C)C[C@H]1C(=O)NCC(C)OCCO,26,27,25,26,11.185060,,12,11,,,0,0,0,1,0,75,26,0,296,492,492,274,266,296,0,263,127,318,98,140,23,51,466,182,310,92,218,0,26,0
4,754,104,9496029,6937058,CC1=NC(NC[C@]23CCC[C@H]2CN(C(=O)[C@@H](CCC(N)=O)N(C)C)C3)=C2C=NNC2=N1,CC1=CN=C(O)C(NC(=O)C2CCN(C(=O)C(F)C3(O)CCCC3)CCO2)=C1,Cc1nc(NC[C@]23CCC[C@H]2CN(C(=O)[C@@H](CCC(N)=O)N(C)C)C3)c2cn[nH]c2n1,Cc1cnc(O)c(NC(=O)C2CCN(C(=O)C(F)C3(O)CCCC3)CCO2)c1,31,34,28,30,21.323641,,16,15,,,0,0,0,1,0,159,30,5,635,800,800,566,161,635,1,541,344,324,181,38,16,27,770,423,377,143,234,0,28,0
5,692,758,2627573,9782512,NC1=CC=C(C(=O)N2C[C@@H]3CN(C(=O)C4=NSC=C4)C[C@@H]3C2)C=N1,CCCN1CCCCC1C(=O)N1CC2(CN(C(=O)C3=CC(N(C)C)=CC=N3)CC2CO)C1,Nc1ccc(C(=O)N2C[C@@H]3CN(C(=O)c4ccsn4)C[C@@H]3C2)cn1,CCCN1CCCCC1C(=O)N1CC2(CN(C(=O)c3cc(N(C)C)ccn3)CC2CO)C1,24,27,32,35,70.458481,,20,20,,,0,0,0,1,0,380,27,2,1517,1525,1525,1087,2297,1517,0,990,605,1742,334,941,123,19,1498,723,802,364,438,0,43,0
6,913,558,9854679,2672686,CCC(C)(CC1=CN(C2CCCCNC2=O)N=N1)C(=O)N1CCC(C)=C(C2=CC=CO2)C1,O=C1CC(C(=O)NC/C=C\CNC(=O)[C@H]2C[C@@H]2C2CCCO2)=NN1,CCC(C)(Cc1cn(C2CCCCNC2=O)nn1)C(=O)N1CCC(C)=C(c2ccco2)C1,O=C1CC(C(=O)NC/C=C\CNC(=O)[C@H]2C[C@@H]2C2CCCO2)=NN1,32,35,24,26,13.120603,,12,11,,,0,0,0,1,0,84,26,1,322,474,474,286,74,322,0,274,135,232,126,2,0,47,448,158,316,128,188,0,27,0
7,89,604,164641,2155819,CCOCC[C@@H](C)NCC1=CNC(C(=O)OC)=C1,CCOC1=CC=C(S(=O)(=O)N2CC(C(=O)OC)CC2(C)C)C=C1Cl,CCOCC[C@@H](C)NCc1c[nH]c(C(=O)OC)c1,CCOc1ccc(S(=O)(=O)N2CC(C(=O)OC)CC2(C)C)cc1Cl,18,18,24,25,3.427049,,9,8,,,0,0,0,1,0,38,18,0,143,181,181,117,77,143,0,108,70,112,29,8,0,23,163,61,120,56,64,0,25,0
8,432,32,4727751,2646999,CN(C[C@@H]1C[C@H](F)CN1C(=O)[C@H]1CCCN1C)C(=O)CCCC(F)(F)F,NC(=O)C[C@@H](O)C(=O)NC1COCCN(C(=O)C2=CC=CC=C2)C1,CN(C[C@@H]1C[C@H](F)CN1C(=O)[C@H]1CCCN1C)C(=O)CCCC(F)(F)F,NC(=O)C[C@@H](O)C(=O)NC1COCCN(C(=O)c2ccccc2)C1,26,27,24,25,22.895288,,17,16,,,0,0,0,1,0,207,25,3,820,1043,1043,753,157,820,0,739,460,359,239,63,32,3,1018,650,393,103,290,0,23,0
9,30,95,9383559,9309198,CC(C)(C)OC(=O)NC1(C2CCC(C(=O)O)N(CC3=CC(C#N)=CC=C3Br)C2)CCC1,COC1=CC=C(CC2CCN(C(=O)C3=CC=C(N4C=NC5=CC=CC=C54)C=C3)C2)C=C1,CC(C)(C)OC(=O)NC1(C2CCC(C(=O)O)N(Cc3cc(C#N)ccc3Br)C2)CCC1,COc1ccc(CC2CCN(C(=O)c3ccc(-n4cnc5ccccc54)cc3)C2)cc1,31,33,31,35,72.307533,,19,18,,,0,0,0,1,0,234,33,2,931,1393,1393,790,962,931,1,743,439,920,222,605,98,24,1360,606,787,184,603,0,44,0
10,223,238,4544882,5416414,CC(=O)OCC1CN(C(=O)[C@@H]2[C@@H](C)OCCN2C(=O)CC2=NOC=C2)C1,CC1=CC=C(CN2CCCC2)C=C1NC(=O)C(=O)NCC1=CN=CC=C1O,CC(=O)OCC1CN(C(=O)[C@@H]2[C@@H](C)OCCN2C(=O)Cc2ccon2)C1,Cc1ccc(CN2CCCC2)cc1NC(=O)C(=O)NCc1cnccc1O,26,28,27,29,18.574604,,15,14,,,0,0,0,1,0,113,28,1,441,696,696,397,211,441,0,385,137,445,224,37,9,36,668,282,414,115,299,0,27,0
11,517,616,8356445,7793318,CC1=C(C)C(C(=O)N2CCCN(C(=O)C3=CN=C4N=CC=CC4=C3)C[C@@H]2C)=CS1,CCC1=CC=CC(CCN(CC2=NC=C(OC)N=C2)CC2=NN=C(CC)N2)=C1,Cc1scc(C(=O)N2CCCN(C(=O)c3cnc4ncccc4c3)C[C@@H]2C)c1C,CCc1cccc(CCN(Cc2cnc(OC)cn2)Cc2nnc(CC)[nH]2)c1,29,32,28,30,32.637257,,17,16,,,0,0,0,1,0,100,30,3,391,574,574,325,275,391,0,286,169,310,86,183,43,28,544,197,377,128,249,0,32,0
12,27,574,6857256,5611587,CC(=O)N[C@@H](C(=O)N1CCC(C(=O)NC2CCN3N=NN=C3C2)CC1)C(C)C,CCC1=C(C(=O)N2CC3(C(=O)NCCC4=CSC=C4)CC2CCO3)N=CO1,CC(=O)N[C@@H](C(=O)N1CCC(C(=O)NC2CCn3nnnc3C2)CC1)C(C)C,CCc1ocnc1C(=O)N1CC2(C(=O)NCCc3ccsc3)CC1CCO2,28,30,27,30,125.471840,,18,17,,,0,0,0,1,0,748,30,3,2980,4445,4445,2725,953,2980,0,2713,1464,2399,1145,244,89,398,4415,2284,2161,441,1720,0,42,0
13,203,733,5641571,5747447,C=CCC(CNC(=O)CCC1=NN(C)C=C1)C(=O)N1CCC2(CCCC2)C1,CC1=NON=C1CC(=O)N1C[C@H]2CCC[C@H]2[C@H]1C(=O)N(C)[C@@H]1CCC[C@H]1O,C=CCC(CNC(=O)CCc1ccn(C)n1)C(=O)N1CCC2(CCCC2)C1,Cc1nonc1CC(=O)N1C[C@H]2CCC[C@H]2[C@H]1C(=O)N(C)[C@@H]1CCC[C@H]1O,27,29,27,30,17.620632,,14,14,,,0,0,0,1,0,127,29,2,500,560,560,420,263,500,0,353,235,267,95,104,63,2,531,292,268,128,140,0,36,0
14,665,718,7440053,1002008,O=C(CC1=CC=CC=C1OC1CCCC1)OC/C=C/C1=CC=C2OCOC2=C1,CC1=NN=C(CNC(=O)C2=C(C)C(C)(C)OC2=O)N1C1CC1,O=C(Cc1ccccc1OC1CCCC1)OC/C=C/c1ccc2c(c1)OCO2,CC1=C(C(=O)NCc2nnc(C)n2C2CC2)C(=O)OC1(C)C,28,31,22,24,2.525989,,8,7,,,0,0,0,1,0,17,24,8,62,110,110,59,85,62,2,48,19,62,16,52,8,6,86,27,83,32,51,0,16,0
15,558,429,2672686,2046013,O=C1CC(C(=O)NC/C=C\CNC(=O)[C@H]2C[C@@H]2C2CCCO2)=NN1,O=C(C1=CC=NC2=NC=NN12)N1CCC(COCC(F)(F)F)CC1,O=C1CC(C(=O)NC/C=C\CNC(=O)[C@H]2C[C@@H]2C2CCCO2)=NN1,O=C(c1ccnc2ncnn12)N1CCC(COCC(F)(F)F)CC1,24,26,24,26,5.698730,,11,10,,,0,0,0,1,0,42,26,2,167,271,271,157,41,167,1,150,64,118,69,12,0,22,245,91,180,66,114,0,24,0
16,225,459,9996204,8067682,CCOC(=O)C1=C(C2=CN=CO2)N(C2=CC(C)=CC(C)=C2)C(=S)NC1C1=CC(C2CC2)=NO1,CCSC(C(=O)N1CC2(CCCC2)C1C(=O)NCC1=NC(CO)=CC=C1)C(C)C,CCOC(=O)C1=C(c2cnco2)N(c2cc(C)cc(C)c2)C(=S)NC1c1cc(C2CC2)no1,CCSC(C(=O)N1CC2(CCCC2)C1C(=O)NCc1cccc(CO)n1)C(C)C,33,37,29,31,22.258438,,12,11,,,0,0,0,1,0,86,31,2,336,678,678,308,274,336,1,289,115,380,133,234,31,63,647,165,513,143,370,0,29,0
17,603,284,2234872,8276759,CC1=CC(CN(C)C(=O)NC2=CN(C(C)(C)C)N=C2C(N)=O)=NO1,CCCC1=CC=C(C(=O)N2CC[C@H](CO)[C@@H](NC(=O)C3C[C@H]4CC[C@H]4C3)C2)C=C1,Cc1cc(CN(C)C(=O)Nc2cn(C(C)(C)C)nc2C(N)=O)no1,CCCc1ccc(C(=O)N2CC[C@H](CO)[C@@H](NC(=O)C3C[C@H]4CC[C@H]4C3)C2)cc1,24,25,29,32,7.893137,,10,9,,,0,0,0,1,0,37,25,2,129,219,219,107,123,129,1,85,43,143,36,67,5,23,194,57,162,50,112,0,24,0
18,828,890,5398052,302330,COC1=CC(CCNC(=O)N(CC2=CC=CS2)C2CCOC2)=CC(F)=C1F,NC1=CN=C(Br)C=C1CN1CCC(C(O)CO)CC1,COc1cc(CCNC(=O)N(Cc2cccs2)C2CCOC2)cc(F)c1F,Nc1cnc(Br)cc1CN1CCC(C(O)CO)CC1,27,29,19,20,6.829397,,10,9,,,0,0,0,1,0,52,20,1,204,297,297,181,119,204,0,168,88,184,66,30,8,25,277,103,194,78,116,0,19,0
19,6,777,9819790,2724797,CC1=CC=C(C(C)C)C(C(=O)NC[C@H]2CC[C@H](CN3C=C(CN4C=CN=C4)N=N3)CC2)=C1,CCCCC1=CC(NCC[C@H](C)NC(=O)[C@H]2CCC[C@@H]2O)=NC=N1,Cc1ccc(C(C)C)c(C(=O)NC[C@H]2CC[C@H](Cn3cc(Cn4ccnc4)nn3)CC2)c1,CCCCc1cc(NCC[C@H](C)NC(=O)[C@H]2CCC[C@@H]2O)ncn1,32,35,24,25,10.281267,,14,13,,,0,0,0,1,0,84,25,1,323,397,397,288,78,323,1,265,176,155,87,3,1,19,372,214,183,74,109,0,26,0
20,825,163,6852006,3471882,CC1=NOC(CC(=O)N2CC(OCCC(=O)NCC3=CC=C(F)N=C3C)C2)=C1,CCC1(C(=O)NCC(O)C(=O)OC)CCN(C(=O)[C@H](C)C2CC2)CC1,Cc1cc(CC(=O)N2CC(OCCC(=O)NCc3ccc(F)nc3C)C2)on1,CCC1(C(=O)NCC(O)C(=O)OC)CCN(C(=O)[C@H](C)C2CC2)CC1,28,30,25,26,11.738529,,12,11,,,0,0,0,1,0,77,26,0,303,447,447,257,223,303,0,227,95,311,108,76,28,30,421,157,290,100,190,0,26,0
21,714,432,7488944,4727751,CCC(C)C1=NC=CC(NC[C@H]2CCC[C@@H](NC(=O)CN3N=CC=C3C)C2)=N1,CN(C[C@@H]1C[C@H](F)CN1C(=O)[C@H]1CCCN1C)C(=O)CCCC(F)(F)F,CCC(C)c1nccc(NC[C@H]2CCC[C@@H](NC(=O)Cn3nccc3C)C2)n1,CN(C[C@@H]1C[C@H](F)CN1C(=O)[C@H]1CCCN1C)C(=O)CCCC(F)(F)F,28,30,26,27,8.203651,,13,12,,,0,0,0,1,0,56,27,4,217,336,336,202,110,217,1,183,82,181,82,37,15,18,309,132,204,70,134,0,23,0
22,348,284,2791183,8276759,CCC1=CC=C(CN(CC(Cl)(Cl)Cl)C(=O)CNC(=O)CC(C)C)O1,CCCC1=CC=C(C(=O)N2CC[C@H](CO)[C@@H](NC(=O)C3C[C@H]4CC[C@H]4C3)C2)C=C1,CCc1ccc(CN(CC(Cl)(Cl)Cl)C(=O)CNC(=O)CC(C)C)o1,CCCc1ccc(C(=O)N2CC[C@H](CO)[C@@H](NC(=O)C3C[C@H]4CC[C@H]4C3)C2)cc1,24,24,29,32,6.046690,,18,17,,,0,0,0,1,0,60,24,3,213,226,226,177,121,213,0,146,103,121,44,21,9,2,202,125,101,52,49,0,21,0
23,159,220,9521402,402122,C[C@H](CNC(=O)C1=CC=CC=C1OCC1=CN(C2=CC=C(Cl)C=C2)N=N1)OC(C)(C)C,CC(C(=O)NCC(C)(C)C1=NOC=N1)N1CCCC1=O,C[C@H](CNC(=O)c1ccccc1OCc1cn(-c2ccc(Cl)cc2)nn1)OC(C)(C)C,CC(C(=O)NCC(C)(C)c1ncon1)N1CCCC1=O,31,33,20,21,4.634524,,8,7,,,0,0,0,1,0,38,21,1,147,247,247,138,88,147,0,126,66,127,38,49,14,22,226,91,156,47,109,0,20,0
24,980,781,5308922,9990567,O=C(CCN1N=NC2=CC=CC=C2C1=O)N1CCC2(CCCCCC2)CC1,COC(=O)C1=CC=C(NC(=O)C2CCN(C(=O)C3=CC=C(F)C=C3F)CC2)C2=CC=NC=C12,O=C(CCn1nnc2ccccc2c1=O)N1CCC2(CCCCCC2)CC1,COC(=O)c1ccc(NC(=O)C2CCN(C(=O)c3ccc(F)cc3F)CC2)c2ccncc12,27,30,33,36,36.601723,,13,12,,,0,0,0,1,0,192,30,2,764,1089,1089,718,204,764,0,687,381,398,187,146,122,52,1059,458,631,260,371,0,35,0
25,344,104,9516268,6937058,N#CC[C@@H](O)CN1C=C(C2=CC=CC(OCC(=O)NC3CCC4=NC=CN4C3)=C2)N=N1,CC1=CN=C(O)C(NC(=O)C2CCN(C(=O)C(F)C3(O)CCCC3)CCO2)=C1,N#CC[C@@H](O)Cn1cc(-c2cccc(OCC(=O)NC3CCc4nccn4C3)c2)nn1,Cc1cnc(O)c(NC(=O)C2CCN(C(=O)C(F)C3(O)CCCC3)CCO2)c1,31,34,28,30,29.501072,,14,13,,,0,0,0,1,0,195,30,1,774,1113,1113,685,189,774,0,658,368,475,258,110,30,75,1083,500,613,185,428,0,29,0
26,94,389,4847972,7130093,CS(=O)CCC(=O)N1CCC[C@@H]1CN1C=C(C2=CC=CC(F)=C2N)N=N1,CCCC1=CN=NC(C(=O)N[C@H]2COC[C@H]2N2C=C(CC(OC)OC)N=N2)=C1,CS(=O)CCC(=O)N1CCC[C@@H]1Cn1cc(-c2cccc(F)c2N)nn1,CCCc1cnnc(C(=O)N[C@H]2COC[C@H]2n2cc(CC(OC)OC)nn2)c1,26,28,28,30,61.746758,,17,16,,,0,0,0,1,0,386,28,4,1540,2543,2543,1353,709,1540,0,1331,485,1573,688,298,156,234,2515,1132,1411,221,1190,0,31,0
27,99,367,2993846,9447173,CCN1CCN(C2=CC=C(CNS(=O)(=O)CC(C)(C)CF)C=N2)CC1,CN(CC1(O)CCN(C(=O)C2=CC=C([N+](=O)[O-])N2C)CC1)C(=O)[C@H](O)C1=CC=CC=C1,CCN1CCN(c2ccc(CNS(=O)(=O)CC(C)(C)CF)cn2)CC1,CN(CC1(O)CCN(C(=O)c2ccc([N+](=O)[O-])n2C)CC1)C(=O)[C@H](O)c1ccccc1,25,26,31,33,21.789679,,12,11,,,0,0,0,1,0,117,26,5,458,720,720,405,127,458,2,391,174,369,183,49,27,74,694,253,467,152,315,0,22,0
28,867,352,4152808,4876269,CC(C)CN1N=C(C2=CC=CC=C2)C=C1NC(=O)N(C)C1(CO)COC1,CCC1=NSC(N2CCC[C@H]2CNC(=O)CC2=CC=C3OCCC3=C2)=N1,CC(C)Cn1nc(-c2ccccc2)cc1NC(=O)N(C)C1(CO)COC1,CCc1nsc(N2CCC[C@H]2CNC(=O)Cc2ccc3c(c2)CCO3)n1,26,28,26,29,13.246137,,13,12,,,0,0,0,1,0,82,28,1,318,572,572,295,150,318,0,273,102,313,111,85,55,85,544,182,390,113,277,0,32,0
29,618,270,5085485,4467697,CCC1=CN=C(C(=O)N(CCC2(CO)CCC2)C[C@@H]2COC[C@H]2C)N=C1,CCC1=C(C(=O)N2CC(C)C2C(=O)NCC2CCCCCCC2)SC=N1,CCc1cnc(C(=O)N(CCC2(CO)CCC2)C[C@@H]2COC[C@H]2C)nc1,CCc1ncsc1C(=O)N1CC(C)C1C(=O)NCC1CCCCCCC1,26,28,26,28,50.221630,,17,16,,,0,0,0,1,0,148,28,3,586,1340,1340,522,513,586,0,477,230,558,198,744,69,5,1312,392,948,130,818,0,33,0
30,826,44,4191891,7233874,CCC1=CC=CC(C2(CNC(=O)N3CCC4=C(C3)C(Br)=CC=C4)CC2)=C1,C#CCC(CC(F)F)C(=O)NC1(C2CCCN2C(=O)CC2=CC=C(C)O2)CC1,CCc1cccc(C2(CNC(=O)N3CCc4cccc(Br)c4C3)CC2)c1,C#CCC(CC(F)F)C(=O)NC1(C2CCCN2C(=O)Cc2ccc(C)o2)CC1,26,29,28,30,26.195093,,11,10,,,0,0,0,1,0,120,29,1,467,746,746,424,246,467,0,409,219,411,141,128,36,85,717,246,500,178,322,0,29,0
31,747,470,7094745,3166266,CCC1=CN=CC(C(=O)NC(C(=O)NCC2=NN(C(C)C)C=N2)C(C)(C)C)=C1,N[C@@H](CC1=CC=CC(NC(=O)C2=C(F)C=C(CO)C=C2F)=C1)C(=O)O,CCc1cncc(C(=O)NC(C(=O)NCc2ncn(C(C)C)n2)C(C)(C)C)c1,N[C@@H](Cc1cccc(NC(=O)c2c(F)cc(CO)cc2F)c1)C(=O)O,28,29,25,26,18.744070,,13,12,,,0,0,0,1,0,123,26,4,486,665,665,425,175,486,2,409,214,384,186,4,3,41,639,249,416,176,240,0,25,0
32,549,127,2397574,2363158,CC1CC(C(=O)N2CCOC(CC(=O)NCC3(F)CCC3)C2)=NO1,CN(CC1(C#N)CCC1)C(=O)C(=O)NCC1=CC=C(C2CC2)C=C1,CC1CC(C(=O)N2CCOC(CC(=O)NCC3(F)CCC3)C2)=NO1,CN(CC1(C#N)CCC1)C(=O)C(=O)NCc1ccc(C2CC2)cc1,24,26,24,26,4.880610,,9,9,,,0,0,0,1,0,45,26,6,161,189,189,138,63,161,1,115,83,84,35,0,0,15,163,64,125,74,51,0,20,0
33,996,944,6242893,2165776,C[C@@H](N)CN1C=C(CCCCC(=O)N2CCC3=CC(F)=CC(Cl)=C3C2)N=N1,CCOCC(C)(C)NC(=O)NC1=CN(C)N=C1C(=O)N1CCCC1,C[C@@H](N)Cn1cc(CCCCC(=O)N2CCc3cc(F)cc(Cl)c3C2)nn1,CCOCC(C)(C)NC(=O)Nc1cn(C)nc1C(=O)N1CCCC1,27,29,24,25,6.028545,,10,9,,,0,0,0,1,0,53,25,2,211,312,312,188,78,211,1,177,100,126,56,50,9,16,287,117,195,71,124,0,25,0
34,387,80,109700,36366,O=C(CC1CC1(Br)Br)NNC1=CC=C(F)C(Cl)=C1,NC(=O)CCN1CCC(C2CCCNC2)C1,O=C(CC1CC1(Br)Br)NNc1ccc(F)c(Cl)c1,NC(=O)CCN1CCC(C2CCCNC2)C1,18,19,16,17,3.366371,,7,6,,,0,0,0,1,0,26,17,0,97,146,146,88,10,97,0,86,45,48,23,3,3,18,129,41,105,47,58,0,17,0
35,565,300,1184618,2370681,CCC(O)(CC)CNC(=O)C(=O)NC1=NC(COC)=CC=C1,O=C(N[C@@H](CC1=CC=C(F)C=C1)C(=O)O)C1=CN2C=CN=C2C=C1,CCC(O)(CC)CNC(=O)C(=O)Nc1cccc(COC)n1,O=C(N[C@@H](Cc1ccc(F)cc1)C(=O)O)c1ccc2nccn2c1,22,22,24,26,8.375549,,11,10,,,0,0,0,1,0,60,22,0,230,331,331,204,109,230,0,190,106,196,70,18,6,38,309,135,196,69,127,0,25,0
36,849,643,7821504,3790728,CC1(C)OCC(CCN(CC2=CC=C3CCOC3=C2)CC2C3CCC2CC3)O1,CC(CNC1=NC(N)=NC(N[C@H]2CCN(CC(F)F)C2)=N1)C(C)(C)C,CC1(C)OCC(CCN(Cc2ccc3c(c2)OCC3)CC2C3CCC2CC3)O1,CC(CNc1nc(N)nc(N[C@H]2CCN(CC(F)F)C2)n1)C(C)(C)C,28,32,25,26,3.993912,,8,7,,,0,0,0,1,0,25,26,2,92,165,165,82,52,92,1,72,32,88,14,20,12,42,139,35,130,47,83,0,24,0
37,633,906,3234345,80879,CC(C)C1=C(C(=O)N2CCOC(C(=O)NCC3(CO)CC3)C2)N=CO1,CC(C)(NCC1=CC(O)=CC=C1)C1=NC=CS1,CC(C)c1ocnc1C(=O)N1CCOC(C(=O)NCC2(CO)CC2)C1,CC(C)(NCc1cccc(O)c1)c1nccs1,25,27,17,18,5.492376,,8,7,,,0,0,0,1,0,35,18,2,132,197,197,118,30,132,1,111,52,83,46,9,4,17,179,55,142,63,79,0,16,0
38,882,370,9656200,9041022,COC1=C(C)C=CC=C1CN(CC1=CC=C(N2C=CN=C2)C=C1)CC1OCCC12CC2,CC1=CC=C([N+](=O)[O-])C(NC2COCCCN(C(=O)C[C@@H](C)C3=CC=CC=C3)C2)=N1,COc1c(C)cccc1CN(Cc1ccc(-n2ccnc2)cc1)CC1OCCC12CC2,Cc1ccc([N+](=O)[O-])c(NC2COCCCN(C(=O)C[C@@H](C)c3ccccc3)C2)n1,31,35,30,32,30.855778,,15,14,,,0,0,0,1,0,177,32,3,704,936,936,623,133,704,0,608,334,379,249,33,11,24,904,442,494,181,313,0,29,0
39,591,196,990018,9156181,N#CC1=C(NC(=O)C2=NC=C(Br)C=C2C(F)F)C=CC=C1Cl,C[C@H]1CN(C2=NC3=CC=CC=C3N=C2NCCC2=CC=CC(C3CC3)=C2)C[C@H](C)O1,N#Cc1c(Cl)cccc1NC(=O)c1ncc(Br)cc1C(F)F,C[C@H]1CN(c2nc3ccccc3nc2NCCc2cccc(C3CC3)c2)C[C@H](C)O1,22,23,30,34,6.080833,,16,15,,,0,0,0,1,0,49,23,6,182,214,214,161,94,182,2,126,94,97,36,29,14,7,191,109,105,52,53,0,17,0
40,721,71,8841705,4769611,CC1=C(C(=O)O)C=NN1C1=CC=CC(NS(=O)(=O)CC2=CC=C(C(C)(F)F)C=C2)=C1,CC(C)(C)CCCCC(=O)N1CC(CCNC(=O)C2=CC=NC=C2F)C1,Cc1c(C(=O)O)cnn1-c1cccc(NS(=O)(=O)Cc2ccc(C(C)(F)F)cc2)c1,CC(C)(C)CCCCC(=O)N1CC(CCNC(=O)c2ccncc2F)C1,30,32,26,27,12.684277,,11,10,,,0,0,0,1,0,70,27,0,273,399,399,242,73,273,0,236,128,188,80,15,7,42,372,116,283,126,157,0,28,0
41,46,677,4193236,4192068,COC(=O)[C@H]1CC[C@@H](CNC(=O)NCC2=CC=C3NCCOC3=C2)CC1,O=C(NCC1=NOC(C2CCOCC2)=N1)NC[C@@]12CCCC[C@]1(CO)C2,COC(=O)[C@H]1CC[C@@H](CNC(=O)NCc2ccc3c(c2)OCCN3)CC1,O=C(NCc1noc(C2CCOCC2)n1)NC[C@@]12CCCC[C@]1(CO)C2,26,28,26,29,49.666821,,14,13,,,0,0,0,1,0,195,28,0,776,1222,1222,690,154,776,0,677,382,624,259,34,21,224,1194,462,760,228,532,0,30,0
42,233,791,5376646,9428881,COCC(NC(=O)NC(C)CS(=O)(=O)C1=CC=C(C)C=C1)C1=CN(C)N=C1,CC1=CC(C(=O)N2[C@H](CNC(=O)C3=CC=C(N=[N+]=[N-])C=C3)C[C@@H]3CCC[C@@H]32)=NN=C1C,COCC(NC(=O)NC(C)CS(=O)(=O)c1ccc(C)cc1)c1cnn(C)c1,Cc1cc(C(=O)N2[C@H](CNC(=O)c3ccc(N=[N+]=[N-])cc3)C[C@@H]3CCC[C@@H]32)nnc1C,27,28,31,34,3.469478,,8,7,,,0,0,0,1,0,24,28,6,93,140,140,84,44,93,1,62,27,64,28,8,7,19,112,32,108,52,56,0,22,0
43,296,81,872045,7702525,CO[C@@H](CCNC(=O)CC1(C)CC1)C(=O)NC1=CSC=C1,CCC1(CN(CC2=NC(N(C)C)=NC=C2)C(=O)CCNC(=O)NC)CCCO1,CO[C@@H](CCNC(=O)CC1(C)CC1)C(=O)Nc1ccsc1,CCC1(CN(Cc2ccnc(N(C)C)n2)C(=O)CCNC(=O)NC)CCCO1,21,22,28,29,5.138262,,12,11,,,0,0,0,1,0,28,22,2,107,168,168,96,60,107,0,77,47,74,23,35,6,15,146,52,116,44,72,0,20,0
44,875,238,6254698,5416414,C=CC(C)OCC(=O)N1CCC(C2=CN(CC3CCC(F)(F)CC3)N=N2)C1,CC1=CC=C(CN2CCCC2)C=C1NC(=O)C(=O)NCC1=CN=CC=C1O,C=CC(C)OCC(=O)N1CCC(c2cn(CC3CCC(F)(F)CC3)nn2)C1,Cc1ccc(CN2CCCC2)cc1NC(=O)C(=O)NCc1cnccc1O,27,29,27,29,16.893038,,13,12,,,0,0,0,1,0,102,29,5,403,524,524,351,135,403,1,323,211,232,111,42,5,37,495,222,302,129,173,0,25,0
45,887,103,3833951,3743337,CCC1=CC=C(C(=O)N(CCC2(C)OCCO2)CC2=CSC(Cl)=C2)N1,CC(C)CS(=O)(=O)N1CC2(CCC(CNC(=O)CC[C@@H]3C[C@H]3C)O2)C1,CCc1ccc(C(=O)N(CCC2(C)OCCO2)Cc2csc(Cl)c2)[nH]1,CC(C)CS(=O)(=O)N1CC2(CCC(CNC(=O)CC[C@@H]3C[C@H]3C)O2)C1,25,27,25,27,9.452965,,13,12,,,0,0,0,1,0,67,27,1,265,430,430,254,56,265,0,241,114,192,107,13,7,43,403,177,253,77,176,0,26,0
46,389,284,7130093,8276759,CCCC1=CN=NC(C(=O)N[C@H]2COC[C@H]2N2C=C(CC(OC)OC)N=N2)=C1,CCCC1=CC=C(C(=O)N2CC[C@H](CO)[C@@H](NC(=O)C3C[C@H]4CC[C@H]4C3)C2)C=C1,CCCc1cnnc(C(=O)N[C@H]2COC[C@H]2n2cc(CC(OC)OC)nn2)c1,CCCc1ccc(C(=O)N2CC[C@H](CO)[C@@H](NC(=O)C3C[C@H]4CC[C@H]4C3)C2)cc1,28,30,29,32,44.067245,,17,16,,,0,0,0,1,0,163,30,3,641,971,971,573,290,641,2,566,296,593,247,67,3,83,941,414,557,159,398,0,27,0
47,464,650,5336484,2369078,O=C(CN1CCC(OCC2=CN=CS2)C1)NCCN1CCC2=CC=CC=C21,CC1(C(=O)O)CCC2=CC(C3=CC=C(F)C(C(F)(F)F)=C3)=CC=C21,O=C(CN1CCC(OCc2cncs2)C1)NCCN1CCc2ccccc21,CC1(C(=O)O)CCc2cc(-c3ccc(F)c(C(F)(F)F)c3)ccc21,27,30,24,26,36.977913,,8,8,,,0,0,0,1,0,139,26,4,552,1006,1006,498,177,552,0,477,182,540,249,114,45,148,980,325,681,173,508,0,29,0
48,854,373,3570458,4205027,C[C@H]1CCO[C@H]1C(=O)NC[C@H]1CCCCN1C(=O)/C=C/C1=CNC=N1,O=C(NC1=CC=C(N2CCCCCC2)C=C1)C(=O)N1CCCCC(O)C1,C[C@H]1CCO[C@H]1C(=O)NC[C@H]1CCCCN1C(=O)/C=C/c1c[nH]cn1,O=C(Nc1ccc(N2CCCCCC2)cc1)C(=O)N1CCCCC(O)C1,25,27,26,28,8.727263,,15,14,,,0,0,0,1,0,70,27,1,260,338,338,234,162,260,1,216,133,165,63,73,12,7,311,159,179,75,104,0,27,0
49,166,379,9224839,1962038,CN1N=C(CN(CCC2CCOC2(C)C)CC2=CN=C(C3=CC=CN=C3)S2)C=C1Cl,C=C(Br)CNC1=NC(N(C)CCN2C=NC=N2)=NC2=C1CSC2,Cn1nc(CN(CCC2CCOC2(C)C)Cc2cnc(-c3cccnc3)s2)cc1Cl,C=C(Br)CNc1nc(N(C)CCn2cncn2)nc2c1CSC2,30,33,23,25,7.233304,,11,10,,,0,0,0,1,0,50,25,2,192,310,310,176,55,192,0,166,92,144,58,20,3,47,285,93,217,83,134,0,23,0
50,363,214,8246786,4116319,CCN(C(=O)CC1=CC(C)=CC=C1C)C1CCC(NC(=O)C2=CC=CN=N2)CC1,CC(C)(CNC(=O)C1CC(=O)N(C2=CC=CC=C2Cl)C1)OCC(F)(F)F,CCN(C(=O)Cc1cc(C)ccc1C)C1CCC(NC(=O)c2cccnn2)CC1,CC(C)(CNC(=O)C1CC(=O)N(c2ccccc2Cl)C1)OCC(F)(F)F,29,31,26,27,9.644526,,16,15,,,0,0,0,1,0,79,27,6,287,338,338,248,128,287,2,204,144,150,77,34,6,7,311,153,185,95,90,0,30,0
51,686,273,2090176,7258588,CC1=CC(O)=CC(C)=C1CC(=O)NCCCC1=CC=C(Cl)C=C1Cl,CCC(CC(=O)NCC1CN(C(=O)C2=NC=CN=C2OC)CC12CCC2)OC,Cc1cc(O)cc(C)c1CC(=O)NCCCc1ccc(Cl)cc1Cl,CCC(CC(=O)NCC1CN(C(=O)c2nccnc2OC)CC12CCC2)OC,24,25,28,30,20.709520,,13,12,,,0,0,0,1,0,108,25,2,415,560,560,388,96,415,1,383,244,194,113,50,8,15,535,234,326,154,172,0,23,0
52,718,959,1002008,3892785,CC1=NN=C(CNC(=O)C2=C(C)C(C)(C)OC2=O)N1C1CC1,C=CN1C=C(CN(CC2=C(Cl)C=CC=C2Cl)C[C@H]2OCC[C@H]2C)C=N1,CC1=C(C(=O)NCc2nnc(C)n2C2CC2)C(=O)OC1(C)C,C=Cn1cc(CN(Cc2c(Cl)cccc2Cl)C[C@H]2OCC[C@H]2C)cn1,22,24,25,27,3.146652,,8,7,,,0,0,0,1,0,24,24,2,90,161,161,87,45,90,0,75,27,69,28,26,10,16,137,41,120,46,74,0,23,0
53,699,663,2927270,5891057,COC(=O)COC1=CC=C(C(=O)N(C)C2=C(C)C=C(C)C=C2C)C=C1,COC1=CC(C(=O)N2C[C@@H]3[C@H](C2)[C@H]3NC(=O)C2=NN(C)C(C)=C2)=CC=C1C,COC(=O)COc1ccc(C(=O)N(C)c2c(C)cc(C)cc2C)cc1,COc1cc(C(=O)N2C[C@@H]3[C@H](C2)[C@H]3NC(=O)c2cc(C)n(C)n2)ccc1C,25,26,27,30,117.135887,,14,14,,,0,0,0,1,0,450,26,0,1794,2548,2548,1469,883,1794,0,1457,742,1734,645,202,56,287,2522,1206,1342,263,1079,0,39,0
54,73,623,4206817,2844946,CC(=O)C1=CC2=C(C=C1NC(=O)C(=O)N1CCOC(C)(C)C1C)OCO2,COC(=O)[C@H]1[C@H]2C[C@H]2CN1C(C(=O)NCCC#N)C1=CC(Br)=CO1,CC(=O)c1cc2c(cc1NC(=O)C(=O)N1CCOC(C)(C)C1C)OCO2,COC(=O)[C@H]1[C@H]2C[C@H]2CN1C(C(=O)NCCC#N)c1cc(Br)co1,26,28,24,26,42.496246,,16,15,,,0,0,0,1,0,91,26,2,357,1002,1002,311,739,357,0,284,106,557,96,845,85,18,976,186,816,125,691,0,24,0
55,650,175,2369078,2883910,CC1(C(=O)O)CCC2=CC(C3=CC=C(F)C(C(F)(F)F)=C3)=CC=C21,CCCC1=CC=C(C(=O)NC2=C(C#N)C=C(Cl)C=C2C)C=C1[N+](=O)[O-],CC1(C(=O)O)CCc2cc(-c3ccc(F)c(C(F)(F)F)c3)ccc21,CCCc1ccc(C(=O)Nc2c(C)cc(Cl)cc2C#N)cc1[N+](=O)[O-],24,26,25,26,128.295273,,11,10,,,0,0,0,1,0,311,26,5,1237,2117,2117,1088,367,1237,0,1071,436,1144,560,223,71,250,2091,751,1366,337,1029,0,41,0
56,546,746,3100926,6746942,O=C(NCCC1=COC=C1)NC12CC(CN(CC3=CC=CC=C3)C1)C2,CC(C)[C@@H](NC(=O)NCC1=NN(C)C2=C1COCC2)C1=NN=C2C=CC=CN21,O=C(NCCc1ccoc1)NC12CC(CN(Cc3ccccc3)C1)C2,CC(C)[C@@H](NC(=O)NCc1nn(C)c2c1COCC2)c1nnc2ccccn12,25,28,28,31,252.295013,,21,20,,,0,0,0,1,0,592,28,0,2364,4818,4818,2144,1875,2364,0,2114,891,2146,851,2372,374,79,4790,1606,3212,538,2674,0,49,0
57,250,167,970568,6662504,CC1=CC=C(F)C=C1NC(=O)CC(C1=CC=CC=C1)C(C)C,COC1=CC2=C(C=C1S(=O)(=O)N1CCC(C)(C3=CC=C(Cl)C=C3)CC1)CCC2,Cc1ccc(F)cc1NC(=O)CC(c1ccccc1)C(C)C,COc1cc2c(cc1S(=O)(=O)N1CCC(C)(c3ccc(Cl)cc3)CC1)CCC2,22,23,28,31,10.510648,,13,13,,,0,0,0,1,0,57,23,2,208,246,246,188,110,208,0,138,106,73,31,67,30,1,223,125,121,63,58,0,38,0
58,473,388,7018083,9410350,C=CCC1(C(=O)N2CCCC2CCC)CCN(C(=O)C2=COC(N(C)C)=N2)C1,CCC1=CNC(=O)C(C(=O)N2CCN(C(=O)C3=CC(Cl)=CC=N3)CC3CCCCC32)=C1,C=CCC1(C(=O)N2CCCC2CCC)CCN(C(=O)c2coc(N(C)C)n2)C1,CCc1c[nH]c(=O)c(C(=O)N2CCN(C(=O)c3cc(Cl)ccn3)CC3CCCCC32)c1,28,30,31,34,125.844894,,21,20,,,0,0,0,1,0,341,30,3,1361,2280,2280,1111,3039,1361,0,1063,429,1855,157,2318,498,47,2250,602,1678,509,1169,0,49,0
59,276,947,6286911,1899745,CCC(C)(C)CCNC(C1=NN=NN1CCC#N)C1=C(F)C=C(F)C(F)=C1,CCCC1=CC(C(=O)NC(C)(C)CNC(=O)C2=CNN=C2)=NO1,CCC(C)(C)CCNC(c1cc(F)c(F)cc1F)c1nnnn1CCC#N,CCCc1cc(C(=O)NC(C)(C)CNC(=O)c2cn[nH]c2)no1,27,28,23,24,8.498652,,13,12,,,0,0,0,1,0,69,24,4,250,372,372,236,52,250,0,233,128,122,76,42,12,11,348,121,251,115,136,0,20,0
60,655,704,3090703,5775328,O=C1CCOC2=CC=C(OCCOC34CC5CC(CC(C5)C3)C4)C=C12,CC(C)(CNC(=O)[C@H]1C[C@H](N=[N+]=[N-])CN1C(=O)CC1(C#N)CC1)CC(F)F,O=C1CCOc2ccc(OCCOC34CC5CC(CC(C5)C3)C4)cc21,CC(C)(CNC(=O)[C@H]1C[C@H](N=[N+]=[N-])CN1C(=O)CC1(C#N)CC1)CC(F)F,25,29,27,28,2.391478,,6,5,,,0,0,0,1,0,12,28,11,45,73,73,44,19,45,2,35,11,13,10,9,6,0,45,16,57,28,29,0,18,0
61,570,224,3634174,3745793,O=C(C1CSC1)N1CC2CC(C1)N(C(=O)C1=CN3C=NN=C3C=C1)C2,CS(=O)(=O)CC1(CCN2C(=O)CCN(CC3CC4CC4C3)C2=O)CC1,O=C(C1CSC1)N1CC2CC(C1)N(C(=O)c1ccc3nncn3c1)C2,CS(=O)(=O)CC1(CCN2C(=O)CCN(CC3CC4CC4C3)C2=O)CC1,25,29,25,28,85.850800,,16,15,,,0,0,0,1,0,273,28,2,1087,1900,1900,970,391,1087,0,960,319,1103,583,189,42,179,1872,612,1288,358,930,0,29,0
62,701,332,7372377,4169540,COC1=C(C(=O)N2CC[C@@H](N(C)C(=O)C3=C(C)OC(C4CC4)=N3)C2)SC=C1C,COC1=CC=C([C@H](C)NC(=O)N2CC(S(N)(=O)=O)CC23CCCC3)C=C1,COc1c(C)csc1C(=O)N1CC[C@@H](N(C)C(=O)c2nc(C3CC3)oc2C)C1,COc1ccc([C@H](C)NC(=O)N2CC(S(N)(=O)=O)CC23CCCC3)cc1,28,31,26,28,13.528540,,10,9,,,0,0,0,1,0,71,28,3,277,476,476,251,162,277,0,232,99,254,84,105,43,51,448,129,347,122,225,0,41,0
63,863,786,8302184,8429886,CCC(C)=C(C)C(=O)N(C)CCOCCCN(C)C(=O)C1=C2N(C)C=CN2N=C1,CC(F)(CNC(=O)[C@H]1CC[C@H](C2=CC=CC=C2)C1)CNC1=NC=C2SC=CC2=N1,CCC(C)=C(C)C(=O)N(C)CCOCCCN(C)C(=O)c1cnn2ccn(C)c12,CC(F)(CNC(=O)[C@H]1CC[C@H](c2ccccc2)C1)CNc1ncc2sccc2n1,29,30,29,32,7.707583,,10,9,,,0,0,0,1,0,47,30,4,186,295,295,168,68,186,3,161,70,141,65,27,7,24,265,98,197,70,127,0,26,0
64,794,57,6228162,1922535,CC1=CC=NC=C1S(=O)(=O)NCC(O)CCNC(=O)/C=C/C1=CN=CC=N1,CCCC=C(CC)C(=O)N[C@H]1CCC[C@]1(C)NC(=O)C(C)SC,Cc1ccncc1S(=O)(=O)NCC(O)CCNC(=O)/C=C/c1cnccn1,CCCC=C(CC)C(=O)N[C@H]1CCC[C@]1(C)NC(=O)C(C)SC,27,28,23,23,8.868375,,11,10,,,0,0,0,1,0,62,23,0,240,410,410,216,121,240,0,211,100,227,84,63,9,43,387,139,271,77,194,0,23,0
65,234,841,5046189,8019379,CC(C)C(C)(C)CN(CC1=CN2C=NC=C2C=C1)C(=O)COCCCF,O=C(C1=CC(Cl)=CC=C1Cl)N1CCCC1C1=NC(C2=CN3C=CC=CC3=N2)=NO1,CC(C)C(C)(C)CN(Cc1ccc2cncn2c1)C(=O)COCCCF,O=C(c1cc(Cl)ccc1Cl)N1CCCC1c1nc(-c2cn3ccccc3n2)no1,26,27,29,33,46.337116,,14,13,,,0,0,0,1,0,206,27,1,813,1352,1352,737,338,813,1,719,284,755,336,171,91,133,1325,482,870,255,615,0,26,0
66,32,824,2646999,1881865,NC(=O)C[C@@H](O)C(=O)NC1COCCN(C(=O)C2=CC=CC=C2)C1,CCC(COC)C(=O)NCC(NC(=O)C1(C)CC=CC1)C(C)C,NC(=O)C[C@@H](O)C(=O)NC1COCCN(C(=O)c2ccccc2)C1,CCC(COC)C(=O)NCC(NC(=O)C1(C)CC=CC1)C(C)C,24,25,23,23,10.909844,,16,15,,,0,0,0,1,0,71,23,1,276,347,347,218,398,276,1,181,110,299,63,199,23,2,324,120,227,98,129,0,29,0
67,323,410,5659988,9748132,CN(C(=O)CC(NC(=O)C1=C2COCC2=NN1)C(F)(F)F)C1CC(CO)C1,CN1N=C(NC(=O)C(=O)N(C)C2(CNC(=O)OC(C)(C)C)CC2)C=C1CN1CCOCC1,CN(C(=O)CC(NC(=O)c1[nH]nc2c1COC2)C(F)(F)F)C1CC(CO)C1,CN(C(=O)C(=O)Nc1cc(CN2CCOCC2)n(C)n1)C1(CNC(=O)OC(C)(C)C)CC1,27,29,32,34,12.186383,,10,9,,,0,0,0,1,0,79,29,3,298,530,530,264,129,298,0,250,85,321,122,45,31,89,501,142,388,122,266,0,26,0
68,274,67,2157471,3753940,C=CC1CCCN1S(=O)(=O)C1=CC=C(NS(=O)(=O)CCCC)C=C1,CCCC(=O)NC1CC(C)(C2=CN(CC(C)C3=CC=CC=N3)N=N2)C1,C=CC1CCCN1S(=O)(=O)c1ccc(NS(=O)(=O)CCCC)cc1,CCCC(=O)NC1CC(C)(c2cn(CC(C)c3ccccn3)nn2)C1,24,25,25,27,1.513301,,7,6,,,0,0,0,1,0,13,25,9,50,56,56,42,30,50,1,33,22,20,4,0,0,0,31,10,46,32,14,0,16,0
69,216,935,7320354,1579789,NC1=CC=NC(C(=O)N2C[C@@H]3C[C@@H](C[C@H](NC(=O)CCN4C=CC=N4)C3)C2)=C1,CC1=CC=C(F)C=C1CCCC(=O)OCCC#CC[Si](C)(C)C,Nc1ccnc(C(=O)N2C[C@@H]3C[C@@H](C[C@H](NC(=O)CCn4cccn4)C3)C2)c1,Cc1ccc(F)cc1CCCC(=O)OCCC#CC[Si](C)(C)C,28,31,23,23,5.586495,,8,7,,,0,0,0,1,0,26,23,8,101,130,130,91,27,101,3,81,56,40,17,6,3,6,107,33,97,58,39,0,15,0
70,965,580,9227748,6950048,CCC1=C(CN(CC2=CN(CC3CCOC3)N=N2)CC2(C)CSCCO2)C=NN1C,COC1=NC=C(C(=O)N[C@@H]2CC[C@H](CC(=O)N[C@H]3C[C@H](C4=NC=CN4)C3)C2)S1,CCc1c(CN(Cc2cn(CC3CCOC3)nn2)CC2(C)CSCCO2)cnn1C,COc1ncc(C(=O)N[C@@H]2CC[C@H](CC(=O)N[C@H]3C[C@H](c4ncc[nH]4)C3)C2)s1,30,33,28,31,9.837649,,11,10,,,0,0,0,1,0,78,31,2,297,453,453,280,60,297,0,267,150,196,99,6,2,51,422,186,267,94,173,0,29,0
71,897,735,790702,8858626,CC(C)(CCN1CCOCC1)NC(=O)C[C@H]1C[C@H]1C(=O)O,COC[C@H]1CC[C@@H]1C(=O)N[C@H](CC1CCOCC1)C(=O)N(C)CC1(OC)CCCC1,CC(C)(CCN1CCOCC1)NC(=O)C[C@H]1C[C@H]1C(=O)O,COC[C@H]1CC[C@@H]1C(=O)N[C@H](CC1CCOCC1)C(=O)N(C)CC1(OC)CCCC1,21,22,30,32,5.960828,,13,12,,,0,0,0,1,0,47,22,0,181,234,234,149,155,181,0,129,64,193,58,22,5,13,212,89,145,60,85,0,22,0
72,322,217,9662440,3764730,CCOC1=CC=C(NC(=O)N(CCC(C)(C)CO)CC2=CC(CC)=CC(F)=C2)N=C1C,CC(C)C(F)(F)C(=O)N1CC(C2=CN(CCCOC3CCC3)N=N2)C1,CCOc1ccc(NC(=O)N(CCC(C)(C)CO)Cc2cc(F)cc(CC)c2)nc1C,CC(C)C(F)(F)C(=O)N1CC(c2cn(CCCOC3CCC3)nn2)C1,31,32,25,27,10.358126,,11,10,,,0,0,0,1,0,76,27,2,302,484,484,270,144,302,1,262,95,274,142,58,8,9,457,174,310,96,214,0,26,0
73,671,511,6371504,4200620,CC1=CC=CC=C1CN(CC[C@H]1CCO[C@H]1C)C(=O)COC1CCCOC1,CO[C@H](C)CNC(=O)C(=O)NC1=C(C(C)C)N(CC2=CC=CC=C2)N=N1,Cc1ccccc1CN(CC[C@H]1CCO[C@H]1C)C(=O)COC1CCCOC1,CO[C@H](C)CNC(=O)C(=O)Nc1nnn(Cc2ccccc2)c1C(C)C,27,29,26,27,3.708138,,11,11,,,0,0,0,1,0,45,27,2,166,193,193,145,75,166,1,115,82,88,36,6,2,15,166,94,99,51,48,0,28,0
74,405,905,317178,1828959,CC(C)(N)C/C=C/C(=O)NC1C2CCCC1CCC2,CC1=C(C(=O)N[C@H]2C[C@H](CC(=O)N[C@H](CO)C3CC3)C2)NC=C1,CC(C)(N)C/C=C/C(=O)NC1C2CCCC1CCC2,Cc1cc[nH]c1C(=O)N[C@H]1C[C@H](CC(=O)N[C@H](CO)C2CC2)C1,19,20,23,25,16.524336,,10,9,,,0,0,0,1,0,74,20,1,295,482,482,272,26,295,1,264,156,157,80,60,17,64,462,147,335,125,210,0,20,0
75,936,658,9952007,3484017,CN1N=CC2=CC=CC(CN(CC[C@H]3COC(C)(C)O3)CC3COCC4=CC=CC=C43)=C21,CC1=CC=C(F)C=C1CNC(=O)CN(C(=O)C1=C(C)CCC1)C1CC1,Cn1ncc2cccc(CN(CC[C@H]3COC(C)(C)O3)CC3COCc4ccccc43)c21,CC1=C(C(=O)N(CC(=O)NCc2cc(F)ccc2C)C2CC2)CCC1,32,36,25,27,10.557256,,13,12,,,0,0,0,1,0,72,27,4,261,289,289,228,82,261,0,209,151,98,43,18,11,0,262,118,171,110,61,0,24,0
76,469,146,1884070,6567263,CN(C)CC(=O)NC1(C)CCN(C(=O)C2=C(F)C(F)=CC=C2)C1,COC1=CC=C(N2CCN(C(=O)C3(N=[N+]=[N-])CCNCC3)CC2)C(OC)=C1,CN(C)CC(=O)NC1(C)CCN(C(=O)c2cccc(F)c2F)C1,COc1ccc(N2CCN(C(=O)C3(N=[N+]=[N-])CCNCC3)CC2)c(OC)c1,23,24,27,29,29.256041,,16,15,,,0,0,0,1,0,154,24,2,616,949,949,543,167,616,0,520,270,437,208,111,43,103,925,422,527,121,406,0,32,0
77,271,142,3835770,3301945,CCC[C@H]1C[C@@H]1CN(CC1=CC=CC2=CC=NC=C21)C(=O)[C@H]1C[C@H]1C,CC1=C(C(=O)N2CC(C)(C)C[C@H]2C(=O)NCC(C)OCCO)N=CO1,CCC[C@H]1C[C@@H]1CN(Cc1cccc2ccncc12)C(=O)[C@H]1C[C@H]1C,Cc1ocnc1C(=O)N1CC(C)(C)C[C@H]1C(=O)NCC(C)OCCO,25,28,25,26,14.043784,,12,11,,,0,0,0,1,0,73,26,5,278,529,529,261,351,278,3,245,103,359,87,237,50,51,503,208,321,53,268,0,21,0
78,252,762,561885,4031768,CSCC1(C(=O)NCC(C)C(=O)N(C)CC(C)C)CC1,CC(C)C1(CNC(=O)CNC(=O)C2=CC=C(S(N)(=O)=O)C=C2)OCCO1,CSCC1(C(=O)NCC(C)C(=O)N(C)CC(C)C)CC1,CC(C)C1(CNC(=O)CNC(=O)c2ccc(S(N)(=O)=O)cc2)OCCO1,20,20,26,27,4.787332,,9,8,,,0,0,0,1,0,40,20,0,156,237,237,137,101,156,0,126,66,156,39,22,12,38,217,82,155,55,100,0,20,0
79,574,551,5611587,3108760,CCC1=C(C(=O)N2CC3(C(=O)NCCC4=CSC=C4)CC2CCO3)N=CO1,CC1=C(CCNC(=O)NCC(=O)N2CCCO2)C2=CC(Cl)=CC=C2N1,CCc1ocnc1C(=O)N1CC2(C(=O)NCCc3ccsc3)CC1CCO2,Cc1[nH]c2ccc(Cl)cc2c1CCNC(=O)NCC(=O)N1CCCO1,27,30,25,27,14.486276,,14,13,,,0,0,0,1,0,65,27,2,251,375,375,230,139,251,0,196,112,187,64,70,29,35,348,121,254,109,145,0,32,0
80,269,764,9331009,3570718,CN(CC1=C(F)C=CC(F)=C1F)C(=O)NC1CCN(C(=O)OC(C)(C)C)C(C2CC2)C1,O=C(NCC1CN(C(=O)CCN2C=CN=C2)CCO1)C1=CSN=C1Cl,CN(Cc1c(F)ccc(F)c1F)C(=O)NC1CCN(C(=O)OC(C)(C)C)C(C2CC2)C1,O=C(NCC1CN(C(=O)CCn2ccnc2)CCO1)c1csnc1Cl,31,33,25,27,7.008513,,13,12,,,0,0,0,1,0,54,27,3,196,282,282,180,75,196,1,156,84,124,67,26,5,14,255,97,185,83,102,0,24,0
81,598,438,5494392,6760261,C=CCN(CC(=O)NC)C(=O)C1CN(C(=O)C2=CC=NC(CO)=C2)CCO1,CN(CC1=NN=CN1)C(=O)C(=O)NC1=CC=CC(NC(=O)C2=CC=NC=C2)=C1,C=CCN(CC(=O)NC)C(=O)C1CN(C(=O)c2ccnc(CO)c2)CCO1,CN(Cc1nnc[nH]1)C(=O)C(=O)Nc1cccc(NC(=O)c2ccncc2)c1,27,28,28,30,12.622985,,18,18,,,0,0,0,1,0,82,28,4,322,369,369,267,203,322,1,210,142,222,82,48,19,18,341,172,197,95,102,0,32,0
82,919,597,5243094,2299080,CC(CC(C)(C)O)C(=O)NC1CCCN(C2=CC=C(OC(F)F)C=C2)C1=O,N#CC1=CC(NC(=O)C(=O)N[C@H]2C=CCC[C@H]2C(N)=O)=NC=C1Cl,CC(CC(C)(C)O)C(=O)NC1CCCN(c2ccc(OC(F)F)cc2)C1=O,N#Cc1cc(NC(=O)C(=O)N[C@H]2C=CCC[C@H]2C(N)=O)ncc1Cl,27,28,24,25,8.977906,,16,15,,,0,0,0,1,0,63,25,3,240,270,270,191,208,240,1,173,107,227,61,30,1,4,245,106,164,85,79,0,22,0
83,408,370,1386324,9041022,COCCN(CC1=CN=NN1C)CC1=C(C)C(C#N)=CC=C1,CC1=CC=C([N+](=O)[O-])C(NC2COCCCN(C(=O)C[C@@H](C)C3=CC=CC=C3)C2)=N1,COCCN(Cc1cccc(C#N)c1C)Cc1cnnn1C,Cc1ccc([N+](=O)[O-])c(NC2COCCCN(C(=O)C[C@@H](C)c3ccccc3)C2)n1,22,23,30,32,6.248260,,17,16,,,0,0,0,1,0,47,23,3,180,204,204,153,159,180,0,111,81,107,23,77,29,0,181,80,124,73,51,0,21,0
84,224,141,3745793,359532,CS(=O)(=O)CC1(CCN2C(=O)CCN(CC3CC4CC4C3)C2=O)CC1,CC[C@@H]1[C@H](C(=O)NC2=CN=C(OC)C(C)=C2)CCN1C,CS(=O)(=O)CC1(CCN2C(=O)CCN(CC3CC4CC4C3)C2=O)CC1,CC[C@@H]1[C@H](C(=O)Nc2cnc(OC)c(C)c2)CCN1C,25,28,20,21,9.132986,,14,13,,,0,0,0,1,0,67,21,2,262,359,359,223,128,262,0,209,101,189,90,51,13,9,338,155,204,68,136,0,23,0
85,521,505,2868885,2926318,COC1=C(C)C(C(=O)N(C)CC(=O)NC2=CC=C(F)C=C2)=CC=C1Br,O=C(NC1=NN(CCC2=CC=CC=C2)C=C1)C1=C2C=CC=CN2C=N1,COc1c(Br)ccc(C(=O)N(C)CC(=O)Nc2ccc(F)cc2)c1C,O=C(Nc1ccn(CCc2ccccc2)n1)c1ncn2ccccc12,25,26,25,28,14.262598,,11,10,,,0,0,0,1,0,88,26,4,339,496,496,304,137,339,1,290,161,267,107,37,14,51,470,185,311,119,192,0,22,0
86,93,773,7173889,5332740,CC(C)C(C#N)C(=O)NCC(NC(=O)C1=CN(C2CCC2)N=N1)C1CCCC1,O=C(NC1=NN=C(C2CCCCC2)O1)C1CC(=O)N(C2=CC(F)=CC=C2)C1,CC(C)C(C#N)C(=O)NCC(NC(=O)c1cn(C2CCC2)nn1)C1CCCC1,O=C(Nc1nnc(C2CCCCC2)o1)C1CC(=O)N(c2cccc(F)c2)C1,28,30,27,30,17.595436,,13,12,,,0,0,0,1,0,94,30,1,367,593,593,339,108,367,0,313,153,296,126,36,31,92,563,211,382,128,254,0,32,0
87,48,881,4295390,2480057,CC(CNC(=O)CC1(NC(=O)[C@@H](CO)N(C)C)CCC1)C1=CC=CC=N1,COC1(C(=O)NC(C)CSC)CCN(C(=O)CCC2OCCO2)C1,CC(CNC(=O)CC1(NC(=O)[C@@H](CO)N(C)C)CCC1)c1ccccn1,COC1(C(=O)NC(C)CSC)CCN(C(=O)CCC2OCCO2)C1,26,27,24,25,13.412598,,13,12,,,0,0,0,1,0,71,25,2,282,455,455,248,108,282,0,240,143,234,64,56,18,89,430,169,286,79,207,0,23,0
88,112,156,3917701,2819811,CC1=CC=C(NC(=O)C(C2CC2)N2C[C@H](C3CC3)C[C@@H]2C2CC2)C=N1,CCC1(C(=O)N(CCC(F)CO)CC2=CN(CC(C)C)N=C2)CC1,Cc1ccc(NC(=O)C(C2CC2)N2C[C@H](C3CC3)C[C@@H]2C2CC2)cn1,CCC1(C(=O)N(CCC(F)CO)Cc2cnn(CC(C)C)c2)CC1,25,29,24,25,35.828526,,14,13,,,0,0,0,1,0,105,25,3,417,599,599,319,374,417,0,296,132,488,97,136,68,89,574,157,442,162,280,0,26,0
89,642,163,3685140,3471882,O=C(NC[C@@H]1C[C@@H](F)CN1C(=O)CC1=CC=CS1)C1CC(F)(CF)C1,CCC1(C(=O)NCC(O)C(=O)OC)CCN(C(=O)[C@H](C)C2CC2)CC1,O=C(NC[C@@H]1C[C@@H](F)CN1C(=O)Cc1cccs1)C1CC(F)(CF)C1,CCC1(C(=O)NCC(O)C(=O)OC)CCN(C(=O)[C@H](C)C2CC2)CC1,25,27,25,26,10.527947,,13,12,,,0,0,0,1,0,73,26,3,282,399,399,236,217,282,0,205,91,259,85,93,37,22,373,145,254,91,163,0,26,0
90,811,696,4686255,4770866,C=CCCOC(C)C(=O)NCC1CN(C(=O)CC2CC2)CCC12CCC2,CCN(C)CC(=O)N[C@H](CNC(=O)C(C)C1=CSC=C1)C1CCCCC1,C=CCCOC(C)C(=O)NCC1CN(C(=O)CC2CC2)CCC12CCC2,CCN(C)CC(=O)N[C@H](CNC(=O)C(C)c1ccsc1)C1CCCCC1,26,28,26,27,12.200497,,15,14,,,0,0,0,1,0,42,27,2,164,231,231,143,174,164,0,108,55,135,29,97,34,7,204,50,181,93,88,0,33,0
91,432,610,4727751,9252596,CN(C[C@@H]1C[C@H](F)CN1C(=O)[C@H]1CCCN1C)C(=O)CCCC(F)(F)F,CN(CCC1=CC=CC=C1F)C(C(=O)NC1CC(F)(F)C1)C1=NN2C=CC=CC2=C1,CN(C[C@@H]1C[C@H](F)CN1C(=O)[C@H]1CCCN1C)C(=O)CCCC(F)(F)F,CN(CCc1ccccc1F)C(C(=O)NC1CC(F)(F)C1)c1cc2ccccn2n1,26,27,30,33,28.476231,,16,15,,,0,0,0,1,0,136,27,0,528,844,844,450,593,528,0,409,218,506,119,447,86,41,817,302,542,148,394,0,27,0
92,65,394,1298607,9186114,C#CCN(C)C(=O)CC1(C)CCN(C(=O)CCCN(C)C)C1,CC1=C(F)C(F)=CC=C1CN(CC1CCC2(CC2)CO1)C(=O)CC1=CC=CC=C1O,C#CCN(C)C(=O)CC1(C)CCN(C(=O)CCCN(C)C)C1,Cc1c(CN(CC2CCC3(CC3)CO2)C(=O)Cc2ccccc2O)ccc(F)c1F,22,22,30,33,16.820143,,13,12,,,0,0,0,1,0,149,22,1,587,753,753,519,162,587,0,509,302,274,127,96,69,16,731,407,346,112,234,0,23,0
93,390,610,364061,9252596,CC1(C)CC(CC(=O)NCCC2(C)N=N2)CC(C)(C)C1,CN(CCC1=CC=CC=C1F)C(C(=O)NC1CC(F)(F)C1)C1=NN2C=CC=CC2=C1,CC1(C)CC(CC(=O)NCCC2(C)N=N2)CC(C)(C)C1,CN(CCc1ccccc1F)C(C(=O)NC1CC(F)(F)C1)c1cc2ccccn2n1,20,21,30,33,31.782921,,14,13,,,0,0,0,1,0,86,21,1,340,608,608,312,442,340,0,287,189,333,64,383,39,15,587,171,437,141,296,0,22,0
94,479,541,1510011,6755460,CN(CC1=CC=CC(CO)=C1)C(=O)C1=CC2=CN=CN2C(O)=N1,CC(C)C(CNC(=O)C(=O)N1CC(C(N)=O)CC2=CC=CC=C21)N1CCCC1,CN(Cc1cccc(CO)c1)C(=O)c1cc2cncn2c(O)n1,CC(C)C(CNC(=O)C(=O)N1CC(C(N)=O)Cc2ccccc21)N1CCCC1,23,25,28,30,24.810156,,15,14,,,0,0,0,1,0,99,25,2,388,660,660,337,207,388,0,301,108,368,129,134,77,105,635,204,456,133,323,0,34,0
95,257,994,9402527,7879141,C=CCC1(NC(=O)CCC(=O)NCCC)CCN(C(=O)C2=CC=C3C=CC=NC3=C2)C1,COC1=CC=CC(N(CCC#N)C(=O)C2=C(C)N(C3=CC=CC=C3C)C(C)=C2)=C1,C=CCC1(NC(=O)CCC(=O)NCCC)CCN(C(=O)c2ccc3cccnc3c2)C1,COc1cccc(N(CCC#N)C(=O)c2cc(C)n(-c3ccccc3C)c2C)c1,31,33,29,31,174.849991,,19,18,,,0,0,0,1,0,1026,31,3,4098,6161,6161,3680,2045,4098,0,3627,1551,3891,1885,601,216,169,6130,3219,2942,461,2481,0,44,0
96,566,881,628570,2480057,C#CCC1(C(=O)N2CC3=CC=C(O)N=C3C2)CC=CCC1,COC1(C(=O)NC(C)CSC)CCN(C(=O)CCC2OCCO2)C1,C#CCC1(C(=O)N2Cc3ccc(O)nc3C2)CC=CCC1,COC1(C(=O)NC(C)CSC)CCN(C(=O)CCC2OCCO2)C1,21,23,24,25,35.635799,,14,13,,,0,0,0,1,0,204,23,2,810,1383,1383,716,338,810,1,701,258,822,373,160,64,150,1360,421,962,295,667,0,26,0
97,965,11,9227748,10344292,CCC1=C(CN(CC2=CN(CC3CCOC3)N=N2)CC2(C)CSCCO2)C=NN1C,CC1=CC=CC=C1C1=CCN(C2=NC(N3CCC(CO)(C4=CC=CC=C4)C3)=C3C=NN(C)C3=N2)CC1,CCc1c(CN(Cc2cn(CC3CCOC3)nn2)CC2(C)CSCCO2)cnn1C,Cc1ccccc1C1=CCN(c2nc(N3CCC(CO)(c4ccccc4)C3)c3cnn(C)c3n2)CC1,30,33,36,41,77.759682,,15,14,,,0,0,0,1,0,203,33,2,792,1535,1535,661,573,792,0,643,254,873,305,541,71,194,1502,311,1224,350,874,0,31,0
98,696,738,4770866,7849061,CCN(C)CC(=O)N[C@H](CNC(=O)C(C)C1=CSC=C1)C1CCCCC1,COC1=CN=CC(C(C(=O)NC2CC2)N2CCOC(CNS(C)(=O)=O)C2)=C1C,CCN(C)CC(=O)N[C@H](CNC(=O)C(C)c1ccsc1)C1CCCCC1,COc1cncc(C(C(=O)NC2CC2)N2CCOC(CNS(C)(=O)=O)C2)c1C,26,27,28,30,24.856102,,14,13,,,0,0,0,1,0,110,27,0,435,789,789,377,207,435,0,347,124,483,187,107,39,141,762,262,527,115,412,0,34,0
99,117,698,438266,1177986,COCCN1CCC(NC(=O)C2=NNC3=C2CCC3)C1,CO[C@@H]1CC[C@H]1CCNC(=O)N[C@H]1CCC2=C(C1)SC(Br)=N2,COCCN1CCC(NC(=O)c2n[nH]c3c2CCC3)C1,CO[C@@H]1CC[C@H]1CCNC(=O)N[C@H]1CCc2nc(Br)sc2C1,20,22,22,24,4.607502,,9,8,,,0,0,0,1,0,41,22,1,159,230,230,143,41,159,0,138,75,94,46,12,1,14,208,101,129,42,87,0,22,0
100,906,549,80879,2397574,CC(C)(NCC1=CC(O)=CC=C1)C1=NC=CS1,CC1CC(C(=O)N2CCOC(CC(=O)NCC3(F)CCC3)C2)=NO1,CC(C)(NCc1cccc(O)c1)c1nccs1,CC1CC(C(=O)N2CCOC(CC(=O)NCC3(F)CCC3)C2)=NO1,17,18,24,26,3.629017,,9,8,,,0,0,0,1,0,34,18,2,125,169,169,109,31,125,1,100,53,68,39,6,1,9,151,61,108,48,60,0,16,0
101,768,273,5597798,7258588,CC1(CCC(=O)N2CCS(=N)(=O)CC2)CN(C(=O)[C@@H]2CC[C@H](C(N)=O)C2)C1,CCC(CC(=O)NCC1CN(C(=O)C2=NC=CN=C2OC)CC12CCC2)OC,CC1(CCC(=O)N2CCS(=N)(=O)CC2)CN(C(=O)[C@@H]2CC[C@H](C(N)=O)C2)C1,CCC(CC(=O)NCC1CN(C(=O)c2nccnc2OC)CC12CCC2)OC,27,29,28,30,45.315792,,13,12,,,0,0,0,1,0,227,29,4,901,1415,1415,802,546,901,0,784,327,975,411,153,39,78,1386,556,859,246,613,0,32,0
102,787,656,446004,6904192,CC(CC(F)(F)F)C(=O)OCC1=C(Cl)N=C(Cl)C(Cl)=C1,CC1=CC=CC(CNC(=O)CCC2(C)CN(C(=O)C=CC3=COC=N3)C2)=C1C,CC(CC(F)(F)F)C(=O)OCc1cc(Cl)c(Cl)nc1Cl,Cc1cccc(CNC(=O)CCC2(C)CN(C(=O)C=Cc3cocn3)C2)c1C,20,20,28,30,1.798657,,7,6,,,0,0,0,1,0,21,20,6,80,109,109,74,15,80,0,68,41,29,19,1,0,2,89,44,65,30,35,0,14,0
103,348,114,2791183,5937853,CCC1=CC=C(CN(CC(Cl)(Cl)Cl)C(=O)CNC(=O)CC(C)C)O1,CCN1N=CC(C)=C1C(=O)NCC(C)CN(C)C(=O)C1=CSC(C(C)=O)=N1,CCc1ccc(CN(CC(Cl)(Cl)Cl)C(=O)CNC(=O)CC(C)C)o1,CCn1ncc(C)c1C(=O)NCC(C)CN(C)C(=O)c1csc(C(C)=O)n1,24,24,27,28,3.764967,,12,11,,,0,0,0,1,0,43,24,5,164,193,193,144,85,164,0,131,95,95,26,9,4,6,169,85,108,59,49,0,19,0
104,300,445,2370681,8869065,O=C(N[C@@H](CC1=CC=C(F)C=C1)C(=O)O)C1=CN2C=CN=C2C=C1,CC1(C)CC(CNC(=O)/C=C/C2=CC=CC=C2)(C(=O)N2CCC(N3CCCC3)C2)C1,O=C(N[C@@H](Cc1ccc(F)cc1)C(=O)O)c1ccc2nccn2c1,CC1(C)CC(CNC(=O)/C=C/c2ccccc2)(C(=O)N2CCC(N3CCCC3)C2)C1,24,26,30,33,37.338047,,15,14,,,0,0,0,1,0,134,26,2,531,1080,1080,495,292,531,0,449,152,587,207,264,112,153,1054,344,736,151,585,0,35,0
105,161,464,1585167,5336484,CC1=CC(C(C)NC(=O)CNC(=O)C2=CC=CC=C2C)=C(C)S1,O=C(CN1CCC(OCC2=CN=CS2)C1)NCCN1CCC2=CC=CC=C21,Cc1cc(C(C)NC(=O)CNC(=O)c2ccccc2C)c(C)s1,O=C(CN1CCC(OCc2cncs2)C1)NCCN1CCc2ccccc21,23,24,27,30,20.759121,,15,14,,,0,0,0,1,0,125,24,0,488,713,713,427,176,488,0,399,244,376,133,60,26,114,689,301,412,126,286,0,25,0
106,3,976,1692068,4398596,NCC1=CC=C(N)C(C(=O)NC2CCOC3=NC(Br)=CC=C32)=C1,CCC(CC)C(OC)C(=O)N1CCO[C@@H](C)[C@@H]1C(=O)NCC1=CN=CS1,NCc1ccc(N)c(C(=O)NC2CCOc3nc(Br)ccc32)c1,CCC(CC)C(OC)C(=O)N1CCO[C@@H](C)[C@@H]1C(=O)NCc1cncs1,23,25,26,27,27.040627,,11,10,,,0,0,0,1,0,115,25,1,454,805,805,415,67,454,0,408,174,362,213,70,4,96,780,207,598,208,390,0,24,0
107,739,896,2048329,7480454,COC1=CC(Br)=CC=C1OCC(=O)NCCN1C=NN=C1C(C)C,CCC1=NC2=CC(C(=O)N[C@H]3CC[C@H](NC4=NC=NC(OC)=C4)C3)=CC=C2N1,COc1cc(Br)ccc1OCC(=O)NCCn1cnnc1C(C)C,CCc1nc2cc(C(=O)N[C@H]3CC[C@H](Nc4cc(OC)ncn4)C3)ccc2[nH]1,24,25,28,31,2.878821,,7,6,,,0,0,0,1,0,25,25,2,96,131,131,87,40,96,1,79,46,57,18,1,0,9,106,39,92,48,44,0,23,0
108,736,269,3920092,9331009,CCCCCCNC(=O)C(N1CCCC(C)(C)C1C#N)C1(CC)CC1,CN(CC1=C(F)C=CC(F)=C1F)C(=O)NC1CCN(C(=O)OC(C)(C)C)C(C2CC2)C1,CCCCCCNC(=O)C(N1CCCC(C)(C)C1C#N)C1(CC)CC1,CN(Cc1c(F)ccc(F)c1F)C(=O)NC1CCN(C(=O)OC(C)(C)C)C(C2CC2)C1,25,26,31,33,32.064091,,10,10,,,0,0,0,1,0,99,26,1,388,938,938,354,595,388,0,316,110,470,91,681,128,45,912,206,732,148,584,0,68,0
109,995,512,9218208,6791459,COC1=NSC=C1CN(CCCC1CCOC1)CC1=CC=C(N2C=NC=N2)C(F)=C1,COC1=CC(C(=O)N2CCCCC2CNC(=O)CCN)=CC=C1OCC(N)=O,COc1nscc1CN(CCCC1CCOC1)Cc1ccc(-n2cncn2)c(F)c1,COc1cc(C(=O)N2CCCCC2CNC(=O)CCN)ccc1OCC(N)=O,30,33,28,29,28.338648,,15,14,,,0,0,0,1,0,144,29,3,546,825,825,493,343,546,1,471,250,456,151,190,66,27,796,341,484,152,332,0,26,0
110,780,182,6893206,2086819,CCN1CCC[C@H](NC(=O)C[C@H](CC(C)C)NC(=O)C(C)(C)N2C=CN=N2)C1,CC1=C(NC(=O)C(=O)C2=CSC(N)=N2)C=CC=C1N1CCCC1=O,CCN1CCC[C@H](NC(=O)C[C@H](CC(C)C)NC(=O)C(C)(C)n2ccnn2)C1,Cc1c(NC(=O)C(=O)c2csc(N)n2)cccc1N1CCCC1=O,28,29,24,26,27.799292,,16,15,,,0,0,0,1,0,93,26,2,368,746,746,341,500,368,0,294,117,419,90,460,110,33,720,255,491,86,405,0,33,0
111,519,934,8176671,9655269,CCC1=CC=C(C(=O)N2CCCC[C@H]2CN(C)C(=O)CCNC2=CC=CC=N2)N1,COC1=CC(CN(CC2=CC3=CC=NC=C3S2)CC2CCC3=NC=CN3C2)=CC(Cl)=N1,CCc1ccc(C(=O)N2CCCC[C@H]2CN(C)C(=O)CCNc2ccccn2)[nH]1,COc1cc(CN(Cc2cc3ccncc3s2)CC2CCc3nccn3C2)cc(Cl)n1,29,31,31,35,20.335402,,21,20,,,0,0,0,1,0,135,31,2,529,647,647,475,175,529,0,431,295,275,142,35,9,22,616,345,302,130,172,0,33,0
112,108,891,10299613,5113980,COCC1CCN(C2=CC=C(S(=O)(=O)NCC3CN(CC4=CC(C)=CC=C4)CCO3)C=C2C#N)C1,CCN1C=CC(CN(CC2=CC=C3NC(=O)OC3=C2)CC2[C@H](C)[C@H]2C)=N1,COCC1CCN(c2ccc(S(=O)(=O)NCC3CN(Cc4cccc(C)c4)CCO3)cc2C#N)C1,CCn1ccc(CN(Cc2ccc3[nH]c(=O)oc3c2)CC2[C@H](C)[C@H]2C)n1,35,38,26,29,79.332039,,13,13,,,0,0,0,1,0,197,29,2,776,1696,1696,716,475,776,0,697,208,995,354,430,127,272,1667,441,1255,275,980,0,42,0
113,640,305,9709085,10117801,CC(C)(C)N1CCC(NC(=O)C(CC2=CC=C(O)C=C2)NC(=O)OCC2=CC=CC=C2)C1,C#CCCC1CCN(C(C2=CN(C3=CC=CC(F)=C3)N=C2C)C2=NN=NN2CCC2CC2)C1,CC(C)(C)N1CCC(NC(=O)C(Cc2ccc(O)cc2)NC(=O)OCc2ccccc2)C1,C#CCCC1CCN(C(c2cn(-c3cccc(F)c3)nc2C)c2nnnn2CCC2CC2)C1,32,34,33,37,27.930595,,15,14,,,0,0,0,1,0,193,34,5,767,1037,1037,706,151,767,1,685,369,442,303,6,5,12,1003,533,504,173,331,0,29,0
114,861,654,4587767,5240309,CC1=NC=C(C(=O)N[C@H]2C[C@@H](C(=O)N3CC(C4=NOCC4)C3)C2)C(N)=N1,CC1=C(NC(=O)CC2CCN(C(=O)OC(C)(C)C)C2)C=CC=C1S(N)(=O)=O,Cc1ncc(C(=O)N[C@H]2C[C@@H](C(=O)N3CC(C4=NOCC4)C3)C2)c(N)n1,Cc1c(NC(=O)CC2CCN(C(=O)OC(C)(C)C)C2)cccc1S(N)(=O)=O,26,29,27,28,28.107170,,15,14,,,0,0,0,1,0,114,28,4,454,719,719,392,230,454,1,379,183,469,169,60,16,110,691,244,475,148,327,0,24,0
115,519,623,8176671,2844946,CCC1=CC=C(C(=O)N2CCCC[C@H]2CN(C)C(=O)CCNC2=CC=CC=N2)N1,COC(=O)[C@H]1[C@H]2C[C@H]2CN1C(C(=O)NCCC#N)C1=CC(Br)=CO1,CCc1ccc(C(=O)N2CCCC[C@H]2CN(C)C(=O)CCNc2ccccn2)[nH]1,COC(=O)[C@H]1[C@H]2C[C@H]2CN1C(C(=O)NCCC#N)c1cc(Br)co1,29,31,24,26,13.892404,,17,16,,,0,0,0,1,0,59,26,6,224,310,310,177,499,224,2,151,83,279,30,323,44,2,284,85,225,92,133,0,20,0
116,203,156,5641571,2819811,C=CCC(CNC(=O)CCC1=NN(C)C=C1)C(=O)N1CCC2(CCCC2)C1,CCC1(C(=O)N(CCC(F)CO)CC2=CN(CC(C)C)N=C2)CC1,C=CCC(CNC(=O)CCc1ccn(C)n1)C(=O)N1CCC2(CCCC2)C1,CCC1(C(=O)N(CCC(F)CO)Cc2cnn(CC(C)C)c2)CC1,27,29,24,25,47.703686,,17,16,,,0,0,0,1,0,218,25,2,868,1321,1321,736,464,868,0,699,269,825,362,193,82,75,1296,419,902,317,585,0,34,0
117,382,780,1650596,6893206,CN(C)CCN(C(=O)NCC1=C(C(F)F)N=NS1)C1CCCC1,CCN1CCC[C@H](NC(=O)C[C@H](CC(C)C)NC(=O)C(C)(C)N2C=CN=N2)C1,CN(C)CCN(C(=O)NCc1snnc1C(F)F)C1CCCC1,CCN1CCC[C@H](NC(=O)C[C@H](CC(C)C)NC(=O)C(C)(C)n2ccnn2)C1,23,24,28,29,5.025815,,11,10,,,0,0,0,1,0,43,24,4,170,234,234,151,41,170,0,140,89,77,41,21,1,12,210,103,131,48,83,0,20,0
118,165,552,9767523,3688653,CC1=CC(F)=CN=C1C1=CN(C2=CN=CC(C(=O)NNC(=O)C3CC4CCC3O4)=C2)N=N1,CC(=O)OCCC(=O)NC1CC(C(C)NC(=O)C2=CN(C)C=C2C)C1,Cc1cc(F)cnc1-c1cn(-c2cncc(C(=O)NNC(=O)C3CC4CCC3O4)c2)nn1,CC(=O)OCCC(=O)NC1CC(C(C)NC(=O)c2cn(C)cc2C)C1,32,36,25,26,19.475266,,14,13,,,0,0,0,1,0,128,26,0,502,741,741,450,308,502,0,431,191,514,219,58,14,25,715,288,453,162,291,0,28,0
119,976,797,4398596,4460729,CCC(CC)C(OC)C(=O)N1CCO[C@@H](C)[C@@H]1C(=O)NCC1=CN=CS1,CCC(C)ONC(=O)[C@@H]1C[C@H](CC)CCN1C(=O)C1=CC=C(OC)N=C1,CCC(CC)C(OC)C(=O)N1CCO[C@@H](C)[C@@H]1C(=O)NCc1cncs1,CCC(C)ONC(=O)[C@@H]1C[C@H](CC)CCN1C(=O)c1ccc(OC)nc1,26,27,26,27,54.914997,,15,14,,,0,0,0,1,0,153,27,2,603,1181,1181,514,644,603,1,503,160,518,153,767,176,17,1154,139,1042,375,667,0,25,0
120,944,543,2165776,4382667,CCOCC(C)(C)NC(=O)NC1=CN(C)N=C1C(=O)N1CCCC1,CCN1C=C(NC(=O)[C@@H]2CCCN2C(=O)C2=CC=CC=C2O)C(C#N)=N1,CCOCC(C)(C)NC(=O)Nc1cn(C)nc1C(=O)N1CCCC1,CCn1cc(NC(=O)[C@@H]2CCCN2C(=O)c2ccccc2O)c(C#N)n1,24,25,26,28,6.643234,,12,11,,,0,0,0,1,0,61,25,0,240,327,327,205,209,240,0,185,112,215,47,89,21,36,302,147,180,58,122,0,26,0
121,940,0,3403060,9321037,CN1C=CC(C=CC(=O)N[C@H]2C=CCC[C@H]2C(=O)N2CC(C)(C)C2)=C1,CC(NC(=O)NC1=CC=C(C2(C)NC(=O)N(C)C2=O)C=C1)C1=CC=C(S(C)(=O)=O)C=C1,Cn1ccc(C=CC(=O)N[C@H]2C=CCC[C@H]2C(=O)N2CC(C)(C)C2)c1,CC(NC(=O)Nc1ccc(C2(C)NC(=O)N(C)C2=O)cc1)c1ccc(S(C)(=O)=O)cc1,25,27,31,33,6.214940,,10,9,,,0,0,0,1,0,51,27,2,201,307,307,161,111,201,0,150,57,185,64,43,15,53,280,92,215,69,146,0,27,0
122,613,331,7752066,7357466,COC(=O)C1=CC(CN(C[C@@H]2CCC[C@H]2O)C(=O)/C=C/C2=CC=CC=N2)=CN1,CCN(C)[C@H]1C[C@@H](C(=O)NCCC(C)(C)NC(=O)C2=CC(F)=CC(F)=C2N)C1,COC(=O)c1cc(CN(C[C@@H]2CCC[C@H]2O)C(=O)/C=C/c2ccccn2)c[nH]1,CCN(C)[C@H]1C[C@@H](C(=O)NCCC(C)(C)NC(=O)c2cc(F)cc(F)c2N)C1,28,30,28,29,28.141768,,13,12,,,0,0,0,1,0,135,29,2,529,839,839,492,228,529,0,481,263,439,178,107,24,81,810,334,505,158,347,0,27,0
123,500,19,3656579,5862849,CCCC(=O)NC(CNC(=O)C1=CC(C)(CC)C1)C1=CC(C)=CC=C1,CCOCC1=CN([C@H](C(=O)NCC(C)(C)C2=NNC(C)=N2)C(C)(C)C)N=N1,CCCC(=O)NC(CNC(=O)C1=CC(C)(CC)C1)c1cccc(C)c1,CCOCc1cn([C@H](C(=O)NCC(C)(C)c2n[nH]c(C)n2)C(C)(C)C)nn1,25,26,27,28,10.425021,,13,12,,,0,0,0,1,0,73,26,1,289,448,448,257,94,289,0,240,119,218,99,40,14,54,422,146,302,111,191,0,25,0
124,114,951,5937853,2058576,CCN1N=CC(C)=C1C(=O)NCC(C)CN(C)C(=O)C1=CSC(C(C)=O)=N1,CN1C=C(S(=O)(=O)N2CC(NC(=O)C3=CC4=C(CCC4)S3)C2)C=N1,CCn1ncc(C)c1C(=O)NCC(C)CN(C)C(=O)c1csc(C(C)=O)n1,Cn1cc(S(=O)(=O)N2CC(NC(=O)c3cc4c(s3)CCC4)C2)cn1,27,28,24,27,6.335686,,8,7,,,0,0,0,1,0,40,27,3,160,278,278,147,42,160,0,141,50,140,71,6,2,39,251,74,204,73,131,0,24,0
125,371,899,6878309,8215244,C[C@@H]1CN(C(=O)C23CCC(CC2)CO3)C[C@H]1C(=O)N[C@H](C)C1=CC=CC=C1O,O=C(N[C@H]1C[C@H]2CC[C@@H](C1)N2C(=O)C1=CC=C(CO)C=N1)C1CCC2=C1NN=C2,C[C@@H]1CN(C(=O)C23CCC(CC2)CO3)C[C@H]1C(=O)N[C@H](C)c1ccccc1O,O=C(N[C@H]1C[C@H]2CC[C@@H](C1)N2C(=O)c1ccc(CO)cn1)C1CCc2cn[nH]c21,28,31,29,33,116.639954,,24,23,,,0,0,0,1,0,221,31,0,876,1688,1688,807,1255,876,0,722,322,969,228,1135,226,13,1657,616,1072,191,881,0,55,0
126,851,826,1749296,4191891,C=C1CCN(C(=O)CC2(NC(=O)CC34CCC(CC3)C4)CC2)C1,CCC1=CC=CC(C2(CNC(=O)N3CCC4=C(C3)C(Br)=CC=C4)CC2)=C1,C=C1CCN(C(=O)CC2(NC(=O)CC34CCC(CC3)C4)CC2)C1,CCc1cccc(C2(CNC(=O)N3CCc4cccc(Br)c4C3)CC2)c1,23,26,26,29,22.367672,,11,10,,,0,0,0,1,0,121,26,1,482,707,707,416,272,482,0,405,195,455,174,80,22,45,681,302,405,114,291,0,39,0
127,314,245,7030770,9700358,C=C(Cl)CC(NC(=O)C1=CC=C(O)C(C)=C1)C(=O)N[C@@H]1COC[C@H]1CN(C)C,COC1=CC=C(C[C@H](NC(=O)OC(C)(C)C)C(=O)NCC2=CC=NC3=CC=CC=C23)C=C1,C=C(Cl)CC(NC(=O)c1ccc(O)c(C)c1)C(=O)N[C@@H]1COC[C@H]1CN(C)C,COc1ccc(C[C@H](NC(=O)OC(C)(C)C)C(=O)NCc2ccnc3ccccc23)cc1,28,29,32,34,19.092621,,13,12,,,0,0,0,1,0,121,29,2,480,712,712,407,263,480,0,383,164,480,191,59,25,63,683,297,415,110,305,0,27,0
128,59,246,7606591,9626254,CN1CCC[C@@H](CNC2=NC(N(C)CC3=CN=CN3C)=NC3=CC=CN=C32)C1,COC1=CC(O)=CC(CN(CC2CCC3(CC3)CO2)C(=O)C2=CN=C3OCCC3=C2)=C1,CN1CCC[C@@H](CNc2nc(N(C)Cc3cncn3C)nc3cccnc23)C1,COc1cc(O)cc(CN(CC2CCC3(CC3)CO2)C(=O)c2cnc3c(c2)CCO3)c1,28,31,31,35,27.681192,,15,14,,,0,0,0,1,0,115,31,0,443,750,750,413,68,443,0,394,201,369,178,5,3,143,719,318,432,95,337,0,31,0
129,899,580,8215244,6950048,O=C(N[C@H]1C[C@H]2CC[C@@H](C1)N2C(=O)C1=CC=C(CO)C=N1)C1CCC2=C1NN=C2,COC1=NC=C(C(=O)N[C@@H]2CC[C@H](CC(=O)N[C@H]3C[C@H](C4=NC=CN4)C3)C2)S1,O=C(N[C@H]1C[C@H]2CC[C@@H](C1)N2C(=O)c1ccc(CO)cn1)C1CCc2cn[nH]c21,COc1ncc(C(=O)N[C@@H]2CC[C@H](CC(=O)N[C@H]3C[C@H](c4ncc[nH]4)C3)C2)s1,29,33,28,31,81.658379,,18,17,,,0,0,0,1,0,238,31,2,931,1630,1630,856,263,931,0,841,372,1000,453,6,2,300,1599,726,904,130,774,0,29,0
130,969,80,999951,36366,C#CC1=CC(CC(=O)N[C@H]2CC[C@@H](C(=O)OC)CC2)=CC=C1,NC(=O)CCN1CCC(C2CCCNC2)C1,C#Cc1cccc(CC(=O)N[C@H]2CC[C@@H](C(=O)OC)CC2)c1,NC(=O)CCN1CCC(C2CCCNC2)C1,22,23,16,17,8.208107,,12,11,,,0,0,0,1,0,59,17,0,228,306,306,206,36,228,0,193,116,103,70,15,3,11,289,132,174,74,100,0,18,0
131,87,749,2472285,4124116,C#CC(C)N(C)C(=O)CC(C)C(C)(C)NC(=O)C1=C(Cl)N(C)N=C1,CC(CC(=O)OC(C)(C)C)NCC1=NC(C2=CC([N+](=O)[O-])=CC=C2)=NO1,C#CC(C)N(C)C(=O)CC(C)C(C)(C)NC(=O)c1cnn(C)c1Cl,CC(CC(=O)OC(C)(C)C)NCc1nc(-c2cccc([N+](=O)[O-])c2)no1,24,24,26,27,5.357852,,9,8,,,0,0,0,1,0,40,24,3,153,277,277,141,99,153,1,135,45,175,57,37,18,38,253,77,200,64,136,0,21,0
132,497,835,5645193,322873,CC(=O)N1CCCC1CNC(=O)C1=C(CNC(=O)[C@H]2CCN(C)C2)C=CS1,C#CC1(NC(=O)CNC(=O)C2CCC(OC)C2)CC1,CC(=O)N1CCCC1CNC(=O)c1sccc1CNC(=O)[C@H]1CCN(C)C1,C#CC1(NC(=O)CNC(=O)C2CCC(OC)C2)CC1,27,29,19,20,6.272759,,13,12,,,0,0,0,1,0,67,20,3,252,319,319,220,55,252,0,210,119,113,73,21,11,2,299,127,192,93,99,0,17,0
133,70,778,4319416,7256219,CCCCSCC(=O)N[C@H]1CC[C@@H](CC(=O)N2CC(CO)(OC)C2)CC1,CC1(C(=O)NCC2(CNC(=O)C[C@@H]3CC[C@H](O)C3)CCCC2)CCC(=O)NC1,CCCCSCC(=O)N[C@H]1CC[C@@H](CC(=O)N2CC(CO)(OC)C2)CC1,CC1(C(=O)NCC2(CNC(=O)C[C@@H]3CC[C@H](O)C3)CCCC2)CCC(=O)NC1,26,27,28,30,20.380533,,13,12,,,0,0,0,1,0,103,27,2,412,732,732,380,376,412,1,344,149,511,149,191,57,78,705,274,458,106,352,0,28,0
134,545,784,5030749,1426711,CCC(CC(=O)N(CCC1CCC1)CC1=CC=C2C=CC=NN21)C(F)F,CC(C(=O)NC1=NN(C)C(=O)N1C)N1C=NC2=C(N)N=CN=C21,CCC(CC(=O)N(CCC1CCC1)Cc1ccc2cccnn12)C(F)F,CC(C(=O)Nc1nn(C)c(=O)n1C)n1cnc2c(N)ncnc21,26,28,23,25,7.708649,,9,8,,,0,0,0,1,0,42,25,0,162,344,344,144,62,162,0,136,44,204,65,33,10,86,319,85,259,59,200,0,25,0
135,128,131,7513095,6198192,COC1=CC=CC(C(=O)NC(CNS(=O)(=O)CC(C)O)C2=CC(C)=CC=C2)=C1,C#CCSCC(=O)NCC1CCCC(NC2=NN=NN2C2=CC=CC=C2)C1,COc1cccc(C(=O)NC(CNS(=O)(=O)CC(C)O)c2cccc(C)c2)c1,C#CCSCC(=O)NCC1CCCC(Nc2nnnn2-c2ccccc2)C1,28,29,27,29,13.058019,,11,11,,,0,0,0,1,0,73,29,6,289,446,446,258,144,289,1,239,128,273,101,30,6,57,417,167,279,91,188,0,23,0
136,675,486,6756127,5472619,CC(C)C(=O)NCC1CCCN(C(=O)C(=O)NC2=CC=CC3=CC=NC=C32)C1,C#CCOC1=CC(CNC(=O)C(=O)N2CCCCCC2C(=O)NC)=CC=C1,CC(C)C(=O)NCC1CCCN(C(=O)C(=O)Nc2cccc3ccncc23)C1,C#CCOc1cccc(CNC(=O)C(=O)N2CCCCCC2C(=O)NC)c1,28,30,27,28,45.761013,,21,20,,,0,0,0,1,0,218,28,3,869,1101,1101,720,898,869,1,688,438,850,197,402,60,11,1073,576,525,144,381,0,31,0
137,969,562,999951,3285629,C#CC1=CC(CC(=O)N[C@H]2CC[C@@H](C(=O)OC)CC2)=CC=C1,CC=CCCC(=O)N1C[C@H]2C[C@@]2(C(=O)N2CC(C)(C)OCC2(C)C)C1,C#Cc1cccc(CC(=O)N[C@H]2CC[C@@H](C(=O)OC)CC2)c1,CC=CCCC(=O)N1C[C@H]2C[C@@]2(C(=O)N2CC(C)(C)OCC2(C)C)C1,22,23,25,27,16.871483,,13,12,,,0,0,0,1,0,83,23,1,326,472,472,270,165,326,0,250,152,301,90,43,6,82,449,169,303,101,202,0,22,0
138,169,271,1102655,3835770,CC1=NN=C(CNC(=O)C2=NN=C(C3=CC=CC=C3)O2)N1C,CCC[C@H]1C[C@@H]1CN(CC1=CC=CC2=CC=NC=C21)C(=O)[C@H]1C[C@H]1C,Cc1nnc(CNC(=O)c2nnc(-c3ccccc3)o2)n1C,CCC[C@H]1C[C@@H]1CN(Cc1cccc2ccncc12)C(=O)[C@H]1C[C@H]1C,22,24,25,28,1.984191,,8,8,,,0,0,0,1,0,19,24,4,71,77,77,61,39,71,1,42,24,30,17,0,0,0,53,30,47,31,16,0,20,0
139,540,893,5498521,9480951,C#CC1=CC=C(C(=O)N2CC[C@@H](CC(=O)N[C@]34CC[C@H](C[C@@H]3O)C4)C2)N=C1,C=C[C@H]1CN(C(=O)CC2=C(C)N(CC)N=C2C)C[C@H]1NC1=NC(C(=O)OC)=NC=C1Cl,C#Cc1ccc(C(=O)N2CC[C@@H](CC(=O)N[C@]34CC[C@H](C[C@@H]3O)C4)C2)nc1,C=C[C@H]1CN(C(=O)Cc2c(C)nn(CC)c2C)C[C@H]1Nc1nc(C(=O)OC)ncc1Cl,27,30,31,33,101.820213,,17,16,,,0,0,0,1,0,420,30,1,1664,2839,2839,1466,676,1664,0,1455,684,1687,723,332,30,313,2809,998,1841,468,1373,0,35,0
140,621,433,1945448,2831394,COCC(C)N1C=C(COCC(=O)N(C)CC2CCCC2)N=N1,CC1=C(C)N(C)C(CN(CC2=CCCC2)CC2COCCC2C)=N1,COCC(C)n1cc(COCC(=O)N(C)CC2CCCC2)nn1,Cc1nc(CN(CC2=CCCC2)CC2COCCC2C)n(C)c1C,23,24,24,26,3.575863,,10,9,,,0,0,0,1,0,41,24,3,150,175,175,134,30,150,0,121,84,46,29,0,0,3,151,75,100,59,41,0,23,0
141,987,216,4093080,7320354,CC(C)(C)OC(=O)NC1(CNC(=O)CC2=CSC=N2)CCC(F)(F)CC1,NC1=CC=NC(C(=O)N2C[C@@H]3C[C@@H](C[C@H](NC(=O)CCN4C=CC=N4)C3)C2)=C1,CC(C)(C)OC(=O)NC1(CNC(=O)Cc2cscn2)CCC(F)(F)CC1,Nc1ccnc(C(=O)N2C[C@@H]3C[C@@H](C[C@H](NC(=O)CCn4cccn4)C3)C2)c1,26,27,28,31,8.182897,,13,13,,,0,0,0,1,0,50,27,6,194,235,235,162,193,194,1,122,71,171,40,69,30,9,208,94,141,68,73,0,29,0
142,951,552,2058576,3688653,CN1C=C(S(=O)(=O)N2CC(NC(=O)C3=CC4=C(CCC4)S3)C2)C=N1,CC(=O)OCCC(=O)NC1CC(C(C)NC(=O)C2=CN(C)C=C2C)C1,Cn1cc(S(=O)(=O)N2CC(NC(=O)c3cc4c(s3)CCC4)C2)cn1,CC(=O)OCCC(=O)NC1CC(C(C)NC(=O)c2cn(C)cc2C)C1,24,27,25,26,7.599273,,9,8,,,0,0,0,1,0,55,26,2,211,347,347,188,82,211,1,178,66,201,94,15,4,39,321,101,246,87,159,0,26,0
143,773,747,5332740,7094745,O=C(NC1=NN=C(C2CCCCC2)O1)C1CC(=O)N(C2=CC(F)=CC=C2)C1,CCC1=CN=CC(C(=O)NC(C(=O)NCC2=NN(C(C)C)C=N2)C(C)(C)C)=C1,O=C(Nc1nnc(C2CCCCC2)o1)C1CC(=O)N(c2cccc(F)c2)C1,CCc1cncc(C(=O)NC(C(=O)NCc2ncn(C(C)C)n2)C(C)(C)C)c1,27,30,28,29,24.893072,,12,11,,,0,0,0,1,0,91,29,0,350,663,663,296,370,350,0,278,146,441,99,266,22,134,634,131,532,165,367,0,29,0
144,706,205,3749861,8248743,CCCCN1C=C(CCC(=O)N2CCN3C(=NN=C3C3CC3)C2)N=N1,C#CC1=CC=C(C(=O)N2C[C@H](O)C[C@H]2CNC(=O)C(C)C2=CC=NC=C2C)C=C1,CCCCn1cc(CCC(=O)N2CCn3c(nnc3C3CC3)C2)nn1,C#Cc1ccc(C(=O)N2C[C@H](O)C[C@H]2CNC(=O)C(C)c2ccncc2C)cc1,25,28,29,31,35.580101,,20,19,,,0,0,0,1,0,168,28,3,661,972,972,562,588,661,0,522,267,617,230,341,40,11,944,359,613,203,410,0,30,0
145,730,319,3192510,4194139,CC1(C)CCC(CC(=O)N(CC2CC2)C2=CC=C(C(=O)O)C=C2)CC1,O=C(NC1=NN(C2=CC=NC(C(F)F)=C2)C=C1)C(=O)N1CCCC(O)C1,CC1(C)CCC(CC(=O)N(CC2CC2)c2ccc(C(=O)O)cc2)CC1,O=C(Nc1ccn(-c2ccnc(C(F)F)c2)n1)C(=O)N1CCCC(O)C1,25,27,26,28,19.430943,,10,9,,,0,0,0,1,0,92,27,0,358,645,645,329,145,358,0,313,135,366,146,68,21,100,618,187,458,142,316,0,32,0
146,408,687,1386324,4422811,COCCN(CC1=CN=NN1C)CC1=C(C)C(C#N)=CC=C1,CSC[C@H](C)NC(=O)C1CCN(C(=O)[C@@H]2C[C@H]2C2=CC=CC=C2)CCO1,COCCN(Cc1cccc(C#N)c1C)Cc1cnnn1C,CSC[C@H](C)NC(=O)C1CCN(C(=O)[C@@H]2C[C@H]2c2ccccc2)CCO1,22,23,26,28,9.855747,,16,15,,,0,0,0,1,0,55,23,3,210,281,281,178,174,210,0,134,95,143,40,109,23,0,258,98,183,80,103,0,21,0
147,665,382,7440053,1650596,O=C(CC1=CC=CC=C1OC1CCCC1)OC/C=C/C1=CC=C2OCOC2=C1,CN(C)CCN(C(=O)NCC1=C(C(F)F)N=NS1)C1CCCC1,O=C(Cc1ccccc1OC1CCCC1)OC/C=C/c1ccc2c(c1)OCO2,CN(C)CCN(C(=O)NCc1snnc1C(F)F)C1CCCC1,28,31,23,24,0.580744,,5,5,,,0,0,0,1,0,6,24,14,22,34,34,20,10,22,3,10,8,2,2,0,0,0,10,7,27,13,14,0,10,0
148,448,921,8681379,103322,C=CN1C=C(CN(CC[C@@H]2CCC[C@H]2O)CC2=CC(C(=O)OC)=CC(O)=C2)C=N1,C[C@@H](NC(=O)C1=CC2=C(C=CO2)N1C)C(C)(C)O,C=Cn1cc(CN(CC[C@@H]2CCC[C@H]2O)Cc2cc(O)cc(C(=O)OC)c2)cn1,C[C@@H](NC(=O)c1cc2occc2n1C)C(C)(C)O,29,31,18,19,7.763335,,13,12,,,0,0,0,1,0,48,19,0,177,295,295,159,95,177,0,144,60,161,74,50,6,25,276,77,218,82,136,0,19,0
149,529,462,7258167,121737,CN(C[C@@H]1C[C@H](F)CN1C(=O)CCC1=NN=CS1)C(=O)CCC1=NC=NN1C,COC1=CC=C2N=C(N[C@H]3CC[C@H]4C[C@H]43)OC2=C1,CN(C[C@@H]1C[C@H](F)CN1C(=O)CCc1nncs1)C(=O)CCc1ncnn1C,COc1ccc2nc(N[C@H]3CC[C@H]4C[C@H]43)oc2c1,28,30,18,21,5.114881,,7,6,,,0,0,0,1,0,40,21,4,152,256,256,141,28,152,0,137,56,113,68,9,0,23,235,89,167,52,115,0,18,0
150,123,253,2996567,1231139,CC[C@@H](NS(=O)(=O)CC1CC2(CCOCC2)C(=O)O1)C1=CC=CC=N1,COC1=CC=C(C(=O)C2CCCN2CC2=CC=C(Br)O2)C=C1,CC[C@@H](NS(=O)(=O)CC1CC2(CCOCC2)C(=O)O1)c1ccccn1,COc1ccc(C(=O)C2CCCN2Cc2ccc(Br)o2)cc1,25,27,22,24,11.960683,,9,8,,,0,0,0,1,0,76,24,1,292,508,508,270,95,292,0,258,117,274,117,34,13,86,484,185,323,85,238,0,23,0
151,230,65,980564,1298607,COC1=CC2=NC=C(C(=O)NC3=CC(Cl)=CC(Cl)=N3)N2C=C1,C#CCN(C)C(=O)CC1(C)CCN(C(=O)CCCN(C)C)C1,COc1ccn2c(C(=O)Nc3cc(Cl)cc(Cl)n3)cnc2c1,C#CCN(C)C(=O)CC1(C)CCN(C(=O)CCCN(C)C)C1,22,24,22,22,9.267428,,11,10,,,0,0,0,1,0,69,22,1,265,374,374,229,96,265,0,222,129,164,74,51,5,13,352,136,238,93,145,0,21,0
152,346,21,2910405,6114384,CCSC1=CC=CC=C1CC(=O)NC1=C(F)C=C(Br)C=C1C(=O)OC,CC1CC(C(=O)N2CCN(C(=O)C3=C(F)C=NC(O)=C3)CC2C(C)(C)C)C1,CCSc1ccccc1CC(=O)Nc1c(F)cc(Br)cc1C(=O)OC,CC1CC(C(=O)N2CCN(C(=O)c3cc(O)ncc3F)CC2C(C)(C)C)C1,25,26,27,29,31.901249,,12,11,,,0,0,0,1,0,96,26,3,381,762,762,334,152,381,1,329,137,363,152,192,22,71,736,166,596,168,428,0,23,0
153,602,567,1073129,10058109,FC1=CC=C(N2CCC(C3=CC(F)=C(F)C(F)=C3)CC2)N=N1,COC(=O)C1=CC=CC=C1CN1C=C([C@@H]2CCCN2C(=O)C2=CN=C(C)C(C(C)=O)=C2)N=N1,Fc1ccc(N2CCC(c3cc(F)c(F)c(F)c3)CC2)nn1,COC(=O)c1ccccc1Cn1cc([C@@H]2CCCN2C(=O)c2cnc(C)c(C(C)=O)c2)nn1,22,24,33,36,32.568169,,14,13,,,0,0,0,1,0,143,24,4,559,761,761,484,95,559,0,463,272,295,179,51,13,48,737,330,431,154,277,0,24,0
154,235,602,3803888,1073129,CC1(C)CC(CCN(CC2=C(CO)C=CS2)C(=O)[C@@H]2CNC(=O)N2)C1,FC1=CC=C(N2CCC(C3=CC(F)=C(F)C(F)=C3)CC2)N=N1,CC1(C)CC(CCN(Cc2sccc2CO)C(=O)[C@@H]2CNC(=O)N2)C1,Fc1ccc(N2CCC(c3cc(F)c(F)c(F)c3)CC2)nn1,25,27,22,24,23.782400,,13,12,,,0,0,0,1,0,124,24,5,484,728,728,444,73,484,1,435,225,259,190,75,10,4,704,234,494,210,284,0,21,0
155,225,7,9996204,7116687,CCOC(=O)C1=C(C2=CN=CO2)N(C2=CC(C)=CC(C)=C2)C(=S)NC1C1=CC(C2CC2)=NO1,CC1CC2(CO1)CN(C(=O)[C@H]1C=C[C@H](NC(=O)C3=CC=CC4=C3NN=C4)C1)C2,CCOC(=O)C1=C(c2cnco2)N(c2cc(C)cc(C)c2)C(=S)NC1c1cc(C2CC2)no1,CC1CC2(CO1)CN(C(=O)[C@H]1C=C[C@H](NC(=O)c3cccc4cn[nH]c34)C1)C2,33,37,28,32,30.139500,,11,10,,,0,0,0,1,0,134,32,1,526,884,884,466,280,526,1,455,172,586,241,81,22,89,852,273,611,193,418,0,36,0
156,72,724,7466727,374384,CC1=NOC(CC(=O)N[C@@H]2C[C@H](CO)CC[C@@H]2CNC2=NC=C(F)C=N2)=C1C,CC[C@H]1C[C@@H]1C(=O)N(C)CC1=CC2=C(C=C1Br)OCO2,Cc1noc(CC(=O)N[C@@H]2C[C@H](CO)CC[C@@H]2CNc2ncc(F)cn2)c1C,CC[C@H]1C[C@@H]1C(=O)N(C)Cc1cc2c(cc1Br)OCO2,28,30,20,22,33.996655,,16,15,,,0,0,0,1,0,163,22,1,647,1154,1154,598,182,647,1,593,196,701,372,16,9,153,1132,383,771,215,556,0,22,0
157,646,60,3214063,3351599,CN(CCCC1=NC2=CC=CC=C2N1)CC1=C(N)C(C(=O)O)=CC=C1,CC1=CN=C(CNC(=O)C2(C)C=CCN2C(=O)C2=C(N)N(C)N=C2)O1,CN(CCCc1nc2ccccc2[nH]1)Cc1cccc(C(=O)O)c1N,Cc1cnc(CNC(=O)C2(C)C=CCN2C(=O)c2cnn(C)c2N)o1,25,27,25,27,7.980197,,9,8,,,0,0,0,1,0,46,27,0,180,307,307,152,48,180,0,136,52,165,69,11,4,66,280,68,239,84,155,0,27,0
158,234,69,5046189,5603710,CC(C)C(C)(C)CN(CC1=CN2C=NC=C2C=C1)C(=O)COCCCF,COC(C(=O)NC1CCN(CCCO)C1)C1CN(C(=O)C23CC(F)(C2)C3)C1,CC(C)C(C)(C)CN(Cc1ccc2cncn2c1)C(=O)COCCCF,COC(C(=O)NC1CCN(CCCO)C1)C1CN(C(=O)C23CC(F)(C2)C3)C1,26,27,27,30,45.565884,,14,13,,,0,0,0,1,0,162,27,0,635,1067,1067,551,254,635,0,531,250,591,240,152,34,146,1040,378,689,173,516,0,30,0
159,927,32,8635296,2646999,CCCC1=C(C(=O)N(CC2=CC=C(C#N)C=C2C)CC2=NC=CC=C2C)C=CN1,NC(=O)C[C@@H](O)C(=O)NC1COCCN(C(=O)C2=CC=CC=C2)C1,CCCc1[nH]ccc1C(=O)N(Cc1ccc(C#N)cc1C)Cc1ncccc1C,NC(=O)C[C@@H](O)C(=O)NC1COCCN(C(=O)c2ccccc2)C1,29,31,24,25,15.700364,,18,17,,,0,0,0,1,0,160,25,3,623,650,650,522,199,623,0,458,332,250,152,36,16,0,625,397,253,125,128,0,32,0
160,880,338,3711333,9637513,CC1(C)CC(=O)CC1C(=O)OCC1=CC=C(C2(C(F)(F)F)N=N2)C=C1,CC1=C2C=C(CN(CC3=CN(C4=CC=CC=C4)N=C3)CC3[C@H](C)[C@H]3C)C=CC2=NN1C,CC1(C)CC(=O)CC1C(=O)OCc1ccc(C2(C(F)(F)F)N=N2)cc1,Cc1c2cc(CN(Cc3cnn(-c4ccccc4)c3)CC3[C@H](C)[C@H]3C)ccc2nn1C,25,27,31,35,3.612704,,9,9,,,0,0,0,1,0,22,27,8,85,122,122,71,172,85,2,59,29,94,19,104,4,0,95,31,91,40,51,0,21,0
161,72,526,7466727,2184418,CC1=NOC(CC(=O)N[C@@H]2C[C@H](CO)CC[C@@H]2CNC2=NC=C(F)C=N2)=C1C,COCCOC1=CC=CC(C(=O)NNC2=NC(C)=C(C)C(=O)N2)=C1,Cc1noc(CC(=O)N[C@@H]2C[C@H](CO)CC[C@@H]2CNc2ncc(F)cn2)c1C,COCCOc1cccc(C(=O)NNc2nc(C)c(C)c(=O)[nH]2)c1,28,30,24,25,4.095898,,9,8,,,0,0,0,1,0,32,25,1,128,155,155,101,119,128,1,86,45,115,29,31,3,2,130,45,110,56,54,0,24,0
162,243,285,4525562,7929346,CC1=NC=C(C(=O)N2CC(C(=O)N[C@H](C)C3=CSC=C3)C3(CC3)C2)N1C,COC1=CC=C2C=C(CNCC3N(C(=O)OC(C)(C)C)CCC34CCC4)NC2=C1,Cc1ncc(C(=O)N2CC(C(=O)N[C@H](C)c3ccsc3)C3(CC3)C2)n1C,COc1ccc2cc(CNCC3N(C(=O)OC(C)(C)C)CCC34CCC4)[nH]c2c1,26,29,29,32,35.234890,,13,12,,,0,0,0,1,0,136,29,2,540,1133,1133,463,757,540,0,441,136,885,226,511,74,136,1104,310,823,153,670,0,30,0
163,685,497,8759367,5645193,O=C(N1CCN(CC2=CC=C(N3C=CN=C3)C=C2)CC1)C(F)(F)CCN1C=CN=N1,CC(=O)N1CCCC1CNC(=O)C1=C(CNC(=O)[C@H]2CCN(C)C2)C=CS1,O=C(N1CCN(Cc2ccc(-n3ccnc3)cc2)CC1)C(F)(F)CCn1ccnn1,CC(=O)N1CCCC1CNC(=O)c1sccc1CNC(=O)[C@H]1CCN(C)C1,30,33,27,29,27.621124,,17,16,,,0,0,0,1,0,127,29,2,503,749,749,453,178,503,1,437,240,429,178,15,8,95,720,345,404,108,296,0,30,0
164,219,552,6861264,3688653,CC1(C#CC(=O)N2CCCC(C(=O)NC3=CN=C(C4CC4)N=C3)C2)CCCO1,CC(=O)OCCC(=O)NC1CC(C(C)NC(=O)C2=CN(C)C=C2C)C1,CC1(C#CC(=O)N2CCCC(C(=O)Nc3cnc(C4CC4)nc3)C2)CCCO1,CC(=O)OCCC(=O)NC1CC(C(C)NC(=O)c2cn(C)cc2C)C1,28,31,25,26,14.942739,,13,12,,,0,0,0,1,0,84,26,0,333,456,456,273,209,333,0,250,135,317,97,43,15,55,430,136,320,137,183,0,27,0
165,135,740,475938,10193610,O=C(NCC1CC(F)(F)CO1)NC12CCC(F)(CC1)C2,CC1=NC=CN1CC1=CN([C@H]2CC[C@@H](C(=O)NCC3=CC=C(OC4CCCC4)C=C3)CC2)N=N1,O=C(NCC1CC(F)(F)CO1)NC12CCC(F)(CC1)C2,Cc1nccn1Cc1cn([C@H]2CC[C@@H](C(=O)NCc3ccc(OC4CCCC4)cc3)CC2)nn1,20,22,34,38,5.298390,,9,9,,,0,0,0,1,0,50,22,3,197,266,266,166,107,197,0,148,81,155,57,29,9,14,244,93,173,73,100,0,22,0
166,957,903,6383091,8874455,CC1CCC(CCN(CC2=C(F)C=CC=C2F)C(=O)C2=CC=CN=C2O)C1,CN(CC1(C)CCCC1)C(=O)C1=C2CN(C(=O)[C@@H]3CCCN3C)CCC2=NC(O)=C1,CC1CCC(CCN(Cc2c(F)cccc2F)C(=O)c2cccnc2O)C1,CN(CC1(C)CCCC1)C(=O)c1cc(O)nc2c1CN(C(=O)[C@@H]1CCCN1C)CC2,27,29,30,33,86.983253,,18,17,,,0,0,0,1,0,251,29,2,986,1580,1580,818,1233,986,0,768,403,1192,162,768,226,118,1551,490,1090,328,762,0,56,0
167,584,590,8776790,10231444,CN(C(=O)OC(C)(C)C)C1CCN(CCCNC2=CC=C([N+](=O)[O-])C(N)=C2F)CC1,CCCCN1N=NN=C1C1(NC2=C(C)N(C3=CC=CC(Cl)=C3)N=C2)CCN(C2CCCC2)CC1,CN(C(=O)OC(C)(C)C)C1CCN(CCCNc2ccc([N+](=O)[O-])c(N)c2F)CC1,CCCCn1nnnc1C1(Nc2cnn(-c3cccc(Cl)c3)c2C)CCN(C2CCCC2)CC1,30,31,34,38,39.133186,,14,13,,,0,0,0,1,0,193,31,6,767,1000,1000,650,221,767,1,633,384,523,236,15,5,86,969,476,524,174,350,0,25,0
168,484,248,2194018,1499937,CCOC(=O)[C@H]1C[C@@H]1C(=O)OCCN1C2=CC=C(Br)C=C2N=C1N,O=C(CCC1=NC(C2CCCC2)=NO1)NC(CO)C1=CC=CS1,CCOC(=O)[C@H]1C[C@@H]1C(=O)OCCn1c(N)nc2cc(Br)ccc21,O=C(CCc1nc(C2CCCC2)no1)NC(CO)c1cccs1,24,26,23,25,3.046292,,9,8,,,0,0,0,1,0,27,25,3,99,140,140,94,41,99,2,79,46,57,24,7,2,8,115,53,87,41,46,0,22,0
169,803,484,8971413,2194018,COC[C@H]1C[C@@H](CNC(=O)CCC(=O)N(C)C)N(C(=O)C2CC3=NC(C)=CN3C2)C1,CCOC(=O)[C@H]1C[C@@H]1C(=O)OCCN1C2=CC=C(Br)C=C2N=C1N,COC[C@H]1C[C@@H](CNC(=O)CCC(=O)N(C)C)N(C(=O)C2Cc3nc(C)cn3C2)C1,CCOC(=O)[C@H]1C[C@@H]1C(=O)OCCn1c(N)nc2cc(Br)ccc21,30,32,24,26,14.346439,,10,9,,,0,0,0,1,0,80,26,1,317,519,519,282,142,317,0,273,121,261,109,92,27,33,493,169,350,113,237,0,33,0
170,826,416,4191891,7847536,CCC1=CC=CC(C2(CNC(=O)N3CCC4=C(C3)C(Br)=CC=C4)CC2)=C1,CC1(C)C[C@@H]1C(C(=O)NCCC#N)N1CCN(C2=CC(C(F)F)=CC=C2)CC1,CCc1cccc(C2(CNC(=O)N3CCc4cccc(Br)c4C3)CC2)c1,CC1(C)C[C@@H]1C(C(=O)NCCC#N)N1CCN(c2cccc(C(F)F)c2)CC1,26,29,28,30,29.381277,,10,9,,,0,0,0,1,0,122,29,1,475,767,767,423,247,475,0,405,218,413,137,149,40,84,738,189,578,234,344,0,30,0
171,194,96,28582,6083871,CCC=C(C)C(=O)NCCN1CCCC1C,CC1=CC(CC(=O)NC[C@@H](NC(=O)C(F)(F)C2=CC=CC=N2)C(C)C)=NN1,CCC=C(C)C(=O)NCCN1CCCC1C,Cc1cc(CC(=O)NC[C@@H](NC(=O)C(F)(F)c2ccccn2)C(C)C)n[nH]1,16,16,27,28,1.726130,,13,12,,,0,0,0,1,0,36,16,1,131,159,159,125,39,131,1,106,76,55,32,3,2,4,143,93,66,32,34,0,15,0
172,99,674,2993846,1957771,CCN1CCN(C2=CC=C(CNS(=O)(=O)CC(C)(C)CF)C=N2)CC1,CC1=CN=C(NCCC2=CNN=N2)N=C1N1CCC(CF)CC1,CCN1CCN(c2ccc(CNS(=O)(=O)CC(C)(C)CF)cn2)CC1,Cc1cnc(NCCc2c[nH]nn2)nc1N1CCC(CF)CC1,25,26,23,25,11.530427,,10,9,,,0,0,0,1,0,91,25,2,353,563,563,323,90,353,0,312,150,274,134,31,16,62,538,226,337,97,240,0,23,0
173,441,362,4468789,7931347,COC1=CN=NC(C(=O)NCC2=C(C(=O)N3CCC[C@H]3CO)C=CO2)=C1,CC(C(=O)NCC1=CC=CC(OCC#N)=C1)C1=CC=C2C(=C1)CC1=CC=CC=C12,COc1cnnc(C(=O)NCc2occc2C(=O)N2CCC[C@H]2CO)c1,CC(C(=O)NCc1cccc(OCC#N)c1)c1ccc2c(c1)Cc1ccccc1-2,26,28,29,32,14.973435,,14,13,,,0,0,0,1,0,79,28,1,312,491,491,288,197,312,1,257,124,314,117,59,20,49,463,186,305,102,203,0,29,0
174,433,420,2831394,8672863,CC1=C(C)N(C)C(CN(CC2=CCCC2)CC2COCCC2C)=N1,CC1=CC=C(CN(CCC2=CC=C(F)C=C2C)CC2=CN(C)C(C#N)=C2)C(O)=C1,Cc1nc(CN(CC2=CCCC2)CC2COCCC2C)n(C)c1C,Cc1ccc(CN(CCc2ccc(F)cc2C)Cc2cc(C#N)n(C)c2)c(O)c1,24,26,29,31,10.824142,,16,15,,,0,0,0,1,0,59,26,1,228,306,306,188,177,228,0,161,69,202,58,66,36,16,280,110,196,78,118,0,29,0
175,478,884,7298707,7734203,CCC1=CC(C(=O)N2CC3CC(C2)N(C(=O)C2=CC(C)=CC=C2C)C3)=CC=N1,CCC1=C(C(=O)N(CCC2=NC(C)=CC=N2)CC(C)CCC=C(C)C)C=NN1,CCc1cc(C(=O)N2CC3CC(C2)N(C(=O)c2cc(C)ccc2C)C3)ccn1,CCc1[nH]ncc1C(=O)N(CCc1nccc(C)n1)CC(C)CCC=C(C)C,28,31,28,29,38.613503,,19,18,,,0,0,0,1,0,121,29,2,479,598,598,396,470,479,3,353,214,469,96,175,59,15,569,261,337,135,202,0,27,0
176,746,55,6746942,866099,CC(C)[C@@H](NC(=O)NCC1=NN(C)C2=C1COCC2)C1=NN=C2C=CC=CN21,C[C@H](NC(=O)C1=CC=NN1C)C(=O)N1CCCC(O)CC1,CC(C)[C@@H](NC(=O)NCc1nn(C)c2c1COCC2)c1nnc2ccccn12,C[C@H](NC(=O)c1ccnn1C)C(=O)N1CCCC(O)CC1,28,31,21,22,8.242274,,12,11,,,0,0,0,1,0,57,22,0,219,319,319,203,95,219,0,184,97,161,75,27,9,16,297,138,181,65,116,0,22,0
177,689,669,2278662,3652938,O=C(NCC1=CNC2=CC=C(Br)C=C12)NC1CCN(CCF)C1=O,C=C/C=C(\C)C(=O)N(C)C1CN(C(=O)CN2N=CC=C2C)CC12CC2,O=C(NCc1c[nH]c2ccc(Br)cc12)NC1CCN(CCF)C1=O,C=C/C=C(\C)C(=O)N(C)C1CN(C(=O)Cn2nccc2C)CC12CC2,24,26,25,27,10.936885,,12,11,,,0,0,0,1,0,68,26,2,269,380,380,230,140,269,1,207,99,204,86,54,21,19,354,80,300,150,150,0,26,0
178,661,100,2104959,8039705,O=C(C1=NC(O)=CC(C(F)(F)F)=C1)N1CC(C2=CC(Cl)=CC=C2)C1,CCCCC(C)CCC(=O)N1CCC2(CC(C(=O)NCC3=NC(C)=CC=C3)C2)C1,O=C(c1cc(C(F)(F)F)cc(O)n1)N1CC(c2cccc(Cl)c2)C1,CCCCC(C)CCC(=O)N1CCC2(CC(C(=O)NCc3cccc(C)n3)C2)C1,24,26,29,31,52.201702,,17,16,,,0,0,0,1,0,242,26,5,968,1546,1546,885,538,968,0,850,478,594,229,578,157,3,1520,746,800,139,661,0,39,0
179,62,412,6416646,1294583,CCOC1CC(CN(CC2=NC=C(OC)N=C2)C(=O)[C@H]2C[C@@]2(C)C2CC2)C1,CC[C@H](O)C(=O)NCC1=C(C(=O)N[C@H](C)CCOC)OC=C1,CCOC1CC(CN(Cc2cnc(OC)cn2)C(=O)[C@H]2C[C@@]2(C)C2CC2)C1,CC[C@H](O)C(=O)NCc1ccoc1C(=O)N[C@H](C)CCOC,27,30,22,22,11.990986,,13,12,,,0,0,0,1,0,63,22,0,245,383,383,220,136,245,0,210,112,229,77,47,9,46,361,142,241,78,163,0,22,0
180,745,347,5265826,32527,O=C(NCCCC1=CC=C(F)C=C1F)C1=C(C(F)(F)F)N=C2CCCCN21,C=C1CCC(CNC(=O)N[C@@H](C)[C@H](C)O)C1,O=C(NCCCc1ccc(F)cc1F)c1c(C(F)(F)F)nc2n1CCCC2,C=C1CCC(CNC(=O)N[C@@H](C)[C@H](C)O)C1,27,29,16,16,2.998850,,11,10,,,0,0,0,1,0,27,16,2,97,112,112,84,47,97,1,70,51,60,19,0,0,7,96,42,70,42,28,0,14,0
181,819,882,965724,9656200,NC[C@H]1C[C@H]1C(=O)NC1=NN(CC2=CC=C(Cl)C=C2)C=N1,COC1=C(C)C=CC=C1CN(CC1=CC=C(N2C=CN=C2)C=C1)CC1OCCC12CC2,NC[C@H]1C[C@H]1C(=O)Nc1ncn(Cc2ccc(Cl)cc2)n1,COc1c(C)cccc1CN(Cc1ccc(-n2ccnc2)cc1)CC1OCCC12CC2,21,23,31,35,5.075054,,10,9,,,0,0,0,1,0,44,23,3,161,192,192,144,52,161,0,127,84,71,37,3,3,4,169,76,116,68,48,0,21,0
182,111,254,6419974,8813492,CCC1=CC(C)=CC(CN(C[C@@H]2CC=CCC2)C(=O)C2(O)CC(F)(F)C2)=C1,CC(C)(C)OC(=O)N1CC(F)(F)CC1CNC(=O)NCC1=CC=C([N+](=O)[O-])C=C1F,CCc1cc(C)cc(CN(C[C@@H]2CC=CCC2)C(=O)C2(O)CC(F)(F)C2)c1,CC(C)(C)OC(=O)N1CC(F)(F)CC1CNC(=O)NCc1ccc([N+](=O)[O-])cc1F,27,29,30,31,21.322338,,10,10,,,0,0,0,1,0,85,29,1,338,624,624,296,210,338,0,275,96,369,148,137,24,66,595,156,468,140,328,0,29,0
183,196,194,9156181,28582,C[C@H]1CN(C2=NC3=CC=CC=C3N=C2NCCC2=CC=CC(C3CC3)=C2)C[C@H](C)O1,CCC=C(C)C(=O)NCCN1CCCC1C,C[C@H]1CN(c2nc3ccccc3nc2NCCc2cccc(C3CC3)c2)C[C@H](C)O1,CCC=C(C)C(=O)NCCN1CCCC1C,30,34,16,16,2.235482,,12,11,,,0,0,0,1,0,39,16,2,141,164,164,127,54,141,1,107,73,55,26,21,14,0,148,94,70,33,37,0,18,0
184,549,459,2397574,8067682,CC1CC(C(=O)N2CCOC(CC(=O)NCC3(F)CCC3)C2)=NO1,CCSC(C(=O)N1CC2(CCCC2)C1C(=O)NCC1=NC(CO)=CC=C1)C(C)C,CC1CC(C(=O)N2CCOC(CC(=O)NCC3(F)CCC3)C2)=NO1,CCSC(C(=O)N1CC2(CCCC2)C1C(=O)NCc1cccc(CO)n1)C(C)C,24,26,29,31,13.459744,,17,16,,,0,0,0,1,0,96,26,3,369,479,479,325,130,369,1,301,184,229,118,27,0,18,453,238,241,87,154,0,25,0
185,143,432,4493160,4727751,C=CCC(C)(O)C(=O)NC[C@H]1[C@@H](C(=O)NC2=CN(C(C)C)N=C2)C1(C)C,CN(C[C@@H]1C[C@H](F)CN1C(=O)[C@H]1CCCN1C)C(=O)CCCC(F)(F)F,C=CCC(C)(O)C(=O)NC[C@H]1[C@@H](C(=O)Nc2cnn(C(C)C)c2)C1(C)C,CN(C[C@@H]1C[C@H](F)CN1C(=O)[C@H]1CCCN1C)C(=O)CCCC(F)(F)F,26,27,26,27,14.599608,,17,16,,,0,0,0,1,0,87,27,3,334,470,470,296,271,334,0,260,133,338,127,76,12,10,443,189,281,107,174,0,26,0
186,187,285,3958689,7929346,N#CC1=C2C=CC=CC2=NC(NC(=O)C2=CSC(C3=CC=NC=C3)=N2)=C1,COC1=CC=C2C=C(CNCC3N(C(=O)OC(C)(C)C)CCC34CCC4)NC2=C1,N#Cc1cc(NC(=O)c2csc(-c3ccncc3)n2)nc2ccccc12,COc1ccc2cc(CNCC3N(C(=O)OC(C)(C)C)CCC34CCC4)[nH]c2c1,26,29,29,32,69.854485,,18,18,,,0,0,0,1,0,265,29,3,1052,1520,1520,939,362,1052,0,924,525,766,322,148,66,150,1491,699,821,240,581,0,36,0
187,473,255,7018083,27530,C=CCC1(C(=O)N2CCCC2CCC)CCN(C(=O)C2=COC(N(C)C)=N2)C1,CC1=C(CNCCNS(C)(=O)=O)C(Cl)=NN1,C=CCC1(C(=O)N2CCCC2CCC)CCN(C(=O)c2coc(N(C)C)n2)C1,Cc1[nH]nc(Cl)c1CNCCNS(C)(=O)=O,28,30,16,16,1.058811,,10,9,,,0,0,0,1,0,17,16,6,48,49,49,41,27,48,3,27,24,19,5,3,2,0,33,15,34,26,8,0,10,0
188,895,945,5132325,3940039,COC1=CC(C)=NC(CN(CC[C@@H]2COC[C@H]2O)CC2=CC=CC=C2)=C1,CCOC(=O)CC(=O)N1CCC2=C(CC1)SC(N1CCC(C)CC1)=N2,COc1cc(C)nc(CN(CC[C@@H]2COC[C@H]2O)Cc2ccccc2)c1,CCOC(=O)CC(=O)N1CCc2nc(N3CCC(C)CC3)sc2CC1,26,28,25,27,6.456405,,10,9,,,0,0,0,1,0,56,27,4,216,288,288,188,63,216,0,179,114,132,50,4,1,31,261,119,169,69,100,0,23,0
189,77,453,5195946,1371765,CC(C)(C)OC(=O)N1CCCC1CCC(=O)NCC1=CC=C2OC=CC2=C1,CCC1=C(CNC2=NC(NC3CCSCC3)=NC=C2)C=NN1,CC(C)(C)OC(=O)N1CCCC1CCC(=O)NCc1ccc2occc2c1,CCc1[nH]ncc1CNc1ccnc(NC2CCSCC2)n1,27,29,22,24,3.919969,,10,9,,,0,0,0,1,0,30,24,3,100,142,142,88,39,100,3,77,40,66,25,4,2,15,118,39,103,49,54,0,21,0
190,827,882,10017841,9656200,CC(C)(C)OC(=O)N1CCN(C(=O)NCC2=CC3=CN=NC=C3O2)C(C2=CC=CC=C2F)C1,COC1=C(C)C=CC=C1CN(CC1=CC=C(N2C=CN=C2)C=C1)CC1OCCC12CC2,CC(C)(C)OC(=O)N1CCN(C(=O)NCc2cc3cnncc3o2)C(c2ccccc2F)C1,COc1c(C)cccc1CN(Cc1ccc(-n2ccnc2)cc1)CC1OCCC12CC2,33,36,31,35,44.828239,,13,12,,,0,0,0,1,0,209,35,0,830,1405,1405,714,315,830,0,685,343,837,265,132,71,319,1370,394,1011,320,691,0,42,0
191,876,563,10304745,6337144,CC[C@H](NC(=O)OC(C)(C)C)C(C1=NN=NN1C1=CC(C(=O)OC)=CC=C1)N(C)C1CCN(C)C1,CC1=CC=CC(C)=C1CNC1=NC(C)=NC(NC2CCN3CCCCC23)=N1,CC[C@H](NC(=O)OC(C)(C)C)C(c1nnnn1-c1cccc(C(=O)OC)c1)N(C)C1CCN(C)C1,Cc1nc(NCc2c(C)cccc2C)nc(NC2CCN3CCCCC23)n1,35,37,27,30,19.727959,,11,10,,,0,0,0,1,0,126,30,0,503,701,701,450,170,503,0,432,235,323,154,68,31,33,671,232,469,218,251,0,40,0
192,100,51,8039705,1637007,CCCCC(C)CCC(=O)N1CCC2(CC(C(=O)NCC3=NC(C)=CC=C3)C2)C1,CCC1CN2CCCC2CN1C(=O)NCCOC1=CC=NC=C1,CCCCC(C)CCC(=O)N1CCC2(CC(C(=O)NCc3cccc(C)n3)C2)C1,CCC1CN2CCCC2CN1C(=O)NCCOc1ccncc1,29,31,23,25,13.797163,,13,12,,,0,0,0,1,0,85,25,2,321,504,504,293,221,321,1,271,142,309,101,98,27,33,479,196,308,97,211,0,23,0
193,667,553,4170183,4693304,COC1=CC=C(C(CF)NC(=O)NCC2=CC=C(C)C(C3CC3)=C2)C=C1,C/C=C/CC(CC)C(=O)NCC12CC1CN(C(=O)CC1=C(C)C=CS1)C2,COc1ccc(C(CF)NC(=O)NCc2ccc(C)c(C3CC3)c2)cc1,C/C=C/CC(CC)C(=O)NCC12CC1CN(C(=O)Cc1sccc1C)C2,26,28,26,28,24.137020,,9,8,,,0,0,0,1,0,68,28,3,265,506,506,233,106,265,0,224,89,278,115,71,4,74,478,84,422,149,273,0,27,0
194,856,15,4563398,2467240,CCCN(CC(=O)NCC1(OC)CN(C)C1)C(=O)[C@@H]1C[C@H](C)CC(=O)N1,C#CCCCOCCNC(=O)CC1CN(C(=O)CC=C)CC12CC2,CCCN(CC(=O)NCC1(OC)CN(C)C1)C(=O)[C@@H]1C[C@H](C)CC(=O)N1,C#CCCCOCCNC(=O)CC1CN(C(=O)CC=C)CC12CC2,26,27,24,25,13.661156,,11,10,,,0,0,0,1,0,65,25,2,255,495,495,225,264,255,0,211,79,287,71,221,52,43,470,118,377,107,270,0,24,0
195,992,95,6262055,9309198,CC(C)CN1C=C(C(C)(C)N2CCN(C(=O)CCCCCC#N)CC2)N=N1,COC1=CC=C(CC2CCN(C(=O)C3=CC=C(N4C=NC5=CC=CC=C54)C=C3)C2)C=C1,CC(C)Cn1cc(C(C)(C)N2CCN(C(=O)CCCCCC#N)CC2)nn1,COc1ccc(CC2CCN(C(=O)c3ccc(-n4cnc5ccccc54)cc3)C2)cc1,27,28,31,35,10.160989,,13,12,,,0,0,0,1,0,91,28,3,361,517,517,321,177,361,1,301,174,302,109,42,13,61,489,208,309,113,196,0,27,0
196,948,771,93378,2346134,CN1C(=O)N=C(SC2CC3(C2)CC3(F)F)NC1=O,CN1N=CC=C1N1CCN(CC2=C(F)C3=CC=CC=C3C=C2)CC1,Cn1c(=O)nc(SC2CC3(C2)CC3(F)F)[nH]c1=O,Cn1nccc1N1CCN(Cc2ccc3ccccc3c2F)CC1,18,20,24,27,3.568882,,7,6,,,0,0,0,1,0,24,20,4,90,188,188,87,130,90,1,76,19,111,26,101,26,1,168,27,161,60,101,0,18,0
197,869,242,8948212,963457,CCC(CC)C(C)C(=O)NC1(C2CCCCN2C(=O)C(F)=CC2=CN(C)N=N2)CC1,O=C(NC(C1=CC=CC=C1)C1CCNC1)C1=C(Cl)C=CS1,CCC(CC)C(C)C(=O)NC1(C2CCCCN2C(=O)C(F)=Cc2cn(C)nn2)CC1,O=C(NC(c1ccccc1)C1CCNC1)c1sccc1Cl,30,32,21,23,24.257223,,15,14,,,0,0,0,1,0,97,23,3,381,602,602,342,264,381,1,288,136,293,87,207,99,32,579,226,376,116,260,0,38,0
198,170,416,4134008,7847536,COC(=O)CCOCCNC(=O)NC1=CC=C(N2C=CC(=O)C=C2)N=C1,CC1(C)C[C@@H]1C(C(=O)NCCC#N)N1CCN(C2=CC(C(F)F)=CC=C2)CC1,COC(=O)CCOCCNC(=O)Nc1ccc(-n2ccc(=O)cc2)nc1,CC1(C)C[C@@H]1C(C(=O)NCCC#N)N1CCN(c2cccc(C(F)F)c2)CC1,26,27,28,30,7.645121,,10,9,,,0,0,0,1,0,46,27,4,182,283,283,165,62,182,1,158,82,151,59,3,1,38,256,105,178,60,118,0,23,0
199,497,492,5645193,1690789,CC(=O)N1CCCC1CNC(=O)C1=C(CNC(=O)[C@H]2CCN(C)C2)C=CS1,CC[C@@H](CN)NC(=O)C1=CC=CC=C1OCC1=CC=CC=C1Br,CC(=O)N1CCCC1CNC(=O)c1sccc1CNC(=O)[C@H]1CCN(C)C1,CC[C@@H](CN)NC(=O)c1ccccc1OCc1ccccc1Br,27,29,23,24,8.741100,,10,9,,,0,0,0,1,0,64,24,3,244,324,324,209,25,244,2,202,114,118,74,0,0,28,300,101,223,108,115,0,21,0
200,218,885,9306769,8269833,NC(=O)C1CCCN(CCCNC(=O)NC(C2=CC=C(Cl)C=C2)C2=CC=C(Cl)C=C2)C1,CC(C)C1=CC(C(=O)NC2CN(C(=O)[C@H]3C[C@H]4C=C[C@@H]3O4)C3(CCCC3)C2)=NO1,NC(=O)C1CCCN(CCCNC(=O)NC(c2ccc(Cl)cc2)c2ccc(Cl)cc2)C1,CC(C)c1cc(C(=O)NC2CN(C(=O)[C@H]3C[C@H]4C=C[C@@H]3O4)C3(CCCC3)C2)no1,31,33,29,33,34.008099,,13,12,,,0,0,0,1,0,163,33,2,643,875,875,582,90,643,0,558,350,296,171,52,30,63,842,285,590,297,293,0,41,0
201,410,924,9748132,9497594,CN1N=C(NC(=O)C(=O)N(C)C2(CNC(=O)OC(C)(C)C)CC2)C=C1CN1CCOCC1,CC(CC(=O)NC[C@H]1C[C@H]1NC1=NC=NC2=CC([N+](=O)[O-])=CC=C21)C1=CC=CC(F)=C1,CN(C(=O)C(=O)Nc1cc(CN2CCOCC2)n(C)n1)C1(CNC(=O)OC(C)(C)C)CC1,CC(CC(=O)NC[C@H]1C[C@H]1Nc1ncnc2cc([N+](=O)[O-])ccc12)c1cccc(F)c1,32,34,31,34,6.823769,,11,10,,,0,0,0,1,0,45,34,5,166,251,251,142,124,166,2,120,56,170,43,28,14,35,217,72,179,70,109,0,29,0
202,60,168,3351599,8024256,CC1=CN=C(CNC(=O)C2(C)C=CCN2C(=O)C2=C(N)N(C)N=C2)O1,COC(=O)C1=CC=C(C2=NOC(CCCCC#CC3=CC=CC=C3)=N2)C=C1OC,Cc1cnc(CNC(=O)C2(C)C=CCN2C(=O)c2cnn(C)c2N)o1,COC(=O)c1ccc(-c2noc(CCCCC#Cc3ccccc3)n2)cc1OC,25,27,29,31,4.502202,,7,6,,,0,0,0,1,0,29,27,2,110,187,187,95,90,110,1,87,34,135,34,21,2,29,160,39,148,56,92,0,25,0
203,388,2,9410350,66768,CCC1=CNC(=O)C(C(=O)N2CCN(C(=O)C3=CC(Cl)=CC=N3)CC3CCCCC32)=C1,CC(C)[C@H](C)C(=O)OCC1=CC=C(Cl)C(F)=C1,CCc1c[nH]c(=O)c(C(=O)N2CCN(C(=O)c3cc(Cl)ccn3)CC3CCCCC32)c1,CC(C)[C@H](C)C(=O)OCc1ccc(Cl)c(F)c1,31,34,17,17,2.076649,,7,7,,,0,0,0,1,0,15,17,3,58,68,68,50,33,58,1,42,25,34,11,0,0,3,51,18,50,32,18,0,14,0
204,399,271,4889020,3835770,CCC1=CC=C(C(=O)N[C@H]2C[C@H]2NC2=NC(C)=CC=C2[N+](=O)[O-])C(C)=N1,CCC[C@H]1C[C@@H]1CN(CC1=CC=CC2=CC=NC=C21)C(=O)[C@H]1C[C@H]1C,CCc1ccc(C(=O)N[C@H]2C[C@H]2Nc2nc(C)ccc2[N+](=O)[O-])c(C)n1,CCC[C@H]1C[C@@H]1CN(Cc1cccc2ccncc12)C(=O)[C@H]1C[C@H]1C,26,28,25,28,22.460487,,13,12,,,0,0,0,1,0,82,28,2,319,586,586,300,181,319,1,286,126,360,132,80,16,93,558,227,359,73,286,0,26,0
205,948,802,93378,5209488,CN1C(=O)N=C(SC2CC3(C2)CC3(F)F)NC1=O,CCC1=NN(C)C(Cl)=C1C(=O)NCC(CC1=CC=CC=C1OC)C(=O)OC,Cn1c(=O)nc(SC2CC3(C2)CC3(F)F)[nH]c1=O,CCc1nn(C)c(Cl)c1C(=O)NCC(Cc1ccccc1OC)C(=O)OC,18,20,27,28,2.135498,,6,5,,,0,0,0,1,0,16,20,4,63,106,106,61,30,63,1,50,17,40,17,16,11,6,86,17,89,44,45,0,17,0
206,803,465,8971413,2159572,COC[C@H]1C[C@@H](CNC(=O)CCC(=O)N(C)C)N(C(=O)C2CC3=NC(C)=CN3C2)C1,CN(C1CCC2(CC1)COC2)S(=O)(=O)C1=CC=C([N+](=O)[O-])C(Cl)=C1,COC[C@H]1C[C@@H](CNC(=O)CCC(=O)N(C)C)N(C(=O)C2Cc3nc(C)cn3C2)C1,CN(C1CCC2(CC1)COC2)S(=O)(=O)c1ccc([N+](=O)[O-])c(Cl)c1,30,32,24,26,5.978706,,10,9,,,0,0,0,1,0,40,26,7,154,230,230,143,79,154,0,122,60,113,43,27,21,18,204,76,154,67,87,0,19,0
207,292,433,9663046,2831394,CCCC1=CC=C(CN(CC2=NC(CC)=CO2)C(=O)NC2=C3N=CC=CN3N=C2)C=C1,CC1=C(C)N(C)C(CN(CC2=CCCC2)CC2COCCC2C)=N1,CCCc1ccc(CN(Cc2nc(CC)co2)C(=O)Nc2cnn3cccnc23)cc1,Cc1nc(CN(CC2=CCCC2)CC2COCCC2C)n(C)c1C,31,34,24,26,21.793360,,15,14,,,0,0,0,1,0,145,26,1,570,858,858,495,249,570,0,473,204,487,248,99,18,31,832,365,493,130,363,0,25,0
208,713,980,1020902,5308922,CCCCC1=NC(C)=C(C(=O)N(C)C2CN(C)S(=O)(=O)C2)S1,O=C(CCN1N=NC2=CC=CC=C2C1=O)N1CCC2(CCCCCC2)CC1,CCCCc1nc(C)c(C(=O)N(C)C2CN(C)S(=O)(=O)C2)s1,O=C(CCn1nnc2ccccc2c1=O)N1CCC2(CCCCCC2)CC1,22,23,27,30,4.097378,,14,13,,,0,0,0,1,0,46,23,6,165,203,203,133,96,165,2,125,61,142,55,0,0,0,180,86,117,47,70,0,17,0
209,748,802,3675863,5209488,CN1CCC[C@H]1CC(=O)N1C[C@H](NC(=O)C(=O)NCC2CC2)[C@@H](O)C1,CCC1=NN(C)C(Cl)=C1C(=O)NCC(CC1=CC=CC=C1OC)C(=O)OC,CN1CCC[C@H]1CC(=O)N1C[C@H](NC(=O)C(=O)NCC2CC2)[C@@H](O)C1,CCc1nn(C)c(Cl)c1C(=O)NCC(Cc1ccccc1OC)C(=O)OC,25,27,27,28,14.348494,,12,11,,,0,0,0,1,0,86,27,0,336,558,558,306,150,336,0,295,122,356,152,18,5,76,531,183,375,123,252,0,27,0
210,569,677,5065409,4192068,CC1=CC=C(C(=O)N(CCCCCO)CC2=CC=CC(C#N)=C2)C(C)=C1,O=C(NCC1=NOC(C2CCOCC2)=N1)NC[C@@]12CCCC[C@]1(CO)C2,Cc1ccc(C(=O)N(CCCCCO)Cc2cccc(C#N)c2)c(C)c1,O=C(NCc1noc(C2CCOCC2)n1)NC[C@@]12CCCC[C@]1(CO)C2,26,27,26,29,25.043953,,11,10,,,0,0,0,1,0,123,27,1,488,767,767,431,216,488,0,410,152,404,207,117,46,40,740,240,527,191,336,0,26,0
211,735,498,8858626,3566557,COC[C@H]1CC[C@@H]1C(=O)N[C@H](CC1CCOCC1)C(=O)N(C)CC1(OC)CCCC1,CCC(COC)C(=O)NCC(NC(=O)C(F)(F)C1CC1)C1CCCC1,COC[C@H]1CC[C@@H]1C(=O)N[C@H](CC1CCOCC1)C(=O)N(C)CC1(OC)CCCC1,CCC(COC)C(=O)NCC(NC(=O)C(F)(F)C1CC1)C1CCCC1,30,32,25,26,28.565701,,19,18,,,0,0,0,1,0,129,26,2,507,624,624,404,423,507,0,360,211,399,85,211,84,11,598,284,340,120,220,0,35,0
212,158,194,3115192,28582,COC(=O)CC1=CSC(CNC(=O)N2CCC(C)(N3CCCC3)C2)=N1,CCC=C(C)C(=O)NCCN1CCCC1C,COC(=O)Cc1csc(CNC(=O)N2CCC(C)(N3CCCC3)C2)n1,CCC=C(C)C(=O)NCCN1CCCC1C,25,27,16,16,4.148381,,10,10,,,0,0,0,1,0,34,16,1,131,158,158,116,55,131,1,100,66,63,26,18,9,3,142,64,94,52,42,0,15,0
213,303,222,5874559,7028356,CC(C)(C)C(C)(C)C(=O)NC[C@H]1C[C@@H](NC(=O)CC2(N3C=CC=N3)CC2)C1,CC1=CC=C(CC(=O)N2CC3C=CC2C(C(=O)NCC2=NC(C)=C(C)S2)C3)S1,CC(C)(C)C(C)(C)C(=O)NC[C@H]1C[C@@H](NC(=O)CC2(n3cccn3)CC2)C1,Cc1ccc(CC(=O)N2CC3C=CC2C(C(=O)NCc2nc(C)c(C)s2)C3)s1,27,29,28,31,27.176523,,12,11,,,0,0,0,1,0,149,29,1,589,894,894,526,321,589,0,510,289,564,175,96,34,126,865,340,554,186,368,0,28,0
214,991,59,2218362,7606591,CN1N=CC=C1C1CCN(CC2CCCN(C(=O)C(C)(C)C)C2)C1,CN1CCC[C@@H](CNC2=NC(N(C)CC3=CN=CN3C)=NC3=CC=CN=C32)C1,Cn1nccc1C1CCN(CC2CCCN(C(=O)C(C)(C)C)C2)C1,CN1CCC[C@@H](CNc2nc(N(C)Cc3cncn3C)nc3cccnc23)C1,24,26,28,31,47.548607,,16,16,,,0,0,0,1,0,298,26,2,1188,1618,1618,979,833,1188,0,953,523,1117,376,327,56,111,1592,756,862,223,639,0,28,0
215,593,753,247809,3617621,CN1N=CC(CNCCC2=CNN=N2)=C1S(N)(=O)=O,CCN(C(=O)C1=NC=CC=N1)C1CCN(C(=O)C2=CC(C)(C)C2)CC1,Cn1ncc(CNCCc2c[nH]nn2)c1S(N)(=O)=O,CCN(C(=O)c1ncccn1)C1CCN(C(=O)C2=CC(C)(C)C2)CC1,19,20,25,27,1.761100,,10,9,,,0,0,0,1,0,19,20,7,71,82,82,62,26,71,3,54,41,28,8,0,0,0,62,28,54,34,20,0,13,0
216,555,62,4745780,6416646,CSC1(C(=O)N[C@H]2CN(C(=O)[C@@H]3CCC[C@H](O)C3)C[C@@H]2C(F)F)CCC1,CCOC1CC(CN(CC2=NC=C(OC)N=C2)C(=O)[C@H]2C[C@@]2(C)C2CC2)C1,CSC1(C(=O)N[C@H]2CN(C(=O)[C@@H]3CCC[C@H](O)C3)C[C@@H]2C(F)F)CCC1,CCOC1CC(CN(Cc2cnc(OC)cn2)C(=O)[C@H]2C[C@@]2(C)C2CC2)C1,26,28,27,30,54.424763,,17,16,,,0,0,0,1,0,282,28,4,1109,1666,1666,988,618,1109,1,943,470,1059,404,205,90,127,1638,686,980,302,678,0,31,0
217,765,321,1085713,8779376,CN(CCC(O)C1=CC=CC=C1)S(=O)(=O)N1CCCC1(C)C,CC(C)(C)OC(=O)NC1CN(S(=O)(=O)C2=CNC3=C2C=CC=C3[N+](=O)[O-])C(C)(C)C1,CN(CCC(O)c1ccccc1)S(=O)(=O)N1CCCC1(C)C,CC(C)(C)OC(=O)NC1CN(S(=O)(=O)c2c[nH]c3c([N+](=O)[O-])cccc23)C(C)(C)C1,22,23,30,32,3.117684,,10,10,,,0,0,0,1,0,36,23,0,130,158,158,110,91,130,0,76,46,82,30,27,11,14,135,56,102,54,48,0,24,0
218,58,51,2480805,1637007,CN(CC(F)(F)CO)C(=O)C1CC12CC(NC(=O)C1=COCC1)C2,CCC1CN2CCCC2CN1C(=O)NCCOC1=CC=NC=C1,CN(CC(F)(F)CO)C(=O)C1CC12CC(NC(=O)C1=COCC1)C2,CCC1CN2CCCC2CN1C(=O)NCCOc1ccncc1,24,26,23,25,8.844529,,12,11,,,0,0,0,1,0,63,25,0,235,361,361,216,74,235,0,206,117,173,70,21,4,45,336,119,242,97,145,0,26,0
219,598,488,5494392,2669399,C=CCN(CC(=O)NC)C(=O)C1CN(C(=O)C2=CC=NC(CO)=C2)CCO1,CC1=CC=C(C(=O)N2CCN(C(=O)C3CCCN(C)C3)CC2C)O1,C=CCN(CC(=O)NC)C(=O)C1CN(C(=O)c2ccnc(CO)c2)CCO1,Cc1ccc(C(=O)N2CCN(C(=O)C3CCCN(C)C3)CC2C)o1,27,28,24,26,39.857273,,16,15,,,0,0,0,1,0,236,26,0,933,1578,1578,837,567,933,0,809,306,1089,422,185,83,166,1552,559,1019,278,741,0,32,0
220,514,941,9243210,3762436,CCSC1=NN=C(CN(CC2=CC=C(C#N)C(Cl)=C2)C(=O)NC2=CC=CC=C2)N1C,CC(NC(=O)C1=CN(CC(F)F)C=N1)C1=CN(C[C@H]2C[C@H](N)C2)N=N1,CCSc1nnc(CN(Cc2ccc(C#N)c(Cl)c2)C(=O)Nc2ccccc2)n1C,CC(NC(=O)c1cn(CC(F)F)cn1)c1cn(C[C@H]2C[C@H](N)C2)nn1,30,32,25,27,5.619780,,10,9,,,0,0,0,1,0,40,27,2,148,232,232,131,65,148,0,113,47,121,52,15,7,28,205,57,175,74,101,0,25,0
221,873,543,4690001,4382667,CN1CC(C(=O)NCCC2(O)CN(C(=O)C3=CC(C#N)=CS3)C2)CC1=O,CCN1C=C(NC(=O)[C@@H]2CCCN2C(=O)C2=CC=CC=C2O)C(C#N)=N1,CN1CC(C(=O)NCCC2(O)CN(C(=O)c3cc(C#N)cs3)C2)CC1=O,CCn1cc(NC(=O)[C@@H]2CCCN2C(=O)c2ccccc2O)c(C#N)n1,26,28,26,28,17.368509,,11,10,,,0,0,0,1,0,98,28,2,390,588,588,350,207,390,1,339,167,322,123,96,34,20,560,196,392,154,238,0,26,0
222,161,58,1585167,2480805,CC1=CC(C(C)NC(=O)CNC(=O)C2=CC=CC=C2C)=C(C)S1,CN(CC(F)(F)CO)C(=O)C1CC12CC(NC(=O)C1=COCC1)C2,Cc1cc(C(C)NC(=O)CNC(=O)c2ccccc2C)c(C)s1,CN(CC(F)(F)CO)C(=O)C1CC12CC(NC(=O)C1=COCC1)C2,23,24,24,26,12.189864,,11,10,,,0,0,0,1,0,89,24,2,353,435,435,305,87,353,1,294,193,155,75,39,15,10,411,190,245,115,130,0,26,0
223,983,520,2980854,4123390,CCOC(=O)C1=C(C(F)F)N=C(NCC2=CC(C(=O)OC)=CC=C2)S1,O=[N+]([O-])C1=CN(CC(O)CN2CC3CC2(C(O)C2=CC=CC=C2)C3)N=C1,CCOC(=O)c1sc(NCc2cccc(C(=O)OC)c2)nc1C(F)F,O=[N+]([O-])c1cnn(CC(O)CN2CC3CC2(C(O)c2ccccc2)C3)c1,25,26,26,29,6.594429,,10,9,,,0,0,0,1,0,40,26,6,158,204,204,132,60,158,0,124,74,100,34,6,4,16,178,58,146,74,72,0,22,0
224,82,871,2083033,882010,COCC1CCCCC1NC(=O)C1=CC=C(OC)C2=CN=CC=C12,C=CCCC(C)(C)NC(=O)C1=CCC(NC(=O)C(C)O)C1,COCC1CCCCC1NC(=O)c1ccc(OC)c2cnccc12,C=CCCC(C)(C)NC(=O)C1=CCC(NC(=O)C(C)O)C1,24,26,21,21,5.547501,,13,12,,,0,0,0,1,0,57,21,2,210,247,247,179,100,210,0,161,122,133,32,9,6,27,226,136,111,43,68,0,19,0
225,190,70,4209049,4319416,C[C@H](C1=CC=CC=C1)N(CCO)C(=O)C(=O)NC1=CC(C#N)=CC=C1O,CCCCSCC(=O)N[C@H]1CC[C@@H](CC(=O)N2CC(CO)(OC)C2)CC1,C[C@H](c1ccccc1)N(CCO)C(=O)C(=O)Nc1cc(C#N)ccc1O,CCCCSCC(=O)N[C@H]1CC[C@@H](CC(=O)N2CC(CO)(OC)C2)CC1,26,27,26,27,12.933570,,12,11,,,0,0,0,1,0,77,27,1,306,496,496,260,241,306,0,230,116,322,77,128,41,59,469,165,331,95,236,0,28,0
226,609,69,4351004,5603710,O=C(NCC(O)C(=O)NC1=CC=C(F)C(CO)=C1)C1=CC(O)=CC(F)=C1,COC(C(=O)NC1CCN(CCCO)C1)C1CN(C(=O)C23CC(F)(C2)C3)C1,O=C(NCC(O)C(=O)Nc1ccc(F)c(CO)c1)c1cc(O)cc(F)c1,COC(C(=O)NC1CCN(CCCO)C1)C1CN(C(=O)C23CC(F)(C2)C3)C1,26,27,27,30,34.755760,,13,12,,,0,0,0,1,0,114,27,0,440,768,768,379,194,440,0,362,166,449,161,104,25,127,741,225,543,154,389,0,27,0
227,691,882,1837898,9656200,CC(F)CC(=O)NCCC(C)(C)C(=O)N1CCC12CCSCC2,COC1=C(C)C=CC=C1CN(CC1=CC=C(N2C=CN=C2)C=C1)CC1OCCC12CC2,CC(F)CC(=O)NCCC(C)(C)C(=O)N1CCC12CCSCC2,COc1c(C)cccc1CN(Cc1ccc(-n2ccnc2)cc1)CC1OCCC12CC2,23,24,31,35,5.820412,,13,12,,,0,0,0,1,0,47,24,5,175,235,235,147,217,175,1,127,75,135,26,139,27,2,211,84,151,63,88,0,20,0
228,240,413,7246223,5351304,CC(C)C(F)C(=O)N1CCN(C(=O)C2=COC3=CC=CC=C32)CC1C1CCC1,CC(C)(C)OC(=O)NC[C@H]1CC[C@H]1CNC(=O)NC1=CC=NC2=CC=NN21,CC(C)C(F)C(=O)N1CCN(C(=O)c2coc3ccccc23)CC1C1CCC1,CC(C)(C)OC(=O)NC[C@H]1CC[C@H]1CNC(=O)Nc1ccnc2ccnn12,28,31,27,29,9.371838,,9,8,,,0,0,0,1,0,50,29,1,197,302,302,179,74,197,2,172,96,155,49,15,6,42,273,89,213,90,123,0,28,0
229,122,964,8324929,3383014,CCOC1=CC(C(=O)N2C[C@H]3CCN(C(=O)C4=CC(COC)=NN4)[C@H]3[C@@H]2C)=NN1,CC(C)(C)CC(O)C(=O)NC(CC(=O)N1CCCNC(=O)C1)C(F)F,CCOc1cc(C(=O)N2C[C@H]3CCN(C(=O)c4cc(COC)n[nH]4)[C@H]3[C@@H]2C)n[nH]1,CC(C)(C)CC(O)C(=O)NC(CC(=O)N1CCCNC(=O)C1)C(F)F,29,32,25,25,34.878605,,16,15,,,0,0,0,1,0,177,25,2,696,940,940,614,217,696,0,590,322,449,265,63,4,3,915,443,497,171,326,0,26,0
230,911,583,4146591,1681719,O=C(NC1=NC(C2=CC(Cl)=CC=C2Cl)=CS1)NC(CO)CC1=CC=CO1,O=C(NCC(O)C1=CC=CC=C1Br)[C@@H]1CCC2=CC=CC=C2N1,O=C(Nc1nc(-c2cc(Cl)ccc2Cl)cs1)NC(CO)Cc1ccco1,O=C(NCC(O)c1ccccc1Br)[C@@H]1CCc2ccccc2N1,26,28,23,25,7.834841,,10,9,,,0,0,0,1,0,56,25,1,216,287,287,192,76,216,0,168,100,126,58,19,10,24,262,123,164,69,95,0,31,0
231,252,592,561885,3401358,CSCC1(C(=O)NCC(C)C(=O)N(C)CC(C)C)CC1,CC1(C)CC1(NC(=O)C=CC1=CC=CN=C1)C(=O)NCC1=CC=CO1,CSCC1(C(=O)NCC(C)C(=O)N(C)CC(C)C)CC1,CC1(C)CC1(NC(=O)C=Cc1cccnc1)C(=O)NCc1ccco1,20,20,25,27,7.782876,,10,9,,,0,0,0,1,0,56,20,2,218,325,325,182,133,218,0,166,85,228,67,22,12,58,305,109,216,73,143,0,18,0
232,608,40,8889911,1255781,CC(C)N1CCN(C2CCN(C(=O)C(C)N3C=C(C4=CC=C(Cl)C=N4)N=N3)C2)CC1,COC1=CC=C(C2=C3NC=C(CC(=O)O)C3=CC=C2)C=C1O,CC(C)N1CCN(C2CCN(C(=O)C(C)n3cc(-c4ccc(Cl)cn4)nn3)C2)CC1,COc1ccc(-c2cccc3c(CC(=O)O)c[nH]c23)cc1O,30,33,22,24,16.175447,,10,9,,,0,0,0,1,0,68,24,4,268,500,500,254,113,268,1,240,89,290,119,46,26,75,476,112,388,142,246,0,20,0
233,634,83,8570018,3458125,C1=NC=NC(N2CC(NC3=NC(N4CCCN(C5CCCC5)CC4)=NC=N3)C2)=C1,C#CCN(CC(=O)NCC1=NC(C)=NC=C1)C(=O)CC1CCCCC1,c1cc(N2CC(Nc3ncnc(N4CCCN(C5CCCC5)CC4)n3)C2)ncn1,C#CCN(CC(=O)NCc1ccnc(C)n1)C(=O)CC1CCCCC1,29,33,25,26,12.049031,,12,11,,,0,0,0,1,0,68,26,3,259,366,366,236,38,259,0,219,127,127,76,14,10,33,340,127,239,109,130,0,23,0
234,429,673,2046013,8997505,O=C(C1=CC=NC2=NC=NN12)N1CCC(COCC(F)(F)F)CC1,CCN1C=NC(C(=O)N(CC)CC2CCCCN2C(=O)CC2=C(F)C(C)=CC=C2)=N1,O=C(c1ccnc2ncnn12)N1CCC(COCC(F)(F)F)CC1,CCN(CC1CCCCN1C(=O)Cc1cccc(C)c1F)C(=O)c1ncn(CC)n1,24,26,30,32,22.272680,,15,14,,,0,0,0,1,0,95,26,2,374,653,653,329,350,374,0,283,102,396,90,251,113,56,627,182,471,147,324,0,39,0
235,597,578,2299080,8026689,N#CC1=CC(NC(=O)C(=O)N[C@H]2C=CCC[C@H]2C(N)=O)=NC=C1Cl,COC1=CC=NC(N2CCN(C(=O)C(=O)NCC3=CN=C(N(C)C)N3C)CC2)=C1,N#Cc1cc(NC(=O)C(=O)N[C@H]2C=CCC[C@H]2C(N)=O)ncc1Cl,COc1ccnc(N2CCN(C(=O)C(=O)NCc3cnc(N(C)C)n3C)CC2)c1,24,25,29,31,16.045851,,12,12,,,0,0,0,1,0,84,25,3,325,537,537,294,198,325,1,279,111,389,152,27,9,64,512,215,322,79,243,0,22,0
236,535,323,3042370,5659988,CC1=C(O)C=CC2=C1OC(=O)C=C2COC(=O)C1=CC(=O)N(C)N=C1,CN(C(=O)CC(NC(=O)C1=C2COCC2=NN1)C(F)(F)F)C1CC(CO)C1,Cc1c(O)ccc2c(COC(=O)c3cnn(C)c(=O)c3)cc(=O)oc12,CN(C(=O)CC(NC(=O)c1[nH]nc2c1COC2)C(F)(F)F)C1CC(CO)C1,25,27,27,29,14.710016,,11,10,,,0,0,0,1,0,75,27,0,289,469,469,262,172,289,0,248,113,305,103,47,19,53,442,159,310,103,207,0,28,0
237,957,267,6383091,8577160,CC1CCC(CCN(CC2=C(F)C=CC=C2F)C(=O)C2=CC=CN=C2O)C1,CC1=CC=CC(F)=C1CN(CC1=NC2=C(CCCC2)N1)C(=O)C1=CN=CN=C1N,CC1CCC(CCN(Cc2c(F)cccc2F)C(=O)c2cccnc2O)C1,Cc1cccc(F)c1CN(Cc1nc2c([nH]1)CCCC2)C(=O)c1cncnc1N,27,29,29,32,103.202347,,18,18,,,0,0,0,1,0,276,29,1,1099,1814,1814,842,1835,1099,1,788,372,1425,114,1353,328,93,1785,460,1354,382,972,0,62,0
238,209,685,3380050,8759367,C#CC(C)N(C)C(=O)[C@]12CCC[C@H]1CN(C(=O)CSCCC(C)C)C2,O=C(N1CCN(CC2=CC=C(N3C=CN=C3)C=C2)CC1)C(F)(F)CCN1C=CN=N1,C#CC(C)N(C)C(=O)[C@]12CCC[C@H]1CN(C(=O)CSCCC(C)C)C2,O=C(N1CCN(Cc2ccc(-n3ccnc3)cc2)CC1)C(F)(F)CCn1ccnn1,25,26,30,33,22.308014,,12,11,,,0,0,0,1,0,116,26,3,451,795,795,399,471,451,1,380,147,544,152,294,77,54,769,257,538,142,396,0,24,0
239,733,321,5747447,8779376,CC1=NON=C1CC(=O)N1C[C@H]2CCC[C@H]2[C@H]1C(=O)N(C)[C@@H]1CCC[C@H]1O,CC(C)(C)OC(=O)NC1CN(S(=O)(=O)C2=CNC3=C2C=CC=C3[N+](=O)[O-])C(C)(C)C1,Cc1nonc1CC(=O)N1C[C@H]2CCC[C@H]2[C@H]1C(=O)N(C)[C@@H]1CCC[C@H]1O,CC(C)(C)OC(=O)NC1CN(S(=O)(=O)c2c[nH]c3c([N+](=O)[O-])cccc23)C(C)(C)C1,27,30,30,32,37.328323,,10,10,,,0,0,0,1,0,160,30,0,634,1229,1229,584,410,634,0,572,202,768,289,257,63,141,1199,328,901,256,645,0,39,0
240,244,271,5315419,3835770,CC1=CC(C)=C(C(=O)OCC(=O)NN(C2=CC=CC=C2)C2=CC=CC=C2)N1,CCC[C@H]1C[C@@H]1CN(CC1=CC=CC2=CC=NC=C21)C(=O)[C@H]1C[C@H]1C,Cc1cc(C)c(C(=O)OCC(=O)NN(c2ccccc2)c2ccccc2)[nH]1,CCC[C@H]1C[C@@H]1CN(Cc1cccc2ccncc12)C(=O)[C@H]1C[C@H]1C,27,29,25,28,23.193399,,13,12,,,0,0,0,1,0,119,28,0,461,756,756,432,156,461,0,407,193,374,183,77,28,76,728,294,462,138,324,0,29,0
241,405,134,317178,8810698,CC(C)(N)C/C=C/C(=O)NC1C2CCCC1CCC2,CCOC1=CC2=C(C=C1OCC)CN(C(=O)NC1C3=C(OC1C)C(F)=CC=C3)CC2,CC(C)(N)C/C=C/C(=O)NC1C2CCCC1CCC2,CCOc1cc2c(cc1OCC)CN(C(=O)NC1c3cccc(F)c3OC1C)CC2,19,20,30,33,23.444958,,12,11,,,0,0,0,1,0,125,20,1,496,658,658,434,263,496,1,420,246,383,121,85,48,38,638,304,354,130,224,0,27,0
242,687,660,4422811,4114235,CSC[C@H](C)NC(=O)C1CCN(C(=O)[C@@H]2C[C@H]2C2=CC=CC=C2)CCO1,CN1CCC(OC2=CC(NC(=O)C3=CN4N=NN=C4C=C3)=CC=N2)CC1,CSC[C@H](C)NC(=O)C1CCN(C(=O)[C@@H]2C[C@H]2c2ccccc2)CCO1,CN1CCC(Oc2cc(NC(=O)c3ccc4nnnn4c3)ccn2)CC1,26,28,26,29,21.232393,,14,13,,,0,0,0,1,0,122,28,2,479,827,827,427,141,479,0,419,129,465,260,48,12,83,799,288,539,139,400,0,26,0
243,307,468,5958515,7577589,CC[C@H]1CC[C@H](C(=O)N2CCC(CF)(NC(=O)C3CCCCCC3)C2)CC1,CCC1=CC(OC)=CC=C1C(N[C@H](C)CF)C1=NN=NN1C1=CC=C(F)C=C1,CC[C@H]1CC[C@H](C(=O)N2CCC(CF)(NC(=O)C3CCCCCC3)C2)CC1,CCc1cc(OC)ccc1C(N[C@H](C)CF)c1nnnn1-c1ccc(F)cc1,27,29,28,30,38.025112,,14,13,,,0,0,0,1,0,202,29,2,802,1191,1191,734,256,802,0,713,435,577,232,105,40,148,1162,511,680,223,457,0,27,0
244,323,951,5659988,2058576,CN(C(=O)CC(NC(=O)C1=C2COCC2=NN1)C(F)(F)F)C1CC(CO)C1,CN1C=C(S(=O)(=O)N2CC(NC(=O)C3=CC4=C(CCC4)S3)C2)C=N1,CN(C(=O)CC(NC(=O)c1[nH]nc2c1COC2)C(F)(F)F)C1CC(CO)C1,Cn1cc(S(=O)(=O)N2CC(NC(=O)c3cc4c(s3)CCC4)C2)cn1,27,29,24,27,5.741075,,10,9,,,0,0,0,1,0,38,27,6,149,203,203,135,25,149,0,128,63,66,51,0,0,1,176,56,147,79,68,0,21,0
245,769,958,2464715,499579,CCCOCC(=O)N1CCC2CC2(C(=O)NCC2(O)CSC2)CC1,O=C(NCCCSC(F)F)C1=CC=C2CNCCC2=C1,CCCOCC(=O)N1CCC2CC2(C(=O)NCC2(O)CSC2)CC1,O=C(NCCCSC(F)F)c1ccc2c(c1)CCNC2,24,26,20,21,24.291479,,18,17,,,0,0,0,1,0,113,21,2,435,549,549,380,258,435,0,336,225,284,88,122,48,19,528,234,315,146,169,0,27,0
246,74,9,7720307,4471919,O=C1CCC(CC(=O)N(CCN2C=CC=CC2=O)CC2=CC(F)=CC(F)=C2)N1,CC1=CSC(C(=O)NCC2=CC=CC(C(=O)NC(C)C3=NC=CN3)=N2)=C1,O=C1CCC(CC(=O)N(CCn2ccccc2=O)Cc2cc(F)cc(F)c2)N1,Cc1csc(C(=O)NCc2cccc(C(=O)NC(C)c3ncc[nH]3)n2)c1,28,30,26,28,19.044495,,14,13,,,0,0,0,1,0,113,28,2,439,651,651,414,125,439,0,408,235,322,149,12,4,60,623,303,348,111,237,0,26,0
247,469,636,1884070,4951544,CN(C)CC(=O)NC1(C)CCN(C(=O)C2=C(F)C(F)=CC=C2)C1,COC(=O)C1=CC(NC2(C3=NN=NN3C(C)C)CC[C@@H](C)C2)=CN=C1Br,CN(C)CC(=O)NC1(C)CCN(C(=O)c2cccc(F)c2F)C1,COC(=O)c1cc(NC2(c3nnnn3C(C)C)CC[C@@H](C)C2)cnc1Br,23,24,26,28,21.540241,,13,12,,,0,0,0,1,0,130,24,2,505,782,782,464,124,505,0,446,186,397,237,21,19,55,758,271,511,193,318,0,25,0
248,576,102,8922616,7027068,CCOC1=CC=C(C(=O)N2[C@@H]3CC[C@H]2C[C@@H](NC(=O)C2=CC(OCC)=NO2)C3)C=N1,O=C(CCC1=CC=CN1)NCC1=CC(C(=O)N2CC(N3C=NN=C3)C2)=CC=N1,CCOc1ccc(C(=O)N2[C@@H]3CC[C@H]2C[C@@H](NC(=O)c2cc(OCC)no2)C3)cn1,O=C(CCc1ccc[nH]1)NCc1cc(C(=O)N2CC(n3cnnc3)C2)ccn1,30,33,28,31,23.544571,,15,14,,,0,0,0,1,0,119,31,1,475,855,855,421,245,475,1,405,147,593,221,56,23,157,824,320,535,101,434,0,37,0
249,75,550,4380174,2552858,C[C@@H](CC(=O)NCC(C)(C)N1C=CN=C1)NC(=O)C(O)CN1C=NC=N1,CC1(NC(=O)C2CC3(CC(NC(=O)C4(CO)COC4)C3)C2)CSC1,C[C@@H](CC(=O)NCC(C)(C)n1ccnc1)NC(=O)C(O)Cn1cncn1,CC1(NC(=O)C2CC3(CC(NC(=O)C4(CO)COC4)C3)C2)CSC1,26,27,24,27,4.405035,,9,8,,,0,0,0,1,0,40,27,1,151,234,234,136,63,151,0,131,54,117,53,17,3,15,207,92,142,44,98,0,26,0
250,218,518,9306769,1126877,NC(=O)C1CCCN(CCCNC(=O)NC(C2=CC=C(Cl)C=C2)C2=CC=C(Cl)C=C2)C1,O=C(COC(=O)C1=C(Br)C=NO1)NC1=CC=C2CCCC2=C1,NC(=O)C1CCCN(CCCNC(=O)NC(c2ccc(Cl)cc2)c2ccc(Cl)cc2)C1,O=C(COC(=O)c1oncc1Br)Nc1ccc2c(c1)CCC2,31,33,22,24,15.239799,,12,11,,,0,0,0,1,0,84,24,5,335,451,451,298,149,335,0,273,163,224,96,54,20,13,427,206,245,92,153,0,23,0
251,271,135,3835770,475938,CCC[C@H]1C[C@@H]1CN(CC1=CC=CC2=CC=NC=C21)C(=O)[C@H]1C[C@H]1C,O=C(NCC1CC(F)(F)CO1)NC12CCC(F)(CC1)C2,CCC[C@H]1C[C@@H]1CN(Cc1cccc2ccncc12)C(=O)[C@H]1C[C@H]1C,O=C(NCC1CC(F)(F)CO1)NC12CCC(F)(CC1)C2,25,28,20,22,6.159778,,10,9,,,0,0,0,1,0,39,22,5,150,186,186,121,96,150,0,102,58,119,41,15,5,8,164,64,122,57,65,0,29,0
252,955,357,1594940,7456443,O=C1NC2=CC=CC=C2N1CCCNC1(C2CCCOC2)CC1,COC1=CC=C2C(=C1)N=CN=C2N1CC(NC(=O)[C@H]2CCC(=O)N2)C(C)(C)C1,O=c1[nH]c2ccccc2n1CCCNC1(C2CCCOC2)CC1,COc1ccc2c(N3CC(NC(=O)[C@H]4CCC(=O)N4)C(C)(C)C3)ncnc2c1,23,26,28,31,34.810833,,19,18,,,0,0,0,1,0,161,26,0,632,956,956,580,322,632,0,554,329,434,170,238,55,40,930,397,559,183,376,0,32,0
253,902,70,2466100,4319416,CC1=C(C(=O)N2CC[C@H](C)C[C@@H]2C(=O)NC2(C(C)C)CC2)NC=C1,CCCCSCC(=O)N[C@H]1CC[C@@H](CC(=O)N2CC(CO)(OC)C2)CC1,Cc1cc[nH]c1C(=O)N1CC[C@H](C)C[C@@H]1C(=O)NC1(C(C)C)CC1,CCCCSCC(=O)N[C@H]1CC[C@@H](CC(=O)N2CC(CO)(OC)C2)CC1,24,26,26,27,21.824331,,16,15,,,0,0,0,1,0,113,26,0,450,730,730,399,409,450,0,355,172,480,157,228,44,44,704,299,431,100,331,0,33,0
254,900,250,3234087,970568,CCCCSCCC(=O)NC(C)C(C)C(=O)NC1CC2(C1)CN(C)C2,CC1=CC=C(F)C=C1NC(=O)CC(C1=CC=CC=C1)C(C)C,CCCCSCCC(=O)NC(C)C(C)C(=O)NC1CC2(C1)CN(C)C2,Cc1ccc(F)cc1NC(=O)CC(c1ccccc1)C(C)C,25,26,22,23,19.092098,,11,10,,,0,0,0,1,0,77,23,1,307,546,546,267,121,307,0,259,124,339,112,38,9,123,523,125,421,142,279,0,22,0
255,378,291,59800,9542854,CC1CN(S(=O)(=O)CC2(CF)CCC2)CCS1,CCC1=NC(C(=O)NC[C@H]2CC[C@H](C3=CN(C4=CC(C)=CC(C)=C4)N=N3)CC2)=C(C)S1,CC1CN(S(=O)(=O)CC2(CF)CCC2)CCS1,CCc1nc(C(=O)NC[C@H]2CC[C@H](c3cn(-c4cc(C)cc(C)c4)nn3)CC2)c(C)s1,17,18,31,34,1.429332,,7,6,,,0,0,0,1,0,21,18,4,72,94,94,67,21,72,0,50,29,24,21,6,3,1,76,31,63,36,27,0,14,0
256,161,448,1585167,8681379,CC1=CC(C(C)NC(=O)CNC(=O)C2=CC=CC=C2C)=C(C)S1,C=CN1C=C(CN(CC[C@@H]2CCC[C@H]2O)CC2=CC(C(=O)OC)=CC(O)=C2)C=N1,Cc1cc(C(C)NC(=O)CNC(=O)c2ccccc2C)c(C)s1,C=Cn1cc(CN(CC[C@@H]2CCC[C@H]2O)Cc2cc(O)cc(C(=O)OC)c2)cn1,23,24,29,31,7.023806,,10,10,,,0,0,0,1,0,48,24,2,178,220,220,160,87,178,1,132,82,98,46,22,10,1,196,89,131,71,60,0,23,0
257,853,556,573979,4622436,CC(CC#N)C(=O)N[C@@H](C)CNC(=O)C[C@@H](C)N(C)C,CCCC(=O)C1=CN(CC2CN(C(=O)C3=CN=CN=C3C3CC3)C2)N=N1,CC(CC#N)C(=O)N[C@@H](C)CNC(=O)C[C@@H](C)N(C)C,CCCC(=O)c1cn(CC2CN(C(=O)c3cncnc3C3CC3)C2)nn1,20,19,26,29,3.483909,,11,10,,,0,0,0,1,0,40,19,1,149,165,165,125,76,149,0,107,68,91,37,3,2,0,146,57,108,68,40,0,18,0
258,720,309,2922648,6909057,CN(C)C(=O)C1=CC=C(CNC(=O)[C@H]2CCN3C[C@H]2N(C)C3=O)C=N1,CCC(C(=O)N1CCO[C@@H](C)[C@@H]1C(=O)N1C[C@H](OC)[C@H](OC)C1)N1C=NC=N1,CN(C)C(=O)c1ccc(CNC(=O)[C@H]2CCN3C[C@H]2N(C)C3=O)cn1,CCC(C(=O)N1CCO[C@@H](C)[C@@H]1C(=O)N1C[C@H](OC)[C@H](OC)C1)n1cncn1,25,27,28,30,16.937191,,12,11,,,0,0,0,1,0,113,27,0,444,642,642,381,210,444,0,360,154,387,185,55,15,38,615,232,410,149,261,0,36,0
259,626,826,8252304,4191891,CCN1N=C(C(=O)N[C@@H]2CCN(C(=O)CCNC(=O)CC(C)C)C[C@H]2F)C=C1O,CCC1=CC=CC(C2(CNC(=O)N3CCC4=C(C3)C(Br)=CC=C4)CC2)=C1,CCn1nc(C(=O)N[C@@H]2CCN(C(=O)CCNC(=O)CC(C)C)C[C@H]2F)cc1O,CCc1cccc(C2(CNC(=O)N3CCc4cccc(Br)c4C3)CC2)c1,29,30,26,29,13.507121,,9,8,,,0,0,0,1,0,71,29,1,275,454,454,251,112,275,0,242,110,233,97,53,16,49,425,108,346,143,203,0,28,0
260,669,541,3652938,6755460,C=C/C=C(\C)C(=O)N(C)C1CN(C(=O)CN2N=CC=C2C)CC12CC2,CC(C)C(CNC(=O)C(=O)N1CC(C(N)=O)CC2=CC=CC=C21)N1CCCC1,C=C/C=C(\C)C(=O)N(C)C1CN(C(=O)Cn2nccc2C)CC12CC2,CC(C)C(CNC(=O)C(=O)N1CC(C(N)=O)Cc2ccccc21)N1CCCC1,25,27,28,30,39.869492,,19,18,,,0,0,0,1,0,217,27,3,868,1275,1275,719,1014,868,1,681,362,968,176,574,157,41,1248,427,848,292,556,0,31,0
261,8,683,5894247,4203123,CC(CCNC(=O)C1=CC([N+](=O)[O-])=CC=N1)NC(=O)C1(C(F)F)CC(O)C1,O=C(NC1=CC=CC(C2=CN=CO2)=C1)C(=O)NC1(C2CCCOC2)CC1,CC(CCNC(=O)c1cc([N+](=O)[O-])ccn1)NC(=O)C1(C(F)F)CC(O)C1,O=C(Nc1cccc(-c2cnco2)c1)C(=O)NC1(C2CCCOC2)CC1,27,28,26,29,7.325313,,13,12,,,0,0,0,1,0,54,28,4,213,295,295,187,102,213,0,169,93,160,61,19,9,23,267,114,181,73,108,0,26,0
262,836,567,513658,10058109,CC(C)N1C=C2CCC(NCC3=CC=CN3C)CC2=N1,COC(=O)C1=CC=CC=C1CN1C=C([C@@H]2CCCN2C(=O)C2=CN=C(C)C(C(C)=O)=C2)N=N1,CC(C)n1cc2c(n1)CC(NCc1cccn1C)CC2,COC(=O)c1ccccc1Cn1cc([C@@H]2CCCN2C(=O)c2cnc(C)c(C(C)=O)c2)nn1,20,22,33,36,32.173897,,16,15,,,0,0,0,1,0,162,22,0,632,860,860,534,328,632,0,504,294,554,196,72,22,80,838,317,543,217,326,0,22,0
263,306,954,957487,1415176,CC1=CC=C(CN(CC2=CN=CO2)C[C@H]2CCO2)N=C1C,CCOC(=O)CC1(NC(=O)CC2=CN=CC(C#N)=C2)CCCC1,Cc1ccc(CN(Cc2cnco2)C[C@H]2CCO2)nc1C,CCOC(=O)CC1(NC(=O)Cc2cncc(C#N)c2)CCCC1,21,23,23,24,7.403020,,13,12,,,0,0,0,1,0,55,23,0,216,337,337,199,50,216,0,187,84,158,86,7,6,35,314,122,215,77,138,0,23,0
264,679,106,46259,9044121,COC(C)(C)CC(=O)NCC(C)N1C=CC=N1,CC1=CC=C(Cl)C(C(=O)NCC2=CC=CC(CNC3=NC(C(F)(F)F)=CC=N3)=N2)=C1,COC(C)(C)CC(=O)NCC(C)n1cccn1,Cc1ccc(Cl)c(C(=O)NCc2cccc(CNc3nccc(C(F)(F)F)n3)n2)c1,17,17,30,32,2.063292,,13,12,,,0,0,0,1,0,38,17,3,135,131,131,119,39,135,0,101,92,34,13,0,0,1,114,85,46,34,12,0,14,0
265,961,899,1954968,8215244,C=CCCCCC(N[C@H]1CCO[C@H]1C)C1=NN=NN1C1CCC1,O=C(N[C@H]1C[C@H]2CC[C@@H](C1)N2C(=O)C1=CC=C(CO)C=N1)C1CCC2=C1NN=C2,C=CCCCCC(N[C@H]1CCO[C@H]1C)c1nnnn1C1CCC1,O=C(N[C@H]1C[C@H]2CC[C@@H](C1)N2C(=O)c1ccc(CO)cn1)C1CCc2cn[nH]c21,23,25,29,33,18.643654,,14,13,,,0,0,0,1,0,69,25,1,269,488,488,244,151,269,0,215,79,236,99,132,42,39,463,151,337,93,244,0,25,0
266,137,270,3371616,4467697,CC1=CSN=C1C(=O)NC[C@H]1C[C@H]1CC(=O)N[C@H]1CCC(=O)NC1=O,CCC1=C(C(=O)N2CC(C)C2C(=O)NCC2CCCCCCC2)SC=N1,Cc1csnc1C(=O)NC[C@H]1C[C@H]1CC(=O)N[C@H]1CCC(=O)NC1=O,CCc1ncsc1C(=O)N1CC(C)C1C(=O)NCC1CCCCCCC1,25,27,26,28,37.980408,,14,13,,,0,0,0,1,0,234,27,1,928,1303,1303,800,427,928,1,787,440,853,289,51,45,155,1276,585,718,215,503,0,34,0
267,118,911,8758240,4146591,COC(=O)C12CC(CN1CC1=CC=CC=C1)N(C(=O)C1=CC([N+](=O)[O-])=CC(Br)=C1)C2,O=C(NC1=NC(C2=CC(Cl)=CC=C2Cl)=CS1)NC(CO)CC1=CC=CO1,COC(=O)C12CC(CN1Cc1ccccc1)N(C(=O)c1cc(Br)cc([N+](=O)[O-])c1)C2,O=C(Nc1nc(-c2cc(Cl)ccc2Cl)cs1)NC(CO)Cc1ccco1,30,33,26,28,5.783259,,9,9,,,0,0,0,1,0,40,28,4,151,194,194,135,39,151,0,120,67,65,42,3,2,7,166,61,133,74,59,0,24,0
268,109,760,4573591,3882586,CC(=O)NC1CN(C(=O)[C@@H]2CN(C(=O)[C@H]3NC(=O)OC3(C)C)CCO2)C1,COC(=O)C(C)(C)C(=O)N(CC1=CSC(C)=C1)CC1OCCC12CC2,CC(=O)NC1CN(C(=O)[C@@H]2CN(C(=O)[C@H]3NC(=O)OC3(C)C)CCO2)C1,COC(=O)C(C)(C)C(=O)N(Cc1csc(C)c1)CC1OCCC12CC2,26,28,25,27,56.211571,,13,12,,,0,0,0,1,0,163,27,2,646,1486,1486,570,408,646,0,556,185,804,235,492,125,262,1459,329,1157,241,916,0,29,0
269,566,159,628570,9521402,C#CCC1(C(=O)N2CC3=CC=C(O)N=C3C2)CC=CCC1,C[C@H](CNC(=O)C1=CC=CC=C1OCC1=CN(C2=CC=C(Cl)C=C2)N=N1)OC(C)(C)C,C#CCC1(C(=O)N2Cc3ccc(O)nc3C2)CC=CCC1,C[C@H](CNC(=O)c1ccccc1OCc1cn(-c2ccc(Cl)cc2)nn1)OC(C)(C)C,21,23,31,33,25.014238,,12,11,,,0,0,0,1,0,154,23,2,610,1201,1201,567,217,610,1,555,187,738,299,91,60,246,1178,467,734,100,634,0,33,0
270,278,288,1541030,4574463,COCC(COC)CS(=O)(=O)NNC(=O)C1=CC=C(C#N)C=N1,C#CC1=CN(CC(=O)N(CC(=O)N[C@H]2CCO[C@@H]2C2CC2)C(C)C)N=C1,COCC(COC)CS(=O)(=O)NNC(=O)c1ccc(C#N)cn1,C#Cc1cnn(CC(=O)N(CC(=O)N[C@H]2CCO[C@@H]2C2CC2)C(C)C)c1,23,23,26,28,2.378207,,9,8,,,0,0,0,1,0,24,23,5,95,114,114,81,46,95,1,71,42,56,21,0,0,3,91,42,72,39,33,0,18,0
271,619,215,6329828,6920235,CC1=CSC(CCCNC2=NC(N3CCC(CF)C3)=C3C=NN(C)C3=N2)=N1,C#CC1(C(=O)NCC(CCC)CCCC)CCN(C(=O)C2=NOC=C2C)CC1,Cc1csc(CCCNc2nc(N3CCC(CF)C3)c3cnn(C)c3n2)n1,C#CC1(C(=O)NCC(CCC)CCCC)CCN(C(=O)c2nocc2C)CC1,27,30,28,29,12.167771,,10,9,,,0,0,0,1,0,73,29,5,286,401,401,242,167,286,0,226,105,277,104,17,9,27,372,132,269,110,159,0,24,0
272,734,351,9671636,7127848,CC(C)(C)CNC(=O)C(C1=CN=C2C(F)=CC=CC2=C1)N1CCN(CCN=[N+]=[N-])CC1,CC1(C)CCC2(CCCN2C(=O)C2(N3C=C(C4(CCO)CC4)N=N3)CC2)CC1,CC(C)(C)CNC(=O)C(c1cnc2c(F)cccc2c1)N1CCN(CCN=[N+]=[N-])CC1,CC1(C)CCC2(CCCN2C(=O)C2(n3cc(C4(CCO)CC4)nn3)CC2)CC1,31,33,28,32,150.110703,,17,16,,,0,0,0,1,0,518,32,3,2059,4294,4294,1936,2409,2059,2,1903,833,2864,789,1869,285,361,4262,1518,2776,418,2358,0,40,0
273,208,703,3149100,6291509,CC1CC2(C1)CC(CCNC(=O)C(=O)NC1=CC(N(C)C)=CN=C1)C2,CC(NCCNC(=O)C1=CN=CC=N1)(C1=NN=NN1CCC1CC1)C1CC1,CC1CC2(C1)CC(CCNC(=O)C(=O)Nc1cncc(N(C)C)c1)C2,CC(NCCNC(=O)c1cnccn1)(c1nnnn1CCC1CC1)C1CC1,25,27,27,30,21.249813,,17,16,,,0,0,0,1,0,116,27,0,461,677,677,413,225,461,0,386,202,386,158,76,26,45,650,254,423,159,264,0,27,0
274,649,873,883747,4690001,CC[C@@H](C)N(C)C(=O)/C=C/C(C)(C)NC(=O)C1=CCCC1,CN1CC(C(=O)NCCC2(O)CN(C(=O)C3=CC(C#N)=CS3)C2)CC1=O,CC[C@@H](C)N(C)C(=O)/C=C/C(C)(C)NC(=O)C1=CCCC1,CN1CC(C(=O)NCCC2(O)CN(C(=O)c3cc(C#N)cs3)C2)CC1=O,21,21,26,28,2.165337,,9,8,,,0,0,0,1,0,22,21,2,76,84,84,71,25,76,1,62,46,15,6,3,0,0,63,20,64,51,13,0,19,0
275,270,517,4467697,8356445,CCC1=C(C(=O)N2CC(C)C2C(=O)NCC2CCCCCCC2)SC=N1,CC1=C(C)C(C(=O)N2CCCN(C(=O)C3=CN=C4N=CC=CC4=C3)C[C@@H]2C)=CS1,CCc1ncsc1C(=O)N1CC(C)C1C(=O)NCC1CCCCCCC1,Cc1scc(C(=O)N2CCCN(C(=O)c3cnc4ncccc4c3)C[C@@H]2C)c1C,26,28,29,32,63.972065,,21,20,,,0,0,0,1,0,329,28,0,1298,1815,1815,1195,522,1298,0,1172,786,668,333,446,48,35,1787,789,1026,406,620,0,33,0
276,500,257,3656579,9402527,CCCC(=O)NC(CNC(=O)C1=CC(C)(CC)C1)C1=CC(C)=CC=C1,C=CCC1(NC(=O)CCC(=O)NCCC)CCN(C(=O)C2=CC=C3C=CC=NC3=C2)C1,CCCC(=O)NC(CNC(=O)C1=CC(C)(CC)C1)c1cccc(C)c1,C=CCC1(NC(=O)CCC(=O)NCCC)CCN(C(=O)c2ccc3cccnc3c2)C1,25,26,31,33,33.375301,,18,17,,,0,0,0,1,0,120,26,0,471,786,786,414,527,471,0,366,181,560,160,310,47,75,760,251,535,163,372,0,37,0
277,927,929,8635296,235085,CCCC1=C(C(=O)N(CC2=CC=C(C#N)C=C2C)CC2=NC=CC=C2C)C=CN1,FC(F)C1=NN=C(N2C[C@H]3CCC[C@@]3(C(F)F)C2)S1,CCCc1[nH]ccc1C(=O)N(Cc1ccc(C#N)cc1C)Cc1ncccc1C,FC(F)c1nnc(N2C[C@H]3CCC[C@@]3(C(F)F)C2)s1,29,31,19,21,8.077098,,10,9,,,0,0,0,1,0,57,21,7,224,352,352,207,205,224,1,190,96,183,40,146,57,7,331,144,208,63,145,0,20,0
278,866,52,297225,2354011,CC1=CC(C(=O)N(C)CC[C@@H](C)N)=CN=C1C(N)=O,NC1(C2CCN(CC3=CC(C(F)(F)C(F)(F)F)=CC=C3)CC2)CC1,Cc1cc(C(=O)N(C)CC[C@@H](C)N)cnc1C(N)=O,NC1(C2CCN(Cc3cccc(C(F)(F)C(F)(F)F)c3)CC2)CC1,19,19,24,26,6.149429,,14,13,,,0,0,0,1,0,46,19,2,177,209,209,151,117,177,1,127,83,129,38,27,13,11,190,79,130,72,58,0,17,0
279,94,649,4847972,883747,CS(=O)CCC(=O)N1CCC[C@@H]1CN1C=C(C2=CC=CC(F)=C2N)N=N1,CC[C@@H](C)N(C)C(=O)/C=C/C(C)(C)NC(=O)C1=CCCC1,CS(=O)CCC(=O)N1CCC[C@@H]1Cn1cc(-c2cccc(F)c2N)nn1,CC[C@@H](C)N(C)C(=O)/C=C/C(C)(C)NC(=O)C1=CCCC1,26,28,21,21,1.749811,,9,8,,,0,0,0,1,0,23,21,2,92,98,98,83,29,92,1,72,52,21,10,3,2,0,77,46,52,37,15,0,19,0
280,433,849,2831394,7821504,CC1=C(C)N(C)C(CN(CC2=CCCC2)CC2COCCC2C)=N1,CC1(C)OCC(CCN(CC2=CC=C3CCOC3=C2)CC2C3CCC2CC3)O1,Cc1nc(CN(CC2=CCCC2)CC2COCCC2C)n(C)c1C,CC1(C)OCC(CCN(Cc2ccc3c(c2)OCC3)CC2C3CCC2CC3)O1,24,26,28,32,10.595407,,16,15,,,0,0,0,1,0,62,26,1,239,287,287,195,152,239,0,168,91,165,56,51,23,7,261,130,157,65,92,0,30,0
281,283,45,4185089,8243543,CN(C)C1=CC=C(NC(=O)NNC(=O)NC2CCN(CCCO)C2)C=C1,C=C(F)C1(CC(=O)N2CCN(C(=O)C3=NNC4=CN=CC=C43)C(C)C2C)CCC1,CN(C)c1ccc(NC(=O)NNC(=O)NC2CCN(CCCO)C2)cc1,C=C(F)C1(CC(=O)N2CCN(C(=O)c3n[nH]c4cnccc34)C(C)C2C)CCC1,26,27,29,32,8.657144,,11,10,,,0,0,0,1,0,59,27,1,233,300,300,194,111,233,1,177,103,189,65,1,0,32,273,95,205,99,106,0,27,0
282,3,341,1692068,7596939,NCC1=CC=C(N)C(C(=O)NC2CCOC3=NC(Br)=CC=C32)=C1,CCC(C)(C)N1N=NN=C1C(C1=CN=C(C2CC2)O1)N1CCC(C)(CSC)C1,NCc1ccc(N)c(C(=O)NC2CCOc3nc(Br)ccc32)c1,CCC(C)(C)n1nnnc1C(c1cnc(C2CC2)o1)N1CCC(C)(CSC)C1,23,25,28,31,18.192268,,14,13,,,0,0,0,1,0,101,25,2,400,606,606,350,144,400,0,337,170,291,152,82,5,23,581,249,357,101,256,0,25,0
283,789,133,4285362,559175,CC[C@@H](NC(=O)C12CC(C)(CN1C(=O)C1=C(C)NN=C1C)C2)C(=O)OC,CC=CCC(=O)N1CC=CC1C(=O)NC(CO)C1CC1,CC[C@@H](NC(=O)C12CC(C)(CN1C(=O)c1c(C)n[nH]c1C)C2)C(=O)OC,CC=CCC(=O)N1CC=CC1C(=O)NC(CO)C1CC1,26,28,20,21,14.310535,,17,16,,,0,0,0,1,0,74,21,2,291,341,341,233,180,291,2,189,95,185,68,81,51,0,320,81,260,152,108,0,29,0
284,652,268,205531,2423747,CCC(NC(=O)C1=C(C)C=C(C#N)S1)C1=NN=CN1,CCS(=O)(=O)CCNC(=O)[C@H]1CCCN1C(=O)[C@@H]1CC[C@H]1COC,CCC(NC(=O)c1sc(C#N)cc1C)c1nnc[nH]1,CCS(=O)(=O)CCNC(=O)[C@H]1CCCN1C(=O)[C@@H]1CC[C@H]1COC,19,20,24,25,10.684783,,14,13,,,0,0,0,1,0,59,20,2,228,361,361,195,144,228,0,187,91,251,67,39,19,57,341,89,272,106,166,0,18,0
285,165,759,9767523,8626595,CC1=CC(F)=CN=C1C1=CN(C2=CN=CC(C(=O)NNC(=O)C3CC4CCC3O4)=C2)N=N1,CC1=CC(C(=O)N(CC2=C3C=CN(C)C3=CC=C2)C[C@@H]2CCCC[C@H]2O)=CC=N1,Cc1cc(F)cnc1-c1cn(-c2cncc(C(=O)NNC(=O)C3CC4CCC3O4)c2)nn1,Cc1cc(C(=O)N(Cc2cccc3c2ccn3C)C[C@@H]2CCCC[C@H]2O)ccn1,32,36,29,32,46.012794,,15,14,,,0,0,0,1,0,165,32,0,656,1148,1148,587,462,656,0,538,227,741,244,247,84,155,1116,311,837,276,561,0,44,0
286,452,564,4615591,7531033,CN(CCOCCC(=O)NCC(F)C1=CC=CC=C1)C(=O)[C@@H]1CCOC1,CCC1=CC(C(=O)NCC2(C3=CN(CC4=CC=NC=N4)N=N3)CC2)=CC=C1C,CN(CCOCCC(=O)NCC(F)c1ccccc1)C(=O)[C@@H]1CCOC1,CCc1cc(C(=O)NCC2(c3cn(Cc4ccncn4)nn3)CC2)ccc1C,26,27,28,31,3.878593,,12,11,,,0,0,0,1,0,38,27,5,149,162,162,132,40,149,3,102,74,44,36,0,0,0,135,70,92,62,30,0,22,0
287,722,437,5837062,7409183,[N-]=[N+]=NCCCCC(=O)N[C@H](CC(=O)N1CCC(=C(F)F)CC1)CC1CC1,O=C(N[C@H]1C[C@H]2C[C@@H]1CN(C(=O)C1CC3CC3C1)C2)C1=CC2=CC=CN2C=C1,[N-]=[N+]=NCCCCC(=O)N[C@H](CC(=O)N1CCC(=C(F)F)CC1)CC1CC1,O=C(N[C@H]1C[C@H]2C[C@@H]1CN(C(=O)C1CC3CC3C1)C2)c1ccn2cccc2c1,27,28,28,33,23.306343,,20,19,,,0,0,0,1,0,122,28,5,475,640,640,428,291,475,0,384,267,257,84,209,54,0,612,331,309,97,212,0,42,0
288,574,9,5611587,4471919,CCC1=C(C(=O)N2CC3(C(=O)NCCC4=CSC=C4)CC2CCO3)N=CO1,CC1=CSC(C(=O)NCC2=CC=CC(C(=O)NC(C)C3=NC=CN3)=N2)=C1,CCc1ocnc1C(=O)N1CC2(C(=O)NCCc3ccsc3)CC1CCO2,Cc1csc(C(=O)NCc2cccc(C(=O)NC(C)c3ncc[nH]3)n2)c1,27,30,26,28,24.055740,,13,12,,,0,0,0,1,0,130,28,0,515,797,797,441,155,515,0,433,255,459,151,24,7,175,769,270,527,171,356,0,28,0
289,114,77,5937853,5195946,CCN1N=CC(C)=C1C(=O)NCC(C)CN(C)C(=O)C1=CSC(C(C)=O)=N1,CC(C)(C)OC(=O)N1CCCC1CCC(=O)NCC1=CC=C2OC=CC2=C1,CCn1ncc(C)c1C(=O)NCC(C)CN(C)C(=O)c1csc(C(C)=O)n1,CC(C)(C)OC(=O)N1CCCC1CCC(=O)NCc1ccc2occc2c1,27,28,27,29,5.752527,,11,10,,,0,0,0,1,0,50,28,3,196,257,257,160,99,196,0,153,90,153,44,15,1,29,229,76,181,84,97,0,25,0
290,967,904,10252318,223527,CCOC(=O)C1=CC=C(NC(=O)C(C2=CC(OCC)=CC=C2)N2CCOC(C)(C)C2(C)C)C=C1,C#CC1(C)CCN(C(=O)C2=C(F)C=C(N)C(Cl)=C2)C1,CCOC(=O)c1ccc(NC(=O)C(c2cccc(OCC)c2)N2CCOC(C)(C)C2(C)C)cc1,C#CC1(C)CCN(C(=O)c2cc(Cl)c(N)cc2F)C1,34,36,19,20,8.097107,,14,14,,,0,0,0,1,0,76,20,3,293,349,349,245,199,293,0,206,129,234,89,42,10,10,329,149,200,96,104,0,22,0
291,707,925,8176720,6553962,CN(C[C@@H]1CCCCN1C(=O)C1=CN2C=CN=C2S1)C(=O)CCOCC(F)(F)F,CCN(CC)C(C(=O)NC1CCC(F)(F)CC1)C1=CN(C2CC2(F)F)N=C1,CN(C[C@@H]1CCCCN1C(=O)c1cn2ccnc2s1)C(=O)CCOCC(F)(F)F,CCN(CC)C(C(=O)NC1CCC(F)(F)CC1)c1cnn(C2CC2(F)F)c1,29,31,27,29,27.390240,,13,12,,,0,0,0,1,0,140,29,1,547,988,988,513,412,547,0,493,229,534,227,322,29,32,959,333,655,180,475,0,28,0
292,152,558,2237266,2672686,COC1=CC(S(C)(=O)=O)=CC=C1NC(=O)NC1(CO)CC(C)(C)C1,O=C1CC(C(=O)NC/C=C\CNC(=O)[C@H]2C[C@@H]2C2CCCO2)=NN1,COc1cc(S(C)(=O)=O)ccc1NC(=O)NC1(CO)CC(C)(C)C1,O=C1CC(C(=O)NC/C=C\CNC(=O)[C@H]2C[C@@H]2C2CCCO2)=NN1,24,25,24,26,6.378232,,8,7,,,0,0,0,1,0,37,25,4,142,255,255,135,93,142,0,123,57,125,36,62,21,26,230,53,202,82,120,0,22,0
293,36,854,3149125,3570458,COC1=CC=C(NC(=O)C(=O)NC2=C(C)C=C(C)N=C2Cl)C(F)=C1F,C[C@H]1CCO[C@H]1C(=O)NC[C@H]1CCCCN1C(=O)/C=C/C1=CNC=N1,COc1ccc(NC(=O)C(=O)Nc2c(C)cc(C)nc2Cl)c(F)c1F,C[C@H]1CCO[C@H]1C(=O)NC[C@H]1CCCCN1C(=O)/C=C/c1c[nH]cn1,25,26,25,27,12.893209,,13,12,,,0,0,0,1,0,90,26,3,352,518,518,309,195,352,2,287,138,357,134,21,14,52,492,202,316,107,209,0,26,0
294,378,596,59800,10070462,CC1CN(S(=O)(=O)CC2(CF)CCC2)CCS1,CC1=NN(C)C2=C(N3CCC(C)(CCNC(=O)C4=C(C)C5=C(CCCC5=O)N4)C3)N=CN=C12,CC1CN(S(=O)(=O)CC2(CF)CCC2)CCS1,Cc1c(C(=O)NCCC2(C)CCN(c3ncnc4c(C)nn(C)c34)C2)[nH]c2c1C(=O)CCC2,17,18,33,37,0.960280,,6,5,,,0,0,0,1,0,11,18,7,41,56,56,38,13,41,1,28,14,11,10,3,3,0,38,14,42,24,18,0,12,0
295,565,151,1184618,6361710,CCC(O)(CC)CNC(=O)C(=O)NC1=NC(COC)=CC=C1,CSCCCN(CC1=NN(C)C2=CC=CC=C21)C(=O)C1=C(C2CC2)C=CO1,CCC(O)(CC)CNC(=O)C(=O)Nc1cccc(COC)n1,CSCCCN(Cc1nn(C)c2ccccc12)C(=O)c1occc1C1CC1,22,22,27,30,5.790143,,10,9,,,0,0,0,1,0,44,22,0,172,238,238,152,83,172,0,142,79,137,46,9,5,22,216,82,156,70,86,0,22,0
296,440,130,3107984,7266784,CC1=NC(CNC(=O)N2CCC(N3C=CN=N3)CC2)=C2CCCCN12,C[C@H](O)[C@H](C(=O)N1CCC(C)(CNC(=O)CCC2=CC=CC=C2F)C1)N(C)C,Cc1nc(CNC(=O)N2CCC(n3ccnn3)CC2)c2n1CCCC2,C[C@H](O)[C@H](C(=O)N1CCC(C)(CNC(=O)CCc2ccccc2F)C1)N(C)C,25,28,28,29,9.300906,,13,12,,,0,0,0,1,0,67,28,2,251,353,353,224,131,251,0,206,117,202,69,30,12,30,325,127,226,97,129,0,26,0
297,42,315,1415851,4706838,O=C(NC1=NN2C=CC=CC2=C1)C1=C2OCCCC2=CC(Br)=C1,CCN1CCC(C(=O)N[C@H]2CC[C@@H](N(C)C(=O)C(O)C3CC3)CC2)CC1,O=C(Nc1cc2ccccn2n1)c1cc(Br)cc2c1OCCC2,CCN1CCC(C(=O)N[C@H]2CC[C@@H](N(C)C(=O)C(O)C3CC3)CC2)CC1,23,26,26,28,21.972149,,14,13,,,0,0,0,1,0,74,26,2,294,528,528,272,102,294,0,257,123,243,89,89,36,78,502,143,385,129,256,0,24,0
298,373,920,4205027,298234,O=C(NC1=CC=C(N2CCCCCC2)C=C1)C(=O)N1CCCCC(O)C1,CCNC1=CC=C(C(=O)NC2(C)CC(CN)C2)C=N1,O=C(Nc1ccc(N2CCCCCC2)cc1)C(=O)N1CCCCC(O)C1,CCNc1ccc(C(=O)NC2(C)CC(CN)C2)cn1,26,28,19,20,6.233007,,12,11,,,0,0,0,1,0,52,20,0,197,301,301,193,139,197,0,166,69,196,76,30,28,12,281,131,170,62,108,0,30,0
299,955,815,1594940,3432128,O=C1NC2=CC=CC=C2N1CCCNC1(C2CCCOC2)CC1,C[C@@H]1C[C@@H](C(=O)NCC2=CC=CC=C2O)N(C(=O)CC2CC=CC2)C1,O=c1[nH]c2ccccc2n1CCCNC1(C2CCCOC2)CC1,C[C@@H]1C[C@@H](C(=O)NCc2ccccc2O)N(C(=O)CC2CC=CC2)C1,23,26,25,27,17.308054,,12,11,,,0,0,0,1,0,104,26,0,415,639,639,381,118,415,0,371,188,242,123,108,44,26,613,249,390,132,258,0,32,0
300,995,881,9218208,2480057,COC1=NSC=C1CN(CCCC1CCOC1)CC1=CC=C(N2C=NC=N2)C(F)=C1,COC1(C(=O)NC(C)CSC)CCN(C(=O)CCC2OCCO2)C1,COc1nscc1CN(CCCC1CCOC1)Cc1ccc(-n2cncn2)c(F)c1,COC1(C(=O)NC(C)CSC)CCN(C(=O)CCC2OCCO2)C1,30,33,24,25,10.509457,,11,10,,,0,0,0,1,0,64,25,2,233,364,364,212,59,233,0,202,132,164,52,22,5,69,339,126,238,86,152,0,23,0
301,40,920,1255781,298234,COC1=CC=C(C2=C3NC=C(CC(=O)O)C3=CC=C2)C=C1O,CCNC1=CC=C(C(=O)NC2(C)CC(CN)C2)C=N1,COc1ccc(-c2cccc3c(CC(=O)O)c[nH]c23)cc1O,CCNc1ccc(C(=O)NC2(C)CC(CN)C2)cn1,22,24,19,20,12.320246,,12,11,,,0,0,0,1,0,67,20,0,253,364,364,209,187,253,0,195,104,276,66,44,19,45,344,125,239,84,155,0,22,0
302,366,215,3927678,6920235,CCCN1C=NC=C1C(C(=O)NC1CCOC1)N(C)C1CCCCC1,C#CC1(C(=O)NCC(CCC)CCCC)CCN(C(=O)C2=NOC=C2C)CC1,CCCn1cncc1C(C(=O)NC1CCOC1)N(C)C1CCCCC1,C#CC1(C(=O)NCC(CCC)CCCC)CCN(C(=O)c2nocc2C)CC1,25,27,28,29,11.912450,,11,10,,,0,0,0,1,0,90,27,0,352,518,518,324,95,352,0,308,169,226,121,36,7,40,491,210,308,114,194,0,27,0
303,698,255,1177986,27530,CO[C@@H]1CC[C@H]1CCNC(=O)N[C@H]1CCC2=C(C1)SC(Br)=N2,CC1=C(CNCCNS(C)(=O)=O)C(Cl)=NN1,CO[C@@H]1CC[C@H]1CCNC(=O)N[C@H]1CCc2nc(Br)sc2C1,Cc1[nH]nc(Cl)c1CNCCNS(C)(=O)=O,22,24,16,16,0.900261,,6,5,,,0,0,0,1,0,12,16,5,35,54,54,32,10,35,4,27,12,17,7,3,2,3,38,11,43,21,22,0,11,0
304,682,105,9171056,1448313,CC(=O)NC1CCN(C2=NC(NC(CC(C)C)CC(C)C)=C3C(=N2)C=NN3C)CC1,CC1=CN(C)N=C1C(=O)N[C@H]1C2=CC=CC=C2CC[C@@H]1N(C)C,CC(=O)NC1CCN(c2nc(NC(CC(C)C)CC(C)C)c3c(cnn3C)n2)CC1,Cc1cn(C)nc1C(=O)N[C@H]1c2ccccc2CC[C@@H]1N(C)C,30,32,23,25,72.409027,,14,14,,,0,0,0,1,0,287,25,0,1136,2132,2132,996,449,1136,0,986,358,1083,445,473,168,272,2107,717,1415,279,1136,0,33,0
305,362,798,7931347,5163086,CC(C(=O)NCC1=CC=CC(OCC#N)=C1)C1=CC=C2C(=C1)CC1=CC=CC=C12,CCN1N=NC=C1C(C(=O)NC1CCC1)N(C)CC1=CN=CN1C(C)C,CC(C(=O)NCc1cccc(OCC#N)c1)c1ccc2c(c1)Cc1ccccc1-2,CCn1nncc1C(C(=O)NC1CCC1)N(C)Cc1cncn1C(C)C,29,32,26,28,4.639872,,10,9,,,0,0,0,1,0,37,28,2,143,223,223,141,40,143,0,125,59,91,55,3,1,13,195,100,123,41,82,0,26,0
306,573,905,4871520,1828959,CC1=CC(C(=O)NCC(C2CC2)N(C)C2=C(Br)C(C)=NC=N2)=CC=C1F,CC1=C(C(=O)N[C@H]2C[C@H](CC(=O)N[C@H](CO)C3CC3)C2)NC=C1,Cc1cc(C(=O)NCC(C2CC2)N(C)c2ncnc(C)c2Br)ccc1F,Cc1cc[nH]c1C(=O)N[C@H]1C[C@H](CC(=O)N[C@H](CO)C2CC2)C1,26,28,23,25,23.694315,,13,12,,,0,0,0,1,0,135,25,1,532,802,802,471,254,532,0,449,237,517,195,41,15,107,777,377,425,94,331,0,24,0
307,895,416,5132325,7847536,COC1=CC(C)=NC(CN(CC[C@@H]2COC[C@H]2O)CC2=CC=CC=C2)=C1,CC1(C)C[C@@H]1C(C(=O)NCCC#N)N1CCN(C2=CC(C(F)F)=CC=C2)CC1,COc1cc(C)nc(CN(CC[C@@H]2COC[C@H]2O)Cc2ccccc2)c1,CC1(C)C[C@@H]1C(C(=O)NCCC#N)N1CCN(c2cccc(C(F)F)c2)CC1,26,28,28,30,36.404987,,17,16,,,0,0,0,1,0,118,28,5,465,586,586,399,181,465,0,357,223,264,135,72,18,14,558,194,392,205,187,0,23,0
308,997,635,7264068,7258865,CN1C=CC(CCC(=O)N2CC[C@@H](CNC(=O)C3=CC=CC4=CN=CN43)C2)=N1,CC1=CC(=O)NC=C1C(=O)N1CC[C@@H](NC(=O)C(C)OC2CCCC2)[C@H](O)C1,Cn1ccc(CCC(=O)N2CC[C@@H](CNC(=O)c3cccc4cncn34)C2)n1,Cc1cc(=O)[nH]cc1C(=O)N1CC[C@@H](NC(=O)C(C)OC2CCCC2)[C@H](O)C1,28,31,28,30,23.617174,,17,16,,,0,0,0,1,0,153,30,3,600,792,792,521,367,600,1,484,285,542,180,61,29,60,762,381,411,140,271,0,27,0
309,767,158,5752683,3115192,CC1=NOC(CCCNC(=O)CC(C)(C)N(C)C(=O)CC2CC(F)(F)C2)=N1,COC(=O)CC1=CSC(CNC(=O)N2CCC(C)(N3CCCC3)C2)=N1,Cc1noc(CCCNC(=O)CC(C)(C)N(C)C(=O)CC2CC(F)(F)C2)n1,COC(=O)Cc1csc(CNC(=O)N2CCC(C)(N3CCCC3)C2)n1,27,28,25,27,6.373869,,12,11,,,0,0,0,1,0,69,27,2,263,349,349,239,119,263,0,215,133,140,69,58,12,9,322,140,209,99,110,0,33,0
310,947,952,1899745,1836878,CCCC1=CC(C(=O)NC(C)(C)CNC(=O)C2=CNN=C2)=NO1,CC[C@H](CC(=O)NCCCC1=NC=NN1C)NC(=O)C[C@@H](C)O,CCCc1cc(C(=O)NC(C)(C)CNC(=O)c2cn[nH]c2)no1,CC[C@H](CC(=O)NCCCc1ncnn1C)NC(=O)C[C@@H](C)O,23,24,23,23,4.357439,,9,8,,,0,0,0,1,0,37,23,0,144,186,186,130,43,144,0,116,78,70,27,4,2,16,163,57,129,73,56,0,23,0
311,242,885,963457,8269833,O=C(NC(C1=CC=CC=C1)C1CCNC1)C1=C(Cl)C=CS1,CC(C)C1=CC(C(=O)NC2CN(C(=O)[C@H]3C[C@H]4C=C[C@@H]3O4)C3(CCCC3)C2)=NO1,O=C(NC(c1ccccc1)C1CCNC1)c1sccc1Cl,CC(C)c1cc(C(=O)NC2CN(C(=O)[C@H]3C[C@H]4C=C[C@@H]3O4)C3(CCCC3)C2)no1,21,23,29,33,21.474693,,17,16,,,0,0,0,1,0,73,23,3,288,367,367,221,257,288,1,169,88,255,60,123,53,21,344,83,284,138,146,0,34,0
312,166,999,9224839,3289751,CN1N=C(CN(CCC2CCOC2(C)C)CC2=CN=C(C3=CC=CN=C3)S2)C=C1Cl,COC(CNC(=O)[C@H]1[C@@H]2CN(C(=O)C3CCCCC3)C[C@@H]21)C(C)(C)C,Cn1nc(CN(CCC2CCOC2(C)C)Cc2cnc(-c3cccnc3)s2)cc1Cl,COC(CNC(=O)[C@H]1[C@@H]2CN(C(=O)C3CCCCC3)C[C@@H]21)C(C)(C)C,30,33,25,27,33.171211,,14,13,,,0,0,0,1,0,230,27,2,909,1389,1389,840,180,909,0,828,413,556,386,144,16,24,1362,613,776,227,549,0,25,0
313,819,830,965724,9121256,NC[C@H]1C[C@H]1C(=O)NC1=NN(CC2=CC=C(Cl)C=C2)C=N1,CCC1=CN=CC(C(=O)N2CC(C(=O)O)(C3=CN(C[C@@H]4C[C@H]5CC[C@@H]4O5)N=N3)C2)=C1,NC[C@H]1C[C@H]1C(=O)Nc1ncn(Cc2ccc(Cl)cc2)n1,CCc1cncc(C(=O)N2CC(C(=O)O)(c3cn(C[C@@H]4C[C@H]5CC[C@@H]4O5)nn3)C2)c1,21,23,30,34,7.224323,,10,10,,,0,0,0,1,0,48,23,1,180,261,261,155,63,180,0,129,84,135,47,9,2,56,238,86,175,69,106,0,22,0
314,181,902,6526259,2466100,CC1=CC(CN(CC2=CC=CC3=C(C)N(C)N=C23)CC2(C)CC=CC2)=NO1,CC1=C(C(=O)N2CC[C@H](C)C[C@@H]2C(=O)NC2(C(C)C)CC2)NC=C1,Cc1cc(CN(Cc2cccc3c(C)n(C)nc23)CC2(C)CC=CC2)no1,Cc1cc[nH]c1C(=O)N1CC[C@H](C)C[C@@H]1C(=O)NC1(C(C)C)CC1,27,30,24,26,19.087122,,14,13,,,0,0,0,1,0,95,26,2,370,587,587,335,242,370,0,302,144,313,125,151,42,23,561,203,384,132,252,0,31,0
315,422,25,6393556,7637054,CC1=C(F)C=CC=C1CN(CCCC1CCCCO1)C(=O)CSCC1CC1,C=C1CC2CC1CN2C1=NC(N2CCOC(C3=CC=C(C)S3)C2)=NC(NC)=N1,Cc1c(F)cccc1CN(CCCC1CCCCO1)C(=O)CSCC1CC1,C=C1CC2CC1CN2c1nc(NC)nc(N2CCOC(c3ccc(C)s3)C2)n1,27,29,28,32,14.104394,,11,10,,,0,0,0,1,0,89,29,2,352,495,495,318,39,352,0,306,161,168,123,18,7,21,466,199,296,119,177,0,27,0
316,183,754,1632171,9496029,O=C(NCC1CCC(F)C1)N1CC2(CCC2)C2=C1C=CC=C2F,CC1=NC(NC[C@]23CCC[C@H]2CN(C(=O)[C@@H](CCC(N)=O)N(C)C)C3)=C2C=NNC2=N1,O=C(NCC1CCC(F)C1)N1CC2(CCC2)c2c(F)cccc21,Cc1nc(NC[C@]23CCC[C@H]2CN(C(=O)[C@@H](CCC(N)=O)N(C)C)C3)c2cn[nH]c2n1,23,26,31,34,78.792526,,13,12,,,0,0,0,1,0,260,26,2,1033,2010,2010,942,992,1033,1,910,313,1200,295,834,310,173,1984,400,1610,542,1068,0,37,0
317,946,340,6109539,2339548,COCC1(CNC(=O)C2=CC(F)=CN2)CCN(C(=O)CC2=CSC(C)=N2)C1,C[C@H](O)C1=CC=CC(NCC(C)(C)C(=O)OCC2=CC=CC=C2)=C1,COCC1(CNC(=O)c2cc(F)c[nH]2)CCN(C(=O)Cc2csc(C)n2)C1,C[C@H](O)c1cccc(NCC(C)(C)C(=O)OCc2ccccc2)c1,27,29,24,25,14.347923,,13,12,,,0,0,0,1,0,94,25,0,355,507,507,326,138,355,0,321,157,243,118,51,26,11,482,164,343,162,181,0,25,0
318,801,953,6389538,7111646,C=CCC(OC)C(=O)N(CC1=CC=NN1COC)CC1CCCOC1(C)C,CC1CC(CO)CCN1C(=O)C1=CN(CCNC(=O)C2=CC=C(N)N=C2)C=C1,C=CCC(OC)C(=O)N(Cc1ccnn1COC)CC1CCCOC1(C)C,CC1CC(CO)CCN1C(=O)c1ccn(CCNC(=O)c2ccc(N)nc2)c1,27,28,28,30,31.237164,,13,12,,,0,0,0,1,0,88,28,2,350,723,723,308,351,350,0,286,120,394,124,343,38,44,695,165,558,143,415,0,27,0
319,421,821,6676599,6077910,C=CCOC(=O)N1CCC(CC(=O)N2CCN(C3=CC=NC=C3)CC2C)CC1,CC1=CC(CC(=O)N2CC3(CCN3C(=O)CCCC3=CC=CC=C3)C2)=NO1,C=CCOC(=O)N1CCC(CC(=O)N2CCN(c3ccncc3)CC2C)CC1,Cc1cc(CC(=O)N2CC3(CCN3C(=O)CCCc3ccccc3)C2)no1,28,30,27,30,90.211021,,17,16,,,0,0,0,1,0,454,30,1,1815,2630,2630,1635,653,1815,0,1610,924,1183,572,435,110,50,2600,1199,1431,436,995,0,37,0
320,685,884,8759367,7734203,O=C(N1CCN(CC2=CC=C(N3C=CN=C3)C=C2)CC1)C(F)(F)CCN1C=CN=N1,CCC1=C(C(=O)N(CCC2=NC(C)=CC=N2)CC(C)CCC=C(C)C)C=NN1,O=C(N1CCN(Cc2ccc(-n3ccnc3)cc2)CC1)C(F)(F)CCn1ccnn1,CCc1[nH]ncc1C(=O)N(CCc1nccc(C)n1)CC(C)CCC=C(C)C,30,33,28,29,11.945616,,11,10,,,0,0,0,1,0,66,29,1,258,379,379,216,132,258,1,193,101,223,77,44,10,52,350,140,239,76,163,0,28,0
321,752,830,7186989,9121256,CCC1=CC(C(=O)N2CCCC[C@H]2CNC(=O)C2=CC=C(Cl)C=C2N)=NC=N1,CCC1=CN=CC(C(=O)N2CC(C(=O)O)(C3=CN(C[C@@H]4C[C@H]5CC[C@@H]4O5)N=N3)C2)=C1,CCc1cc(C(=O)N2CCCC[C@H]2CNC(=O)c2ccc(Cl)cc2N)ncn1,CCc1cncc(C(=O)N2CC(C(=O)O)(c3cn(C[C@@H]4C[C@H]5CC[C@@H]4O5)nn3)C2)c1,28,30,30,34,23.643497,,14,13,,,0,0,0,1,0,136,30,1,521,708,708,464,213,521,0,426,243,320,169,102,23,6,678,291,417,173,244,0,33,0
322,254,273,8813492,7258588,CC(C)(C)OC(=O)N1CC(F)(F)CC1CNC(=O)NCC1=CC=C([N+](=O)[O-])C=C1F,CCC(CC(=O)NCC1CN(C(=O)C2=NC=CN=C2OC)CC12CCC2)OC,CC(C)(C)OC(=O)N1CC(F)(F)CC1CNC(=O)NCc1ccc([N+](=O)[O-])cc1F,CCC(CC(=O)NCC1CN(C(=O)c2nccnc2OC)CC12CCC2)OC,30,31,28,30,17.660406,,10,9,,,0,0,0,1,0,86,30,0,335,646,646,311,209,335,0,291,101,363,138,151,42,68,616,177,469,134,335,0,30,0
323,163,806,3471882,542253,CCC1(C(=O)NCC(O)C(=O)OC)CCN(C(=O)[C@H](C)C2CC2)CC1,C=CCN(OC)C(=O)CCNC(=O)C1=CN=NN1C=C,CCC1(C(=O)NCC(O)C(=O)OC)CCN(C(=O)[C@H](C)C2CC2)CC1,C=CCN(OC)C(=O)CCNC(=O)c1cnnn1C=C,25,26,20,20,1.720943,,9,8,,,0,0,0,1,0,19,20,5,70,99,99,62,23,70,2,56,31,42,16,0,0,7,79,36,63,26,37,0,15,0
324,718,110,1002008,9332415,CC1=NN=C(CNC(=O)C2=C(C)C(C)(C)OC2=O)N1C1CC1,COC(=O)C1=CC=C2CCCC(NC(=O)NCC3=CC=C(CNS(C)(=O)=O)C=C3)C2=C1,CC1=C(C(=O)NCc2nnc(C)n2C2CC2)C(=O)OC1(C)C,COC(=O)c1ccc2c(c1)C(NC(=O)NCc1ccc(CNS(C)(=O)=O)cc1)CCC2,22,24,31,33,2.163400,,6,5,,,0,0,0,1,0,22,24,2,85,145,145,80,35,85,0,72,32,66,25,10,1,16,121,41,104,39,65,0,22,0
325,391,893,920791,9480951,CC#CCCC(=O)NCCN(C(=O)[C@@H]1CCCO1)C(C)C,C=C[C@H]1CN(C(=O)CC2=C(C)N(CC)N=C2C)C[C@H]1NC1=NC(C(=O)OC)=NC=C1Cl,CC#CCCC(=O)NCCN(C(=O)[C@@H]1CCCO1)C(C)C,C=C[C@H]1CN(C(=O)Cc2c(C)nn(CC)c2C)C[C@H]1Nc1nc(C(=O)OC)ncc1Cl,21,21,31,33,7.479295,,15,14,,,0,0,0,1,0,62,21,1,246,370,370,235,102,246,1,211,120,139,58,77,37,32,349,157,213,78,135,0,22,0
326,39,879,5133091,7519501,COC1=C(C)C=CC=C1CN(CCCCCF)CC1=C(F)C=NC=C1F,O=C(NC1CC(CF)C1)C1=CC=C(C2=CN(CCOCC3CCCC3)N=N2)O1,COc1c(C)cccc1CN(CCCCCF)Cc1c(F)cncc1F,O=C(NC1CC(CF)C1)c1ccc(-c2cn(CCOCC3CCCC3)nn2)o1,26,27,28,31,17.005636,,12,11,,,0,0,0,1,0,91,27,0,358,585,585,343,125,358,0,325,143,280,151,60,22,35,558,250,335,93,242,0,28,0
327,481,227,3500280,170051,CSCC[C@H](NC(=O)CC1CCCO1)C(=O)NCC1=CN=CC=C1C,CN(CC1=NC=C(N)N=C1)[C@@H]1CCCCC[C@H]1O,CSCC[C@H](NC(=O)CC1CCCO1)C(=O)NCc1cnccc1C,CN(Cc1cnc(N)cn1)[C@@H]1CCCCC[C@H]1O,25,26,18,19,8.346314,,12,11,,,0,0,0,1,0,48,19,0,192,280,280,175,77,192,0,149,85,121,55,42,16,17,261,109,171,66,105,0,27,0
328,204,836,10319003,513658,CCOC(=O)CCNC(=O)C(C1=CN(C)C2=C(C#N)C=NN12)N1CCCC1C1=CC=CC(C#N)=C1,CC(C)N1C=C2CCC(NCC3=CC=CN3C)CC2=N1,CCOC(=O)CCNC(=O)C(c1cn(C)c2c(C#N)cnn12)N1CCCC1c1cccc(C#N)c1,CC(C)n1cc2c(n1)CC(NCc1cccn1C)CC2,35,38,20,22,36.433510,,14,13,,,0,0,0,1,0,172,22,0,682,1016,1016,580,274,682,0,555,279,585,254,100,25,99,994,383,633,197,436,0,23,0
329,940,471,3403060,627881,CN1C=CC(C=CC(=O)N[C@H]2C=CCC[C@H]2C(=O)N2CC(C)(C)C2)=C1,CC1(C)CC(NC(=O)C2=CC=CC(N3C=CN=N3)=C2)CS1,Cn1ccc(C=CC(=O)N[C@H]2C=CCC[C@H]2C(=O)N2CC(C)(C)C2)c1,CC1(C)CC(NC(=O)c2cccc(-n3ccnn3)c2)CS1,25,27,21,23,14.170120,,12,11,,,0,0,0,1,0,80,23,4,316,450,450,263,79,316,1,254,136,232,108,12,0,59,427,119,331,144,187,0,19,0
330,358,312,2463404,3410328,CC#CCCC(=O)N1CC2=C(C1)C(C(=O)N1CC[Si](C)(C)C1)=CO2,COCC(O)CNC(=O)C(NC(=O)C1CC=CC1)C1(O)CCCCC1,CC#CCCC(=O)N1Cc2occ(C(=O)N3CC[Si](C)(C)C3)c2C1,COCC(O)CNC(=O)C(NC(=O)C1CC=CC1)C1(O)CCCCC1,24,26,25,26,20.298506,,12,11,,,0,0,0,1,0,96,26,5,374,731,731,325,254,374,3,307,91,499,185,137,28,100,705,219,512,106,406,0,21,0
331,840,814,7897823,3498671,COC1=CC=CC2=C1C(C1NC(=O)N(C)C3=C1C(=O)NC1(CCOCC1)C3)=CN2,CC(C)(CC(=O)NCC1=CC=NC=C1)NC(=O)COCC1CCOC1,COc1cccc2[nH]cc(C3NC(=O)N(C)C4=C3C(=O)NC3(CCOCC3)C4)c12,CC(C)(CC(=O)NCc1ccncc1)NC(=O)COCC1CCOC1,29,33,25,26,15.503318,,12,11,,,0,0,0,1,0,102,26,0,394,547,547,353,55,394,0,332,169,182,132,40,26,20,521,240,307,113,194,0,28,0
332,892,233,2106226,5376646,CC1=C(C(=O)NCC(=O)C2=CC=C(OC(F)(F)F)C=C2)NC(=O)N1,COCC(NC(=O)NC(C)CS(=O)(=O)C1=CC=C(C)C=C1)C1=CN(C)N=C1,Cc1[nH]c(=O)[nH]c1C(=O)NCC(=O)c1ccc(OC(F)(F)F)cc1,COCC(NC(=O)NC(C)CS(=O)(=O)c1ccc(C)cc1)c1cnn(C)c1,24,25,27,28,5.286719,,10,9,,,0,0,0,1,0,36,25,3,141,230,230,128,75,141,1,120,55,125,42,27,9,24,205,76,154,52,102,0,22,0
333,228,24,4759077,3430246,CON=CC(=O)N1CCC(OCCNC(=O)[C@H]2CCC[C@H]2C(=O)OC)C1,CCNC(=O)[C@@H](CC)NC(=O)C(CC)(CC)CNC(=O)C1=CCCC1,CON=CC(=O)N1CCC(OCCNC(=O)[C@H]2CCC[C@H]2C(=O)OC)C1,CCNC(=O)[C@@H](CC)NC(=O)C(CC)(CC)CNC(=O)C1=CCCC1,26,27,25,25,6.029467,,10,9,,,0,0,0,1,0,49,25,1,189,265,265,166,112,189,0,153,82,151,38,35,22,27,240,78,187,88,99,0,24,0
334,675,197,6756127,5252633,CC(C)C(=O)NCC1CCCN(C(=O)C(=O)NC2=CC=CC3=CC=NC=C32)C1,COC(=O)C1(CNC(=O)C2=C3OC(=O)NC3=CC(Br)=C2)CC12CCOCC2,CC(C)C(=O)NCC1CCCN(C(=O)C(=O)Nc2cccc3ccncc23)C1,COC(=O)C1(CNC(=O)c2cc(Br)cc3[nH]c(=O)oc23)CC12CCOCC2,28,30,27,30,27.876699,,12,11,,,0,0,0,1,0,148,30,0,586,794,794,493,238,586,0,473,262,449,168,60,33,79,764,304,490,189,301,0,40,0
335,408,336,1386324,264655,COCCN(CC1=CN=NN1C)CC1=C(C)C(C#N)=CC=C1,CC1=CN(CCN2CCN(C)C3(CCOC3)C2)N=C1,COCCN(Cc1cccc(C#N)c1C)Cc1cnnn1C,Cc1cnn(CCN2CCN(C)C3(CCOC3)C2)c1,22,23,19,21,11.402731,,13,12,,,0,0,0,1,0,76,21,0,298,564,564,273,247,298,0,257,96,307,104,210,52,36,543,179,385,94,291,0,23,0
336,285,885,7929346,8269833,COC1=CC=C2C=C(CNCC3N(C(=O)OC(C)(C)C)CCC34CCC4)NC2=C1,CC(C)C1=CC(C(=O)NC2CN(C(=O)[C@H]3C[C@H]4C=C[C@@H]3O4)C3(CCCC3)C2)=NO1,COc1ccc2cc(CNCC3N(C(=O)OC(C)(C)C)CCC34CCC4)[nH]c2c1,CC(C)c1cc(C(=O)NC2CN(C(=O)[C@H]3C[C@H]4C=C[C@@H]3O4)C3(CCCC3)C2)no1,29,32,29,33,139.327225,,18,17,,,0,0,0,1,0,373,32,0,1489,2971,2971,1321,1238,1489,0,1291,628,1587,536,1269,125,215,2939,975,1996,346,1650,0,34,0
337,71,990,4769611,2377779,CC(C)(C)CCCCC(=O)N1CC(CCNC(=O)C2=CC=NC=C2F)C1,NC(=O)N1CCCN(C(=O)[C@@H]2C[C@@H](O)CN2C(=O)C=CCF)CC1,CC(C)(C)CCCCC(=O)N1CC(CCNC(=O)c2ccncc2F)C1,NC(=O)N1CCCN(C(=O)[C@@H]2C[C@@H](O)CN2C(=O)C=CCF)CC1,26,27,24,25,5.427353,,11,10,,,0,0,0,1,0,51,25,2,194,270,270,173,68,194,1,160,91,113,47,25,12,25,245,118,152,55,97,0,23,0
338,791,285,9428881,7929346,CC1=CC(C(=O)N2[C@H](CNC(=O)C3=CC=C(N=[N+]=[N-])C=C3)C[C@@H]3CCC[C@@H]32)=NN=C1C,COC1=CC=C2C=C(CNCC3N(C(=O)OC(C)(C)C)CCC34CCC4)NC2=C1,Cc1cc(C(=O)N2[C@H](CNC(=O)c3ccc(N=[N+]=[N-])cc3)C[C@@H]3CCC[C@@H]32)nnc1C,COc1ccc2cc(CNCC3N(C(=O)OC(C)(C)C)CCC34CCC4)[nH]c2c1,31,34,29,32,120.970856,,20,19,,,0,0,0,1,0,416,32,4,1662,2819,2819,1398,1923,1662,1,1323,750,1818,424,1478,196,150,2787,995,1824,403,1421,0,49,0
339,359,656,2937391,6904192,CS(=O)(=O)C1=CC=C(F)C=C1C(=O)NC1=CN(C2=CC=CC=N2)N=C1,CC1=CC=CC(CNC(=O)CCC2(C)CN(C(=O)C=CC3=COC=N3)C2)=C1C,CS(=O)(=O)c1ccc(F)cc1C(=O)Nc1cnn(-c2ccccn2)c1,Cc1cccc(CNC(=O)CCC2(C)CN(C(=O)C=Cc3cocn3)C2)c1C,25,27,28,30,8.811836,,10,10,,,0,0,0,1,0,58,27,6,225,323,323,204,76,225,0,195,94,144,78,24,11,6,296,133,190,71,119,0,21,0
340,521,409,2868885,265056,COC1=C(C)C(C(=O)N(C)CC(=O)NC2=CC=C(F)C=C2)=CC=C1Br,COCC1=NC=CC(CN2CC[C@H](O)[C@@H]2C2CC2)=N1,COc1c(Br)ccc(C(=O)N(C)CC(=O)Nc2ccc(F)cc2)c1C,COCc1nccc(CN2CC[C@H](O)[C@@H]2C2CC2)n1,25,26,19,21,9.914777,,13,12,,,0,0,0,1,0,62,21,0,237,383,383,209,155,237,0,194,90,199,82,108,16,9,362,128,255,81,174,0,24,0
341,695,863,296716,8302184,COCC1(CF)CN(C(=O)C2(F)CNCC23CC3)C1,CCC(C)=C(C)C(=O)N(C)CCOCCCN(C)C(=O)C1=C2N(C)C=CN2N=C1,COCC1(CF)CN(C(=O)C2(F)CNCC23CC3)C1,CCC(C)=C(C)C(=O)N(C)CCOCCCN(C)C(=O)c1cnn2ccn(C)c12,19,21,29,30,49.001419,,14,13,,,0,0,0,1,0,167,21,2,664,1424,1424,575,525,664,0,567,298,848,240,505,18,224,1403,330,1094,245,849,0,22,0
342,549,339,2397574,4402122,CC1CC(C(=O)N2CCOC(CC(=O)NCC3(F)CCC3)C2)=NO1,C#CCC1(C(=O)N2CC(F)(C3CC3)C2)CCN(C(=O)[C@H]2C[C@@H]2C(C)C)C1,CC1CC(C(=O)N2CCOC(CC(=O)NCC3(F)CCC3)C2)=NO1,C#CCC1(C(=O)N2CC(F)(C3CC3)C2)CCN(C(=O)[C@H]2C[C@@H]2C(C)C)C1,24,26,26,29,15.100717,,20,19,,,0,0,0,1,0,98,26,5,378,401,401,323,147,378,1,265,193,150,72,42,37,2,375,241,160,82,78,0,26,0
343,961,28,1954968,5153574,C=CCCCCC(N[C@H]1CCO[C@H]1C)C1=NN=NN1C1CCC1,CN(C)C(=O)CC1CCCCN1C(C(=O)NCC(C)(C)C)C1=NSC=C1,C=CCCCCC(N[C@H]1CCO[C@H]1C)c1nnnn1C1CCC1,CN(C)C(=O)CC1CCCCN1C(C(=O)NCC(C)(C)C)c1ccsn1,23,25,26,27,5.016527,,15,14,,,0,0,0,1,0,41,25,6,164,211,211,146,106,164,0,115,65,80,34,64,28,0,186,98,113,48,65,0,25,0
344,118,898,8758240,1171159,COC(=O)C12CC(CN1CC1=CC=CC=C1)N(C(=O)C1=CC([N+](=O)[O-])=CC(Br)=C1)C2,CN(C(=O)NC1CC2(CC(F)C2)C1)[C@H]1CO[C@@H](C(F)(F)F)C1,COC(=O)C12CC(CN1Cc1ccccc1)N(C(=O)c1cc(Br)cc([N+](=O)[O-])c1)C2,CN(C(=O)NC1CC2(CC(F)C2)C1)[C@H]1CO[C@@H](C(F)(F)F)C1,30,33,22,24,9.337535,,9,8,,,0,0,0,1,0,56,24,4,220,376,376,210,94,220,0,187,74,183,82,53,34,35,352,100,276,110,166,0,24,0
345,993,267,5130606,8577160,FC(F)OC1=CC=C(CN(CC2=CC=CN=C2)CC2=CC(Cl)=NO2)C=N1,CC1=CC=CC(F)=C1CN(CC1=NC2=C(CCCC2)N1)C(=O)C1=CN=CN=C1N,FC(F)Oc1ccc(CN(Cc2cccnc2)Cc2cc(Cl)no2)cn1,Cc1cccc(F)c1CN(Cc1nc2c([nH]1)CCCC2)C(=O)c1cncnc1N,26,28,29,32,20.238173,,15,14,,,0,0,0,1,0,81,28,5,320,420,420,269,141,320,2,236,127,210,96,54,23,14,392,147,273,122,151,0,29,0
346,182,594,2086819,5551531,CC1=C(NC(=O)C(=O)C2=CSC(N)=N2)C=CC=C1N1CCCC1=O,COC(C)(C)CC(C)NC(=O)C(NC(=O)CCC(C)(C)F)C1=CC=CC=C1,Cc1c(NC(=O)C(=O)c2csc(N)n2)cccc1N1CCCC1=O,COC(C)(C)CC(C)NC(=O)C(NC(=O)CCC(C)(C)F)c1ccccc1,24,26,27,27,15.624684,,13,12,,,0,0,0,1,0,93,26,2,362,553,553,319,297,362,0,293,143,367,101,137,51,32,527,207,346,112,234,0,25,0
347,985,271,7493995,3835770,O=C1CC2=C(C=CC=C2C(=O)NCC(CO)NC2=CC=C(C(F)(F)F)N=N2)N1,CCC[C@H]1C[C@@H]1CN(CC1=CC=CC2=CC=NC=C21)C(=O)[C@H]1C[C@H]1C,O=C1Cc2c(cccc2C(=O)NCC(CO)Nc2ccc(C(F)(F)F)nn2)N1,CCC[C@H]1C[C@@H]1CN(Cc1cccc2ccncc12)C(=O)[C@H]1C[C@H]1C,28,30,25,28,74.193680,,14,13,,,0,0,0,1,0,261,28,0,1023,1717,1717,907,704,1023,0,874,430,954,281,528,168,106,1689,580,1137,327,810,0,43,0
348,39,111,5133091,6419974,COC1=C(C)C=CC=C1CN(CCCCCF)CC1=C(F)C=NC=C1F,CCC1=CC(C)=CC(CN(C[C@@H]2CC=CCC2)C(=O)C2(O)CC(F)(F)C2)=C1,COc1c(C)cccc1CN(CCCCCF)Cc1c(F)cncc1F,CCc1cc(C)cc(CN(C[C@@H]2CC=CCC2)C(=O)C2(O)CC(F)(F)C2)c1,26,27,27,29,220.776840,,20,20,,,0,0,0,1,0,234,27,0,930,2116,2116,774,2061,930,0,716,222,1495,172,1874,353,119,2089,611,1505,163,1342,0,50,0
349,610,444,9252596,48293,CN(CCC1=CC=CC=C1F)C(C(=O)NC1CC(F)(F)C1)C1=NN2C=CC=CC2=C1,C=CCC(CC(F)F)C(=O)N[C@H]1CCC[C@H]1O,CN(CCc1ccccc1F)C(C(=O)NC1CC(F)(F)C1)c1cc2ccccn2n1,C=CCC(CC(F)F)C(=O)N[C@H]1CCC[C@H]1O,30,33,17,17,4.143054,,11,10,,,0,0,0,1,0,42,17,2,149,183,183,133,33,149,1,121,79,52,36,14,3,1,166,85,98,48,50,0,18,0
350,353,746,5603307,6746942,COC(C(=O)NCCOC1CCCC1)C1CN(C(=O)C2=NOC(C)(C)C2)C1,CC(C)[C@@H](NC(=O)NCC1=NN(C)C2=C1COCC2)C1=NN=C2C=CC=CN21,COC(C(=O)NCCOC1CCCC1)C1CN(C(=O)C2=NOC(C)(C)C2)C1,CC(C)[C@@H](NC(=O)NCc1nn(C)c2c1COCC2)c1nnc2ccccn12,27,29,28,31,10.157845,,10,9,,,0,0,0,1,0,53,29,2,209,385,385,195,158,209,0,178,76,242,85,76,7,37,356,103,282,92,190,0,27,0
351,805,321,10189248,8779376,CN(CC1=CC=CC=C1)C(=O)CNC(=O)CNCC1CCCN(C(=O)OCC2=CC=CC=C2)C1,CC(C)(C)OC(=O)NC1CN(S(=O)(=O)C2=CNC3=C2C=CC=C3[N+](=O)[O-])C(C)(C)C1,CN(Cc1ccccc1)C(=O)CNC(=O)CNCC1CCCN(C(=O)OCc2ccccc2)C1,CC(C)(C)OC(=O)NC1CN(S(=O)(=O)c2c[nH]c3c([N+](=O)[O-])cccc23)C(C)(C)C1,34,36,30,32,6.409925,,11,10,,,0,0,0,1,0,49,32,6,189,290,290,178,120,189,1,161,80,148,64,52,8,6,258,123,167,55,112,0,26,0
352,446,620,3959197,2339736,CCC(C)OC1=CC=CC(NC(=O)C2=C3C=CC=CC3=NC(OC)=C2)=C1,CN1C=C(CNCC2=CC3=CC(Br)=CC=C3OC2)C2=CC=CC=C21,CCC(C)Oc1cccc(NC(=O)c2cc(OC)nc3ccccc23)c1,Cn1cc(CNCC2=Cc3cc(Br)ccc3OC2)c2ccccc21,26,28,24,27,135.352814,,20,20,,,0,0,0,1,0,523,27,2,2086,3059,3059,1824,700,2086,0,1777,971,1330,761,573,67,1,3032,1446,1613,378,1235,0,35,0
353,523,118,9042743,8758240,COCCCC(=O)NCC(=O)N1CCC(NC2=CC=C([N+](=O)[O-])C(C(F)F)=C2)CC1,COC(=O)C12CC(CN1CC1=CC=CC=C1)N(C(=O)C1=CC([N+](=O)[O-])=CC(Br)=C1)C2,COCCCC(=O)NCC(=O)N1CCC(Nc2ccc([N+](=O)[O-])c(C(F)F)c2)CC1,COC(=O)C12CC(CN1Cc1ccccc1)N(C(=O)c1cc(Br)cc([N+](=O)[O-])c1)C2,30,31,30,33,46.732513,,17,16,,,0,0,0,1,0,244,31,2,965,1271,1271,816,957,965,0,793,448,990,312,386,27,67,1240,572,699,244,455,0,30,0
354,394,921,9186114,103322,CC1=C(F)C(F)=CC=C1CN(CC1CCC2(CC2)CO1)C(=O)CC1=CC=CC=C1O,C[C@@H](NC(=O)C1=CC2=C(C=CO2)N1C)C(C)(C)O,Cc1c(CN(CC2CCC3(CC3)CO2)C(=O)Cc2ccccc2O)ccc(F)c1F,C[C@@H](NC(=O)c1cc2occc2n1C)C(C)(C)O,30,33,18,19,11.101988,,14,13,,,0,0,0,1,0,78,19,0,300,470,470,262,177,300,0,240,106,281,116,83,21,40,451,163,307,99,208,0,22,0
355,590,194,10231444,28582,CCCCN1N=NN=C1C1(NC2=C(C)N(C3=CC=CC(Cl)=C3)N=C2)CCN(C2CCCC2)CC1,CCC=C(C)C(=O)NCCN1CCCC1C,CCCCn1nnnc1C1(Nc2cnn(-c3cccc(Cl)c3)c2C)CCN(C2CCCC2)CC1,CCC=C(C)C(=O)NCCN1CCCC1C,34,38,16,16,2.638976,,12,11,,,0,0,0,1,0,30,16,2,117,129,129,105,44,117,1,87,65,43,20,9,6,1,113,63,66,42,24,0,14,0
356,260,45,6177611,8243543,CC1=NC(N[C@@H](C)CNC(=O)C2=CC=C(F)C(CC#N)=C2)=CC(C(F)F)=N1,C=C(F)C1(CC(=O)N2CCN(C(=O)C3=NNC4=CN=CC=C43)C(C)C2C)CCC1,Cc1nc(N[C@@H](C)CNC(=O)c2ccc(F)c(CC#N)c2)cc(C(F)F)n1,C=C(F)C1(CC(=O)N2CCN(C(=O)c3n[nH]c4cnccc34)C(C)C2C)CCC1,27,28,29,32,31.207426,,16,15,,,0,0,0,1,0,117,28,1,459,726,726,421,245,459,0,406,186,484,198,37,10,68,698,281,445,140,305,0,27,0
357,725,446,9142561,3959197,CCN1N=NN=C1C(NC1=CC=C(N2C=C(C)C=N2)C=C1)C1=CC2=NC=CC=C2S1,CCC(C)OC1=CC=CC(NC(=O)C2=C3C=CC=CC3=NC(OC)=C2)=C1,CCn1nnnc1C(Nc1ccc(-n2cc(C)cn2)cc1)c1cc2ncccc2s1,CCC(C)Oc1cccc(NC(=O)c2cc(OC)nc3ccccc23)c1,30,34,26,28,44.246441,,16,16,,,0,0,0,1,0,225,28,5,892,1118,1118,769,311,892,1,736,481,601,256,27,9,78,1090,543,575,226,349,0,32,0
358,1,532,10338086,2975870,CC1=CC=C(F)C(N2C=C(CC3(C(=O)O)CCN(C(=O)[C@@H](CCC4=CC=CC=C4)N(C)C)C3)N=N2)=C1,CC1=CC2=C(C=C1CNC(=O)C1=C(F)C(C(F)(F)F)=NC=C1)N=CN2,Cc1ccc(F)c(-n2cc(CC3(C(=O)O)CCN(C(=O)[C@@H](CCc4ccccc4)N(C)C)C3)nn2)c1,Cc1cc2[nH]cnc2cc1CNC(=O)c1ccnc(C(F)(F)F)c1F,36,39,25,27,132.853333,,17,16,,,0,0,0,1,0,339,27,0,1349,2694,2694,1218,1449,1349,0,1195,392,1819,660,1079,139,143,2667,931,1763,287,1476,0,36,0
359,947,825,1899745,6852006,CCCC1=CC(C(=O)NC(C)(C)CNC(=O)C2=CNN=C2)=NO1,CC1=NOC(CC(=O)N2CC(OCCC(=O)NCC3=CC=C(F)N=C3C)C2)=C1,CCCc1cc(C(=O)NC(C)(C)CNC(=O)c2cn[nH]c2)no1,Cc1cc(CC(=O)N2CC(OCCC(=O)NCc3ccc(F)nc3C)C2)on1,23,24,28,30,7.384594,,10,9,,,0,0,0,1,0,57,24,1,218,318,318,178,156,218,1,169,83,217,61,55,11,32,294,103,215,75,140,0,23,0
360,551,703,3108760,6291509,CC1=C(CCNC(=O)NCC(=O)N2CCCO2)C2=CC(Cl)=CC=C2N1,CC(NCCNC(=O)C1=CN=CC=N1)(C1=NN=NN1CCC1CC1)C1CC1,Cc1[nH]c2ccc(Cl)cc2c1CCNC(=O)NCC(=O)N1CCCO1,CC(NCCNC(=O)c1cnccn1)(c1nnnn1CCC1CC1)C1CC1,25,27,27,30,11.925427,,11,10,,,0,0,0,1,0,64,27,3,250,398,398,229,97,250,0,213,102,182,81,57,22,29,371,121,277,108,169,0,24,0
361,736,962,3920092,9950067,CCCCCCNC(=O)C(N1CCCC(C)(C)C1C#N)C1(CC)CC1,COC1=CC=C(CN(CC2=NNC3=CC(C#N)=CC=C32)CC2CCCC(F)(F)C2)N=C1C,CCCCCCNC(=O)C(N1CCCC(C)(C)C1C#N)C1(CC)CC1,COc1ccc(CN(Cc2n[nH]c3cc(C#N)ccc23)CC2CCCC(F)(F)C2)nc1C,25,26,32,35,58.643597,,15,14,,,0,0,0,1,0,158,26,1,626,1435,1435,558,1526,626,0,511,178,974,143,1403,212,89,1409,382,1053,176,877,0,61,0
362,759,754,8626595,9496029,CC1=CC(C(=O)N(CC2=C3C=CN(C)C3=CC=C2)C[C@@H]2CCCC[C@H]2O)=CC=N1,CC1=NC(NC[C@]23CCC[C@H]2CN(C(=O)[C@@H](CCC(N)=O)N(C)C)C3)=C2C=NNC2=N1,Cc1cc(C(=O)N(Cc2cccc3c2ccn3C)C[C@@H]2CCCC[C@H]2O)ccn1,Cc1nc(NC[C@]23CCC[C@H]2CN(C(=O)[C@@H](CCC(N)=O)N(C)C)C3)c2cn[nH]c2n1,29,32,31,34,341.623749,,18,17,,,0,0,0,1,0,706,32,1,2815,5840,5840,2560,2315,2815,1,2513,926,3396,1051,2165,552,431,5808,1695,4145,865,3280,0,56,0
363,686,201,2090176,6436717,CC1=CC(O)=CC(C)=C1CC(=O)NCCCC1=CC=C(Cl)C=C1Cl,CCC1=NC(CN(CC(=O)NC2CCCC2)C(=O)CC(C)(C)C(C)C)=CS1,Cc1cc(O)cc(C)c1CC(=O)NCCCc1ccc(Cl)cc1Cl,CCc1nc(CN(CC(=O)NC2CCCC2)C(=O)CC(C)(C)C(C)C)cs1,24,25,27,28,9.639883,,12,11,,,0,0,0,1,0,84,25,3,320,398,398,286,60,320,1,282,198,119,59,29,7,16,373,161,237,125,112,0,22,0
364,372,441,6101868,4468789,C#CC1=CC=C(C(=O)N2CC[C@@H](N(C)C(=O)[C@H](C)C3=CC=CC=C3)C2)C=N1,COC1=CN=NC(C(=O)NCC2=C(C(=O)N3CCC[C@H]3CO)C=CO2)=C1,C#Cc1ccc(C(=O)N2CC[C@@H](N(C)C(=O)[C@H](C)c3ccccc3)C2)cn1,COc1cnnc(C(=O)NCc2occc2C(=O)N2CCC[C@H]2CO)c1,27,29,26,28,9.291747,,12,11,,,0,0,0,1,0,67,28,6,261,326,326,227,147,261,3,197,125,177,53,41,27,22,298,157,169,70,99,0,36,0
365,71,971,4769611,7431360,CC(C)(C)CCCCC(=O)N1CC(CCNC(=O)C2=CC=NC=C2F)C1,CCN1C(C)=CC(C(=O)N2CCC(N3C=C(CCC4CCOC4)N=N3)C2)=C1C,CC(C)(C)CCCCC(=O)N1CC(CCNC(=O)c2ccncc2F)C1,CCn1c(C)cc(C(=O)N2CCC(n3cc(CCC4CCOC4)nn3)C2)c1C,26,27,28,31,22.170803,,13,12,,,0,0,0,1,0,170,27,1,671,880,880,614,140,671,1,593,357,373,229,3,2,34,853,464,416,150,266,0,27,0
366,680,942,1599510,3345666,OC1(CC2CC2)CCN(CC2=C(F)C(C(F)(F)F)=CC=C2Br)C1,CC(C)C1=NC(C(=O)N[C@]2(C(=O)NCCN3C=NN=C3)C[C@H]2C)=CO1,OC1(CC2CC2)CCN(Cc2c(Br)ccc(C(F)(F)F)c2F)C1,CC(C)c1nc(C(=O)N[C@]2(C(=O)NCCn3cnnc3)C[C@H]2C)co1,23,25,25,27,11.487112,,9,8,,,0,0,0,1,0,60,25,5,230,382,382,209,53,230,1,200,94,177,90,25,5,45,357,80,302,129,173,0,20,0
367,338,638,9637513,9415663,CC1=C2C=C(CN(CC3=CN(C4=CC=CC=C4)N=C3)CC3[C@H](C)[C@H]3C)C=CC2=NN1C,C#CCC1(C(=O)NC[C@@H]2CCC[C@H](CNC(=O)C=C(C)C3=CC=CO3)C2)CCOCC1,Cc1c2cc(CN(Cc3cnn(-c4ccccc4)c3)CC3[C@H](C)[C@H]3C)ccc2nn1C,C#CCC1(C(=O)NC[C@@H]2CCC[C@H](CNC(=O)C=C(C)c3ccco3)C2)CCOCC1,31,35,31,33,33.947193,,17,17,,,0,0,0,1,0,169,33,8,656,620,620,507,282,656,3,456,356,321,102,39,24,8,587,248,372,259,113,0,29,0
368,321,679,8779376,46259,CC(C)(C)OC(=O)NC1CN(S(=O)(=O)C2=CNC3=C2C=CC=C3[N+](=O)[O-])C(C)(C)C1,COC(C)(C)CC(=O)NCC(C)N1C=CC=N1,CC(C)(C)OC(=O)NC1CN(S(=O)(=O)c2c[nH]c3c([N+](=O)[O-])cccc23)C(C)(C)C1,COC(C)(C)CC(=O)NCC(C)n1cccn1,30,32,17,17,2.198597,,9,8,,,0,0,0,1,0,29,17,1,108,129,129,98,26,108,0,92,62,34,16,6,4,0,112,42,87,56,31,0,16,0
369,868,127,7961506,2363158,CN(C1=CC=C(CNC(=O)NC2=NC=CC=C2OCCF)C=C1)C1CCCCC1,CN(CC1(C#N)CCC1)C(=O)C(=O)NCC1=CC=C(C2CC2)C=C1,CN(c1ccc(CNC(=O)Nc2ncccc2OCCF)cc1)C1CCCCC1,CN(CC1(C#N)CCC1)C(=O)C(=O)NCc1ccc(C2CC2)cc1,29,31,24,26,13.767968,,10,10,,,0,0,0,1,0,58,26,1,228,384,384,201,115,228,0,179,78,216,90,56,8,56,358,133,251,68,183,0,26,0
370,737,921,1780029,103322,CSCC(=O)N[C@H](CC(=O)N1C[C@@H](C)[C@H](C(N)=O)C1)CC(C)C,C[C@@H](NC(=O)C1=CC2=C(C=CO2)N1C)C(C)(C)O,CSCC(=O)N[C@H](CC(=O)N1C[C@@H](C)[C@H](C(N)=O)C1)CC(C)C,C[C@@H](NC(=O)c1cc2occc2n1C)C(C)(C)O,23,23,18,19,4.820855,,12,11,,,0,0,0,1,0,39,19,3,151,215,215,128,90,151,2,110,60,136,39,22,13,34,196,64,151,64,87,0,19,0
371,307,519,5958515,8176671,CC[C@H]1CC[C@H](C(=O)N2CCC(CF)(NC(=O)C3CCCCCC3)C2)CC1,CCC1=CC=C(C(=O)N2CCCC[C@H]2CN(C)C(=O)CCNC2=CC=CC=N2)N1,CC[C@H]1CC[C@H](C(=O)N2CCC(CF)(NC(=O)C3CCCCCC3)C2)CC1,CCc1ccc(C(=O)N2CCCC[C@H]2CN(C)C(=O)CCNc2ccccn2)[nH]1,27,29,29,31,101.482056,,18,17,,,0,0,0,1,0,627,29,1,2499,3590,3590,2280,877,2499,0,2253,1193,1676,984,482,75,39,3561,1796,1794,484,1310,0,40,0
372,316,682,8497143,9171056,CC(C)(C)CCN1C=C(C2=CC=NC(C(=O)N3CC(CN4C=CC=N4)C3)=C2)N=N1,CC(=O)NC1CCN(C2=NC(NC(CC(C)C)CC(C)C)=C3C(=N2)C=NN3C)CC1,CC(C)(C)CCn1cc(-c2ccnc(C(=O)N3CC(Cn4cccn4)C3)c2)nn1,CC(=O)NC1CCN(c2nc(NC(CC(C)C)CC(C)C)c3c(cnn3C)n2)CC1,29,32,30,32,26.354351,,12,11,,,0,0,0,1,0,137,32,0,544,901,901,491,160,544,0,476,194,476,234,60,31,108,869,293,608,198,410,0,32,0
373,418,334,5513770,9829448,C#CCCCCCNC(=O)[C@H]1CCC[C@H](NC(=O)C23CCC(C)(C2)OC3)C1,CC1=NC(NCCCO[C@@H]2CCN(C(=O)C3=CC=C([C@H](O)C4CC4)C=C3)C2)=NC(C)=C1C,C#CCCCCCNC(=O)[C@H]1CCC[C@H](NC(=O)C23CCC(C)(C2)OC3)C1,Cc1nc(NCCCO[C@@H]2CCN(C(=O)c3ccc([C@H](O)C4CC4)cc3)C2)nc(C)c1C,27,29,32,35,40.977772,,15,14,,,0,0,0,1,0,213,29,1,844,1519,1519,770,930,844,0,748,361,1055,289,595,92,132,1490,618,901,152,749,0,39,0
374,412,713,1294583,1020902,CC[C@H](O)C(=O)NCC1=C(C(=O)N[C@H](C)CCOC)OC=C1,CCCCC1=NC(C)=C(C(=O)N(C)C2CN(C)S(=O)(=O)C2)S1,CC[C@H](O)C(=O)NCc1ccoc1C(=O)N[C@H](C)CCOC,CCCCc1nc(C)c(C(=O)N(C)C2CN(C)S(=O)(=O)C2)s1,22,22,22,23,2.612967,,10,9,,,0,0,0,1,0,25,22,5,94,112,112,82,48,94,1,70,51,53,12,3,2,7,90,37,75,45,30,0,17,0
375,302,567,5897791,10058109,CCC1=NNC(C(=O)N2C[C@@H]3C[C@H]2CN3C(=O)CCCN2C=CN=C2)=C1C,COC(=O)C1=CC=CC=C1CN1C=C([C@@H]2CCCN2C(=O)C2=CN=C(C)C(C(C)=O)=C2)N=N1,CCc1n[nH]c(C(=O)N2C[C@@H]3C[C@H]2CN3C(=O)CCCn2ccnc2)c1C,COC(=O)c1ccccc1Cn1cc([C@@H]2CCCN2C(=O)c2cnc(C)c(C(C)=O)c2)nn1,27,30,33,36,102.609398,,19,18,,,0,0,0,1,0,566,30,0,2249,3446,3446,1991,1129,2249,0,1983,976,2109,791,445,194,363,3416,1319,2127,672,1455,0,38,0
376,130,196,7266784,9156181,C[C@H](O)[C@H](C(=O)N1CCC(C)(CNC(=O)CCC2=CC=CC=C2F)C1)N(C)C,C[C@H]1CN(C2=NC3=CC=CC=C3N=C2NCCC2=CC=CC(C3CC3)=C2)C[C@H](C)O1,C[C@H](O)[C@H](C(=O)N1CCC(C)(CNC(=O)CCc2ccccc2F)C1)N(C)C,C[C@H]1CN(c2nc3ccccc3nc2NCCc2cccc(C3CC3)c2)C[C@H](C)O1,28,29,30,34,12.349619,,12,11,,,0,0,0,1,0,80,29,3,309,479,479,284,178,309,1,262,131,220,95,122,32,19,450,181,298,103,195,0,29,0
377,430,680,4050179,1599510,CN1C=CN=C1SCC1=CC=C(C(=O)N2CCC3=C(C=CN=C3N)C2)O1,OC1(CC2CC2)CCN(CC2=C(F)C(C(F)(F)F)=CC=C2Br)C1,Cn1ccnc1SCc1ccc(C(=O)N2CCc3c(ccnc3N)C2)o1,OC1(CC2CC2)CCN(Cc2c(Br)ccc(C(F)(F)F)c2F)C1,26,29,23,25,40.602531,,16,15,,,0,0,0,1,0,182,25,5,726,1079,1079,629,406,726,1,599,327,649,231,181,51,76,1054,472,607,157,450,0,41,0
378,962,388,9950067,9410350,COC1=CC=C(CN(CC2=NNC3=CC(C#N)=CC=C32)CC2CCCC(F)(F)C2)N=C1C,CCC1=CNC(=O)C(C(=O)N2CCN(C(=O)C3=CC(Cl)=CC=N3)CC3CCCCC32)=C1,COc1ccc(CN(Cc2n[nH]c3cc(C#N)ccc23)CC2CCCC(F)(F)C2)nc1C,CCc1c[nH]c(=O)c(C(=O)N2CCN(C(=O)c3cc(Cl)ccn3)CC3CCCCC32)c1,32,35,31,34,92.181633,,22,22,,,0,0,0,1,0,388,34,4,1539,2049,2049,1213,1936,1539,0,1129,605,1698,258,1020,320,40,2015,1018,1031,195,836,0,43,0
379,693,766,867295,2760909,CCC(CC)CCC(=O)NC(CC1CC1)C(=O)N(C)CC,CC1=C(C)CN(C2=NC=CC(NCC3=CC=CC4=C3C=NN4)=N2)C1,CCC(CC)CCC(=O)NC(CC1CC1)C(=O)N(C)CC,CC1=C(C)CN(c2nccc(NCc3cccc4[nH]ncc34)n2)C1,21,21,24,27,3.875072,,10,9,,,0,0,0,1,0,31,21,2,116,158,158,108,41,116,0,82,49,61,33,9,7,13,137,62,96,46,50,0,25,0
380,924,178,9497594,2897124,CC(CC(=O)NC[C@H]1C[C@H]1NC1=NC=NC2=CC([N+](=O)[O-])=CC=C21)C1=CC=CC(F)=C1,CCC(C)(CCCNC(=O)C1=CC=C(C#N)C=C1OC)C1OCCO1,CC(CC(=O)NC[C@H]1C[C@H]1Nc1ncnc2cc([N+](=O)[O-])ccc12)c1cccc(F)c1,CCC(C)(CCCNC(=O)c1ccc(C#N)cc1OC)C1OCCO1,31,34,25,26,14.731628,,13,12,,,0,0,0,1,0,87,26,7,334,424,424,296,111,334,2,280,181,208,92,6,4,22,398,188,236,108,128,0,20,0
381,630,582,4381149,8551964,C[C@H]1[C@H](CNC(=O)[C@@H]2C[C@@H](F)CN2C(=O)C2=CC=C(C(N)=O)O2)C1(F)F,C[C@H]1CCN(C2=NC3=C(CCCCC3)C(N3CCC4(CC3)COC(CO)C4)=N2)C1,C[C@H]1[C@H](CNC(=O)[C@@H]2C[C@@H](F)CN2C(=O)c2ccc(C(N)=O)o2)C1(F)F,C[C@H]1CCN(c2nc3c(c(N4CCC5(CC4)COC(CO)C5)n2)CCCCC3)C1,26,28,29,33,11.860076,,13,12,,,0,0,0,1,0,72,28,6,285,382,382,244,108,285,1,235,154,206,61,12,7,49,354,140,242,104,138,0,25,0
382,308,415,2580761,4561994,CC1=CC(NC(=O)C(C)NC(=O)C2CCC(=O)NC2)=CC(C)=C1O,O=C(CCCN1C=CC=N1)NC(CC1CCC1)C(=O)NCCC#CCO,Cc1cc(NC(=O)C(C)NC(=O)C2CCC(=O)NC2)cc(C)c1O,O=C(CCCn1cccn1)NC(CC1CCC1)C(=O)NCCC#CCO,24,25,26,27,22.209461,,14,13,,,0,0,0,1,0,166,25,0,641,920,920,545,244,641,0,535,247,525,252,69,21,67,895,399,521,146,375,0,25,0
383,561,853,499562,573979,CC(C)CCCCCNC(=O)C1=CN=C2CNCCN12,CC(CC#N)C(=O)N[C@@H](C)CNC(=O)C[C@@H](C)N(C)C,CC(C)CCCCCNC(=O)c1cnc2n1CCNC2,CC(CC#N)C(=O)N[C@@H](C)CNC(=O)C[C@@H](C)N(C)C,20,21,20,19,3.448942,,11,10,,,0,0,0,1,0,40,19,1,142,178,178,126,76,142,0,115,69,105,39,1,0,5,159,81,97,45,52,0,18,0
384,0,311,9321037,5615921,CC(NC(=O)NC1=CC=C(C2(C)NC(=O)N(C)C2=O)C=C1)C1=CC=C(S(C)(=O)=O)C=C1,COC(=O)NC1CN(C(=O)C2=CC(CNC(=O)C3(CC(C)=O)CC3)=CS2)C1,CC(NC(=O)Nc1ccc(C2(C)NC(=O)N(C)C2=O)cc1)c1ccc(S(C)(=O)=O)cc1,COC(=O)NC1CN(C(=O)c2cc(CNC(=O)C3(CC(C)=O)CC3)cs2)C1,31,33,27,29,10.488583,,11,10,,,0,0,0,1,0,66,29,2,264,420,420,233,188,264,0,212,81,297,103,49,22,49,391,131,289,102,187,0,30,0
385,293,215,7830326,6920235,CCCN1C=C(NC(=O)N(CC2=NN(CC)N=C2)CC2CCC23CCC3)C=N1,C#CC1(C(=O)NCC(CCC)CCCC)CCN(C(=O)C2=NOC=C2C)CC1,CCCn1cc(NC(=O)N(Cc2cnn(CC)n2)CC2CCC23CCC3)cn1,C#CC1(C(=O)NCC(CCC)CCCC)CCN(C(=O)c2nocc2C)CC1,28,31,28,29,14.597495,,12,11,,,0,0,0,1,0,79,29,3,313,437,437,250,282,313,0,224,108,349,101,86,15,21,408,131,306,119,187,0,26,0
386,440,804,3107984,9544173,CC1=NC(CNC(=O)N2CCC(N3C=CN=N3)CC2)=C2CCCCN12,CC(=O)NC1=CN=C(C)C(C(=O)N(CC2=CN(C3=CC=C(Cl)C(F)=C3)N=N2)C2CC2)=C1,Cc1nc(CNC(=O)N2CCC(n3ccnn3)CC2)c2n1CCCC2,CC(=O)Nc1cnc(C)c(C(=O)N(Cc2cn(-c3ccc(Cl)c(F)c3)nn2)C2CC2)c1,25,28,31,34,17.284470,,13,12,,,0,0,0,1,0,110,28,0,426,570,570,361,228,426,0,329,195,335,116,71,22,60,542,242,328,119,209,0,28,0
387,593,621,247809,1945448,CN1N=CC(CNCCC2=CNN=N2)=C1S(N)(=O)=O,COCC(C)N1C=C(COCC(=O)N(C)CC2CCCC2)N=N1,Cn1ncc(CNCCc2c[nH]nn2)c1S(N)(=O)=O,COCC(C)n1cc(COCC(=O)N(C)CC2CCCC2)nn1,19,20,23,24,2.064837,,7,6,,,0,0,0,1,0,25,20,4,94,122,122,84,22,94,0,74,47,38,21,0,0,7,102,44,78,40,38,0,16,0
388,670,329,1785915,2878372,C=CC(CC)C(=O)N[C@@H](CC(=C)C)C(=O)N[C@@H](C)C1=CSC=N1,CC(C)C(=O)C1=CN=CC=C1NC(=O)COC1=CC=C(C#N)C=C1Cl,C=CC(CC)C(=O)N[C@@H](CC(=C)C)C(=O)N[C@@H](C)c1cscn1,CC(C)C(=O)c1cnccc1NC(=O)COc1ccc(C#N)cc1Cl,23,23,25,26,3.532077,,9,8,,,0,0,0,1,0,27,23,4,107,153,153,90,84,107,0,77,40,113,29,11,2,19,130,43,110,47,63,0,19,0
389,476,452,1462587,4615591,CC(C)(NC(=O)C1=CC2=CC=CC=C2C=N1)C1=CC(Br)=CC=N1,CN(CCOCCC(=O)NCC(F)C1=CC=CC=C1)C(=O)[C@@H]1CCOC1,CC(C)(NC(=O)c1cc2ccccc2cn1)c1cc(Br)ccn1,CN(CCOCCC(=O)NCC(F)c1ccccc1)C(=O)[C@@H]1CCOC1,23,25,26,27,9.645473,,12,11,,,0,0,0,1,0,70,25,1,277,387,387,251,117,277,0,224,131,182,80,42,16,27,362,141,246,110,136,0,27,0
390,452,691,4615591,1837898,CN(CCOCCC(=O)NCC(F)C1=CC=CC=C1)C(=O)[C@@H]1CCOC1,CC(F)CC(=O)NCCC(C)(C)C(=O)N1CCC12CCSCC2,CN(CCOCCC(=O)NCC(F)c1ccccc1)C(=O)[C@@H]1CCOC1,CC(F)CC(=O)NCCC(C)(C)C(=O)N1CCC12CCSCC2,26,27,23,24,9.236271,,12,11,,,0,0,0,1,0,71,24,2,271,444,444,225,475,271,1,214,113,337,65,327,25,24,420,127,317,98,219,0,23,0
391,218,523,9306769,9042743,NC(=O)C1CCCN(CCCNC(=O)NC(C2=CC=C(Cl)C=C2)C2=CC=C(Cl)C=C2)C1,COCCCC(=O)NCC(=O)N1CCC(NC2=CC=C([N+](=O)[O-])C(C(F)F)=C2)CC1,NC(=O)C1CCCN(CCCNC(=O)NC(c2ccc(Cl)cc2)c2ccc(Cl)cc2)C1,COCCCC(=O)NCC(=O)N1CCC(Nc2ccc([N+](=O)[O-])c(C(F)F)c2)CC1,31,33,30,31,13.313101,,12,11,,,0,0,0,1,0,89,31,6,345,533,533,308,153,345,0,298,149,332,130,12,4,65,502,205,328,103,225,0,27,0
392,484,812,2194018,7391471,CCOC(=O)[C@H]1C[C@@H]1C(=O)OCCN1C2=CC=C(Br)C=C2N=C1N,C=C1CCC(C(=O)N2CC3CN(C(=O)C4=C(F)C=NC=C4C)CC(C2)O3)CC1,CCOC(=O)[C@H]1C[C@@H]1C(=O)OCCn1c(N)nc2cc(Br)ccc21,C=C1CCC(C(=O)N2CC3CN(C(=O)c4c(C)cncc4F)CC(C2)O3)CC1,24,26,28,31,11.099784,,13,12,,,0,0,0,1,0,55,26,1,214,371,371,202,87,214,0,200,111,191,63,39,3,51,345,151,220,51,169,0,25,0
393,922,982,7781499,1527277,CCCCCCN(CC1=CC=C2NC(=O)OC2=C1)CC1=CC=C(OC)N=C1C,CCC1CN(C2=NC=C(C3=CC(OC)=CC=C3)S2)CCC1(F)F,CCCCCCN(Cc1ccc2[nH]c(=O)oc2c1)Cc1ccc(OC)nc1C,CCC1CN(c2ncc(-c3cccc(OC)c3)s2)CCC1(F)F,28,30,23,25,5.715770,,9,9,,,0,0,0,1,0,46,25,4,174,218,218,146,85,174,1,131,78,121,41,9,6,19,193,99,119,47,72,0,21,0
394,815,753,3432128,3617621,C[C@@H]1C[C@@H](C(=O)NCC2=CC=CC=C2O)N(C(=O)CC2CC=CC2)C1,CCN(C(=O)C1=NC=CC=N1)C1CCN(C(=O)C2=CC(C)(C)C2)CC1,C[C@@H]1C[C@@H](C(=O)NCc2ccccc2O)N(C(=O)CC2CC=CC2)C1,CCN(C(=O)c1ncccn1)C1CCN(C(=O)C2=CC(C)(C)C2)CC1,25,27,25,27,26.486977,,13,12,,,0,0,0,1,0,171,27,1,675,1044,1044,631,122,675,0,610,298,411,262,96,45,60,1017,434,610,197,413,0,31,0
395,173,674,4765778,1957771,COCC1(CC(=O)N(CCNC(=O)C2=CN(C)C(=O)N2C)C(C)C)CC1,CC1=CN=C(NCCC2=CNN=N2)N=C1N1CCC(CF)CC1,COCC1(CC(=O)N(CCNC(=O)c2cn(C)c(=O)n2C)C(C)C)CC1,Cc1cnc(NCCc2c[nH]nn2)nc1N1CCC(CF)CC1,26,27,23,25,8.450220,,10,9,,,0,0,0,1,0,64,25,3,247,344,344,215,74,247,0,202,111,164,75,13,7,31,319,125,219,90,129,0,24,0
396,86,290,2966459,7838366,COC(=O)[C@@H]1CCC[C@@H]1NC(=O)C1CCC2=CC=CC=C2N(C)C1=O,C[C@@H]1CN(C)C(=O)CN1C(C(=O)NCCOCC1=CC=CC=C1)C1=CSN=N1,COC(=O)[C@@H]1CCC[C@@H]1NC(=O)C1CCc2ccccc2N(C)C1=O,C[C@@H]1CN(C)C(=O)CN1C(C(=O)NCCOCc1ccccc1)c1csnn1,25,27,28,30,17.669668,,8,7,,,0,0,0,1,0,94,27,0,363,607,607,317,116,363,0,309,133,346,150,32,7,96,580,170,437,147,290,0,27,0
397,527,679,416008,46259,COC1(CNC2=NC=C(C#N)N2C)CC(C)CC(C)C1,COC(C)(C)CC(=O)NCC(C)N1C=CC=N1,COC1(CNc2ncc(C#N)n2C)CC(C)CC(C)C1,COC(C)(C)CC(=O)NCC(C)n1cccn1,20,21,17,17,1.272253,,7,6,,,0,0,0,1,0,20,17,2,78,95,95,72,14,78,0,68,47,14,6,6,4,0,78,37,58,35,23,0,15,0
398,648,634,7753473,8570018,CC1C(CN(CC2=CC=C(CF)C=C2)C(=O)CNC(=O)CN(C)C)CC1(C)C,C1=NC=NC(N2CC(NC3=NC(N4CCCN(C5CCCC5)CC4)=NC=N3)C2)=C1,CC1C(CN(Cc2ccc(CF)cc2)C(=O)CNC(=O)CN(C)C)CC1(C)C,c1cc(N2CC(Nc3ncnc(N4CCCN(C5CCCC5)CC4)n3)C2)ncn1,28,29,29,33,25.123184,,13,12,,,0,0,0,1,0,117,29,3,455,720,720,415,121,455,0,384,166,309,176,83,47,59,691,305,415,110,305,0,35,0
399,343,95,748696,9309198,CC(C)C1=CC=C2OCC[C@H](NCCN3C=CN=N3)C2=C1,COC1=CC=C(CC2CCN(C(=O)C3=CC=C(N4C=NC5=CC=CC=C54)C=C3)C2)C=C1,CC(C)c1ccc2c(c1)[C@@H](NCCn1ccnn1)CCO2,COc1ccc(CC2CCN(C(=O)c3ccc(-n4cnc5ccccc54)cc3)C2)cc1,21,23,31,35,44.181969,,14,13,,,0,0,0,1,0,170,23,2,672,996,996,588,272,672,1,574,319,449,204,209,44,42,973,383,613,205,408,0,21,0
400,838,974,5886891,3767260,COC1(C)CN(CC(=O)N(C)C2CCN(C(=O)C3=CC(C#N)=CN3)CC2)C1,CN(CC1=CN(CCC(=O)O)N=N1)C(=O)CCCN1C=CC=CC1=O,COC1(C)CN(CC(=O)N(C)C2CCN(C(=O)c3cc(C#N)c[nH]3)CC2)C1,CN(Cc1cn(CCC(=O)O)nn1)C(=O)CCCn1ccccc1=O,27,29,25,26,9.601597,,13,12,,,0,0,0,1,0,74,26,2,289,346,346,259,82,289,0,230,154,108,57,34,24,7,320,141,205,118,87,0,28,0
401,769,240,2464715,7246223,CCCOCC(=O)N1CCC2CC2(C(=O)NCC2(O)CSC2)CC1,CC(C)C(F)C(=O)N1CCN(C(=O)C2=COC3=CC=CC=C32)CC1C1CCC1,CCCOCC(=O)N1CCC2CC2(C(=O)NCC2(O)CSC2)CC1,CC(C)C(F)C(=O)N1CCN(C(=O)c2coc3ccccc23)CC1C1CCC1,24,26,28,31,32.665295,,12,11,,,0,0,0,1,0,127,26,2,504,1024,1024,459,680,504,1,437,192,754,170,466,73,107,998,267,757,192,565,0,25,0
402,688,317,5365216,5061301,CCN(CC)CC1CCN(C(=O)NC2=CC(C(=O)OC)=CN3C=CN=C23)C1,CC1(C(=O)N(CC2=CC(F)=CC=C2O)C[C@@H]2CCC(=O)N2)CCCCC1,CCN(CC)CC1CCN(C(=O)Nc2cc(C(=O)OC)cn3ccnc23)C1,CC1(C(=O)N(Cc2cc(F)ccc2O)C[C@@H]2CCC(=O)N2)CCCCC1,27,29,26,28,41.481888,,13,12,,,0,0,0,1,0,123,28,1,488,998,998,444,254,488,0,404,126,599,204,179,87,194,970,210,788,234,554,0,27,0
403,230,825,980564,6852006,COC1=CC2=NC=C(C(=O)NC3=CC(Cl)=CC(Cl)=N3)N2C=C1,CC1=NOC(CC(=O)N2CC(OCCC(=O)NCC3=CC=C(F)N=C3C)C2)=C1,COc1ccn2c(C(=O)Nc3cc(Cl)cc(Cl)n3)cnc2c1,Cc1cc(CC(=O)N2CC(OCCC(=O)NCc3ccc(F)nc3C)C2)on1,22,24,28,30,13.977491,,13,12,,,0,0,0,1,0,73,24,2,279,513,513,256,157,279,0,242,106,312,123,78,5,67,489,173,340,83,257,0,22,0
404,203,150,5641571,6358870,C=CCC(CNC(=O)CCC1=NN(C)C=C1)C(=O)N1CCC2(CCCC2)C1,CCC1=NNC(C(=O)N(CCCNC(N)=O)CC2=CC(C)=CC(F)=C2)=C1C,C=CCC(CNC(=O)CCc1ccn(C)n1)C(=O)N1CCC2(CCCC2)C1,CCc1n[nH]c(C(=O)N(CCCNC(N)=O)Cc2cc(C)cc(F)c2)c1C,27,29,27,28,44.545753,,15,14,,,0,0,0,1,0,182,28,1,718,1075,1075,611,475,718,0,585,291,708,243,202,50,71,1047,416,659,195,464,0,29,0
405,25,47,7637054,3282808,C=C1CC2CC1CN2C1=NC(N2CCOC(C3=CC=C(C)S3)C2)=NC(NC)=N1,CCO[C@@H]1CCC[C@H]1NC(=O)C1CCCN1C(=O)C12CCC(CC1)C2,C=C1CC2CC1CN2c1nc(NC)nc(N2CCOC(c3ccc(C)s3)C2)n1,CCO[C@@H]1CCC[C@H]1NC(=O)C1CCCN1C(=O)C12CCC(CC1)C2,28,32,25,28,25.059954,,11,10,,,0,0,0,1,0,142,28,2,562,905,905,503,184,562,0,494,247,478,181,79,49,129,877,308,597,195,402,0,30,0
406,250,486,970568,5472619,CC1=CC=C(F)C=C1NC(=O)CC(C1=CC=CC=C1)C(C)C,C#CCOC1=CC(CNC(=O)C(=O)N2CCCCCC2C(=O)NC)=CC=C1,Cc1ccc(F)cc1NC(=O)CC(c1ccccc1)C(C)C,C#CCOc1cccc(CNC(=O)C(=O)N2CCCCCC2C(=O)NC)c1,22,23,27,28,11.643945,,11,10,,,0,0,0,1,0,88,23,1,338,449,449,296,101,338,0,282,163,176,88,54,23,14,426,188,261,108,153,0,29,0
407,625,870,5436299,1277142,CCC(C)C(NC(=O)C1=CC=C(NS(=O)(=O)C2=CC=CC=C2)C=C1)C(=O)O,CC/C=C/CC(=O)N[C@@H](COC)C(=O)NC1=CC(O)=CC=C1,CCC(C)C(NC(=O)c1ccc(NS(=O)(=O)c2ccccc2)cc1)C(=O)O,CC/C=C/CC(=O)N[C@@H](COC)C(=O)Nc1cccc(O)c1,27,28,22,22,5.313255,,10,9,,,0,0,0,1,0,47,22,1,188,252,252,167,90,188,1,153,86,142,57,12,3,17,230,112,140,55,85,0,22,0
408,786,74,8429886,7720307,CC(F)(CNC(=O)[C@H]1CC[C@H](C2=CC=CC=C2)C1)CNC1=NC=C2SC=CC2=N1,O=C1CCC(CC(=O)N(CCN2C=CC=CC2=O)CC2=CC(F)=CC(F)=C2)N1,CC(F)(CNC(=O)[C@H]1CC[C@H](c2ccccc2)C1)CNc1ncc2sccc2n1,O=C1CCC(CC(=O)N(CCn2ccccc2=O)Cc2cc(F)cc(F)c2)N1,29,32,28,30,27.290865,,13,12,,,0,0,0,1,0,121,30,0,477,790,790,431,144,477,0,409,177,411,222,61,2,68,760,330,460,101,359,0,31,0
409,466,424,3997278,6107964,O=C(/C=C/C1=CC=CC=C1)C(=O)NC1=CC=CC2=C(C3CC3)C=CC=C12,O=C(CCC1=CN=CO1)NC[C@H]1CCCN(C(=O)CN2CCOCC2=O)C1,O=C(/C=C/c1ccccc1)C(=O)Nc1cccc2c(C3CC3)cccc12,O=C(CCc1cnco1)NC[C@H]1CCCN(C(=O)CN2CCOCC2=O)C1,26,29,27,29,17.038565,,11,10,,,0,0,0,1,0,82,29,1,322,588,588,294,35,322,0,278,118,258,141,42,7,100,559,211,377,83,294,0,30,0
410,907,644,6101477,7872633,CN(C(=O)C1=CC(C(N)=O)=CO1)[C@H]1CCN(C(=O)CCC2CCOCC2)C1,CC1=CC=C(CCN(CC2CCCO2)C(=O)CSC2=CC=C([N+](=O)[O-])C=C2)C=C1,CN(C(=O)c1cc(C(N)=O)co1)[C@H]1CCN(C(=O)CCC2CCOCC2)C1,Cc1ccc(CCN(CC2CCCO2)C(=O)CSc2ccc([N+](=O)[O-])cc2)cc1,27,29,29,31,14.503216,,11,11,,,0,0,0,1,0,97,29,0,383,575,575,346,116,383,0,326,156,269,130,47,31,48,546,232,343,114,229,0,29,0
411,589,199,6811291,4455554,CCCC1(CO)CCCN1C(=O)C(=O)NC(CSC)CC1=CC=C(F)C=C1F,CCOCC1(C(=O)N[C@H]2CC[C@H](CC(=O)N(C)[C@H]3CCOC3=O)C2)CC1,CCCC1(CO)CCCN1C(=O)C(=O)NC(CSC)Cc1ccc(F)cc1F,CCOCC1(C(=O)N[C@H]2CC[C@H](CC(=O)N(C)[C@H]3CCOC3=O)C2)CC1,28,29,26,28,21.841337,,11,10,,,0,0,0,1,0,123,28,0,489,790,790,425,246,489,0,414,161,514,223,69,13,74,762,269,521,156,365,0,28,0
412,735,713,8858626,1020902,COC[C@H]1CC[C@@H]1C(=O)N[C@H](CC1CCOCC1)C(=O)N(C)CC1(OC)CCCC1,CCCCC1=NC(C)=C(C(=O)N(C)C2CN(C)S(=O)(=O)C2)S1,COC[C@H]1CC[C@@H]1C(=O)N[C@H](CC1CCOCC1)C(=O)N(C)CC1(OC)CCCC1,CCCCc1nc(C)c(C(=O)N(C)C2CN(C)S(=O)(=O)C2)s1,30,32,22,23,3.618926,,11,10,,,0,0,0,1,0,35,23,6,134,151,151,109,68,134,2,94,70,88,22,0,0,12,128,58,93,51,42,0,17,0
413,393,506,789945,3999241,COC1=CSC(C(=O)NCC2=CN=C(C(=O)O)C=C2C)=C1,COC(=O)[C@@H](CC1=NNC=C1)NC(=O)C1CCCN(C(=O)C(C)(C)C)C1,COc1csc(C(=O)NCc2cnc(C(=O)O)cc2C)c1,COC(=O)[C@@H](Cc1cc[nH]n1)NC(=O)C1CCCN(C(=O)C(C)(C)C)C1,21,22,26,27,11.534747,,16,15,,,0,0,0,1,0,82,22,2,321,380,380,269,279,321,0,231,143,277,79,84,27,0,358,170,210,99,111,0,22,0
414,409,249,265056,4332357,COCC1=NC=CC(CN2CC[C@H](O)[C@@H]2C2CC2)=N1,CC(CC(=O)NC1(C(=O)NC(C)CCN(C)C)CCCCC1)CN(C)C,COCc1nccc(CN2CC[C@H](O)[C@@H]2C2CC2)n1,CC(CC(=O)NC1(C(=O)NC(C)CCN(C)C)CCCCC1)CN(C)C,19,21,26,26,13.385110,,13,12,,,0,0,0,1,0,87,21,3,343,514,514,305,148,343,0,281,129,255,139,81,19,8,493,196,318,109,209,0,20,0
415,151,671,6361710,6371504,CSCCCN(CC1=NN(C)C2=CC=CC=C21)C(=O)C1=C(C2CC2)C=CO1,CC1=CC=CC=C1CN(CC[C@H]1CCO[C@H]1C)C(=O)COC1CCCOC1,CSCCCN(Cc1nn(C)c2ccccc12)C(=O)c1occc1C1CC1,Cc1ccccc1CN(CC[C@H]1CCO[C@H]1C)C(=O)COC1CCCOC1,27,30,27,29,70.806915,,20,19,,,0,0,0,1,0,233,29,0,924,1505,1505,814,590,924,0,778,392,733,245,516,148,79,1476,694,811,120,691,0,40,0
416,704,5,5775328,2557616,CC(C)(CNC(=O)[C@H]1C[C@H](N=[N+]=[N-])CN1C(=O)CC1(C#N)CC1)CC(F)F,CC1=COC(CNC(=O)[C@H]2CC=CC[C@H]2NC(=O)C=CC2CC2)=N1,CC(C)(CNC(=O)[C@H]1C[C@H](N=[N+]=[N-])CN1C(=O)CC1(C#N)CC1)CC(F)F,Cc1coc(CNC(=O)[C@H]2CC=CC[C@H]2NC(=O)C=CC2CC2)n1,27,28,24,26,5.165687,,12,11,,,0,0,0,1,0,40,26,4,145,174,174,116,104,145,2,96,61,120,33,14,0,15,148,63,111,53,58,0,23,0
417,914,768,7709021,5597798,C#CC1=CC=C(CN(CCCOCC2CCC2)C(=O)C2CCCOC2C)C=C1,CC1(CCC(=O)N2CCS(=N)(=O)CC2)CN(C(=O)[C@@H]2CC[C@H](C(N)=O)C2)C1,C#Cc1ccc(CN(CCCOCC2CCC2)C(=O)C2CCCOC2C)cc1,CC1(CCC(=O)N2CCS(=N)(=O)CC2)CN(C(=O)[C@@H]2CC[C@H](C(N)=O)C2)C1,28,30,27,29,48.406090,,16,15,,,0,0,0,1,0,259,29,4,1035,1444,1444,849,879,1035,0,829,427,1214,368,227,29,94,1415,625,819,224,595,0,34,0
418,881,788,2480057,3169914,COC1(C(=O)NC(C)CSC)CCN(C(=O)CCC2OCCO2)C1,CC(C)(C)C1=CC=C(NC(=O)[C@H]2CNC[C@@H]2C(C)(C)C)C=C1[N+](=O)[O-],COC1(C(=O)NC(C)CSC)CCN(C(=O)CCC2OCCO2)C1,CC(C)(C)c1ccc(NC(=O)[C@H]2CNC[C@@H]2C(C)(C)C)cc1[N+](=O)[O-],24,25,25,26,8.392303,,13,12,,,0,0,0,1,0,45,25,8,176,291,291,158,195,176,2,131,49,213,50,91,42,28,266,71,220,87,133,0,25,0
419,906,109,80879,4573591,CC(C)(NCC1=CC(O)=CC=C1)C1=NC=CS1,CC(=O)NC1CN(C(=O)[C@@H]2CN(C(=O)[C@H]3NC(=O)OC3(C)C)CCO2)C1,CC(C)(NCc1cccc(O)c1)c1nccs1,CC(=O)NC1CN(C(=O)[C@@H]2CN(C(=O)[C@H]3NC(=O)OC3(C)C)CCO2)C1,17,18,26,28,4.641763,,9,8,,,0,0,0,1,0,29,18,2,109,168,168,96,32,109,1,85,44,81,32,6,4,30,150,28,140,68,72,0,16,0
420,797,435,4460729,8099950,CCC(C)ONC(=O)[C@@H]1C[C@H](CC)CCN1C(=O)C1=CC=C(OC)N=C1,COC1=CC(NC(=O)C2CC3(CCC3)CN2C(=O)C2CCCOCC2)=CC=C1C,CCC(C)ONC(=O)[C@@H]1C[C@H](CC)CCN1C(=O)c1ccc(OC)nc1,COc1cc(NC(=O)C2CC3(CCC3)CN2C(=O)C2CCCOCC2)ccc1C,26,27,29,32,64.966888,,20,19,,,0,0,0,1,0,238,27,1,952,1549,1549,816,1367,952,1,785,352,1220,204,852,234,78,1522,682,867,134,733,0,35,0
421,224,180,3745793,5029912,CS(=O)(=O)CC1(CCN2C(=O)CCN(CC3CC4CC4C3)C2=O)CC1,NC(=O)[C@H]1C[C@H]1C(=O)N(CC1=NNC2=CC=CC=C21)C[C@H]1COCCO1,CS(=O)(=O)CC1(CCN2C(=O)CCN(CC3CC4CC4C3)C2=O)CC1,NC(=O)[C@H]1C[C@H]1C(=O)N(Cc1n[nH]c2ccccc12)C[C@H]1COCCO1,25,28,26,29,19.078327,,13,12,,,0,0,0,1,0,118,28,4,461,689,689,408,199,461,0,379,173,372,169,78,42,50,661,257,432,151,281,0,25,0
422,823,980,208121,5308922,CCN1C=CC(C(=O)NC(C)C2(C)CCC2)=CC1=O,O=C(CCN1N=NC2=CC=CC=C2C1=O)N1CCC2(CCCCCC2)CC1,CCn1ccc(C(=O)NC(C)C2(C)CCC2)cc1=O,O=C(CCn1nnc2ccccc2c1=O)N1CCC2(CCCCCC2)CC1,19,20,27,30,14.539696,,11,10,,,0,0,0,1,0,92,20,0,358,578,578,311,225,358,0,284,127,367,134,105,30,56,558,211,367,100,267,0,22,0
423,712,530,4406000,4785432,CN1CCC(C(=O)N2CCOCCC2C(=O)NC2CC(=O)NC2=O)CC1,CCC(CC(=O)N[C@H](CO)[C@H](C)NC(=O)C1=CC=NNC1=O)CN(C)C,CN1CCC(C(=O)N2CCOCCC2C(=O)NC2CC(=O)NC2=O)CC1,CCC(CC(=O)N[C@H](CO)[C@H](C)NC(=O)c1ccn[nH]c1=O)CN(C)C,26,28,26,26,17.675547,,18,17,,,0,0,0,1,0,90,26,1,358,459,459,280,398,358,1,258,148,404,95,143,12,12,433,185,274,95,179,0,25,0
424,475,51,553233,1637007,C=C1CCCN(C(=O)[C@@H]2CCN2C(=O)C2C=CCC2)C1,CCC1CN2CCCC2CN1C(=O)NCCOC1=CC=NC=C1,C=C1CCCN(C(=O)[C@@H]2CCN2C(=O)C2C=CCC2)C1,CCC1CN2CCCC2CN1C(=O)NCCOc1ccncc1,20,22,23,25,26.354984,,13,12,,,0,0,0,1,0,109,22,2,428,781,781,382,443,428,0,363,107,604,204,216,51,54,759,266,515,116,399,0,20,0
425,570,255,3634174,27530,O=C(C1CSC1)N1CC2CC(C1)N(C(=O)C1=CN3C=NN=C3C=C1)C2,CC1=C(CNCCNS(C)(=O)=O)C(Cl)=NN1,O=C(C1CSC1)N1CC2CC(C1)N(C(=O)c1ccc3nncn3c1)C2,Cc1[nH]nc(Cl)c1CNCCNS(C)(=O)=O,25,29,16,16,1.796940,,10,9,,,0,0,0,1,0,15,16,4,58,68,68,51,35,58,2,35,26,29,11,9,2,1,52,20,48,31,17,0,12,0
426,939,868,8477057,7961506,CN1N=CC2=CC(C(=O)N[C@H]3CCC[C@H]3C3=CN([C@H]4CC[C@H](N)C4)N=N3)=CN=C21,CN(C1=CC=C(CNC(=O)NC2=NC=CC=C2OCCF)C=C1)C1CCCCC1,Cn1ncc2cc(C(=O)N[C@H]3CCC[C@H]3c3cn([C@H]4CC[C@H](N)C4)nn3)cnc21,CN(c1ccc(CNC(=O)Nc2ncccc2OCCF)cc1)C1CCCCC1,29,33,29,31,46.227470,,15,14,,,0,0,0,1,0,156,31,3,615,983,983,547,310,615,0,518,287,597,178,117,54,162,952,355,628,192,436,0,40,0
427,124,467,10006801,4755768,CC(C)(C)OC(=O)N1CCC2=CC(COC(=O)COC3=CC=C4CCCCC4=C3)=CC=C2C1,CC1=CC(C)=C(C(=O)N[C@H](CNC(=O)/C=C/C2=COC=C2)CC(C)C)O1,CC(C)(C)OC(=O)N1CCc2cc(COC(=O)COc3ccc4c(c3)CCCC4)ccc2C1,Cc1cc(C)c(C(=O)N[C@H](CNC(=O)/C=C/c2ccoc2)CC(C)C)o1,33,36,26,27,7.400264,,11,10,,,0,0,0,1,0,44,27,1,170,251,251,149,129,170,1,125,52,171,67,33,4,26,224,68,183,81,102,0,26,0
428,136,820,5829771,1378260,CN1CC[C@H]2CN(C(=O)CNC(=O)CNC(=O)C3(N4C=CC=N4)CC3)C[C@H]21,CCOC1=CC=C(CN(CC(C)CC)C(=O)[C@H]2C[C@H]2C)C=C1,CN1CC[C@H]2CN(C(=O)CNC(=O)CNC(=O)C3(n4cccn4)CC3)C[C@H]21,CCOc1ccc(CN(CC(C)CC)C(=O)[C@H]2C[C@H]2C)cc1,27,30,22,23,16.898643,,10,9,,,0,0,0,1,0,57,23,2,227,440,440,185,154,227,1,163,65,312,69,73,30,122,417,81,359,104,255,0,22,0
429,475,683,553233,4203123,C=C1CCCN(C(=O)[C@@H]2CCN2C(=O)C2C=CCC2)C1,O=C(NC1=CC=CC(C2=CN=CO2)=C1)C(=O)NC1(C2CCCOC2)CC1,C=C1CCCN(C(=O)[C@@H]2CCN2C(=O)C2C=CCC2)C1,O=C(Nc1cccc(-c2cnco2)c1)C(=O)NC1(C2CCCOC2)CC1,20,22,26,29,7.743891,,16,15,,,0,0,0,1,0,60,22,2,238,328,328,201,162,238,0,182,85,257,92,9,4,28,306,139,189,62,127,0,20,0
430,543,572,4382667,6831905,CCN1C=C(NC(=O)[C@@H]2CCCN2C(=O)C2=CC=CC=C2O)C(C#N)=N1,CC(=O)N1C[C@@H]2C[C@H]1CN2C(=O)CN1CCN(C(=O)CN2CCSCC2)CC1,CCn1cc(NC(=O)[C@@H]2CCCN2C(=O)c2ccccc2O)c(C#N)n1,CC(=O)N1C[C@@H]2C[C@H]1CN2C(=O)CN1CCN(C(=O)CN2CCSCC2)CC1,26,28,28,31,97.991684,,16,15,,,0,0,0,1,0,242,28,3,963,1980,1980,785,500,963,1,772,285,1370,333,298,142,630,1952,549,1431,236,1195,0,27,0
431,609,324,4351004,7283187,O=C(NCC(O)C(=O)NC1=CC=C(F)C(CO)=C1)C1=CC(O)=CC(F)=C1,CC1=CC=CN=C1C(=O)N[C@@H]1COC[C@H]1CNC(=O)C1CC2CCC(C1)N2C,O=C(NCC(O)C(=O)Nc1ccc(F)c(CO)c1)c1cc(O)cc(F)c1,Cc1cccnc1C(=O)N[C@@H]1COC[C@H]1CNC(=O)C1CC2CCC(C1)N2C,26,27,28,31,39.988880,,20,19,,,0,0,0,1,0,136,27,2,538,794,794,475,384,538,0,449,249,481,164,195,37,15,767,304,490,171,319,0,25,0
432,972,773,4070462,5332740,CCC(CC)N1CC[C@@H](NS(=O)(=O)C2=CN=C(C3=CC=C(Br)C=C3)S2)C1,O=C(NC1=NN=C(C2CCCCC2)O1)C1CC(=O)N(C2=CC(F)=CC=C2)C1,CCC(CC)N1CC[C@@H](NS(=O)(=O)c2cnc(-c3ccc(Br)cc3)s2)C1,O=C(Nc1nnc(C2CCCCC2)o1)C1CC(=O)N(c2cccc(F)c2)C1,26,28,27,30,3.775960,,11,10,,,0,0,0,1,0,41,28,7,154,173,173,133,82,154,0,109,70,86,36,6,6,2,145,85,88,48,40,0,21,0
433,912,453,8238602,1371765,O=C(NC1COCCN(C(=O)C2=NN3C=CC=NC3=C2)C1)[C@H]1C[C@H]2O[C@@H]1[C@@H]1C[C@H]21,CCC1=C(CNC2=NC(NC3CCSCC3)=NC=C2)C=NN1,O=C(NC1COCCN(C(=O)c2cc3ncccn3n2)C1)[C@H]1C[C@H]2O[C@@H]1[C@@H]1C[C@@H]12,CCc1[nH]ncc1CNc1ccnc(NC2CCSCC2)n1,29,34,22,24,8.701097,,10,9,,,0,0,0,1,0,57,24,2,220,327,327,197,62,220,1,181,99,151,68,17,8,44,303,119,208,78,130,0,22,0
434,627,834,6195180,800527,CCC1=CC=C(O)C=C1C(=O)NC[C@@H](CO)NC1=NC=C(OC)C(SC)=N1,NC1=CC=C(CC(=O)NC2=CC=C(C3CC3)N=C2)C(F)=C1,CCc1ccc(O)cc1C(=O)NC[C@@H](CO)Nc1ncc(OC)c(SC)n1,Nc1ccc(CC(=O)Nc2ccc(C3CC3)nc2)c(F)c1,27,28,21,23,21.676056,,14,13,,,0,0,0,1,0,129,23,1,510,730,730,462,108,510,0,452,277,344,158,9,5,91,707,360,370,102,268,0,22,0
435,736,913,3920092,9854679,CCCCCCNC(=O)C(N1CCCC(C)(C)C1C#N)C1(CC)CC1,CCC(C)(CC1=CN(C2CCCCNC2=O)N=N1)C(=O)N1CCC(C)=C(C2=CC=CO2)C1,CCCCCCNC(=O)C(N1CCCC(C)(C)C1C#N)C1(CC)CC1,CCC(C)(Cc1cn(C2CCCCNC2=O)nn1)C(=O)N1CCC(C)=C(c2ccco2)C1,25,26,32,35,38.551044,,17,16,,,0,0,0,1,0,138,26,1,546,981,981,456,1446,546,0,402,194,775,82,1164,155,17,955,325,656,131,525,0,50,0
436,516,436,10102962,5343171,CC1=CC(N2CC(CCO)OC(C)(C)C2)=NC=C1S(=O)(=O)NC1CCC(C(=O)N(C)C)CC1,COCCN(C(=O)NC1=CC(C2=NC(C)=NO2)=CC=C1)C1CCCC(C)C1,Cc1cc(N2CC(CCO)OC(C)(C)C2)ncc1S(=O)(=O)NC1CCC(C(=O)N(C)C)CC1,COCCN(C(=O)Nc1cccc(-c2nc(C)no2)c1)C1CCCC(C)C1,33,35,27,29,28.987225,,15,14,,,0,0,0,1,0,135,29,1,532,877,877,461,309,532,0,430,213,535,172,157,48,130,848,365,512,96,416,0,33,0
437,850,928,8234603,8694168,CC1CC(NC(=O)CCC2=NN(C)C=C2)CN1C(=O)CC/C=C/C1=CC=CC=C1,CN1N=C(C2CC2)C=C1CN(CC1=C(Cl)SC=C1)C[C@H]1CO[C@@H]2CCCC[C@H]2O1,CC1CC(NC(=O)CCc2ccn(C)n2)CN1C(=O)CC/C=C/c1ccccc1,Cn1nc(C2CC2)cc1CN(Cc1ccsc1Cl)C[C@H]1CO[C@@H]2CCCC[C@H]2O1,29,31,29,33,10.086195,,14,13,,,0,0,0,1,0,75,31,3,298,357,357,252,123,298,1,219,132,163,79,31,13,13,326,121,236,131,105,0,28,0
438,561,456,499562,3254747,CC(C)CCCCCNC(=O)C1=CN=C2CNCCN12,CC1=C(C)SC(CNC(=O)CC(C)(C)CNC(=O)CC2OCCO2)=C1,CC(C)CCCCCNC(=O)c1cnc2n1CCNC2,Cc1cc(CNC(=O)CC(C)(C)CNC(=O)CC2OCCO2)sc1C,20,21,25,26,3.477736,,11,10,,,0,0,0,1,0,35,21,0,127,200,200,119,12,127,0,117,56,72,42,0,0,20,179,79,121,40,81,0,21,0
439,918,162,987717,2108996,COC(=O)C12CC(C(=O)N[C@@H](C)C3=CC=CO3)(C1)OC2(C)C,CC(C)[C@@H](C(=O)N1CCC2=CC=C(F)C=C2C1)C1=CC=C(Cl)C=C1,COC(=O)C12CC(C(=O)N[C@@H](C)c3ccco3)(C1)OC2(C)C,CC(C)[C@@H](C(=O)N1CCc2ccc(F)cc2C1)c1ccc(Cl)cc1,22,24,24,26,11.146852,,14,13,,,0,0,0,1,0,56,24,6,217,304,304,193,230,217,1,171,85,236,55,82,35,15,280,93,211,100,111,0,18,0
440,761,882,10150633,9656200,CN1CCC2(CCN(C(C(=O)NCCN3C=CN=C3)C3=CC=C(C(F)(F)C(F)(F)F)S3)C2)C1,COC1=C(C)C=CC=C1CN(CC1=CC=C(N2C=CN=C2)C=C1)CC1OCCC12CC2,CN1CCC2(CCN(C(C(=O)NCCn3ccnc3)c3ccc(C(F)(F)C(F)(F)F)s3)C2)C1,COc1c(C)cccc1CN(Cc1ccc(-n2ccnc2)cc1)CC1OCCC12CC2,33,36,31,35,102.352089,,17,16,,,0,0,0,1,0,334,35,4,1325,2167,2167,1148,512,1325,0,1119,482,1162,520,333,115,232,2132,780,1387,368,1019,0,35,0
441,486,460,5472619,2206695,C#CCOC1=CC(CNC(=O)C(=O)N2CCCCCC2C(=O)NC)=CC=C1,CC(C)N1C=CC(CS(=O)(=O)C(C)C(=O)N(C)C2=CC=CC=C2)=N1,C#CCOc1cccc(CNC(=O)C(=O)N2CCCCCC2C(=O)NC)c1,CC(C)n1ccc(CS(=O)(=O)C(C)C(=O)N(C)c2ccccc2)n1,27,28,24,25,3.511304,,11,10,,,0,0,0,1,0,45,25,5,178,205,205,162,33,178,0,144,100,50,42,0,0,2,180,106,99,56,43,0,24,0
442,265,769,4857791,2464715,O=C(OC1=CC=CC=C1C1=CC=C2OCCC2=C1)[C@H]1CCO[C@@H]1C1CC1,CCCOCC(=O)N1CCC2CC2(C(=O)NCC2(O)CSC2)CC1,O=C(Oc1ccccc1-c1ccc2c(c1)CCO2)[C@H]1CCO[C@@H]1C1CC1,CCCOCC(=O)N1CCC2CC2(C(=O)NCC2(O)CSC2)CC1,26,30,24,26,2.618524,,9,8,,,0,0,0,1,0,15,26,7,58,75,75,49,78,58,3,32,14,48,7,30,9,2,49,13,62,36,26,0,19,0
443,253,860,1231139,4985995,COC1=CC=C(C(=O)C2CCCN2CC2=CC=C(Br)O2)C=C1,CN1N=C(CN(CCCOCC2CC2)C(=O)C2=CN=CC=C2O)C=C1Cl,COc1ccc(C(=O)C2CCCN2Cc2ccc(Br)o2)cc1,Cn1nc(CN(CCCOCC2CC2)C(=O)c2cnccc2O)cc1Cl,22,24,26,28,11.308818,,13,12,,,0,0,0,1,0,70,24,1,275,407,407,247,94,275,0,237,129,201,84,29,11,43,383,132,275,115,160,0,23,0
444,652,283,205531,4185089,CCC(NC(=O)C1=C(C)C=C(C#N)S1)C1=NN=CN1,CN(C)C1=CC=C(NC(=O)NNC(=O)NC2CCN(CCCO)C2)C=C1,CCC(NC(=O)c1sc(C#N)cc1C)c1nnc[nH]1,CN(C)c1ccc(NC(=O)NNC(=O)NC2CCN(CCCO)C2)cc1,19,20,26,27,3.041815,,10,9,,,0,0,0,1,0,21,20,3,79,128,128,74,46,79,0,59,24,61,23,19,10,11,108,27,101,47,54,0,17,0
445,784,796,1426711,7840005,CC(C(=O)NC1=NN(C)C(=O)N1C)N1C=NC2=C(N)N=CN=C21,CNC(=O)C(C1=C2COCCN2N=N1)N1CCC(OC2=CC=CC=C2C#N)C1,CC(C(=O)Nc1nn(C)c(=O)n1C)n1cnc2c(N)ncnc21,CNC(=O)C(c1nnn2c1COCC2)N1CCC(Oc2ccccc2C#N)C1,23,25,28,31,12.128822,,11,10,,,0,0,0,1,0,64,25,0,249,535,535,228,100,249,0,217,62,324,110,58,31,133,510,148,387,80,307,0,26,0
446,533,496,4112943,5028808,CCCC(NC(=O)C(C)S(=O)(=O)CC1=CC=C(Cl)C=N1)C1=CC=CC=C1,CO[C@H]1C[C@H](CN(CC2=NC3=C(CCC3)S2)C(=O)C(F)(F)C(C)(C)O)C1,CCCC(NC(=O)C(C)S(=O)(=O)Cc1ccc(Cl)cn1)c1ccccc1,CO[C@H]1C[C@H](CN(Cc2nc3c(s2)CCC3)C(=O)C(F)(F)C(C)(C)O)C1,26,27,26,28,11.315952,,15,14,,,0,0,0,1,0,76,27,3,300,418,418,265,115,300,0,246,142,189,83,49,16,36,391,205,213,60,153,0,24,0
447,641,244,9019778,5315419,CCOCC1=CN(C[C@H]2C[C@H](O)CN2C(=O)C2=CC(C3=CC=C(Br)C=C3)=NO2)N=N1,CC1=CC(C)=C(C(=O)OCC(=O)NN(C2=CC=CC=C2)C2=CC=CC=C2)N1,CCOCc1cn(C[C@H]2C[C@H](O)CN2C(=O)c2cc(-c3ccc(Br)cc3)no2)nn1,Cc1cc(C)c(C(=O)OCC(=O)NN(c2ccccc2)c2ccccc2)[nH]1,30,33,27,29,11.096172,,12,11,,,0,0,0,1,0,73,29,0,289,386,386,236,207,289,0,201,103,268,81,60,23,39,357,108,278,128,150,0,42,0
448,281,450,7360629,3479660,CCC1=NC(C)=C(C(=O)N2CCN(C(=O)C=CC3=CSC=C3)CC23CCC3)O1,CC(C)CCC(NC(=O)C1COCCO1)C(=O)NC1CCCCCC1,CCc1nc(C)c(C(=O)N2CCN(C(=O)C=Cc3ccsc3)CC23CCC3)o1,CC(C)CCC(NC(=O)C1COCCO1)C(=O)NC1CCCCCC1,28,31,25,26,19.743639,,16,15,,,0,0,0,1,0,99,26,0,386,589,589,353,169,386,0,321,165,258,100,120,62,53,563,223,366,130,236,0,39,0
449,79,730,483871,3192510,CN1N=CC(F)=C1CNC(=O)N1CCN2N=CC=C2C1,CC1(C)CCC(CC(=O)N(CC2CC2)C2=CC=C(C(=O)O)C=C2)CC1,Cn1ncc(F)c1CNC(=O)N1CCn2nccc2C1,CC1(C)CCC(CC(=O)N(CC2CC2)c2ccc(C(=O)O)cc2)CC1,20,22,25,27,2.503881,,9,8,,,0,0,0,1,0,27,22,3,98,138,138,88,31,98,0,80,48,56,21,3,0,13,116,58,80,30,50,0,19,0
450,292,240,9663046,7246223,CCCC1=CC=C(CN(CC2=NC(CC)=CO2)C(=O)NC2=C3N=CC=CN3N=C2)C=C1,CC(C)C(F)C(=O)N1CCN(C(=O)C2=COC3=CC=CC=C32)CC1C1CCC1,CCCc1ccc(CN(Cc2nc(CC)co2)C(=O)Nc2cnn3cccnc23)cc1,CC(C)C(F)C(=O)N1CCN(C(=O)c2coc3ccccc23)CC1C1CCC1,31,34,28,31,53.099037,,17,16,,,0,0,0,1,0,287,31,1,1135,2008,2008,1065,541,1135,0,1031,457,1171,529,280,49,204,1977,910,1098,155,943,0,34,0
451,278,343,1541030,748696,COCC(COC)CS(=O)(=O)NNC(=O)C1=CC=C(C#N)C=N1,CC(C)C1=CC=C2OCC[C@H](NCCN3C=CN=N3)C2=C1,COCC(COC)CS(=O)(=O)NNC(=O)c1ccc(C#N)cn1,CC(C)c1ccc2c(c1)[C@@H](NCCn1ccnn1)CCO2,23,23,21,23,1.751974,,10,9,,,0,0,0,1,0,23,23,6,80,85,85,68,35,80,1,52,38,28,13,0,0,1,62,28,57,40,17,0,17,0
452,327,914,6018529,7709021,CCC1=NC=CC=C1C(=O)N1CC(NC(=O)C2=C(C)OCC2)CC12CCC2,C#CC1=CC=C(CN(CCCOCC2CCC2)C(=O)C2CCCOC2C)C=C1,CCc1ncccc1C(=O)N1CC(NC(=O)C2=C(C)OCC2)CC12CCC2,C#Cc1ccc(CN(CCCOCC2CCC2)C(=O)C2CCCOC2C)cc1,27,30,28,30,47.142918,,16,15,,,0,0,0,1,0,179,30,1,710,1670,1670,656,726,710,0,624,230,1038,244,670,153,245,1640,548,1122,108,1014,0,30,0
453,553,82,4693304,2083033,C/C=C/CC(CC)C(=O)NCC12CC1CN(C(=O)CC1=C(C)C=CS1)C2,COCC1CCCCC1NC(=O)C1=CC=C(OC)C2=CN=CC=C12,C/C=C/CC(CC)C(=O)NCC12CC1CN(C(=O)Cc1sccc1C)C2,COCC1CCCCC1NC(=O)c1ccc(OC)c2cnccc12,26,28,24,26,59.565273,,17,16,,,0,0,0,1,0,229,26,4,909,1406,1406,807,469,909,0,780,427,805,285,236,73,138,1380,520,886,287,599,0,22,0
454,141,154,359532,10276769,CC[C@@H]1[C@H](C(=O)NC2=CN=C(OC)C(C)=C2)CCN1C,COC1=CC(OC)=C(C(=O)O)C=C1CNC1=CC=C(N2CCN(C(=O)OC(C)(C)C)CC2)C(F)=C1,CC[C@@H]1[C@H](C(=O)Nc2cnc(OC)c(C)c2)CCN1C,COc1cc(OC)c(C(=O)O)cc1CNc1ccc(N2CCN(C(=O)OC(C)(C)C)CC2)c(F)c1,20,21,35,37,15.376793,,15,14,,,0,0,0,1,0,87,21,0,323,487,487,291,229,323,0,265,114,342,141,60,15,37,466,210,277,81,196,0,21,0
455,236,392,687930,5671171,CS(=N)(=O)C1=CC=C(N2CCCC3(C=CCO3)CC2)N=C1,CC1(C)CC=C(C(=O)N[C@H]2C[C@@](C)(C(=O)N[C@H]3CCC[C@H]3N=[N+]=[N-])C2)CC1,CS(=N)(=O)c1ccc(N2CCCC3(C=CCO3)CC2)nc1,CC1(C)CC=C(C(=O)N[C@H]2C[C@@](C)(C(=O)N[C@H]3CCC[C@H]3N=[N+]=[N-])C2)CC1,21,23,27,29,6.639020,,12,11,,,0,0,0,1,0,40,23,6,160,226,226,143,48,160,1,133,77,105,49,3,0,19,203,97,129,46,83,0,17,0
456,710,156,198201,2819811,C#CC1CC(NC(=O)C2=CC3=C(Br)N=CN3C=C2)C1,CCC1(C(=O)N(CCC(F)CO)CC2=CN(CC(C)C)N=C2)CC1,C#CC1CC(NC(=O)c2ccn3cnc(Br)c3c2)C1,CCC1(C(=O)N(CCC(F)CO)Cc2cnn(CC(C)C)c2)CC1,19,21,24,25,18.893642,,12,11,,,0,0,0,1,0,97,21,2,373,638,638,306,39,373,0,297,137,344,150,6,0,164,617,248,390,58,332,0,19,0
457,723,219,2735746,6861264,CC[C@@H](CNC(=O)CC1=C(F)C=C(F)C(F)=N1)NS(=O)(=O)C(F)Cl,CC1(C#CC(=O)N2CCCC(C(=O)NC3=CN=C(C4CC4)N=C3)C2)CCCO1,CC[C@@H](CNC(=O)Cc1nc(F)c(F)cc1F)NS(=O)(=O)C(F)Cl,CC1(C#CC(=O)N2CCCC(C(=O)Nc3cnc(C4CC4)nc3)C2)CCCO1,24,24,28,31,4.979584,,12,11,,,0,0,0,1,0,42,24,9,159,200,200,148,24,159,0,134,94,52,39,0,0,3,176,83,117,65,52,0,15,0
458,65,424,1298607,6107964,C#CCN(C)C(=O)CC1(C)CCN(C(=O)CCCN(C)C)C1,O=C(CCC1=CN=CO1)NC[C@H]1CCCN(C(=O)CN2CCOCC2=O)C1,C#CCN(C)C(=O)CC1(C)CCN(C(=O)CCCN(C)C)C1,O=C(CCc1cnco1)NC[C@H]1CCCN(C(=O)CN2CCOCC2=O)C1,22,22,27,29,14.618392,,15,14,,,0,0,0,1,0,126,22,1,488,640,640,419,165,488,0,410,247,264,121,96,30,10,618,290,350,129,221,0,21,0
459,417,338,6853801,9637513,CCC(CNC(=O)C[C@H]1CC[C@H](NC(=O)C2CCC3(CC3)C2)CC1)C(C)(F)F,CC1=C2C=C(CN(CC3=CN(C4=CC=CC=C4)N=C3)CC3[C@H](C)[C@H]3C)C=CC2=NN1C,CCC(CNC(=O)C[C@H]1CC[C@H](NC(=O)C2CCC3(CC3)C2)CC1)C(C)(F)F,Cc1c2cc(CN(Cc3cnn(-c4ccccc4)c3)CC3[C@H](C)[C@H]3C)ccc2nn1C,28,30,31,35,69.860016,,15,14,,,0,0,0,1,0,248,30,4,977,1493,1493,834,405,977,1,811,426,816,314,214,68,173,1463,421,1072,413,659,0,31,0
460,555,477,4745780,9197540,CSC1(C(=O)N[C@H]2CN(C(=O)[C@@H]3CCC[C@H](O)C3)C[C@@H]2C(F)F)CCC1,CC1=CON=C1CC(=O)N(CC1=CC(C(C)C)=CC=C1)CC1=CC(C2CC2)=NN1C,CSC1(C(=O)N[C@H]2CN(C(=O)[C@@H]3CCC[C@H](O)C3)C[C@@H]2C(F)F)CCC1,Cc1conc1CC(=O)N(Cc1cccc(C(C)C)c1)Cc1cc(C2CC2)nn1C,26,28,30,33,21.980505,,15,15,,,0,0,0,1,0,143,28,4,566,840,840,502,401,566,1,450,216,520,194,188,68,33,812,361,479,141,338,0,30,0
461,425,63,9958200,6635203,COC1=CN=CC(NC(=O)N(CCC2=CNC3=CC=CC=C23)CC(C)C2CCOCC2)=C1,CCCCC1=NC=C(NC(=O)C(C)(O)C2CN(C(=O)OC(C)(C)C)C2)C(C)=N1,COc1cncc(NC(=O)N(CCc2c[nH]c3ccccc23)CC(C)C2CCOCC2)c1,CCCCc1ncc(NC(=O)C(C)(O)C2CN(C(=O)OC(C)(C)C)C2)c(C)n1,32,35,28,29,22.543894,,13,12,,,0,0,0,1,0,124,29,0,493,889,889,426,378,493,0,405,153,696,214,115,30,179,860,265,624,161,463,0,29,0
462,211,852,7225292,3728846,CC=CCCC(=O)NC[C@H]1C[C@H]2CC[C@@H](C1)N2C(=O)CCCC1=CC=NC=C1,CC[C@@H]1CN(C(=O)C2CCNC(=O)C2)C[C@@H]1NC1=CC=NC=C1C#N,CC=CCCC(=O)NC[C@H]1C[C@H]2CC[C@@H](C1)N2C(=O)CCCc1ccncc1,CC[C@@H]1CN(C(=O)C2CCNC(=O)C2)C[C@@H]1Nc1ccncc1C#N,28,30,25,27,23.581785,,15,14,,,0,0,0,1,0,145,27,1,571,835,835,506,242,571,1,474,246,450,190,94,44,63,808,373,462,133,329,0,30,0
463,430,398,4050179,7103894,CN1C=CN=C1SCC1=CC=C(C(=O)N2CCC3=C(C=CN=C3N)C2)O1,CCC1=CON=C1CC(=O)NCC1=C(C(=O)N2CCC(C(C)O)CC2)NC=C1,Cn1ccnc1SCc1ccc(C(=O)N2CCc3c(ccnc3N)C2)o1,CCc1conc1CC(=O)NCc1cc[nH]c1C(=O)N1CCC(C(C)O)CC1,26,29,28,30,54.367058,,17,16,,,0,0,0,1,0,255,29,2,1007,1593,1593,884,781,1007,1,860,415,1065,371,397,71,77,1564,691,902,193,709,0,31,0
464,926,788,1194359,3169914,CCC1=CC=C(CNC(=O)C2=CN=C(C(=O)O)C(Cl)=C2)N=C1,CC(C)(C)C1=CC=C(NC(=O)[C@H]2CNC[C@@H]2C(C)(C)C)C=C1[N+](=O)[O-],CCc1ccc(CNC(=O)c2cnc(C(=O)O)c(Cl)c2)nc1,CC(C)(C)c1ccc(NC(=O)[C@H]2CNC[C@@H]2C(C)(C)C)cc1[N+](=O)[O-],22,23,25,26,30.647190,,16,15,,,0,0,0,1,0,139,23,2,549,781,781,458,198,549,1,444,254,498,183,0,0,131,758,262,519,196,323,0,23,0
465,598,968,5494392,9459574,C=CCN(CC(=O)NC)C(=O)C1CN(C(=O)C2=CC=NC(CO)=C2)CCO1,COC[C@H](O)CN1C=C(C2CC23CCN(C(=O)CC2=CC=C(OC)C(Cl)=C2)CC3)N=N1,C=CCN(CC(=O)NC)C(=O)C1CN(C(=O)c2ccnc(CO)c2)CCO1,COC[C@H](O)Cn1cc(C2CC23CCN(C(=O)Cc2ccc(OC)c(Cl)c2)CC3)nn1,27,28,31,34,13.964443,,12,11,,,0,0,0,1,0,85,28,1,336,555,555,297,143,336,0,281,114,295,135,77,21,50,527,203,352,94,258,0,27,0
466,712,20,4406000,4572575,CN1CCC(C(=O)N2CCOCCC2C(=O)NC2CC(=O)NC2=O)CC1,CC1=C(CCNC(=O)C(NC(=O)[C@@H]2CC=C[C@H](O)C2)C2CCC2)N=CO1,CN1CCC(C(=O)N2CCOCCC2C(=O)NC2CC(=O)NC2=O)CC1,Cc1ocnc1CCNC(=O)C(NC(=O)[C@@H]1CC=C[C@H](O)C1)C1CCC1,26,28,26,28,39.519661,,19,18,,,0,0,0,1,0,238,28,0,942,1379,1379,830,697,942,0,808,367,1085,360,131,75,104,1351,601,778,229,549,0,31,0
467,877,901,1634311,8616169,C=C[C@H]1C[C@@H]1CNC(=O)NCC1=CC=C(C2=CC=CC=C2)C=C1,CCCC1=NNC(C(=O)N(CC[C@H]2CCC(=O)N2)CC2=NNC(C3CCC3)=C2)=C1,C=C[C@H]1C[C@@H]1CNC(=O)NCc1ccc(-c2ccccc2)cc1,CCCc1cc(C(=O)N(CC[C@H]2CCC(=O)N2)Cc2cc(C3CCC3)[nH]n2)[nH]n1,23,25,29,32,21.238667,,11,10,,,0,0,0,1,0,93,25,1,369,552,552,338,57,369,0,324,169,198,138,48,7,17,527,201,351,137,214,0,30,0
468,783,589,9628048,6811291,CC1=CN(CCN(CC2=CC=C(C)C3=C2CCC3)C(=O)C2=CC=CC(C#N)=C2O)N=C1,CCCC1(CO)CCCN1C(=O)C(=O)NC(CSC)CC1=CC=C(F)C=C1F,Cc1cnn(CCN(Cc2ccc(C)c3c2CCC3)C(=O)c2cccc(C#N)c2O)c1,CCCC1(CO)CCCN1C(=O)C(=O)NC(CSC)Cc1ccc(F)cc1F,31,34,28,29,32.169945,,15,14,,,0,0,0,1,0,173,29,4,665,929,929,594,253,665,1,559,332,491,212,63,25,90,900,421,508,173,335,0,28,0
469,389,488,7130093,2669399,CCCC1=CN=NC(C(=O)N[C@H]2COC[C@H]2N2C=C(CC(OC)OC)N=N2)=C1,CC1=CC=C(C(=O)N2CCN(C(=O)C3CCCN(C)C3)CC2C)O1,CCCc1cnnc(C(=O)N[C@H]2COC[C@H]2n2cc(CC(OC)OC)nn2)c1,Cc1ccc(C(=O)N2CCN(C(=O)C3CCCN(C)C3)CC2C)o1,28,30,24,26,27.159466,,16,15,,,0,0,0,1,0,183,26,0,723,1077,1077,670,241,723,0,654,310,606,323,16,11,61,1051,442,635,228,407,0,26,0
470,6,965,9819790,9227748,CC1=CC=C(C(C)C)C(C(=O)NC[C@H]2CC[C@H](CN3C=C(CN4C=CN=C4)N=N3)CC2)=C1,CCC1=C(CN(CC2=CN(CC3CCOC3)N=N2)CC2(C)CSCCO2)C=NN1C,Cc1ccc(C(C)C)c(C(=O)NC[C@H]2CC[C@H](Cn3cc(Cn4ccnc4)nn3)CC2)c1,CCc1c(CN(Cc2cn(CC3CCOC3)nn2)CC2(C)CSCCO2)cnn1C,32,35,30,33,10.824872,,15,15,,,0,0,0,1,0,80,33,6,306,386,386,249,214,306,4,215,110,254,94,61,18,18,353,147,239,102,137,0,27,0
471,360,305,7542303,10117801,CC(C)[C@H](NC(=O)C1CCN1C1CCCC1)C1=CN([C@H]2CC[C@H](N)CC2)N=N1,C#CCCC1CCN(C(C2=CN(C3=CC=CC(F)=C3)N=C2C)C2=NN=NN2CCC2CC2)C1,CC(C)[C@H](NC(=O)C1CCN1C1CCCC1)c1cn([C@H]2CC[C@H](N)CC2)nn1,C#CCCC1CCN(C(c2cn(-c3cccc(F)c3)nc2C)c2nnnn2CCC2CC2)C1,28,31,33,37,20.326059,,17,17,,,0,0,0,1,0,129,31,1,507,718,718,444,297,507,0,386,203,411,153,126,58,41,687,325,393,119,274,0,37,0
472,771,399,2346134,4889020,CN1N=CC=C1N1CCN(CC2=C(F)C3=CC=CC=C3C=C2)CC1,CCC1=CC=C(C(=O)N[C@H]2C[C@H]2NC2=NC(C)=CC=C2[N+](=O)[O-])C(C)=N1,Cn1nccc1N1CCN(Cc2ccc3ccccc3c2F)CC1,CCc1ccc(C(=O)N[C@H]2C[C@H]2Nc2nc(C)ccc2[N+](=O)[O-])c(C)n1,24,27,26,28,66.534081,,18,17,,,0,0,0,1,0,382,27,2,1519,2292,2292,1433,319,1519,0,1421,688,1019,707,132,13,8,2265,1194,1098,239,859,0,30,0
473,873,913,4690001,9854679,CN1CC(C(=O)NCCC2(O)CN(C(=O)C3=CC(C#N)=CS3)C2)CC1=O,CCC(C)(CC1=CN(C2CCCCNC2=O)N=N1)C(=O)N1CCC(C)=C(C2=CC=CO2)C1,CN1CC(C(=O)NCCC2(O)CN(C(=O)c3cc(C#N)cs3)C2)CC1=O,CCC(C)(Cc1cn(C2CCCCNC2=O)nn1)C(=O)N1CCC(C)=C(c2ccco2)C1,26,28,32,35,16.803299,,13,12,,,0,0,0,1,0,107,28,3,427,636,636,389,230,427,1,362,173,336,128,112,63,26,608,223,413,166,247,0,25,0
474,976,855,4398596,809260,CCC(CC)C(OC)C(=O)N1CCO[C@@H](C)[C@@H]1C(=O)NCC1=CN=CS1,CC(C)C1(C)CCC(NC(=O)C2=C3CNCC3=NN2C)C1,CCC(CC)C(OC)C(=O)N1CCO[C@@H](C)[C@@H]1C(=O)NCc1cncs1,CC(C)C1(C)CCC(NC(=O)c2c3c(nn2C)CNC3)C1,26,27,21,23,19.613104,,12,11,,,0,0,0,1,0,120,23,1,462,800,800,404,226,462,1,388,121,509,219,89,42,88,777,277,523,127,396,0,26,0
475,429,551,2046013,3108760,O=C(C1=CC=NC2=NC=NN12)N1CCC(COCC(F)(F)F)CC1,CC1=C(CCNC(=O)NCC(=O)N2CCCO2)C2=CC(Cl)=CC=C2N1,O=C(c1ccnc2ncnn12)N1CCC(COCC(F)(F)F)CC1,Cc1[nH]c2ccc(Cl)cc2c1CCNC(=O)NCC(=O)N1CCCO1,24,26,25,27,9.141197,,14,13,,,0,0,0,1,0,45,26,4,174,296,296,150,118,174,1,113,45,175,58,63,25,39,270,102,194,48,146,0,35,0
476,765,752,1085713,7186989,CN(CCC(O)C1=CC=CC=C1)S(=O)(=O)N1CCCC1(C)C,CCC1=CC(C(=O)N2CCCC[C@H]2CNC(=O)C2=CC=C(Cl)C=C2N)=NC=N1,CN(CCC(O)c1ccccc1)S(=O)(=O)N1CCCC1(C)C,CCc1cc(C(=O)N2CCCC[C@H]2CNC(=O)c2ccc(Cl)cc2N)ncn1,22,23,28,30,3.289561,,9,8,,,0,0,0,1,0,28,23,5,101,120,120,93,48,101,0,76,54,29,18,19,3,0,97,53,67,40,27,0,20,0
477,559,819,3629384,965724,CC(=O)NCC(=O)NC[C@H]1C[C@@](F)(CNC(=O)C(C)(C)CCCF)C1,NC[C@H]1C[C@H]1C(=O)NC1=NN(CC2=CC=C(Cl)C=C2)C=N1,CC(=O)NCC(=O)NC[C@H]1C[C@@](F)(CNC(=O)C(C)(C)CCCF)C1,NC[C@H]1C[C@H]1C(=O)Nc1ncn(Cc2ccc(Cl)cc2)n1,25,25,21,23,5.646494,,8,7,,,0,0,0,1,0,43,23,2,155,231,231,139,51,155,0,133,74,114,42,6,2,28,208,74,157,65,92,0,21,0
478,617,919,6120154,5243094,CCC(C(=O)NC[C@@H]1C[C@@H](F)CN1C(=O)C1=CC=C(F)C=C1)N1C=CC=N1,CC(CC(C)(C)O)C(=O)NC1CCCN(C2=CC=C(OC(F)F)C=C2)C1=O,CCC(C(=O)NC[C@@H]1C[C@@H](F)CN1C(=O)c1ccc(F)cc1)n1cccn1,CC(CC(C)(C)O)C(=O)NC1CCCN(c2ccc(OC(F)F)cc2)C1=O,27,29,27,28,37.311424,,18,17,,,0,0,0,1,0,228,28,3,909,1313,1313,824,431,909,0,784,428,622,276,269,95,6,1285,619,694,205,489,0,34,0
479,225,499,9996204,5522744,CCOC(=O)C1=C(C2=CN=CO2)N(C2=CC(C)=CC(C)=C2)C(=S)NC1C1=CC(C2CC2)=NO1,CC(C)(CNC(=O)C(C)(C)C(C)(C)O)CC(=O)NCC1CC/C=C\CCC1,CCOC(=O)C1=C(c2cnco2)N(c2cc(C)cc(C)c2)C(=S)NC1c1cc(C2CC2)no1,CC(C)(CNC(=O)C(C)(C)C(C)(C)O)CC(=O)NCC1CC/C=C\CCC1,33,37,27,27,10.340286,,10,9,,,0,0,0,1,0,57,27,0,215,309,309,205,73,215,0,190,112,110,63,40,3,4,282,102,207,103,104,0,27,0
480,224,279,3745793,4764529,CS(=O)(=O)CC1(CCN2C(=O)CCN(CC3CC4CC4C3)C2=O)CC1,CCN(CC)CCC(=O)NC1CCC12CCN(C(=O)C1=CNC=C1)CC2,CS(=O)(=O)CC1(CCN2C(=O)CCN(CC3CC4CC4C3)C2=O)CC1,CCN(CC)CCC(=O)NC1CCC12CCN(C(=O)c1cc[nH]c1)CC2,25,28,26,28,51.455894,,15,14,,,0,0,0,1,0,226,28,4,899,1503,1503,786,407,899,0,764,387,946,333,145,42,271,1475,597,906,189,717,0,31,0
481,446,497,3959197,5645193,CCC(C)OC1=CC=CC(NC(=O)C2=C3C=CC=CC3=NC(OC)=C2)=C1,CC(=O)N1CCCC1CNC(=O)C1=C(CNC(=O)[C@H]2CCN(C)C2)C=CS1,CCC(C)Oc1cccc(NC(=O)c2cc(OC)nc3ccccc23)c1,CC(=O)N1CCCC1CNC(=O)c1sccc1CNC(=O)[C@H]1CCN(C)C1,26,28,27,29,36.604145,,16,15,,,0,0,0,1,0,208,28,4,826,1233,1233,757,351,826,1,740,398,641,287,159,48,56,1205,545,688,212,476,0,26,0
482,29,398,5500785,7103894,CCN(C(=O)CC1CC(NC(=O)C2=C(C)OC(CO)=C2)C1)C(C)C1CCC1,CCC1=CON=C1CC(=O)NCC1=C(C(=O)N2CCC(C(C)O)CC2)NC=C1,CCN(C(=O)CC1CC(NC(=O)c2cc(CO)oc2C)C1)C(C)C1CCC1,CCc1conc1CC(=O)NCc1cc[nH]c1C(=O)N1CCC(C(C)O)CC1,27,29,28,30,64.690872,,16,15,,,0,0,0,1,0,296,29,0,1181,2079,2079,1054,622,1181,0,1038,293,1335,600,283,132,163,2050,684,1395,370,1025,0,39,0
483,344,684,9516268,3714033,N#CC[C@@H](O)CN1C=C(C2=CC=CC(OCC(=O)NC3CCC4=NC=CN4C3)=C2)N=N1,CC(C)(C)OC(=O)NC12CC(CCOC(=O)CCC3=COC=N3)(C1)C2,N#CC[C@@H](O)Cn1cc(-c2cccc(OCC(=O)NC3CCc4nccn4C3)c2)nn1,CC(C)(C)OC(=O)NC12CC(CCOC(=O)CCc3cocn3)(C1)C2,31,34,25,27,15.277412,,11,10,,,0,0,0,1,0,111,27,0,438,733,733,427,207,438,0,424,191,348,167,138,42,19,706,259,474,168,306,0,27,0
484,695,817,296716,1288058,COCC1(CF)CN(C(=O)C2(F)CNCC23CC3)C1,CCC[C@H](NC(=O)[C@H]1C[C@@H](O)C1)C(O)C(=O)NCC(=O)OC,COCC1(CF)CN(C(=O)C2(F)CNCC23CC3)C1,CCC[C@H](NC(=O)[C@H]1C[C@@H](O)C1)C(O)C(=O)NCC(=O)OC,19,21,22,22,21.720840,,12,11,,,0,0,0,1,0,96,21,2,382,799,799,341,330,382,0,322,148,427,152,340,22,36,778,247,552,94,458,0,23,0
485,414,741,7851635,974333,CN1C(=O)SC2=CC(C3=C(NC4CC(F)(F)C4)N4C=C(Br)C=CC4=N3)=CC=C21,CCCN(C(=O)C1=CC=C(OC2CC2)C=N1)C1CCCCC1,Cn1c(=O)sc2cc(-c3nc4ccc(Br)cn4c3NC3CC(F)(F)C3)ccc21,CCCN(C(=O)c1ccc(OC2CC2)cn1)C1CCCCC1,28,32,22,24,13.077959,,13,12,,,0,0,0,1,0,63,24,2,248,331,331,207,201,248,0,167,91,199,46,97,48,30,307,127,204,80,124,0,51,0
486,169,860,1102655,4985995,CC1=NN=C(CNC(=O)C2=NN=C(C3=CC=CC=C3)O2)N1C,CN1N=C(CN(CCCOCC2CC2)C(=O)C2=CN=CC=C2O)C=C1Cl,Cc1nnc(CNC(=O)c2nnc(-c3ccccc3)o2)n1C,Cn1nc(CN(CCCOCC2CC2)C(=O)c2cnccc2O)cc1Cl,22,24,26,28,7.428015,,10,9,,,0,0,0,1,0,47,24,0,181,293,293,165,34,181,0,158,80,135,58,3,3,50,269,80,213,85,128,0,24,0
487,478,941,7298707,3762436,CCC1=CC(C(=O)N2CC3CC(C2)N(C(=O)C2=CC(C)=CC=C2C)C3)=CC=N1,CC(NC(=O)C1=CN(CC(F)F)C=N1)C1=CN(C[C@H]2C[C@H](N)C2)N=N1,CCc1cc(C(=O)N2CC3CC(C2)N(C(=O)c2cc(C)ccc2C)C3)ccn1,CC(NC(=O)c1cn(CC(F)F)cn1)c1cn(C[C@H]2C[C@H](N)C2)nn1,28,31,25,27,9.250872,,15,14,,,0,0,0,1,0,58,27,4,228,284,284,189,118,228,1,150,79,160,72,21,15,20,257,114,170,75,95,0,23,0
488,130,637,7266784,6933994,C[C@H](O)[C@H](C(=O)N1CCC(C)(CNC(=O)CCC2=CC=CC=C2F)C1)N(C)C,CCCCC(=O)C(=O)N1CCC2(C=C(C(=O)NC(C)C3=C(C)NN=C3C)C2)C1,C[C@H](O)[C@H](C(=O)N1CCC(C)(CNC(=O)CCc2ccccc2F)C1)N(C)C,CCCCC(=O)C(=O)N1CCC2(C=C(C(=O)NC(C)c3c(C)n[nH]c3C)C2)C1,28,29,28,30,34.374607,,15,14,,,0,0,0,1,0,227,29,2,903,1193,1193,768,261,903,1,754,387,506,259,152,95,56,1164,550,643,218,425,0,27,0
489,546,27,3100926,6857256,O=C(NCCC1=COC=C1)NC12CC(CN(CC3=CC=CC=C3)C1)C2,CC(=O)N[C@@H](C(=O)N1CCC(C(=O)NC2CCN3N=NN=C3C2)CC1)C(C)C,O=C(NCCc1ccoc1)NC12CC(CN(Cc3ccccc3)C1)C2,CC(=O)N[C@@H](C(=O)N1CCC(C(=O)NC2CCn3nnnc3C2)CC1)C(C)C,25,28,28,30,39.887070,,13,12,,,0,0,0,1,0,235,28,2,925,1444,1444,845,209,925,0,830,418,556,366,224,35,31,1416,626,818,219,599,0,32,0
490,928,403,8694168,3279471,CN1N=C(C2CC2)C=C1CN(CC1=C(Cl)SC=C1)C[C@H]1CO[C@@H]2CCCC[C@H]2O1,CC[C@H](NC(=O)C1=COC(SC)=C1)C(=O)NCC1=CC(C)=CC(C)=N1,Cn1nc(C2CC2)cc1CN(Cc1ccsc1Cl)C[C@H]1CO[C@@H]2CCCC[C@H]2O1,CC[C@H](NC(=O)c1coc(SC)c1)C(=O)NCc1cc(C)cc(C)n1,29,33,25,26,9.426870,,13,12,,,0,0,0,1,0,66,26,2,255,366,366,224,124,255,0,198,109,211,86,26,5,31,340,119,247,105,142,0,24,0
491,606,577,633273,4218303,CN1N=CC=C1C1(C(=O)NCC2=CN=CO2)CCOCC1,C[C@@H]1CC2(C[C@H](C)O1)CN(C(=O)C(=O)NC1=NOC(C3CCCC3)=C1)C2,Cn1nccc1C1(C(=O)NCc2cnco2)CCOCC1,C[C@@H]1CC2(C[C@H](C)O1)CN(C(=O)C(=O)Nc1cc(C3CCCC3)on1)C2,21,23,26,29,18.022598,,12,11,,,0,0,0,1,0,64,23,1,254,472,472,218,170,254,0,199,96,301,64,99,36,128,449,144,328,74,254,0,23,0
492,678,27,4318056,6857256,N#CC1(CCC(=O)NCCC2(C(=O)NCC3CC3(F)F)CCC2)CCC1,CC(=O)N[C@@H](C(=O)N1CCC(C(=O)NC2CCN3N=NN=C3C2)CC1)C(C)C,N#CC1(CCC(=O)NCCC2(C(=O)NCC3CC3(F)F)CCC2)CCC1,CC(=O)N[C@@H](C(=O)N1CCC(C(=O)NC2CCn3nnnc3C2)CC1)C(C)C,26,28,28,30,17.480104,,17,16,,,0,0,0,1,0,114,28,3,454,656,656,414,309,454,1,375,156,377,159,147,74,11,628,311,345,103,242,0,25,0
493,85,658,3367573,3484017,CCN(C(=O)[C@H]1COC[C@H]1NC(=O)C1CCC(=O)N1)C1CCCCC1,CC1=CC=C(F)C=C1CNC(=O)CN(C(=O)C1=C(C)CCC1)C1CC1,CCN(C(=O)[C@H]1COC[C@H]1NC(=O)C1CCC(=O)N1)C1CCCCC1,CC1=C(C(=O)N(CC(=O)NCc2cc(F)ccc2C)C2CC2)CCC1,25,27,25,27,12.800517,,13,12,,,0,0,0,1,0,67,27,2,268,450,450,235,228,268,0,207,97,291,76,125,37,56,423,162,288,73,215,0,25,0
494,438,138,6760261,4247004,CN(CC1=NN=CN1)C(=O)C(=O)NC1=CC=CC(NC(=O)C2=CC=NC=C2)=C1,OCCCN(CC1=CC=NC=C1Cl)C(C1=CC=CC=C1)C1=CC=CC=C1,CN(Cc1nnc[nH]1)C(=O)C(=O)Nc1cccc(NC(=O)c2ccncc2)c1,OCCCN(Cc1ccncc1Cl)C(c1ccccc1)c1ccccc1,28,30,26,28,35.128231,,14,14,,,0,0,0,1,0,163,28,2,650,1024,1024,522,542,650,0,485,205,645,104,368,187,86,996,423,601,99,502,0,69,0
495,887,472,3833951,3485370,CCC1=CC=C(C(=O)N(CCC2(C)OCCO2)CC2=CSC(Cl)=C2)N1,CC1=CC=C(NC(=O)C(C)CNC(=O)CCOCC(C)C)C(CO)=C1,CCc1ccc(C(=O)N(CCC2(C)OCCO2)Cc2csc(Cl)c2)[nH]1,Cc1ccc(NC(=O)C(C)CNC(=O)CCOCC(C)C)c(CO)c1,25,27,25,25,9.944564,,12,11,,,0,0,0,1,0,75,25,0,288,392,392,243,141,288,0,235,115,221,89,43,14,17,367,140,252,103,149,0,25,0
496,186,51,1420794,1637007,COC(=O)C1CN(C)C(=O)CN1C(=O)CCC1=CC=C(F)N=C1,CCC1CN2CCCC2CN1C(=O)NCCOC1=CC=NC=C1,COC(=O)C1CN(C)C(=O)CN1C(=O)CCc1ccc(F)nc1,CCC1CN2CCCC2CN1C(=O)NCCOc1ccncc1,23,24,23,25,24.337141,,12,11,,,0,0,0,1,0,102,24,1,403,688,688,385,192,403,0,372,175,324,139,147,48,59,664,233,455,152,303,0,24,0
497,266,388,5626801,9410350,COC1=CC=C(NC(=O)CC2(C)CCN2C(=O)[C@@H]2C[C@H]3CC[C@@H]2C3)C(O)=C1,CCC1=CNC(=O)C(C(=O)N2CCN(C(=O)C3=CC(Cl)=CC=N3)CC3CCCCC32)=C1,COc1ccc(NC(=O)CC2(C)CCN2C(=O)[C@@H]2C[C@H]3CC[C@@H]2C3)c(O)c1,CCc1c[nH]c(=O)c(C(=O)N2CCN(C(=O)c3cc(Cl)ccn3)CC3CCCCC32)c1,27,30,31,34,289.823883,,23,22,,,0,0,0,1,0,1059,30,3,4226,6501,6501,3768,2613,4226,0,3703,1795,4350,1760,958,186,175,6471,2682,3819,1086,2733,0,36,0
498,335,216,1746059,7320354,O=C(/C=C/C1=CC=CO1)NCCOCC(=O)NCC1=NSC=N1,NC1=CC=NC(C(=O)N2C[C@@H]3C[C@@H](C[C@H](NC(=O)CCN4C=CC=N4)C3)C2)=C1,O=C(/C=C/c1ccco1)NCCOCC(=O)NCc1ncsn1,Nc1ccnc(C(=O)N2C[C@@H]3C[C@@H](C[C@H](NC(=O)CCn4cccn4)C3)C2)c1,23,24,28,31,1.286909,,7,6,,,0,0,0,1,0,10,24,7,39,55,55,38,20,39,1,28,16,14,5,0,0,3,31,13,42,25,17,0,17,0
499,465,334,2159572,9829448,CN(C1CCC2(CC1)COC2)S(=O)(=O)C1=CC=C([N+](=O)[O-])C(Cl)=C1,CC1=NC(NCCCO[C@@H]2CCN(C(=O)C3=CC=C([C@H](O)C4CC4)C=C3)C2)=NC(C)=C1C,CN(C1CCC2(CC1)COC2)S(=O)(=O)c1ccc([N+](=O)[O-])c(Cl)c1,Cc1nc(NCCCO[C@@H]2CCN(C(=O)c3ccc([C@H](O)C4CC4)cc3)C2)nc(C)c1C,24,26,32,35,6.021761,,8,8,,,0,0,0,1,0,39,26,7,148,213,213,127,85,148,0,114,59,108,31,36,18,14,187,55,158,72,86,0,19,0
500,345,779,5723901,433542,COC(=O)C[C@H]1C[C@H](NC(=O)[C@H]2C[C@H](CNC(=O)C3COCCC3C)C2)C1,CNS(=O)(=O)NCCCNCC1=CC=C(Cl)C(Cl)=C1F,COC(=O)C[C@H]1C[C@H](NC(=O)[C@H]2C[C@H](CNC(=O)C3COCCC3C)C2)C1,CNS(=O)(=O)NCCCNCc1ccc(Cl)c(Cl)c1F,27,29,20,20,3.979475,,10,9,,,0,0,0,1,0,31,20,7,114,145,145,106,5,114,2,99,69,26,24,0,0,2,125,82,63,24,39,0,13,0
501,900,388,3234087,9410350,CCCCSCCC(=O)NC(C)C(C)C(=O)NC1CC2(C1)CN(C)C2,CCC1=CNC(=O)C(C(=O)N2CCN(C(=O)C3=CC(Cl)=CC=N3)CC3CCCCC32)=C1,CCCCSCCC(=O)NC(C)C(C)C(=O)NC1CC2(C1)CN(C)C2,CCc1c[nH]c(=O)c(C(=O)N2CCN(C(=O)c3cc(Cl)ccn3)CC3CCCCC32)c1,25,26,31,34,67.109482,,15,14,,,0,0,0,1,0,240,26,2,958,1948,1948,872,277,958,1,853,263,837,575,487,10,12,1922,501,1447,371,1076,0,33,0
502,284,770,8276759,9498109,CCCC1=CC=C(C(=O)N2CC[C@H](CO)[C@@H](NC(=O)C3C[C@H]4CC[C@H]4C3)C2)C=C1,CC1=C2C=NC(NCCCN3CCC(NC(=O)CC4=CCN(C)CC4)C3)=NC2=NN1C,CCCc1ccc(C(=O)N2CC[C@H](CO)[C@@H](NC(=O)C3C[C@H]4CC[C@H]4C3)C2)cc1,Cc1c2cnc(NCCCN3CCC(NC(=O)CC4=CCN(C)CC4)C3)nc2nn1C,29,32,31,34,69.178322,,15,14,,,0,0,0,1,0,375,32,1,1488,2732,2732,1390,374,1488,0,1383,435,1588,893,96,31,356,2700,1193,1539,197,1342,0,33,0
503,974,851,3767260,1749296,CN(CC1=CN(CCC(=O)O)N=N1)C(=O)CCCN1C=CC=CC1=O,C=C1CCN(C(=O)CC2(NC(=O)CC34CCC(CC3)C4)CC2)C1,CN(Cc1cn(CCC(=O)O)nn1)C(=O)CCCn1ccccc1=O,C=C1CCN(C(=O)CC2(NC(=O)CC34CCC(CC3)C4)CC2)C1,25,26,23,26,6.326719,,13,12,,,0,0,0,1,0,55,26,3,217,269,269,193,74,217,0,171,114,90,40,34,16,10,243,140,129,53,76,0,25,0
504,431,258,8201981,7726940,CC1=CN(CC(=O)N2CCC(O)(CNC(=O)C3=C(C)N=C(N)N=C3C)CC2)N=C1,CCOC(CN(CCC1=CC=CC=C1C#N)C(=O)C1=NC(N)=CN=C1)C1CC1,Cc1cnn(CC(=O)N2CCC(O)(CNC(=O)c3c(C)nc(N)nc3C)CC2)c1,CCOC(CN(CCc1ccccc1C#N)C(=O)c1cncc(N)n1)C1CC1,29,31,28,30,32.649815,,13,12,,,0,0,0,1,0,131,30,1,520,983,983,484,246,520,0,460,155,511,226,203,74,86,953,334,649,150,499,0,35,0
505,854,83,3570458,3458125,C[C@H]1CCO[C@H]1C(=O)NC[C@H]1CCCCN1C(=O)/C=C/C1=CNC=N1,C#CCN(CC(=O)NCC1=NC(C)=NC=C1)C(=O)CC1CCCCC1,C[C@H]1CCO[C@H]1C(=O)NC[C@H]1CCCCN1C(=O)/C=C/c1c[nH]cn1,C#CCN(CC(=O)NCc1ccnc(C)n1)C(=O)CC1CCCCC1,25,27,25,26,14.756257,,15,14,,,0,0,0,1,0,79,26,1,305,462,462,279,87,305,0,246,123,185,101,55,30,42,436,189,273,90,183,0,31,0
506,481,19,3500280,5862849,CSCC[C@H](NC(=O)CC1CCCO1)C(=O)NCC1=CN=CC=C1C,CCOCC1=CN([C@H](C(=O)NCC(C)(C)C2=NNC(C)=N2)C(C)(C)C)N=N1,CSCC[C@H](NC(=O)CC1CCCO1)C(=O)NCc1cnccc1C,CCOCc1cn([C@H](C(=O)NCC(C)(C)c2n[nH]c(C)n2)C(C)(C)C)nn1,25,26,27,28,19.459869,,20,19,,,0,0,0,1,0,70,26,2,279,407,407,238,228,279,0,193,113,216,62,154,39,16,381,113,294,125,169,0,28,0
507,767,552,5752683,3688653,CC1=NOC(CCCNC(=O)CC(C)(C)N(C)C(=O)CC2CC(F)(F)C2)=N1,CC(=O)OCCC(=O)NC1CC(C(C)NC(=O)C2=CN(C)C=C2C)C1,Cc1noc(CCCNC(=O)CC(C)(C)N(C)C(=O)CC2CC(F)(F)C2)n1,CC(=O)OCCC(=O)NC1CC(C(C)NC(=O)c2cn(C)cc2C)C1,27,28,25,26,14.491161,,17,16,,,0,0,0,1,0,125,26,0,496,637,637,408,260,496,0,372,201,435,177,23,4,56,611,276,361,132,229,0,27,0
508,53,974,8457323,3767260,CN1N=C(C2=CN([C@H]3CCNC3)N=N2)C=C1C(=O)NC1CC(CN2C=CC=N2)C1,CN(CC1=CN(CCC(=O)O)N=N1)C(=O)CCCN1C=CC=CC1=O,Cn1nc(-c2cn([C@H]3CCNC3)nn2)cc1C(=O)NC1CC(Cn2cccn2)C1,CN(Cc1cn(CCC(=O)O)nn1)C(=O)CCCn1ccccc1=O,29,33,25,26,7.302164,,16,15,,,0,0,0,1,0,55,26,1,218,266,266,202,81,218,0,168,117,97,48,21,12,9,240,120,146,82,64,0,25,0
509,358,229,2463404,2179347,CC#CCCC(=O)N1CC2=C(C1)C(C(=O)N1CC[Si](C)(C)C1)=CO2,COC1=CC=C(C(=O)N2CCN(CCO)C(C)C2)C(C(F)(F)F)=C1,CC#CCCC(=O)N1Cc2occ(C(=O)N3CC[Si](C)(C)C3)c2C1,COc1ccc(C(=O)N2CCN(CCO)C(C)C2)c(C(F)(F)F)c1,24,26,24,25,23.480375,,12,11,,,0,0,0,1,0,130,25,3,517,837,837,445,194,517,0,429,183,496,203,65,37,133,812,336,501,109,392,0,28,0
510,665,70,7440053,4319416,O=C(CC1=CC=CC=C1OC1CCCC1)OC/C=C/C1=CC=C2OCOC2=C1,CCCCSCC(=O)N[C@H]1CC[C@@H](CC(=O)N2CC(CO)(OC)C2)CC1,O=C(Cc1ccccc1OC1CCCC1)OC/C=C/c1ccc2c(c1)OCO2,CCCCSCC(=O)N[C@H]1CC[C@@H](CC(=O)N2CC(CO)(OC)C2)CC1,28,31,26,27,1.653280,,9,9,,,0,0,0,1,0,15,27,7,57,55,55,47,39,57,3,26,20,14,5,3,2,0,28,15,40,32,8,0,20,0
511,799,980,7651720,5308922,C#CCOC(C)C(=O)N(CC1=CC=CC2=CN=CC=C21)CC1(C)CC(C)(C)C1,O=C(CCN1N=NC2=CC=CC=C2C1=O)N1CCC2(CCCCCC2)CC1,C#CCOC(C)C(=O)N(Cc1cccc2cnccc12)CC1(C)CC(C)(C)C1,O=C(CCn1nnc2ccccc2c1=O)N1CCC2(CCCCCC2)CC1,28,30,27,30,64.995506,,16,15,,,0,0,0,1,0,227,30,3,890,1586,1586,811,568,890,1,779,343,810,334,500,107,38,1556,604,982,207,775,0,32,0
512,667,41,4170183,2214787,COC1=CC=C(C(CF)NC(=O)NCC2=CC=C(C)C(C3CC3)=C2)C=C1,CC(C)C(=O)CN1CCC(CN2C(=O)C3=CC=CC=C3C2=O)CC1,COc1ccc(C(CF)NC(=O)NCc2ccc(C)c(C3CC3)c2)cc1,CC(C)C(=O)CN1CCC(CN2C(=O)c3ccccc3C2=O)CC1,26,28,24,26,7.739738,,10,10,,,0,0,0,1,0,55,26,0,216,337,337,197,142,216,0,174,71,208,82,46,18,23,311,140,197,57,140,0,30,0
513,772,31,5110604,10065918,C=CCCC(C)CN(CC1=C(C)N=C(CC)N1)C(=O)C1=C(C=C)SC=N1,CC1=NC(N(C)CC2=CC=CC3=C2CN(C(=O)CN2N=NN=C2C2CC2)C3)=NC=C1[N+](=O)[O-],C=CCCC(C)CN(Cc1[nH]c(CC)nc1C)C(=O)c1ncsc1C=C,Cc1nc(N(C)Cc2cccc3c2CN(C(=O)Cn2nnnc2C2CC2)C3)ncc1[N+](=O)[O-],26,27,33,37,23.319744,,17,16,,,0,0,0,1,0,80,27,4,315,512,512,258,303,315,1,211,99,374,87,156,49,74,485,148,364,110,254,0,23,0
514,972,253,4070462,1231139,CCC(CC)N1CC[C@@H](NS(=O)(=O)C2=CN=C(C3=CC=C(Br)C=C3)S2)C1,COC1=CC=C(C(=O)C2CCCN2CC2=CC=C(Br)O2)C=C1,CCC(CC)N1CC[C@@H](NS(=O)(=O)c2cnc(-c3ccc(Br)cc3)s2)C1,COc1ccc(C(=O)C2CCCN2Cc2ccc(Br)o2)cc1,26,28,22,24,9.081883,,10,9,,,0,0,0,1,0,70,24,5,280,357,357,247,69,280,1,237,146,144,74,12,8,14,333,165,192,82,110,0,19,0
515,204,859,10319003,3765625,CCOC(=O)CCNC(=O)C(C1=CN(C)C2=C(C#N)C=NN12)N1CCCC1C1=CC=CC(C#N)=C1,CCN1C=C(C2=CC=C(C(=O)NCCSC3=CC=CC=C3Cl)O2)N=N1,CCOC(=O)CCNC(=O)C(c1cn(C)c2c(C#N)cnn12)N1CCCC1c1cccc(C#N)c1,CCn1cc(-c2ccc(C(=O)NCCSc3ccccc3Cl)o2)nn1,35,38,25,27,7.840205,,10,9,,,0,0,0,1,0,41,27,3,157,249,249,143,84,157,2,125,55,152,58,13,6,33,222,57,192,86,106,0,24,0
516,20,636,4572575,4951544,CC1=C(CCNC(=O)C(NC(=O)[C@@H]2CC=C[C@H](O)C2)C2CCC2)N=CO1,COC(=O)C1=CC(NC2(C3=NN=NN3C(C)C)CC[C@@H](C)C2)=CN=C1Br,Cc1ocnc1CCNC(=O)C(NC(=O)[C@@H]1CC=C[C@H](O)C1)C1CCC1,COC(=O)c1cc(NC2(c3nnnn3C(C)C)CC[C@@H](C)C2)cnc1Br,26,28,26,28,12.962186,,15,14,,,0,0,0,1,0,66,28,1,248,382,382,225,229,248,1,172,63,270,93,87,42,16,354,127,255,98,157,0,33,0
517,156,244,2819811,5315419,CCC1(C(=O)N(CCC(F)CO)CC2=CN(CC(C)C)N=C2)CC1,CC1=CC(C)=C(C(=O)OCC(=O)NN(C2=CC=CC=C2)C2=CC=CC=C2)N1,CCC1(C(=O)N(CCC(F)CO)Cc2cnn(CC(C)C)c2)CC1,Cc1cc(C)c(C(=O)OCC(=O)NN(c2ccccc2)c2ccccc2)[nH]1,24,25,27,29,6.748414,,9,8,,,0,0,0,1,0,47,25,1,183,305,305,165,108,183,0,145,54,172,69,50,18,29,280,83,222,82,140,0,24,0
518,129,484,6394273,2194018,CC1=CC=C(CCN(CC2=CC(C)=CN=C2O)C(=O)C2=CN=C(C)O2)C=C1,CCOC(=O)[C@H]1C[C@@H]1C(=O)OCCN1C2=CC=C(Br)C=C2N=C1N,Cc1ccc(CCN(Cc2cc(C)cnc2O)C(=O)c2cnc(C)o2)cc1,CCOC(=O)[C@H]1C[C@@H]1C(=O)OCCn1c(N)nc2cc(Br)ccc21,27,29,24,26,9.368872,,13,12,,,0,0,0,1,0,57,26,1,222,379,379,211,88,222,0,207,109,190,74,40,3,40,353,152,227,59,168,0,25,0
519,685,117,8759367,438266,O=C(N1CCN(CC2=CC=C(N3C=CN=C3)C=C2)CC1)C(F)(F)CCN1C=CN=N1,COCCN1CCC(NC(=O)C2=NNC3=C2CCC3)C1,O=C(N1CCN(Cc2ccc(-n3ccnc3)cc2)CC1)C(F)(F)CCn1ccnn1,COCCN1CCC(NC(=O)c2n[nH]c3c2CCC3)C1,30,33,20,22,17.715965,,15,14,,,0,0,0,1,0,104,22,2,409,652,652,378,92,409,0,366,170,333,184,11,4,69,630,291,361,87,274,0,21,0
520,577,970,4218303,617020,C[C@@H]1CC2(C[C@H](C)O1)CN(C(=O)C(=O)NC1=NOC(C3CCCC3)=C1)C2,CCSC1=CC=C(NC(=O)[C@H]2CN(C)CCN2C)C=C1Cl,C[C@@H]1CC2(C[C@H](C)O1)CN(C(=O)C(=O)Nc1cc(C3CCCC3)on1)C2,CCSc1ccc(NC(=O)[C@H]2CN(C)CCN2C)cc1Cl,26,29,21,22,9.021264,,14,13,,,0,0,0,1,0,80,22,3,304,380,380,257,85,304,2,242,144,175,84,13,10,22,358,186,194,71,123,0,22,0
521,223,476,4544882,1462587,CC(=O)OCC1CN(C(=O)[C@@H]2[C@@H](C)OCCN2C(=O)CC2=NOC=C2)C1,CC(C)(NC(=O)C1=CC2=CC=CC=C2C=N1)C1=CC(Br)=CC=N1,CC(=O)OCC1CN(C(=O)[C@@H]2[C@@H](C)OCCN2C(=O)Cc2ccon2)C1,CC(C)(NC(=O)c1cc2ccccc2cn1)c1cc(Br)ccn1,26,28,23,25,33.657806,,15,14,,,0,0,0,1,0,178,25,1,705,1178,1178,646,224,705,0,629,268,651,317,80,37,144,1153,423,755,223,532,0,24,0
522,716,262,2618020,9258102,CC1=C(C)C(C(=O)NCCN(C(=O)C2CC2(F)Cl)C2CC2)=C(C)O1,CC1=CC=C(NC(=O)C(C2=CC=C(C(C)(C)C)O2)N2CCC(C(C)CO)CC2)C=N1,Cc1oc(C)c(C(=O)NCCN(C(=O)C2CC2(F)Cl)C2CC2)c1C,Cc1ccc(NC(=O)C(c2ccc(C(C)(C)C)o2)N2CCC(C(C)CO)CC2)cn1,24,26,30,32,25.405346,,17,16,,,0,0,0,1,0,145,26,2,575,863,863,509,460,575,1,472,236,530,192,258,57,26,837,321,542,188,354,0,38,0
523,785,377,6568211,1277356,NC(CC(=O)NC1=CC=CC2=C1CN(C1CC1)C2=O)C1CCC(F)(F)CC1,CONC(=O)CNC(=O)CCOCCNC(=O)C1=CC=CS1,NC(CC(=O)Nc1cccc2c1CN(C1CC1)C2=O)C1CCC(F)(F)CC1,CONC(=O)CNC(=O)CCOCCNC(=O)c1cccs1,27,30,22,22,0.754240,,9,8,,,0,0,0,1,0,12,22,6,45,48,48,42,20,45,2,33,25,6,1,0,0,0,26,17,31,25,6,0,16,0
524,171,620,1539034,2339736,CC1(CS(=O)(=O)NC2(C3=CC=C(F)C=C3Br)CC2)CC(F)(F)C1,CN1C=C(CNCC2=CC3=CC(Br)=CC=C3OC2)C2=CC=CC=C21,CC1(CS(=O)(=O)NC2(c3ccc(F)cc3Br)CC2)CC(F)(F)C1,Cn1cc(CNCC2=Cc3cc(Br)ccc3OC2)c2ccccc21,23,25,24,27,6.341616,,9,9,,,0,0,0,1,0,30,25,7,116,204,204,105,131,116,0,84,36,107,22,96,29,7,179,46,158,59,99,0,25,0
525,621,986,1945448,6080779,COCC(C)N1C=C(COCC(=O)N(C)CC2CCCC2)N=N1,CN1C(=O)C=CC=C1C(=O)N1CC2CCC(C1)N(C(=O)CCC1CCC1)C2,COCC(C)n1cc(COCC(=O)N(C)CC2CCCC2)nn1,Cn1c(C(=O)N2CC3CCC(C2)N(C(=O)CCC2CCC2)C3)cccc1=O,23,24,27,30,4.560275,,11,10,,,0,0,0,1,0,39,24,6,153,176,176,137,30,153,0,123,83,44,36,0,0,0,152,82,94,55,39,0,19,0
526,765,735,1085713,8858626,CN(CCC(O)C1=CC=CC=C1)S(=O)(=O)N1CCCC1(C)C,COC[C@H]1CC[C@@H]1C(=O)N[C@H](CC1CCOCC1)C(=O)N(C)CC1(OC)CCCC1,CN(CCC(O)c1ccccc1)S(=O)(=O)N1CCCC1(C)C,COC[C@H]1CC[C@@H]1C(=O)N[C@H](CC1CCOCC1)C(=O)N(C)CC1(OC)CCCC1,22,23,30,32,5.682086,,10,9,,,0,0,0,1,0,35,23,4,131,166,166,113,52,131,0,97,57,59,34,19,3,8,143,68,98,45,53,0,19,0
527,117,796,438266,7840005,COCCN1CCC(NC(=O)C2=NNC3=C2CCC3)C1,CNC(=O)C(C1=C2COCCN2N=N1)N1CCC(OC2=CC=CC=C2C#N)C1,COCCN1CCC(NC(=O)c2n[nH]c3c2CCC3)C1,CNC(=O)C(c1nnn2c1COCC2)N1CCC(Oc2ccccc2C#N)C1,20,22,28,31,24.375830,,14,13,,,0,0,0,1,0,132,22,0,526,900,900,463,126,526,0,457,173,509,255,31,13,137,878,343,557,120,437,0,25,0
528,838,167,5886891,6662504,COC1(C)CN(CC(=O)N(C)C2CCN(C(=O)C3=CC(C#N)=CN3)CC2)C1,COC1=CC2=C(C=C1S(=O)(=O)N1CCC(C)(C3=CC=C(Cl)C=C3)CC1)CCC2,COC1(C)CN(CC(=O)N(C)C2CCN(C(=O)c3cc(C#N)c[nH]3)CC2)C1,COc1cc2c(cc1S(=O)(=O)N1CCC(C)(c3ccc(Cl)cc3)CC1)CCC2,27,29,28,31,5.779593,,9,8,,,0,0,0,1,0,43,29,3,170,261,261,156,48,170,0,146,67,114,54,10,9,22,232,96,165,60,105,0,26,0
529,987,318,4093080,6665413,CC(C)(C)OC(=O)NC1(CNC(=O)CC2=CSC=N2)CCC(F)(F)CC1,CCCCN1C2=CC=CC=C2N=C1CNS(=O)(=O)C1=CC(C(F)(F)F)=CC=N1,CC(C)(C)OC(=O)NC1(CNC(=O)Cc2cscn2)CCC(F)(F)CC1,CCCCn1c(CNS(=O)(=O)c2cc(C(F)(F)F)ccn2)nc2ccccc21,26,27,28,30,11.937905,,13,12,,,0,0,0,1,0,48,27,4,191,338,338,173,106,191,1,153,67,154,70,90,13,31,311,100,238,73,165,0,23,0
530,110,592,9332415,3401358,COC(=O)C1=CC=C2CCCC(NC(=O)NCC3=CC=C(CNS(C)(=O)=O)C=C3)C2=C1,CC1(C)CC1(NC(=O)C=CC1=CC=CN=C1)C(=O)NCC1=CC=CO1,COC(=O)c1ccc2c(c1)C(NC(=O)NCc1ccc(CNS(C)(=O)=O)cc1)CCC2,CC1(C)CC1(NC(=O)C=Cc1cccnc1)C(=O)NCc1ccco1,31,33,25,27,6.304657,,9,8,,,0,0,0,1,0,40,27,1,147,258,258,143,111,147,1,132,52,139,46,61,19,17,231,70,188,73,115,0,26,0
531,26,951,1325871,2058576,CC(=CC1CC1)C(=O)N[C@@H]1CN(C(=O)C2=COCC2)C[C@H]1O,CN1C=C(S(=O)(=O)N2CC(NC(=O)C3=CC4=C(CCC4)S3)C2)C=N1,CC(=CC1CC1)C(=O)N[C@@H]1CN(C(=O)C2=COCC2)C[C@H]1O,Cn1cc(S(=O)(=O)N2CC(NC(=O)c3cc4c(s3)CCC4)C2)cn1,22,24,24,27,3.464297,,10,9,,,0,0,0,1,0,33,24,5,124,183,183,109,66,124,1,96,49,107,40,9,1,20,159,62,121,47,74,0,19,0
532,319,589,4194139,6811291,O=C(NC1=NN(C2=CC=NC(C(F)F)=C2)C=C1)C(=O)N1CCCC(O)C1,CCCC1(CO)CCCN1C(=O)C(=O)NC(CSC)CC1=CC=C(F)C=C1F,O=C(Nc1ccn(-c2ccnc(C(F)F)c2)n1)C(=O)N1CCCC(O)C1,CCCC1(CO)CCCN1C(=O)C(=O)NC(CSC)Cc1ccc(F)cc1F,26,28,28,29,11.753684,,15,14,,,0,0,0,1,0,67,28,1,259,385,385,229,190,259,0,184,83,228,84,89,35,29,357,150,235,79,156,0,33,0
533,693,929,867295,235085,CCC(CC)CCC(=O)NC(CC1CC1)C(=O)N(C)CC,FC(F)C1=NN=C(N2C[C@H]3CCC[C@@]3(C(F)F)C2)S1,CCC(CC)CCC(=O)NC(CC1CC1)C(=O)N(C)CC,FC(F)c1nnc(N2C[C@H]3CCC[C@@]3(C(F)F)C2)s1,21,21,19,21,4.290865,,9,8,,,0,0,0,1,0,28,21,2,105,142,142,96,42,105,0,80,50,57,22,9,5,14,121,40,102,56,46,0,20,0
534,981,384,7098766,3903101,CS[C@H]1C[C@H](CC(=O)N(C)[C@@H](CC(C)C)C(=O)NCC2CCN2C(C)(C)C)C1,CC1=C(CN(CC2=CC(F)=CN=C2)CC2(C)CC2(C)C)NC=C1C#N,CS[C@H]1C[C@H](CC(=O)N(C)[C@@H](CC(C)C)C(=O)NCC2CCN2C(C)(C)C)C1,Cc1c(C#N)c[nH]c1CN(Cc1cncc(F)c1)CC1(C)CC1(C)C,28,29,25,27,26.941048,,14,13,,,0,0,0,1,0,122,27,2,482,943,943,447,485,482,1,411,154,526,186,429,82,31,916,349,594,98,496,0,27,0
535,406,964,9037698,3383014,CC(C(=O)N[C@H]1C[C@H]2CC[C@@H]1CN(C1=NC=C3C=CC=NC3=N1)C2)C1CCOCC1,CC(C)(C)CC(O)C(=O)NC(CC(=O)N1CCCNC(=O)C1)C(F)F,CC(C(=O)N[C@H]1C[C@H]2CC[C@@H]1CN(c1ncc3cccnc3n1)C2)C1CCOCC1,CC(C)(C)CC(O)C(=O)NC(CC(=O)N1CCCNC(=O)C1)C(F)F,30,34,25,25,26.709951,,16,15,,,0,0,0,1,0,154,25,2,606,834,834,538,184,606,0,522,298,447,215,5,2,68,809,334,500,204,296,0,23,0
536,732,203,1118423,5641571,CC(F)(F)C(F)(F)CCOC(=O)C1CCC2=NN=CN2CC1,C=CCC(CNC(=O)CCC1=NN(C)C=C1)C(=O)N1CCC2(CCCC2)C1,CC(F)(F)C(F)(F)CCOC(=O)C1CCc2nncn2CC1,C=CCC(CNC(=O)CCc1ccn(C)n1)C(=O)N1CCC2(CCCC2)C1,22,23,27,29,5.830884,,10,9,,,0,0,0,1,0,35,23,6,138,219,219,120,50,138,1,112,50,113,51,14,2,25,196,62,157,58,99,0,24,0
537,77,606,5195946,633273,CC(C)(C)OC(=O)N1CCCC1CCC(=O)NCC1=CC=C2OC=CC2=C1,CN1N=CC=C1C1(C(=O)NCC2=CN=CO2)CCOCC1,CC(C)(C)OC(=O)N1CCCC1CCC(=O)NCc1ccc2occc2c1,Cn1nccc1C1(C(=O)NCc2cnco2)CCOCC1,27,29,21,23,10.706674,,11,10,,,0,0,0,1,0,62,23,1,243,436,436,230,107,243,0,209,82,212,90,77,36,54,413,151,285,79,206,0,26,0
538,707,850,8176720,8234603,CN(C[C@@H]1CCCCN1C(=O)C1=CN2C=CN=C2S1)C(=O)CCOCC(F)(F)F,CC1CC(NC(=O)CCC2=NN(C)C=C2)CN1C(=O)CC/C=C/C1=CC=CC=C1,CN(C[C@@H]1CCCCN1C(=O)c1cn2ccnc2s1)C(=O)CCOCC(F)(F)F,CC1CC(NC(=O)CCc2ccn(C)n2)CN1C(=O)CC/C=C/c1ccccc1,29,31,29,31,24.092619,,16,15,,,0,0,0,1,0,180,31,7,703,954,954,600,285,703,2,586,295,447,200,163,81,29,923,476,478,124,354,0,30,0
539,642,248,3685140,1499937,O=C(NC[C@@H]1C[C@@H](F)CN1C(=O)CC1=CC=CS1)C1CC(F)(CF)C1,O=C(CCC1=NC(C2CCCC2)=NO1)NC(CO)C1=CC=CS1,O=C(NC[C@@H]1C[C@@H](F)CN1C(=O)Cc1cccs1)C1CC(F)(CF)C1,O=C(CCc1nc(C2CCCC2)no1)NC(CO)c1cccs1,25,27,23,25,4.555088,,11,10,,,0,0,0,1,0,46,25,3,181,230,230,163,43,181,0,140,89,80,48,4,4,15,205,112,118,51,67,0,22,0
540,104,713,6937058,1020902,CC1=CN=C(O)C(NC(=O)C2CCN(C(=O)C(F)C3(O)CCCC3)CCO2)=C1,CCCCC1=NC(C)=C(C(=O)N(C)C2CN(C)S(=O)(=O)C2)S1,Cc1cnc(O)c(NC(=O)C2CCN(C(=O)C(F)C3(O)CCCC3)CCO2)c1,CCCCc1nc(C)c(C(=O)N(C)C2CN(C)S(=O)(=O)C2)s1,28,30,22,23,2.941418,,11,10,,,0,0,0,1,0,32,23,6,123,141,141,101,63,123,2,90,65,82,19,0,0,11,118,59,82,42,40,0,17,0
541,791,308,9428881,2580761,CC1=CC(C(=O)N2[C@H](CNC(=O)C3=CC=C(N=[N+]=[N-])C=C3)C[C@@H]3CCC[C@@H]32)=NN=C1C,CC1=CC(NC(=O)C(C)NC(=O)C2CCC(=O)NC2)=CC(C)=C1O,Cc1cc(C(=O)N2[C@H](CNC(=O)c3ccc(N=[N+]=[N-])cc3)C[C@@H]3CCC[C@@H]32)nnc1C,Cc1cc(NC(=O)C(C)NC(=O)C2CCC(=O)NC2)cc(C)c1O,31,34,24,25,60.342541,,18,17,,,0,0,0,1,0,300,25,1,1189,1484,1484,960,457,1189,1,941,478,859,411,97,47,47,1459,765,719,195,524,0,40,0
542,870,700,1277142,2480793,CC/C=C/CC(=O)N[C@@H](COC)C(=O)NC1=CC(O)=CC=C1,CC(=O)OC(C)(C)C(=O)NC1CC2(C1)CC2C(=O)NCC1(F)CC1,CC/C=C/CC(=O)N[C@@H](COC)C(=O)Nc1cccc(O)c1,CC(=O)OC(C)(C)C(=O)NC1CC2(C1)CC2C(=O)NCC1(F)CC1,22,22,24,26,6.877016,,11,10,,,0,0,0,1,0,51,22,1,195,270,270,176,81,195,1,167,99,144,55,10,1,24,248,113,157,63,94,0,22,0
543,614,824,6934516,1881865,C[C@H]1COC(C)(C)CN1C(=O)C1CN(C(=O)C=CC2=CC=CC=C2)C(C)(C)C1,CCC(COC)C(=O)NCC(NC(=O)C1(C)CC=CC1)C(C)C,C[C@H]1COC(C)(C)CN1C(=O)C1CN(C(=O)C=Cc2ccccc2)C(C)(C)C1,CCC(COC)C(=O)NCC(NC(=O)C1(C)CC=CC1)C(C)C,28,30,23,23,11.516353,,11,10,,,0,0,0,1,0,78,23,0,308,458,458,288,87,308,0,272,130,169,81,65,54,26,435,130,328,158,170,0,42,0
544,123,815,2996567,3432128,CC[C@@H](NS(=O)(=O)CC1CC2(CCOCC2)C(=O)O1)C1=CC=CC=N1,C[C@@H]1C[C@@H](C(=O)NCC2=CC=CC=C2O)N(C(=O)CC2CC=CC2)C1,CC[C@@H](NS(=O)(=O)CC1CC2(CCOCC2)C(=O)O1)c1ccccn1,C[C@@H]1C[C@@H](C(=O)NCc2ccccc2O)N(C(=O)CC2CC=CC2)C1,25,27,25,27,8.768197,,10,9,,,0,0,0,1,0,55,27,4,211,324,324,195,54,211,0,184,93,106,64,50,15,10,297,101,223,94,129,0,23,0
545,579,801,5792433,6389538,C=CCOCC(=O)N1CCCCC1CCC(=O)NCC(C)(O)C1CCCC1,C=CCC(OC)C(=O)N(CC1=CC=NN1COC)CC1CCCOC1(C)C,C=CCOCC(=O)N1CCCCC1CCC(=O)NCC(C)(O)C1CCCC1,C=CCC(OC)C(=O)N(Cc1ccnn1COC)CC1CCCOC1(C)C,27,28,27,28,22.623583,,15,14,,,0,0,0,1,0,140,28,0,554,795,795,493,185,554,0,475,250,379,187,78,28,51,767,318,477,175,302,0,31,0
546,42,355,1415851,1599064,O=C(NC1=NN2C=CC=CC2=C1)C1=C2OCCCC2=CC(Br)=C1,O=[N+]([O-])C1=CC=C(CNC(CO)C2=CC=C(Br)C(Cl)=C2)C=C1F,O=C(Nc1cc2ccccn2n1)c1cc(Br)cc2c1OCCC2,O=[N+]([O-])c1ccc(CNC(CO)c2ccc(Br)c(Cl)c2)cc1F,23,26,23,24,14.763137,,15,15,,,0,0,0,1,0,108,24,4,431,526,526,375,182,431,1,340,214,297,141,9,0,12,502,286,240,89,151,0,20,0
547,545,438,5030749,6760261,CCC(CC(=O)N(CCC1CCC1)CC1=CC=C2C=CC=NN21)C(F)F,CN(CC1=NN=CN1)C(=O)C(=O)NC1=CC=CC(NC(=O)C2=CC=NC=C2)=C1,CCC(CC(=O)N(CCC1CCC1)Cc1ccc2cccnn12)C(F)F,CN(Cc1nnc[nH]1)C(=O)C(=O)Nc1cccc(NC(=O)c2ccncc2)c1,26,28,28,30,20.746687,,13,12,,,0,0,0,1,0,115,28,2,457,702,702,397,161,457,0,376,173,411,187,27,11,87,674,264,438,133,305,0,36,0
548,677,379,4192068,1962038,O=C(NCC1=NOC(C2CCOCC2)=N1)NC[C@@]12CCCC[C@]1(CO)C2,C=C(Br)CNC1=NC(N(C)CCN2C=NC=N2)=NC2=C1CSC2,O=C(NCc1noc(C2CCOCC2)n1)NC[C@@]12CCCC[C@]1(CO)C2,C=C(Br)CNc1nc(N(C)CCn2cncn2)nc2c1CSC2,26,29,23,25,4.767826,,12,11,,,0,0,0,1,0,36,25,5,140,213,213,128,76,140,2,113,65,101,34,37,9,17,188,59,154,69,85,0,20,0
549,70,518,4319416,1126877,CCCCSCC(=O)N[C@H]1CC[C@@H](CC(=O)N2CC(CO)(OC)C2)CC1,O=C(COC(=O)C1=C(Br)C=NO1)NC1=CC=C2CCCC2=C1,CCCCSCC(=O)N[C@H]1CC[C@@H](CC(=O)N2CC(CO)(OC)C2)CC1,O=C(COC(=O)c1oncc1Br)Nc1ccc2c(c1)CCC2,26,27,22,24,16.669699,,13,12,,,0,0,0,1,0,116,24,2,460,606,606,392,204,460,0,366,207,310,134,82,29,15,582,308,298,84,214,0,31,0
550,663,349,5891057,9128830,COC1=CC(C(=O)N2C[C@@H]3[C@H](C2)[C@H]3NC(=O)C2=NN(C)C(C)=C2)=CC=C1C,CCC(CNS(=O)(=O)C1=CC=C(NC[C@@H](O)C2=CC=C(F)C=C2)N=C1)N1C=CC=N1,COc1cc(C(=O)N2C[C@@H]3[C@H](C2)[C@H]3NC(=O)c2cc(C)n(C)n2)ccc1C,CCC(CNS(=O)(=O)c1ccc(NC[C@@H](O)c2ccc(F)cc2)nc1)n1cccn1,27,30,30,32,21.748224,,13,12,,,0,0,0,1,0,121,30,2,480,817,817,428,274,480,0,414,147,566,235,64,18,98,787,290,527,138,389,0,28,0
551,12,869,1143739,8948212,FC(F)C1(CN2CCCCC(C3=CC=C(Cl)C=C3)C2)COC1,CCC(CC)C(C)C(=O)NC1(C2CCCCN2C(=O)C(F)=CC2=CN(C)N=N2)CC1,FC(F)C1(CN2CCCCC(c3ccc(Cl)cc3)C2)COC1,CCC(CC)C(C)C(=O)NC1(C2CCCCN2C(=O)C(F)=Cc2cn(C)nn2)CC1,22,24,30,32,29.193291,,12,11,,,0,0,0,1,0,147,24,3,576,866,866,505,125,576,0,490,255,388,201,74,28,92,842,345,521,160,361,0,28,0
552,430,842,4050179,3050571,CN1C=CN=C1SCC1=CC=C(C(=O)N2CCC3=C(C=CN=C3N)C2)O1,CSC1=NC=C(Br)C(NC(=O)CNC(=O)C2=CC3=C(CCCC3)S2)=N1,Cn1ccnc1SCc1ccc(C(=O)N2CCc3c(ccnc3N)C2)o1,CSc1ncc(Br)c(NC(=O)CNC(=O)c2cc3c(s2)CCCC3)n1,26,29,25,27,10.048057,,10,9,,,0,0,0,1,0,68,27,1,269,411,411,243,59,269,0,236,119,179,94,21,4,35,384,150,261,93,168,0,27,0
553,501,108,4499785,10299613,C#CCOC(=O)CNC(=O)C(F)C1CC(NC(=O)CC2CC3(CC3)C2)C1,COCC1CCN(C2=CC=C(S(=O)(=O)NCC3CN(CC4=CC(C)=CC=C4)CCO3)C=C2C#N)C1,C#CCOC(=O)CNC(=O)C(F)C1CC(NC(=O)CC2CC3(CC3)C2)C1,COCC1CCN(c2ccc(S(=O)(=O)NCC3CN(Cc4cccc(C)c4)CCO3)cc2C#N)C1,26,28,35,38,21.145027,,13,12,,,0,0,0,1,0,118,28,5,455,749,749,418,126,455,0,399,216,314,156,114,23,62,721,307,442,111,331,0,26,0
554,443,983,4553163,2980854,C#CCN(CC(=O)N[C@@H](CCC)C(F)(F)F)C(=O)CCN1CCCC1=O,CCOC(=O)C1=C(C(F)F)N=C(NCC2=CC(C(=O)OC)=CC=C2)S1,C#CCN(CC(=O)N[C@@H](CCC)C(F)(F)F)C(=O)CCN1CCCC1=O,CCOC(=O)c1sc(NCc2cccc(C(=O)OC)c2)nc1C(F)F,26,26,25,26,2.873908,,8,7,,,0,0,0,1,0,24,26,1,93,154,154,88,65,93,0,77,33,73,24,32,6,14,128,43,111,45,66,0,25,0
555,370,650,9041022,2369078,CC1=CC=C([N+](=O)[O-])C(NC2COCCCN(C(=O)C[C@@H](C)C3=CC=CC=C3)C2)=N1,CC1(C(=O)O)CCC2=CC(C3=CC=C(F)C(C(F)(F)F)=C3)=CC=C21,Cc1ccc([N+](=O)[O-])c(NC2COCCCN(C(=O)C[C@@H](C)c3ccccc3)C2)n1,CC1(C(=O)O)CCc2cc(-c3ccc(F)c(C(F)(F)F)c3)ccc21,30,32,24,26,75.817162,,11,10,,,0,0,0,1,0,286,26,4,1135,2009,2009,1016,434,1135,0,996,365,1150,544,248,85,220,1983,634,1375,382,993,0,39,0
556,912,848,8238602,852893,O=C(NC1COCCN(C(=O)C2=NN3C=CC=NC3=C2)C1)[C@H]1C[C@H]2O[C@@H]1[C@@H]1C[C@H]21,CC1=C(C(=O)N2C[C@@H](O)C[C@H]2C(=O)NC2CC2)CCCO1,O=C(NC1COCCN(C(=O)c2cc3ncccn3n2)C1)[C@H]1C[C@H]2O[C@@H]1[C@@H]1C[C@@H]12,CC1=C(C(=O)N2C[C@@H](O)C[C@H]2C(=O)NC2CC2)CCCO1,29,34,21,23,11.860230,,15,14,,,0,0,0,1,0,69,23,1,265,390,390,226,313,265,0,197,109,240,66,210,29,2,367,146,244,80,164,0,24,0
557,470,724,3166266,374384,N[C@@H](CC1=CC=CC(NC(=O)C2=C(F)C=C(CO)C=C2F)=C1)C(=O)O,CC[C@H]1C[C@@H]1C(=O)N(C)CC1=CC2=C(C=C1Br)OCO2,N[C@@H](Cc1cccc(NC(=O)c2c(F)cc(CO)cc2F)c1)C(=O)O,CC[C@H]1C[C@@H]1C(=O)N(C)Cc1cc2c(cc1Br)OCO2,25,26,20,22,36.609634,,15,14,,,0,0,0,1,0,168,22,1,659,1182,1182,612,191,659,1,603,207,713,364,27,20,169,1160,491,691,121,570,0,22,0
558,156,445,2819811,8869065,CCC1(C(=O)N(CCC(F)CO)CC2=CN(CC(C)C)N=C2)CC1,CC1(C)CC(CNC(=O)/C=C/C2=CC=CC=C2)(C(=O)N2CCC(N3CCCC3)C2)C1,CCC1(C(=O)N(CCC(F)CO)Cc2cnn(CC(C)C)c2)CC1,CC1(C)CC(CNC(=O)/C=C/c2ccccc2)(C(=O)N2CCC(N3CCCC3)C2)C1,24,25,30,33,19.416815,,16,15,,,0,0,0,1,0,114,25,3,451,569,569,367,457,451,0,340,199,496,106,132,40,28,544,248,321,119,202,0,26,0
559,180,751,5029912,4375377,NC(=O)[C@H]1C[C@H]1C(=O)N(CC1=NNC2=CC=CC=C21)C[C@H]1COCCO1,CC(C)C[C@@H](CC(=O)N1C2CSCC1C2)NC(=O)C1=NN2CCCC2=C1,NC(=O)[C@H]1C[C@H]1C(=O)N(Cc1n[nH]c2ccccc12)C[C@H]1COCCO1,CC(C)C[C@@H](CC(=O)N1C2CSCC1C2)NC(=O)c1cc2n(n1)CCC2,26,29,26,29,45.592491,,15,15,,,0,0,0,1,0,283,29,4,1115,1501,1501,936,417,1115,2,909,540,777,326,176,45,89,1472,765,736,171,565,0,39,0
560,534,988,9236964,6019508,OCCOC1=CC=CC(CN(CC2=CC=C(C(F)(F)F)O2)CC2OCCC23CC3)=C1,O=C(CNC1=CC=NC=C1)NCC1CC(CNC(=O)CN2C=CN=N2)CO1,OCCOc1cccc(CN(Cc2ccc(C(F)(F)F)o2)CC2OCCC23CC3)c1,O=C(CNc1ccncc1)NCC1CC(CNC(=O)Cn2ccnn2)CO1,30,33,27,29,5.052746,,10,9,,,0,0,0,1,0,47,29,4,179,233,233,161,48,179,1,149,86,89,48,3,2,5,204,102,131,59,72,0,25,0
561,666,276,2410406,6286911,CCCN1C=CC(NC(=O)CC2CCN(C(=O)[C@H]3C[C@H]3C)CC2)=N1,CCC(C)(C)CCNC(C1=NN=NN1CCC#N)C1=C(F)C=C(F)C(F)=C1,CCCn1ccc(NC(=O)CC2CCN(C(=O)[C@H]3C[C@H]3C)CC2)n1,CCC(C)(C)CCNC(c1cc(F)c(F)cc1F)c1nnnn1CCC#N,24,26,27,28,11.036162,,12,11,,,0,0,0,1,0,78,26,2,299,400,400,257,117,299,0,234,133,229,97,3,3,40,374,136,264,121,143,0,25,0
562,630,827,4381149,10017841,C[C@H]1[C@H](CNC(=O)[C@@H]2C[C@@H](F)CN2C(=O)C2=CC=C(C(N)=O)O2)C1(F)F,CC(C)(C)OC(=O)N1CCN(C(=O)NCC2=CC3=CN=NC=C3O2)C(C2=CC=CC=C2F)C1,C[C@H]1[C@H](CNC(=O)[C@@H]2C[C@@H](F)CN2C(=O)c2ccc(C(N)=O)o2)C1(F)F,CC(C)(C)OC(=O)N1CCN(C(=O)NCc2cc3cnncc3o2)C(c2ccccc2F)C1,26,28,33,36,30.088840,,13,12,,,0,0,0,1,0,134,28,0,531,998,998,461,412,531,0,436,160,705,224,215,49,178,970,288,710,173,537,0,30,0
563,941,551,3762436,3108760,CC(NC(=O)C1=CN(CC(F)F)C=N1)C1=CN(C[C@H]2C[C@H](N)C2)N=N1,CC1=C(CCNC(=O)NCC(=O)N2CCCO2)C2=CC(Cl)=CC=C2N1,CC(NC(=O)c1cn(CC(F)F)cn1)c1cn(C[C@H]2C[C@H](N)C2)nn1,Cc1[nH]c2ccc(Cl)cc2c1CCNC(=O)NCC(=O)N1CCCO1,25,27,25,27,5.175761,,12,11,,,0,0,0,1,0,45,27,4,175,245,245,154,83,175,1,125,61,130,64,15,6,17,218,101,144,53,91,0,23,0
564,793,495,1506852,224835,O=C(NC12CCC(C(F)F)(CC1)OC2)C1=CC2=NC=CN2C=C1,C=CC(C)(O)CNC(=O)C1=CC2=C(N=CN2)C(F)=C1,O=C(NC12CCC(C(F)F)(CC1)OC2)c1ccn2ccnc2c1,C=CC(C)(O)CNC(=O)c1cc(F)c2nc[nH]c2c1,23,26,19,20,28.631823,,15,14,,,0,0,0,1,0,139,20,1,548,899,899,491,249,548,0,477,236,548,207,89,29,123,879,352,547,139,408,0,29,0
565,476,446,1462587,3959197,CC(C)(NC(=O)C1=CC2=CC=CC=C2C=N1)C1=CC(Br)=CC=N1,CCC(C)OC1=CC=CC(NC(=O)C2=C3C=CC=CC3=NC(OC)=C2)=C1,CC(C)(NC(=O)c1cc2ccccc2cn1)c1cc(Br)ccn1,CCC(C)Oc1cccc(NC(=O)c2cc(OC)nc3ccccc23)c1,23,25,26,28,24.958326,,16,15,,,0,0,0,1,0,156,25,1,610,827,827,550,268,610,0,509,295,421,179,95,52,40,802,439,388,111,277,0,28,0
566,845,748,2726269,3675863,CSC1=NC=CC(NC2CC(CCNC(=O)[C@H](O)C3CCC3)C2)=N1,CN1CCC[C@H]1CC(=O)N1C[C@H](NC(=O)C(=O)NCC2CC2)[C@@H](O)C1,CSc1nccc(NC2CC(CCNC(=O)[C@H](O)C3CCC3)C2)n1,CN1CCC[C@H]1CC(=O)N1C[C@H](NC(=O)C(=O)NCC2CC2)[C@@H](O)C1,24,26,25,27,9.320958,,12,11,,,0,0,0,1,0,73,26,2,279,393,393,256,72,279,0,245,115,182,117,0,0,6,367,164,229,92,137,0,24,0
567,606,274,633273,2157471,CN1N=CC=C1C1(C(=O)NCC2=CN=CO2)CCOCC1,C=CC1CCCN1S(=O)(=O)C1=CC=C(NS(=O)(=O)CCCC)C=C1,Cn1nccc1C1(C(=O)NCc2cnco2)CCOCC1,C=CC1CCCN1S(=O)(=O)c1ccc(NS(=O)(=O)CCCC)cc1,21,23,24,25,2.996492,,7,6,,,0,0,0,1,0,19,23,6,68,138,138,66,33,68,2,59,30,43,14,41,5,4,115,33,105,33,72,0,17,0
568,330,872,10117466,5919239,CCC1=CC=CC=C1N1N=NN=C1C(C1=CC=C2C=CN=CC2=C1)N1CC(O)CC(C)(C)C1,CC1=CC(C(=O)NC2(CNC(=O)CCOC3CC3)CCOCC2)=CC=C1F,CCc1ccccc1-n1nnnc1C(c1ccc2ccncc2c1)N1CC(O)CC(C)(C)C1,Cc1cc(C(=O)NC2(CNC(=O)CCOC3CC3)CCOCC2)ccc1F,33,37,27,29,48.223843,,15,14,,,0,0,0,1,0,221,29,3,861,1188,1188,784,196,861,1,769,473,403,219,168,66,36,1159,558,630,226,404,0,26,0
569,251,850,5013558,8234603,CCCN1C=CC(CN(CCC(C)(C)CC)C(=O)CC2COCCO2)=N1,CC1CC(NC(=O)CCC2=NN(C)C=C2)CN1C(=O)CC/C=C/C1=CC=CC=C1,CCCn1ccc(CN(CCC(C)(C)CC)C(=O)CC2COCCO2)n1,CC1CC(NC(=O)CCc2ccn(C)n2)CN1C(=O)CC/C=C/c1ccccc1,26,27,29,31,9.341204,,12,11,,,0,0,0,1,0,58,27,4,226,315,315,186,237,226,2,165,93,214,53,126,17,20,288,111,204,75,129,0,23,0
570,957,88,6383091,420211,CC1CCC(CCN(CC2=C(F)C=CC=C2F)C(=O)C2=CC=CN=C2O)C1,NC(COCCO)=NOC[C@H]1C[C@H]1CC1=CC=CC=C1,CC1CCC(CCN(Cc2c(F)cccc2F)C(=O)c2cccnc2O)C1,NC(COCCO)=NOC[C@H]1C[C@H]1Cc1ccccc1,27,29,20,21,8.742607,,8,7,,,0,0,0,1,0,45,21,2,178,230,230,158,30,178,0,141,81,80,58,0,0,12,209,108,122,50,72,0,21,0
571,285,902,7929346,2466100,COC1=CC=C2C=C(CNCC3N(C(=O)OC(C)(C)C)CCC34CCC4)NC2=C1,CC1=C(C(=O)N2CC[C@H](C)C[C@@H]2C(=O)NC2(C(C)C)CC2)NC=C1,COc1ccc2cc(CNCC3N(C(=O)OC(C)(C)C)CCC34CCC4)[nH]c2c1,Cc1cc[nH]c1C(=O)N1CC[C@H](C)C[C@@H]1C(=O)NC1(C(C)C)CC1,29,32,24,26,51.400185,,17,17,,,0,0,0,1,0,224,26,0,880,1517,1517,778,1133,880,0,741,312,1148,288,696,152,82,1491,588,929,190,739,0,33,0
572,461,249,6469213,4332357,CC(=O)NC(C)C(=O)N(CC1=C(C)C=CC=C1C)CC1(CF)CCCOC1,CC(CC(=O)NC1(C(=O)NC(C)CCN(C)C)CCCCC1)CN(C)C,CC(=O)NC(C)C(=O)N(Cc1c(C)cccc1C)CC1(CF)CCCOC1,CC(CC(=O)NC1(C(=O)NC(C)CCN(C)C)CCCCC1)CN(C)C,27,28,26,26,11.731664,,12,11,,,0,0,0,1,0,80,26,0,308,442,442,280,202,308,0,246,123,230,91,102,40,6,416,176,266,104,162,0,33,0
573,768,475,5597798,553233,CC1(CCC(=O)N2CCS(=N)(=O)CC2)CN(C(=O)[C@@H]2CC[C@H](C(N)=O)C2)C1,C=C1CCCN(C(=O)[C@@H]2CCN2C(=O)C2C=CCC2)C1,CC1(CCC(=O)N2CCS(=N)(=O)CC2)CN(C(=O)[C@@H]2CC[C@H](C(N)=O)C2)C1,C=C1CCCN(C(=O)[C@@H]2CCN2C(=O)C2C=CCC2)C1,27,29,20,22,9.920484,,12,11,,,0,0,0,1,0,74,22,2,285,369,369,234,122,285,0,214,126,202,78,29,10,41,347,154,215,80,135,0,21,0
574,583,624,1681719,1850926,O=C(NCC(O)C1=CC=CC=C1Br)[C@@H]1CCC2=CC=CC=C2N1,CC1=CC(CC(=O)N(C)C(C)C(=O)N(C)CC2=CN=CO2)=CS1,O=C(NCC(O)c1ccccc1Br)[C@@H]1CCc2ccccc2N1,Cc1cc(CC(=O)N(C)C(C)C(=O)N(C)Cc2cnco2)cs1,23,25,23,24,12.658803,,16,15,,,0,0,0,1,0,110,24,2,438,655,655,358,137,438,0,352,141,408,195,0,0,86,631,254,401,104,297,0,22,0
575,684,388,3714033,9410350,CC(C)(C)OC(=O)NC12CC(CCOC(=O)CCC3=COC=N3)(C1)C2,CCC1=CNC(=O)C(C(=O)N2CCN(C(=O)C3=CC(Cl)=CC=N3)CC3CCCCC32)=C1,CC(C)(C)OC(=O)NC12CC(CCOC(=O)CCc3cocn3)(C1)C2,CCc1c[nH]c(=O)c(C(=O)N2CCN(C(=O)c3cc(Cl)ccn3)CC3CCCCC32)c1,25,27,31,34,4.837954,,9,8,,,0,0,0,1,0,32,27,6,126,269,269,121,167,126,2,100,34,164,50,126,16,0,242,63,206,58,148,0,21,0
576,344,29,9516268,5500785,N#CC[C@@H](O)CN1C=C(C2=CC=CC(OCC(=O)NC3CCC4=NC=CN4C3)=C2)N=N1,CCN(C(=O)CC1CC(NC(=O)C2=C(C)OC(CO)=C2)C1)C(C)C1CCC1,N#CC[C@@H](O)Cn1cc(-c2cccc(OCC(=O)NC3CCc4nccn4C3)c2)nn1,CCN(C(=O)CC1CC(NC(=O)c2cc(CO)oc2C)C1)C(C)C1CCC1,31,34,27,29,20.801128,,11,10,,,0,0,0,1,0,108,29,0,421,735,735,367,201,421,0,348,138,486,176,54,24,141,706,223,512,144,368,0,30,0
577,506,871,3999241,882010,COC(=O)[C@@H](CC1=NNC=C1)NC(=O)C1CCCN(C(=O)C(C)(C)C)C1,C=CCCC(C)(C)NC(=O)C1=CCC(NC(=O)C(C)O)C1,COC(=O)[C@@H](Cc1cc[nH]n1)NC(=O)C1CCCN(C(=O)C(C)(C)C)C1,C=CCCC(C)(C)NC(=O)C1=CCC(NC(=O)C(C)O)C1,26,27,21,21,5.865336,,12,11,,,0,0,0,1,0,57,21,2,220,275,275,188,105,220,0,176,120,161,43,9,6,29,254,149,126,39,87,0,19,0
578,332,186,4169540,1420794,COC1=CC=C([C@H](C)NC(=O)N2CC(S(N)(=O)=O)CC23CCCC3)C=C1,COC(=O)C1CN(C)C(=O)CN1C(=O)CCC1=CC=C(F)N=C1,COc1ccc([C@H](C)NC(=O)N2CC(S(N)(=O)=O)CC23CCCC3)cc1,COC(=O)C1CN(C)C(=O)CN1C(=O)CCc1ccc(F)nc1,26,28,23,24,7.969504,,10,9,,,0,0,0,1,0,57,24,1,219,318,318,201,55,219,0,190,92,130,81,18,5,8,294,111,207,90,117,0,25,0
579,499,217,5522744,3764730,CC(C)(CNC(=O)C(C)(C)C(C)(C)O)CC(=O)NCC1CC/C=C\CCC1,CC(C)C(F)(F)C(=O)N1CC(C2=CN(CCCOC3CCC3)N=N2)C1,CC(C)(CNC(=O)C(C)(C)C(C)(C)O)CC(=O)NCC1CC/C=C\CCC1,CC(C)C(F)(F)C(=O)N1CC(c2cn(CCCOC3CCC3)nn2)C1,27,27,25,27,17.517975,,16,15,,,0,0,0,1,0,70,27,1,279,501,501,255,220,279,1,218,80,219,88,217,61,2,474,190,311,65,246,0,31,0
580,363,816,8246786,7636364,CCN(C(=O)CC1=CC(C)=CC=C1C)C1CCC(NC(=O)C2=CC=CN=N2)CC1,CN1C=NC=C1CNC1=NC(NCC(C)(C)C2=CC=NC=C2)=NC2=C1SC=C2,CCN(C(=O)Cc1cc(C)ccc1C)C1CCC(NC(=O)c2cccnn2)CC1,Cn1cncc1CNc1nc(NCC(C)(C)c2ccncc2)nc2ccsc12,29,31,28,31,12.469363,,10,9,,,0,0,0,1,0,70,31,3,272,400,400,232,98,272,2,214,104,204,82,32,18,46,369,102,298,130,168,0,28,0
581,264,348,6289492,2791183,C[C@H]1C[C@H]1CCC(NCCC1=CC=NN1C)C1=NN=NN1CC1=CC=CS1,CCC1=CC=C(CN(CC(Cl)(Cl)Cl)C(=O)CNC(=O)CC(C)C)O1,C[C@H]1C[C@H]1CCC(NCCc1ccnn1C)c1nnnn1Cc1cccs1,CCc1ccc(CN(CC(Cl)(Cl)Cl)C(=O)CNC(=O)CC(C)C)o1,27,30,24,24,2.724746,,13,12,,,0,0,0,1,0,31,24,7,105,127,127,102,35,105,0,92,74,34,11,0,0,0,103,62,65,40,25,0,17,0
582,286,901,7707730,8616169,CCC(C(=O)N(CC1=CC=C(OC)C(C)=C1)C[C@H]1CCCO1)C1=CC=CN=C1,CCCC1=NNC(C(=O)N(CC[C@H]2CCC(=O)N2)CC2=NNC(C3CCC3)=C2)=C1,CCC(C(=O)N(Cc1ccc(OC)c(C)c1)C[C@H]1CCCO1)c1cccnc1,CCCc1cc(C(=O)N(CC[C@H]2CCC(=O)N2)Cc2cc(C3CCC3)[nH]n2)[nH]n1,28,30,29,32,15.371778,,20,19,,,0,0,0,1,0,67,30,4,265,348,348,225,290,265,0,174,99,218,52,162,48,4,318,147,201,78,123,0,39,0
583,610,718,9252596,1002008,CN(CCC1=CC=CC=C1F)C(C(=O)NC1CC(F)(F)C1)C1=NN2C=CC=CC2=C1,CC1=NN=C(CNC(=O)C2=C(C)C(C)(C)OC2=O)N1C1CC1,CN(CCc1ccccc1F)C(C(=O)NC1CC(F)(F)C1)c1cc2ccccn2n1,CC1=C(C(=O)NCc2nnc(C)n2C2CC2)C(=O)OC1(C)C,30,33,22,24,4.292142,,11,10,,,0,0,0,1,0,32,24,3,126,185,185,112,71,126,1,100,51,90,34,30,6,9,161,56,129,56,73,0,21,0
584,901,282,8616169,9846240,CCCC1=NNC(C(=O)N(CC[C@H]2CCC(=O)N2)CC2=NNC(C3CCC3)=C2)=C1,CCC1=C(C(=O)NC(C)C2CCN(S(=O)(=O)C3=CC=CC4=CC=CN=C43)C2)N=NN1CC,CCCc1cc(C(=O)N(CC[C@H]2CCC(=O)N2)Cc2cc(C3CCC3)[nH]n2)[nH]n1,CCc1c(C(=O)NC(C)C2CCN(S(=O)(=O)c3cccc4cccnc34)C2)nnn1CC,29,32,32,35,35.414837,,15,14,,,0,0,0,1,0,164,32,0,652,1081,1081,589,221,652,0,554,231,599,292,82,34,128,1049,379,702,210,492,0,34,0
585,569,10,5065409,975947,CC1=CC=C(C(=O)N(CCCCCO)CC2=CC=CC(C#N)=C2)C(C)=C1,CCN1N=NC2=CC=C(C(=O)NC3=C(Cl)C=CC=C3C)C=C21,Cc1ccc(C(=O)N(CCCCCO)Cc2cccc(C#N)c2)c(C)c1,CCn1nnc2ccc(C(=O)Nc3c(C)cccc3Cl)cc21,26,27,22,24,10.107899,,16,16,,,0,0,0,1,0,93,24,3,366,389,389,317,194,366,0,281,218,199,71,40,7,3,365,233,156,84,72,0,24,0
586,529,970,7258167,617020,CN(C[C@@H]1C[C@H](F)CN1C(=O)CCC1=NN=CS1)C(=O)CCC1=NC=NN1C,CCSC1=CC=C(NC(=O)[C@H]2CN(C)CCN2C)C=C1Cl,CN(C[C@@H]1C[C@H](F)CN1C(=O)CCc1nncs1)C(=O)CCc1ncnn1C,CCSc1ccc(NC(=O)[C@H]2CN(C)CCN2C)cc1Cl,28,30,21,22,9.350921,,13,12,,,0,0,0,1,0,85,22,1,335,442,442,284,107,335,1,263,138,214,110,28,15,30,420,197,245,87,158,0,28,0
587,195,87,9276851,2472285,CC1CN(C(=O)C2=CC=C(NC(=O)C3=NC(C4=CN(C)N=C4)=CC=C3)C=C2)CC(C)O1,C#CC(C)N(C)C(=O)CC(C)C(C)(C)NC(=O)C1=C(Cl)N(C)N=C1,CC1CN(C(=O)c2ccc(NC(=O)c3cccc(-c4cnn(C)c4)n3)cc2)CC(C)O1,C#CC(C)N(C)C(=O)CC(C)C(C)(C)NC(=O)c1cnn(C)c1Cl,31,34,24,24,7.267297,,13,13,,,0,0,0,1,0,79,24,2,307,360,360,248,200,307,0,204,117,237,101,37,8,23,336,163,197,85,112,0,30,0
588,247,737,10070741,1780029,CC(C)C1=NC(O)=CC(N2CC(N3CCN(C(=O)C4=CC=CC(N5C=CC=C5)=N4)CC3)C2)=N1,CSCC(=O)N[C@H](CC(=O)N1C[C@@H](C)[C@H](C(N)=O)C1)CC(C)C,CC(C)c1nc(O)cc(N2CC(N3CCN(C(=O)c4cccc(-n5cccc5)n4)CC3)C2)n1,CSCC(=O)N[C@H](CC(=O)N1C[C@@H](C)[C@H](C(N)=O)C1)CC(C)C,33,37,23,23,18.423082,,12,11,,,0,0,0,1,0,80,23,2,313,540,540,259,288,313,0,249,101,428,117,115,20,75,517,171,369,88,281,0,23,0
589,416,500,7847536,3656579,CC1(C)C[C@@H]1C(C(=O)NCCC#N)N1CCN(C2=CC(C(F)F)=CC=C2)CC1,CCCC(=O)NC(CNC(=O)C1=CC(C)(CC)C1)C1=CC(C)=CC=C1,CC1(C)C[C@@H]1C(C(=O)NCCC#N)N1CCN(c2cccc(C(F)F)c2)CC1,CCCC(=O)NC(CNC(=O)C1=CC(C)(CC)C1)c1cccc(C)c1,28,30,25,26,19.328634,,14,13,,,0,0,0,1,0,82,26,1,309,473,473,278,151,309,0,239,117,204,96,111,40,21,447,165,308,113,195,0,25,0
590,568,776,7777937,5858712,CCN1C=NC(Cl)=C1CN(CC1=NSC=N1)C[C@H]1CCO[C@@H]1C1=CC=CC=C1,CC(C)(F)CNC(=O)[C@@H](N1C=C(C2=CSC(C(C)(F)F)=N2)N=N1)C(C)(C)C,CCn1cnc(Cl)c1CN(Cc1ncsn1)C[C@H]1CCO[C@@H]1c1ccccc1,CC(C)(F)CNC(=O)[C@@H](n1cc(-c2csc(C(C)(F)F)n2)nn1)C(C)(C)C,28,31,27,28,14.237644,,11,10,,,0,0,0,1,0,58,28,6,217,397,397,193,124,217,1,183,91,217,71,83,9,64,369,104,293,89,204,0,23,0
591,246,707,9626254,8176720,COC1=CC(O)=CC(CN(CC2CCC3(CC3)CO2)C(=O)C2=CN=C3OCCC3=C2)=C1,CN(C[C@@H]1CCCCN1C(=O)C1=CN2C=CN=C2S1)C(=O)CCOCC(F)(F)F,COc1cc(O)cc(CN(CC2CCC3(CC3)CO2)C(=O)c2cnc3c(c2)CCO3)c1,CN(C[C@@H]1CCCCN1C(=O)c1cn2ccnc2s1)C(=O)CCOCC(F)(F)F,31,35,29,31,12.900047,,14,13,,,0,0,0,1,0,118,31,5,463,627,627,419,94,463,1,404,220,236,153,36,20,15,596,350,277,69,208,0,26,0
592,487,661,1254773,2104959,OC1(C2=CC=C(C3=CN=C4C(Cl)=CC=CC4=N3)C=C2)CNC1,O=C(C1=NC(O)=CC(C(F)(F)F)=C1)N1CC(C2=CC(Cl)=CC=C2)C1,OC1(c2ccc(-c3cnc4c(Cl)cccc4n3)cc2)CNC1,O=C(c1cc(C(F)(F)F)cc(O)n1)N1CC(c2cccc(Cl)c2)C1,22,25,24,26,73.559441,,16,16,,,0,0,0,1,0,353,25,0,1386,2096,2096,1229,909,1386,0,1195,600,1441,508,309,96,168,2071,989,1107,240,867,0,27,0
593,728,502,8463940,8415573,CC1=C(C2=CN(C[C@H]3C[C@H]3CO)N=N2)C=CC=C1C(=O)NC(C)(C)C(=O)N(C)C,CCC1=C(C(=O)N2CCC(CN3CCN(C4=NC(C)=NC(N)=N4)CC3)C2)NC=N1,Cc1c(C(=O)NC(C)(C)C(=O)N(C)C)cccc1-c1cn(C[C@H]2C[C@H]2CO)nn1,CCc1nc[nH]c1C(=O)N1CCC(CN2CCN(c3nc(C)nc(N)n3)CC2)C1,29,31,29,32,10.682865,,12,11,,,0,0,0,1,0,66,31,3,245,364,364,204,221,245,1,180,103,224,60,118,13,18,333,118,246,86,160,0,28,0
594,458,811,5830393,4686255,CC(C)C(NC(=O)C(F)=C1CCCCC1)C(=O)NCC1(N2C=CC=N2)CC1,C=CCCOC(C)C(=O)NCC1CN(C(=O)CC2CC2)CCC12CCC2,CC(C)C(NC(=O)C(F)=C1CCCCC1)C(=O)NCC1(n2cccn2)CC1,C=CCCOC(C)C(=O)NCC1CN(C(=O)CC2CC2)CCC12CCC2,27,29,26,28,13.784752,,11,10,,,0,0,0,1,0,69,28,2,272,497,497,244,154,272,1,225,86,247,100,132,32,53,469,128,369,116,253,0,33,0
595,17,95,3039572,9309198,CC(OC(=O)CC1=C2CCCCN2C=N1)C1=CC=C(S(C)(=O)=O)C=C1,COC1=CC=C(CC2CCN(C(=O)C3=CC=C(N4C=NC5=CC=CC=C54)C=C3)C2)C=C1,CC(OC(=O)Cc1ncn2c1CCCC2)c1ccc(S(C)(=O)=O)cc1,COc1ccc(CC2CCN(C(=O)c3ccc(-n4cnc5ccccc54)cc3)C2)cc1,25,27,31,35,11.499251,,12,11,,,0,0,0,1,0,110,27,4,437,497,497,359,257,437,0,334,215,279,63,89,58,14,470,244,253,115,138,0,27,0
596,301,226,6652483,6509040,O=C(C1=CC=C([N+](=O)[O-])C(N2C=CN=C2)=C1)N1CC2(CC(CC(F)(F)F)C2)C1,COC1=CC=CC=C1CN(CC1=CC2=CN=CC=C2N1)CC1(C(N)=O)CC1,O=C(c1ccc([N+](=O)[O-])c(-n2ccnc2)c1)N1CC2(CC(CC(F)(F)F)C2)C1,COc1ccccc1CN(Cc1cc2cnccc2[nH]1)CC1(C(N)=O)CC1,28,31,27,30,109.918861,,17,16,,,0,0,0,1,0,284,30,2,1134,1881,1881,971,633,1134,0,935,381,1079,471,432,91,129,1851,688,1193,283,910,0,43,0
597,414,708,7851635,3943261,CN1C(=O)SC2=CC(C3=C(NC4CC(F)(F)C4)N4C=C(Br)C=CC4=N3)=CC=C21,CCN1C(CC2=CC=CC=C2)=NN=C1SCC1CC2(CCCCC2)CO1,Cn1c(=O)sc2cc(-c3nc4ccc(Br)cn4c3NC3CC(F)(F)C3)ccc21,CCn1c(Cc2ccccc2)nnc1SCC1CC2(CCCCC2)CO1,28,32,26,29,14.393202,,14,14,,,0,0,0,1,0,76,29,3,297,405,405,273,107,297,1,234,155,125,69,81,23,8,376,175,230,98,132,0,26,0
598,249,313,4332357,9758730,CC(CC(=O)NC1(C(=O)NC(C)CCN(C)C)CCCCC1)CN(C)C,CC1=CSC(CC2CCCN(C(=O)C(=O)N3CCCC3C3=CC=CC=C3C(F)(F)F)C2)=N1,CC(CC(=O)NC1(C(=O)NC(C)CCN(C)C)CCCCC1)CN(C)C,Cc1csc(CC2CCCN(C(=O)C(=O)N3CCCC3c3ccccc3C(F)(F)F)C2)n1,26,26,32,35,17.031939,,15,14,,,0,0,0,1,0,84,26,0,329,500,500,284,241,329,0,249,122,304,74,122,62,71,474,148,352,136,216,0,36,0
599,679,595,46259,5446227,COC(C)(C)CC(=O)NCC(C)N1C=CC=N1,CC(C)(C1=CC=CC(NC(=O)C(O)[C@@H](N)CC2=CC=CC=C2)=C1)C(F)(F)F,COC(C)(C)CC(=O)NCC(C)n1cccn1,CC(C)(c1cccc(NC(=O)C(O)[C@@H](N)Cc2ccccc2)c1)C(F)(F)F,17,17,27,28,2.249775,,9,8,,,0,0,0,1,0,24,17,1,92,119,119,86,34,92,0,77,59,47,9,3,2,14,102,49,70,37,33,0,16,0
600,377,484,1277356,2194018,CONC(=O)CNC(=O)CCOCCNC(=O)C1=CC=CS1,CCOC(=O)[C@H]1C[C@@H]1C(=O)OCCN1C2=CC=C(Br)C=C2N=C1N,CONC(=O)CNC(=O)CCOCCNC(=O)c1cccs1,CCOC(=O)[C@H]1C[C@@H]1C(=O)OCCn1c(N)nc2cc(Br)ccc21,22,22,24,26,1.826381,,12,11,,,0,0,0,1,0,26,22,3,93,114,114,93,23,93,2,80,62,24,12,0,0,0,92,59,55,34,21,0,19,0
601,566,543,628570,4382667,C#CCC1(C(=O)N2CC3=CC=C(O)N=C3C2)CC=CCC1,CCN1C=C(NC(=O)[C@@H]2CCCN2C(=O)C2=CC=CC=C2O)C(C#N)=N1,C#CCC1(C(=O)N2Cc3ccc(O)nc3C2)CC=CCC1,CCn1cc(NC(=O)[C@@H]2CCCN2C(=O)c2ccccc2O)c(C#N)n1,21,23,26,28,70.989105,,17,16,,,0,0,0,1,0,324,23,2,1286,2138,2138,1191,777,1286,1,1166,447,1423,607,278,116,117,2115,714,1424,477,947,0,40,0
602,352,435,4876269,8099950,CCC1=NSC(N2CCC[C@H]2CNC(=O)CC2=CC=C3OCCC3=C2)=N1,COC1=CC(NC(=O)C2CC3(CCC3)CN2C(=O)C2CCCOCC2)=CC=C1C,CCc1nsc(N2CCC[C@H]2CNC(=O)Cc2ccc3c(c2)CCO3)n1,COc1cc(NC(=O)C2CC3(CCC3)CN2C(=O)C2CCCOCC2)ccc1C,26,29,29,32,56.171097,,14,14,,,0,0,0,1,0,225,29,2,891,1441,1441,818,196,891,0,806,409,741,358,48,24,212,1412,622,819,196,623,0,31,0
603,763,563,1215499,6337144,NCC1=CC(Cl)=CC=C1NC(=O)CNC1=NC(Br)=CC=C1Br,CC1=CC=CC(C)=C1CNC1=NC(C)=NC(NC2CCN3CCCCC23)=N1,NCc1cc(Cl)ccc1NC(=O)CNc1nc(Br)ccc1Br,Cc1nc(NCc2c(C)cccc2C)nc(NC2CCN3CCCCC23)n1,22,23,27,30,8.848919,,12,11,,,0,0,0,1,0,62,23,4,242,302,302,220,44,242,1,210,148,97,50,7,3,16,279,126,176,94,82,0,19,0
604,338,360,9637513,7542303,CC1=C2C=C(CN(CC3=CN(C4=CC=CC=C4)N=C3)CC3[C@H](C)[C@H]3C)C=CC2=NN1C,CC(C)[C@H](NC(=O)C1CCN1C1CCCC1)C1=CN([C@H]2CC[C@H](N)CC2)N=N1,Cc1c2cc(CN(Cc3cnn(-c4ccccc4)c3)CC3[C@H](C)[C@H]3C)ccc2nn1C,CC(C)[C@H](NC(=O)C1CCN1C1CCCC1)c1cn([C@H]2CC[C@H](N)CC2)nn1,31,35,28,31,9.043733,,16,16,,,0,0,0,1,0,67,31,1,262,342,342,227,164,262,0,184,101,202,77,43,19,23,311,143,199,84,115,0,30,0
605,719,464,6464583,5336484,COCC(F)(F)CN(CC1=NC(OC)=CC=C1C)C(=O)C(F)C1CCCC1,O=C(CN1CCC(OCC2=CN=CS2)C1)NCCN1CCC2=CC=CC=C21,COCC(F)(F)CN(Cc1nc(OC)ccc1C)C(=O)C(F)C1CCCC1,O=C(CN1CCC(OCc2cncs2)C1)NCCN1CCc2ccccc21,27,28,27,30,16.706686,,14,13,,,0,0,0,1,0,72,28,3,278,471,471,258,168,278,0,227,96,241,99,111,38,29,443,169,302,89,213,0,33,0
606,277,313,10321920,9758730,CC(C)COC1=CC=C(C2=NN(C3=CC=CC=C3)C=C2C(=O)N2CCCC(C3=NNC(=O)O3)C2)C=C1,CC1=CSC(CC2CCCN(C(=O)C(=O)N3CCCC3C3=CC=CC=C3C(F)(F)F)C2)=N1,CC(C)COc1ccc(-c2nn(-c3ccccc3)cc2C(=O)N2CCCC(c3n[nH]c(=O)o3)C2)cc1,Cc1csc(CC2CCCN(C(=O)C(=O)N3CCCC3c3ccccc3C(F)(F)F)C2)n1,36,40,32,35,27.193521,,14,13,,,0,0,0,1,0,139,35,5,553,835,835,468,407,553,1,431,231,562,148,173,59,107,800,268,567,200,367,0,36,0
607,257,236,9402527,687930,C=CCC1(NC(=O)CCC(=O)NCCC)CCN(C(=O)C2=CC=C3C=CC=NC3=C2)C1,CS(=N)(=O)C1=CC=C(N2CCCC3(C=CCO3)CC2)N=C1,C=CCC1(NC(=O)CCC(=O)NCCC)CCN(C(=O)c2ccc3cccnc3c2)C1,CS(=N)(=O)c1ccc(N2CCCC3(C=CCO3)CC2)nc1,31,33,21,23,7.752251,,13,12,,,0,0,0,1,0,56,23,6,218,280,280,191,99,218,1,173,104,163,69,3,1,12,257,127,153,64,89,0,17,0
608,123,738,2996567,7849061,CC[C@@H](NS(=O)(=O)CC1CC2(CCOCC2)C(=O)O1)C1=CC=CC=N1,COC1=CN=CC(C(C(=O)NC2CC2)N2CCOC(CNS(C)(=O)=O)C2)=C1C,CC[C@@H](NS(=O)(=O)CC1CC2(CCOCC2)C(=O)O1)c1ccccn1,COc1cncc(C(C(=O)NC2CC2)N2CCOC(CNS(C)(=O)=O)C2)c1C,25,27,28,30,10.137012,,9,8,,,0,0,0,1,0,66,27,0,262,456,456,245,104,262,0,231,95,167,77,121,46,20,429,130,326,115,211,0,27,0
609,197,323,5252633,5659988,COC(=O)C1(CNC(=O)C2=C3OC(=O)NC3=CC(Br)=C2)CC12CCOCC2,CN(C(=O)CC(NC(=O)C1=C2COCC2=NN1)C(F)(F)F)C1CC(CO)C1,COC(=O)C1(CNC(=O)c2cc(Br)cc3[nH]c(=O)oc23)CC12CCOCC2,CN(C(=O)CC(NC(=O)c1[nH]nc2c1COC2)C(F)(F)F)C1CC(CO)C1,27,30,27,29,11.564252,,12,11,,,0,0,0,1,0,71,29,4,274,377,377,227,145,274,1,208,94,230,91,36,17,21,348,140,237,87,150,0,25,0
610,122,760,8324929,3882586,CCOC1=CC(C(=O)N2C[C@H]3CCN(C(=O)C4=CC(COC)=NN4)[C@H]3[C@@H]2C)=NN1,COC(=O)C(C)(C)C(=O)N(CC1=CSC(C)=C1)CC1OCCC12CC2,CCOc1cc(C(=O)N2C[C@H]3CCN(C(=O)c4cc(COC)n[nH]4)[C@H]3[C@@H]2C)n[nH]1,COC(=O)C(C)(C)C(=O)N(Cc1csc(C)c1)CC1OCCC12CC2,29,32,25,27,36.695805,,14,13,,,0,0,0,1,0,94,27,2,364,795,795,326,456,364,0,295,87,523,136,375,78,48,768,158,637,168,469,0,29,0
611,548,973,1456545,2845154,CCOC(=O)C1=NC=CN1NC(=O)C1=CN2C=CC(Cl)=CC2=C1,CC(C)CNC(=O)C(C(C)C(C)(C)C)N1CCC2=CC(Br)=CC=C21,CCOC(=O)c1nccn1NC(=O)c1cc2cc(Cl)ccn2c1,CC(C)CNC(=O)C(C(C)C(C)(C)C)N1CCc2cc(Br)ccc21,23,25,24,25,9.942076,,10,10,,,0,0,0,1,0,77,25,4,307,360,360,266,135,307,2,237,154,160,64,46,27,6,335,117,243,149,94,0,30,0
612,780,706,6893206,3749861,CCN1CCC[C@H](NC(=O)C[C@H](CC(C)C)NC(=O)C(C)(C)N2C=CN=N2)C1,CCCCN1C=C(CCC(=O)N2CCN3C(=NN=C3C3CC3)C2)N=N1,CCN1CCC[C@H](NC(=O)C[C@H](CC(C)C)NC(=O)C(C)(C)n2ccnn2)C1,CCCCn1cc(CCC(=O)N2CCn3c(nnc3C3CC3)C2)nn1,28,29,25,28,28.243382,,15,14,,,0,0,0,1,0,139,28,0,545,1017,1017,484,319,545,0,466,171,588,259,235,26,70,989,336,681,148,533,0,29,0
613,189,196,2551630,9156181,CC(NC=O)C(=O)NC(C(=O)NC[C@H]1C[C@H](CF)C1)C1=CC=CS1,C[C@H]1CN(C2=NC3=CC=CC=C3N=C2NCCC2=CC=CC(C3CC3)=C2)C[C@H](C)O1,CC(NC=O)C(=O)NC(C(=O)NC[C@H]1C[C@H](CF)C1)c1cccs1,C[C@H]1CN(c2nc3ccccc3nc2NCCc2cccc(C3CC3)c2)C[C@H](C)O1,24,25,30,34,6.366570,,13,12,,,0,0,0,1,0,48,25,6,178,230,230,152,72,178,1,136,81,125,52,0,0,19,205,93,137,59,78,0,19,0
614,221,756,5336157,10140077,O=C(CN1C[C@@H]2OCO[C@@H]2C1)N1CCN(CC2=CC=CC=C2)C2(CCC2)C1,COC1=CC=CC=C1[C@H](O)CN(CC1=CC=C2C(=C1)C=CN2C)CC1=CN(C2CC2)N=C1C,O=C(CN1C[C@@H]2OCO[C@@H]2C1)N1CCN(Cc2ccccc2)C2(CCC2)C1,COc1ccccc1[C@H](O)CN(Cc1ccc2c(ccn2C)c1)Cc1cn(C2CC2)nc1C,27,31,33,37,9.840006,,14,14,,,0,0,0,1,0,63,31,1,248,332,332,201,305,248,0,148,74,254,34,148,63,11,301,120,212,81,131,0,56,0
615,495,283,224835,4185089,C=CC(C)(O)CNC(=O)C1=CC2=C(N=CN2)C(F)=C1,CN(C)C1=CC=C(NC(=O)NNC(=O)NC2CCN(CCCO)C2)C=C1,C=CC(C)(O)CNC(=O)c1cc(F)c2nc[nH]c2c1,CN(C)c1ccc(NC(=O)NNC(=O)NC2CCN(CCCO)C2)cc1,19,20,26,27,5.781051,,11,10,,,0,0,0,1,0,53,20,2,203,267,267,173,116,203,0,160,91,150,48,38,16,12,247,112,155,61,94,0,24,0
616,741,603,974333,2234872,CCCN(C(=O)C1=CC=C(OC2CC2)C=N1)C1CCCCC1,CC1=CC(CN(C)C(=O)NC2=CN(C(C)(C)C)N=C2C(N)=O)=NO1,CCCN(C(=O)c1ccc(OC2CC2)cn1)C1CCCCC1,Cc1cc(CN(C)C(=O)Nc2cn(C(C)(C)C)nc2C(N)=O)no1,22,24,24,25,8.971693,,10,9,,,0,0,0,1,0,61,24,0,237,387,387,211,53,237,0,191,92,179,78,26,17,70,363,114,273,97,176,0,34,0
617,778,537,7256219,5116604,CC1(C(=O)NCC2(CNC(=O)C[C@@H]3CC[C@H](O)C3)CCCC2)CCC(=O)NC1,CC(CC1CCC1)CN(CCC1OCCO1)CC1=C2C=CC=CN2N=N1,CC1(C(=O)NCC2(CNC(=O)C[C@@H]3CC[C@H](O)C3)CCCC2)CCC(=O)NC1,CC(CC1CCC1)CN(CCC1OCCO1)Cc1nnn2ccccc12,28,30,26,29,12.190043,,16,15,,,0,0,0,1,0,58,29,2,227,310,310,211,105,227,2,176,111,132,62,45,11,8,281,117,193,94,99,0,27,0
618,611,289,6791116,8174796,O=C(N1CCCN(C2=CC=C(C(F)(F)F)C=N2)CC1)C1(C2CC2)CCNCC1,CC(CC1=CC=CN=C1)C(=O)NC[C@H]1C[C@H](NC(=O)CC2OCCCC2(C)C)C1,O=C(N1CCCN(c2ccc(C(F)(F)F)cn2)CC1)C1(C2CC2)CCNCC1,CC(Cc1cccnc1)C(=O)NC[C@H]1C[C@H](NC(=O)CC2OCCCC2(C)C)C1,28,31,29,31,18.506231,,12,11,,,0,0,0,1,0,81,31,3,316,573,573,288,247,316,0,260,97,307,71,191,92,56,542,164,409,124,285,0,37,0
619,102,852,7027068,3728846,O=C(CCC1=CC=CN1)NCC1=CC(C(=O)N2CC(N3C=NN=C3)C2)=CC=N1,CC[C@@H]1CN(C(=O)C2CCNC(=O)C2)C[C@@H]1NC1=CC=NC=C1C#N,O=C(CCc1ccc[nH]1)NCc1cc(C(=O)N2CC(n3cnnc3)C2)ccn1,CC[C@@H]1CN(C(=O)C2CCNC(=O)C2)C[C@@H]1Nc1ccncc1C#N,28,31,25,27,36.729198,,17,16,,,0,0,0,1,0,166,27,1,660,1082,1082,591,483,660,1,541,261,651,213,295,91,93,1055,497,585,94,491,0,47,0
620,198,303,5367121,5874559,CCCC1=CC=CN=C1NC(=O)N1CCC(N2C=NC3=CC=CN=C32)CC1,CC(C)(C)C(C)(C)C(=O)NC[C@H]1C[C@@H](NC(=O)CC2(N3C=CC=N3)CC2)C1,CCCc1cccnc1NC(=O)N1CCC(n2cnc3cccnc32)CC1,CC(C)(C)C(C)(C)C(=O)NC[C@H]1C[C@@H](NC(=O)CC2(n3cccn3)CC2)C1,27,30,27,29,14.935245,,11,10,,,0,0,0,1,0,87,29,1,338,531,531,311,199,338,0,297,147,324,116,66,20,52,502,185,346,126,220,0,28,0
621,232,369,9827247,1952099,CC(C)C1=NC=CC(N2CC34CCCC3(CN(C(=O)C3=C5C(=CC=C3)N=NN5C)C4)C2)=N1,CC(C)(NC(=O)CCC1=CN(CC2CCCOC2)N=N1)C(=O)O,CC(C)c1nccc(N2CC34CCCC3(CN(C(=O)c3cccc5nnn(C)c35)C4)C2)n1,CC(C)(NC(=O)CCc1cn(CC2CCCOC2)nn1)C(=O)O,32,37,23,24,10.707027,,13,12,,,0,0,0,1,0,84,24,3,332,411,411,277,119,332,3,257,149,218,100,12,7,22,387,160,251,117,134,0,21,0
622,183,309,1632171,6909057,O=C(NCC1CCC(F)C1)N1CC2(CCC2)C2=C1C=CC=C2F,CCC(C(=O)N1CCO[C@@H](C)[C@@H]1C(=O)N1C[C@H](OC)[C@H](OC)C1)N1C=NC=N1,O=C(NCC1CCC(F)C1)N1CC2(CCC2)c2c(F)cccc21,CCC(C(=O)N1CCO[C@@H](C)[C@@H]1C(=O)N1C[C@H](OC)[C@H](OC)C1)n1cncn1,23,26,28,30,21.676264,,10,9,,,0,0,0,1,0,78,26,2,305,714,714,289,102,305,1,271,65,296,165,206,35,60,688,155,559,134,425,0,35,0
623,14,725,1256714,9142561,CCCCC(C)(NS(=O)(=O)C1=C(C(=O)OC)OC=C1)C(=O)O,CCN1N=NN=C1C(NC1=CC=C(N2C=C(C)C=N2)C=C1)C1=CC2=NC=CC=C2S1,CCCCC(C)(NS(=O)(=O)c1ccoc1C(=O)OC)C(=O)O,CCn1nnnc1C(Nc1ccc(-n2cc(C)cn2)cc1)c1cc2ncccc2s1,22,22,30,34,0.617075,,7,6,,,0,0,0,1,0,9,22,10,26,35,35,23,26,26,1,16,10,10,0,6,1,0,13,6,29,17,12,0,12,0
624,546,129,3100926,6394273,O=C(NCCC1=COC=C1)NC12CC(CN(CC3=CC=CC=C3)C1)C2,CC1=CC=C(CCN(CC2=CC(C)=CN=C2O)C(=O)C2=CN=C(C)O2)C=C1,O=C(NCCc1ccoc1)NC12CC(CN(Cc3ccccc3)C1)C2,Cc1ccc(CCN(Cc2cc(C)cnc2O)C(=O)c2cnc(C)o2)cc1,25,28,27,29,18.289360,,14,13,,,0,0,0,1,0,135,28,0,531,687,687,482,184,531,0,453,300,263,129,95,25,7,659,361,326,121,205,0,35,0
625,280,46,4926357,4193236,CCN1CCC(C(=O)NCC2(C3=CN([C@@H]4CCC[C@H]4O)N=N3)CCC2)C1,COC(=O)[C@H]1CC[C@@H](CNC(=O)NCC2=CC=C3NCCOC3=C2)CC1,CCN1CCC(C(=O)NCC2(c3cn([C@@H]4CCC[C@H]4O)nn3)CCC2)C1,COC(=O)[C@H]1CC[C@@H](CNC(=O)NCc2ccc3c(c2)OCCN3)CC1,26,29,26,28,18.075294,,10,9,,,0,0,0,1,0,79,28,0,313,490,490,271,111,313,0,262,139,279,98,23,6,84,462,109,381,162,219,0,32,0
626,997,55,7264068,866099,CN1C=CC(CCC(=O)N2CC[C@@H](CNC(=O)C3=CC=CC4=CN=CN43)C2)=N1,C[C@H](NC(=O)C1=CC=NN1C)C(=O)N1CCCC(O)CC1,Cn1ccc(CCC(=O)N2CC[C@@H](CNC(=O)c3cccc4cncn34)C2)n1,C[C@H](NC(=O)c1ccnn1C)C(=O)N1CCCC(O)CC1,28,31,21,22,11.276564,,14,13,,,0,0,0,1,0,72,22,1,282,403,403,260,102,282,0,223,127,133,73,87,39,14,381,195,208,65,143,0,34,0
627,566,299,628570,4236566,C#CCC1(C(=O)N2CC3=CC=C(O)N=C3C2)CC=CCC1,CN1C=C(O[C@@H]2CN(C(=O)[C@H]3C[C@](O)(C4CCNCC4)C3)C[C@H]2O)C=N1,C#CCC1(C(=O)N2Cc3ccc(O)nc3C2)CC=CCC1,Cn1cc(O[C@@H]2CN(C(=O)[C@H]3C[C@](O)(C4CCNCC4)C3)C[C@H]2O)cn1,21,23,26,29,45.629025,,12,12,,,0,0,0,1,0,237,23,2,935,1746,1746,843,375,935,1,824,281,1141,474,115,67,327,1723,718,1028,125,903,0,32,0
628,714,966,7488944,5497199,CCC(C)C1=NC=CC(NC[C@H]2CCC[C@@H](NC(=O)CN3N=CC=C3C)C2)=N1,CC1(C)CC(NC(=O)C2(CNC(=O)[C@@H]3CCCC[C@H]3O)CCC2)C(C)(C)O1,CCC(C)c1nccc(NC[C@H]2CCC[C@@H](NC(=O)Cn3nccc3C)C2)n1,CC1(C)CC(NC(=O)C2(CNC(=O)[C@@H]3CCCC[C@H]3O)CCC2)C(C)(C)O1,28,30,27,29,14.067746,,16,16,,,0,0,0,1,0,102,29,3,401,574,574,332,346,401,1,290,139,424,127,128,40,78,545,235,339,97,242,0,26,0
629,129,653,6394273,5185318,CC1=CC=C(CCN(CC2=CC(C)=CN=C2O)C(=O)C2=CN=C(C)O2)C=C1,CC1=CC(Br)=C(C(=O)NCC2=CC=C(S(=O)(=O)N3CCCC(C)C3)C=C2)S1,Cc1ccc(CCN(Cc2cc(C)cnc2O)C(=O)c2cnc(C)o2)cc1,Cc1cc(Br)c(C(=O)NCc2ccc(S(=O)(=O)N3CCCC(C)C3)cc2)s1,27,29,27,29,13.742661,,13,12,,,0,0,0,1,0,92,29,3,357,482,482,310,124,357,1,280,138,246,133,19,13,23,453,222,260,88,172,0,31,0
630,889,770,6513757,9498109,COCC1=CC=C(CN(CC2=CC(CF)=NN2C)CC(C)(C)C2CCC2)O1,CC1=C2C=NC(NCCCN3CCC(NC(=O)CC4=CCN(C)CC4)C3)=NC2=NN1C,COCc1ccc(CN(Cc2cc(CF)nn2C)CC(C)(C)C2CCC2)o1,Cc1c2cnc(NCCCN3CCC(NC(=O)CC4=CCN(C)CC4)C3)nc2nn1C,27,29,31,34,17.045870,,10,9,,,0,0,0,1,0,70,29,5,277,575,575,248,176,277,0,232,91,314,97,157,36,98,546,113,462,135,327,0,31,0
631,502,105,8415573,1448313,CCC1=C(C(=O)N2CCC(CN3CCN(C4=NC(C)=NC(N)=N4)CC3)C2)NC=N1,CC1=CN(C)N=C1C(=O)N[C@H]1C2=CC=CC=C2CC[C@@H]1N(C)C,CCc1nc[nH]c1C(=O)N1CCC(CN2CCN(c3nc(C)nc(N)n3)CC2)C1,Cc1cn(C)nc1C(=O)N[C@H]1c2ccccc2CC[C@@H]1N(C)C,29,32,23,25,41.816387,,15,14,,,0,0,0,1,0,175,25,1,695,1224,1224,616,220,695,1,608,258,581,264,218,70,155,1199,409,815,207,608,0,28,0
632,893,12,9480951,1143739,C=C[C@H]1CN(C(=O)CC2=C(C)N(CC)N=C2C)C[C@H]1NC1=NC(C(=O)OC)=NC=C1Cl,FC(F)C1(CN2CCCCC(C3=CC=C(Cl)C=C3)C2)COC1,C=C[C@H]1CN(C(=O)Cc2c(C)nn(CC)c2C)C[C@H]1Nc1nc(C(=O)OC)ncc1Cl,FC(F)C1(CN2CCCCC(c3ccc(Cl)cc3)C2)COC1,31,33,22,24,28.329828,,13,12,,,0,0,0,1,0,147,24,2,577,898,898,493,124,577,0,481,229,423,211,82,31,111,874,358,540,135,405,0,23,0
633,587,291,10199232,9542854,CC(=CN1C=CN=N1)C(=O)N1CCCCC1CC[C@H]1CCCN1C(=O)CC1=C(F)C=CC=C1F,CCC1=NC(C(=O)NC[C@H]2CC[C@H](C3=CN(C4=CC(C)=CC(C)=C4)N=N3)CC2)=C(C)S1,CC(=Cn1ccnn1)C(=O)N1CCCCC1CC[C@H]1CCCN1C(=O)Cc1c(F)cccc1F,CCc1nc(C(=O)NC[C@H]2CC[C@H](c3cn(-c4cc(C)cc(C)c4)nn3)CC2)c(C)s1,34,37,31,34,63.946175,,20,19,,,0,0,0,1,0,263,34,2,1049,1536,1536,915,696,1049,1,881,443,1050,396,230,44,90,1502,690,846,225,621,0,32,0
634,480,490,9541253,7273608,COC(=O)C1(CC2=CN(C3C(=O)OCC3(C)C)N=N2)CCN(C(=O)CC2=NC=CN2)C1,C#CCCN(C)CC(=O)N[C@H]1CC[C@@H](NC(=O)CC2=CC=C(F)C(F)=C2)CC1,COC(=O)C1(Cc2cn(C3C(=O)OCC3(C)C)nn2)CCN(C(=O)Cc2ncc[nH]2)C1,C#CCCN(C)CC(=O)N[C@H]1CC[C@@H](NC(=O)Cc2ccc(F)c(F)c2)CC1,31,34,28,29,16.154627,,11,10,,,0,0,0,1,0,106,29,3,408,560,560,355,78,408,0,347,218,251,109,3,2,73,531,182,378,173,205,0,26,0
635,451,348,4620690,2791183,CC(C(=O)N1CCC(CC(=O)N(C)CCC2=CN=CC=N2)C1)C(C)(C)C,CCC1=CC=C(CN(CC(Cl)(Cl)Cl)C(=O)CNC(=O)CC(C)C)O1,CC(C(=O)N1CCC(CC(=O)N(C)CCc2cnccn2)C1)C(C)(C)C,CCc1ccc(CN(CC(Cl)(Cl)Cl)C(=O)CNC(=O)CC(C)C)o1,26,27,24,24,3.526759,,10,9,,,0,0,0,1,0,38,24,5,148,170,170,121,61,148,0,110,70,65,23,15,9,3,146,55,115,66,49,0,19,0
636,188,988,8673493,6019508,CCN1C=CC(CCN(CC2=CC=C(COC)C=C2)CC2=C(F)C(F)=CC=C2)=N1,O=C(CNC1=CC=NC=C1)NCC1CC(CNC(=O)CN2C=CN=N2)CO1,CCn1ccc(CCN(Cc2ccc(COC)cc2)Cc2cccc(F)c2F)n1,O=C(CNc1ccncc1)NCC1CC(CNC(=O)Cn2ccnn2)CO1,29,31,27,29,4.020464,,11,10,,,0,0,0,1,0,35,29,2,134,185,185,125,27,134,0,112,63,55,34,3,1,8,156,81,104,44,60,0,27,0
637,52,258,2354011,7726940,NC1(C2CCN(CC3=CC(C(F)(F)C(F)(F)F)=CC=C3)CC2)CC1,CCOC(CN(CCC1=CC=CC=C1C#N)C(=O)C1=NC(N)=CN=C1)C1CC1,NC1(C2CCN(Cc3cccc(C(F)(F)C(F)(F)F)c3)CC2)CC1,CCOC(CN(CCc1ccccc1C#N)C(=O)c1cncc(N)n1)C1CC1,24,26,28,30,38.572803,,16,15,,,0,0,0,1,0,225,26,5,898,1185,1185,804,399,898,1,773,448,683,316,70,19,5,1159,595,590,209,381,0,28,0
638,963,882,8676093,9656200,CCOC1CCC(CN(CC2=CC3=NC=CN3C=C2)CC2=NN(C)C(C)=N2)CC1,COC1=C(C)C=CC=C1CN(CC1=CC=C(N2C=CN=C2)C=C1)CC1OCCC12CC2,CCOC1CCC(CN(Cc2ccn3ccnc3c2)Cc2nc(C)n(C)n2)CC1,COc1c(C)cccc1CN(Cc1ccc(-n2ccnc2)cc1)CC1OCCC12CC2,29,32,31,35,173.366959,,16,16,,,0,0,0,1,0,350,32,1,1385,2539,2539,1146,259,1385,0,1122,538,1381,526,236,51,637,2507,996,1543,150,1393,0,31,0
639,489,116,5841099,6693676,CCC=CC=CC(=O)NC(C)(C)CC(F)C(=O)NC(C)C1=CC=C(C)C=N1,CCOC1=CC=C(C=CC(=O)NCC2=CC=C(COC)C(F)=C2)C=C1OCC,CCC=CC=CC(=O)NC(C)(C)CC(F)C(=O)NC(C)c1ccc(C)cn1,CCOc1ccc(C=CC(=O)NCc2ccc(COC)c(F)c2)cc1OCC,27,27,28,29,8.043941,,11,10,,,0,0,0,1,0,55,27,0,213,316,316,189,108,213,0,179,100,179,62,27,0,30,289,119,197,70,127,0,28,0
640,841,66,8019379,1150763,O=C(C1=CC(Cl)=CC=C1Cl)N1CCCC1C1=NC(C2=CN3C=CC=CC3=N2)=NO1,CNS(=O)(=O)CCCNC(=O)NC1=C(F)C=C(Br)C=C1OC,O=C(c1cc(Cl)ccc1Cl)N1CCCC1c1nc(-c2cn3ccccc3n2)no1,CNS(=O)(=O)CCCNC(=O)Nc1c(F)cc(Br)cc1OC,29,33,22,22,5.709714,,9,8,,,0,0,0,1,0,37,22,6,140,213,213,132,32,140,1,124,72,80,39,12,5,17,191,83,130,49,81,0,17,0
641,410,503,9748132,3347191,CN1N=C(NC(=O)C(=O)N(C)C2(CNC(=O)OC(C)(C)C)CC2)C=C1CN1CCOCC1,CC1CC(CO)(NC(=O)C2CCN(C(=O)C3(C)CCCC3)CCO2)C1,CN(C(=O)C(=O)Nc1cc(CN2CCOCC2)n(C)n1)C1(CNC(=O)OC(C)(C)C)CC1,CC1CC(CO)(NC(=O)C2CCN(C(=O)C3(C)CCCC3)CCO2)C1,32,34,25,27,21.884785,,13,12,,,0,0,0,1,0,101,27,0,394,739,739,344,191,394,0,328,149,434,130,125,38,151,712,190,549,154,395,0,27,0
642,75,590,4380174,10231444,C[C@@H](CC(=O)NCC(C)(C)N1C=CN=C1)NC(=O)C(O)CN1C=NC=N1,CCCCN1N=NN=C1C1(NC2=C(C)N(C3=CC=CC(Cl)=C3)N=C2)CCN(C2CCCC2)CC1,C[C@@H](CC(=O)NCC(C)(C)n1ccnc1)NC(=O)C(O)Cn1cncn1,CCCCn1nnnc1C1(Nc2cnn(-c3cccc(Cl)c3)c2C)CCN(C2CCCC2)CC1,26,27,34,38,8.724310,,14,13,,,0,0,0,1,0,76,27,3,277,382,382,255,74,277,0,234,123,140,92,34,16,13,355,180,202,75,127,0,24,0
643,644,702,7872633,2979898,CC1=CC=C(CCN(CC2CCCO2)C(=O)CSC2=CC=C([N+](=O)[O-])C=C2)C=C1,CC(C)COC1CCN(C2=C(Cl)C(=O)N(C3=CC=CC=C3)N=C2)CC1,Cc1ccc(CCN(CC2CCCO2)C(=O)CSc2ccc([N+](=O)[O-])cc2)cc1,CC(C)COC1CCN(c2cnn(-c3ccccc3)c(=O)c2Cl)CC1,29,31,25,27,7.209168,,11,10,,,0,0,0,1,0,58,27,2,223,313,313,204,92,223,0,188,110,150,63,24,6,24,286,138,175,66,109,0,25,0
644,54,155,4571397,9673052,CCC[C@@H](CC(=O)N1CC(SC(F)F)C1)NC(=O)C1CCC(C)(C)OC1,O=C(NCCC1CC1)C(C1=CN(CCF)N=C1)N1CCN(CC2=CC(F)=CC=C2)CC1,CCC[C@@H](CC(=O)N1CC(SC(F)F)C1)NC(=O)C1CCC(C)(C)OC1,O=C(NCCC1CC1)C(c1cnn(CCF)c1)N1CCN(Cc2cccc(F)c2)CC1,26,27,31,34,7.048050,,10,9,,,0,0,0,1,0,47,27,4,185,264,264,162,92,185,2,137,72,133,61,33,6,11,237,102,162,60,102,0,23,0
645,152,830,2237266,9121256,COC1=CC(S(C)(=O)=O)=CC=C1NC(=O)NC1(CO)CC(C)(C)C1,CCC1=CN=CC(C(=O)N2CC(C(=O)O)(C3=CN(C[C@@H]4C[C@H]5CC[C@@H]4O5)N=N3)C2)=C1,COc1cc(S(C)(=O)=O)ccc1NC(=O)NC1(CO)CC(C)(C)C1,CCc1cncc(C(=O)N2CC(C(=O)O)(c3cn(C[C@@H]4C[C@H]5CC[C@@H]4O5)nn3)C2)c1,24,25,30,34,6.447381,,9,8,,,0,0,0,1,0,41,25,4,145,236,236,129,132,145,0,119,64,140,36,69,8,24,211,54,182,75,107,0,24,0
646,576,971,8922616,7431360,CCOC1=CC=C(C(=O)N2[C@@H]3CC[C@H]2C[C@@H](NC(=O)C2=CC(OCC)=NO2)C3)C=N1,CCN1C(C)=CC(C(=O)N2CCC(N3C=C(CCC4CCOC4)N=N3)C2)=C1C,CCOc1ccc(C(=O)N2[C@@H]3CC[C@H]2C[C@@H](NC(=O)c2cc(OCC)no2)C3)cn1,CCn1c(C)cc(C(=O)N2CCC(n3cc(CCC4CCOC4)nn3)C2)c1C,30,33,28,31,119.241402,,18,17,,,0,0,0,1,0,538,31,2,2145,3120,3120,1934,745,2145,0,1924,1068,1790,782,110,55,293,3089,1540,1580,394,1186,0,32,0
647,311,87,5615921,2472285,COC(=O)NC1CN(C(=O)C2=CC(CNC(=O)C3(CC(C)=O)CC3)=CS2)C1,C#CC(C)N(C)C(=O)CC(C)C(C)(C)NC(=O)C1=C(Cl)N(C)N=C1,COC(=O)NC1CN(C(=O)c2cc(CNC(=O)C3(CC(C)=O)CC3)cs2)C1,C#CC(C)N(C)C(=O)CC(C)C(C)(C)NC(=O)c1cnn(C)c1Cl,27,29,24,24,9.149889,,11,10,,,0,0,0,1,0,58,24,3,224,310,310,174,191,224,1,167,90,264,61,40,2,43,286,92,218,82,136,0,21,0
648,254,121,8813492,8523030,CC(C)(C)OC(=O)N1CC(F)(F)CC1CNC(=O)NCC1=CC=C([N+](=O)[O-])C=C1F,CC1=CC(NC(C2=CSC=C2)C2=NN=NN2CC2=CC=CC=C2)=NN1CCC#N,CC(C)(C)OC(=O)N1CC(F)(F)CC1CNC(=O)NCc1ccc([N+](=O)[O-])cc1F,Cc1cc(NC(c2ccsc2)c2nnnn2Cc2ccccc2)nn1CCC#N,30,31,29,32,6.392009,,10,10,,,0,0,0,1,0,51,31,9,204,250,250,180,70,204,2,167,109,107,47,3,2,7,219,80,170,100,70,0,22,0
649,571,782,7161113,4753759,CC1=CC(C(=O)N2CCC[C@H](NC(=O)C3CC4(C3)OCCO4)C2)=CC(C)=C1F,CNC1=CC=C(C(=O)N[C@@H]2CCN(C(=O)C3=CSC=C3)C[C@H]2CO)N=C1,Cc1cc(C(=O)N2CCC[C@H](NC(=O)C3CC4(C3)OCCO4)C2)cc(C)c1F,CNc1ccc(C(=O)N[C@@H]2CCN(C(=O)c3ccsc3)C[C@H]2CO)nc1,28,31,26,28,21.718060,,12,12,,,0,0,0,1,0,114,28,2,449,641,641,369,269,449,0,350,163,398,164,112,16,39,613,262,379,107,272,0,28,0
650,426,620,3997114,2339736,CN1C=C(C(=O)N2CCC3=C(C2)NC(C(F)(F)F)=C3)C2=C(NC=C2)C1=O,CN1C=C(CNCC2=CC3=CC(Br)=CC=C3OC2)C2=CC=CC=C21,Cn1cc(C(=O)N2CCc3cc(C(F)(F)F)[nH]c3C2)c2cc[nH]c2c1=O,Cn1cc(CNCC2=Cc3cc(Br)ccc3OC2)c2ccccc21,26,29,24,27,15.421634,,15,14,,,0,0,0,1,0,71,27,4,280,338,338,221,326,280,1,190,104,271,49,145,45,5,311,106,232,115,117,0,23,0
651,610,809,9252596,1815971,CN(CCC1=CC=CC=C1F)C(C(=O)NC1CC(F)(F)C1)C1=NN2C=CC=CC2=C1,CN(CC1=COC=C1)C(=O)/C=C/C1CCN(C(=O)CC#N)CC1,CN(CCc1ccccc1F)C(C(=O)NC1CC(F)(F)C1)c1cc2ccccn2n1,CN(Cc1ccoc1)C(=O)/C=C/C1CCN(C(=O)CC#N)CC1,30,33,23,24,2.774717,,10,9,,,0,0,0,1,0,21,24,4,82,108,108,68,81,82,2,53,31,71,17,27,0,1,84,28,80,40,40,0,22,0
652,633,231,3234345,8073256,CC(C)C1=C(C(=O)N2CCOC(C(=O)NCC3(CO)CC3)C2)N=CO1,C#C[C@H]1CC[C@H](CNC(=O)C[C@H]2C[C@H](F)CN2C(=O)C2=C(C)C(C)=CC=C2)CC1,CC(C)c1ocnc1C(=O)N1CCOC(C(=O)NCC2(CO)CC2)C1,C#C[C@H]1CC[C@H](CNC(=O)C[C@H]2C[C@H](F)CN2C(=O)c2cccc(C)c2C)CC1,25,27,29,31,6.784554,,20,19,,,0,0,0,1,0,85,27,5,334,349,349,286,174,334,2,215,158,155,63,53,43,4,322,205,144,81,63,0,26,0
653,794,535,6228162,3042370,CC1=CC=NC=C1S(=O)(=O)NCC(O)CCNC(=O)/C=C/C1=CN=CC=N1,CC1=C(O)C=CC2=C1OC(=O)C=C2COC(=O)C1=CC(=O)N(C)N=C1,Cc1ccncc1S(=O)(=O)NCC(O)CCNC(=O)/C=C/c1cnccn1,Cc1c(O)ccc2c(COC(=O)c3cnn(C)c(=O)c3)cc(=O)oc12,27,28,25,27,7.159551,,7,6,,,0,0,0,1,0,37,27,1,143,257,257,127,37,143,1,119,42,124,54,17,5,42,230,54,203,73,130,0,26,0
654,389,461,7130093,6469213,CCCC1=CN=NC(C(=O)N[C@H]2COC[C@H]2N2C=C(CC(OC)OC)N=N2)=C1,CC(=O)NC(C)C(=O)N(CC1=C(C)C=CC=C1C)CC1(CF)CCCOC1,CCCc1cnnc(C(=O)N[C@H]2COC[C@H]2n2cc(CC(OC)OC)nn2)c1,CC(=O)NC(C)C(=O)N(Cc1c(C)cccc1C)CC1(CF)CCCOC1,28,30,27,28,15.525979,,14,13,,,0,0,0,1,0,93,28,1,366,613,613,345,174,366,0,305,148,302,148,111,22,30,585,216,397,129,268,0,35,0
655,930,453,2596144,1371765,CC(C)CC(CNC(=O)CC1C=NN(C)C1=O)C(=O)N(C)CCF,CCC1=C(CNC2=NC(NC3CCSCC3)=NC=C2)C=NN1,CC(C)CC(CNC(=O)CC1C=NN(C)C1=O)C(=O)N(C)CCF,CCc1[nH]ncc1CNc1ccnc(NC2CCSCC2)n1,24,24,22,24,4.787593,,11,10,,,0,0,0,1,0,40,24,5,146,200,200,133,64,146,1,119,78,93,34,15,2,13,176,89,111,44,67,0,19,0
656,304,880,5749390,3711333,CCC1=NC=C(C(=O)N2C[C@H](C(=O)NCCNS(C)(=O)=O)[C@@H](C(C)C)C2)S1,CC1(C)CC(=O)CC1C(=O)OCC1=CC=C(C2(C(F)(F)F)N=N2)C=C1,CCc1ncc(C(=O)N2C[C@H](C(=O)NCCNS(C)(=O)=O)[C@@H](C(C)C)C2)s1,CC1(C)CC(=O)CC1C(=O)OCc1ccc(C2(C(F)(F)F)N=N2)cc1,27,28,25,27,6.319861,,8,7,,,0,0,0,1,0,32,27,6,122,213,213,105,141,122,2,89,37,140,33,84,14,16,186,33,180,72,108,0,21,0
657,602,439,1073129,4011897,FC1=CC=C(N2CCC(C3=CC(F)=C(F)C(F)=C3)CC2)N=N1,CC(C)(C)OC(=O)NCCCNC(=O)C(O)CC1=CC=C([N+](=O)[O-])C=C1,Fc1ccc(N2CCC(c3cc(F)c(F)c(F)c3)CC2)nn1,CC(C)(C)OC(=O)NCCCNC(=O)C(O)Cc1ccc([N+](=O)[O-])cc1,22,24,26,26,3.654238,,13,13,,,0,0,0,1,0,48,24,5,186,209,209,167,80,186,1,133,100,84,42,12,6,3,185,110,99,57,42,0,19,0
658,312,582,3410328,8551964,COCC(O)CNC(=O)C(NC(=O)C1CC=CC1)C1(O)CCCCC1,C[C@H]1CCN(C2=NC3=C(CCCCC3)C(N3CCC4(CC3)COC(CO)C4)=N2)C1,COCC(O)CNC(=O)C(NC(=O)C1CC=CC1)C1(O)CCCCC1,C[C@H]1CCN(c2nc3c(c(N4CCC5(CC4)COC(CO)C5)n2)CCCCC3)C1,25,26,29,33,8.043264,,13,12,,,0,0,0,1,0,57,26,3,223,285,285,200,104,223,0,167,106,99,39,61,32,3,259,116,169,84,85,0,24,0
659,635,61,7258865,5763808,CC1=CC(=O)NC=C1C(=O)N1CC[C@@H](NC(=O)C(C)OC2CCCC2)[C@H](O)C1,C[C@@H]1CC[C@H](C(=O)NCC2CCCSC2)CN1C(=O)C1=CC(F)=CC(F)=C1,Cc1cc(=O)[nH]cc1C(=O)N1CC[C@@H](NC(=O)C(C)OC2CCCC2)[C@H](O)C1,C[C@@H]1CC[C@H](C(=O)NCC2CCCSC2)CN1C(=O)c1cc(F)cc(F)c1,28,30,27,29,40.814850,,17,16,,,0,0,0,1,0,155,29,4,614,971,971,528,622,614,0,497,212,631,170,403,121,44,942,337,634,191,443,0,40,0
660,624,983,1850926,2980854,CC1=CC(CC(=O)N(C)C(C)C(=O)N(C)CC2=CN=CO2)=CS1,CCOC(=O)C1=C(C(F)F)N=C(NCC2=CC(C(=O)OC)=CC=C2)S1,Cc1cc(CC(=O)N(C)C(C)C(=O)N(C)Cc2cnco2)cs1,CCOC(=O)c1sc(NCc2cccc(C(=O)OC)c2)nc1C(F)F,23,24,25,26,4.238162,,8,7,,,0,0,0,1,0,28,24,0,110,194,194,100,46,110,0,93,31,112,45,4,0,29,170,40,154,60,94,0,24,0
661,757,101,9393866,5024803,COC1=NC=C(C(=O)N2CC[C@@H]3CN(C(=O)CCC4=CSC(C)=N4)C[C@@H]3CC2)C(C)=N1,CC(C)OCCN(CC1=CC=C2CCCOC2=C1)C(=O)C1=CN(C)C=C1,COc1ncc(C(=O)N2CC[C@@H]3CN(C(=O)CCc4csc(C)n4)C[C@@H]3CC2)c(C)n1,CC(C)OCCN(Cc1ccc2c(c1)OCCC2)C(=O)c1ccn(C)c1,31,34,26,28,92.372673,,16,15,,,0,0,0,1,0,205,28,0,818,1911,1911,740,604,818,0,685,159,1272,346,473,207,449,1883,309,1602,431,1171,0,62,0
662,970,781,617020,9990567,CCSC1=CC=C(NC(=O)[C@H]2CN(C)CCN2C)C=C1Cl,COC(=O)C1=CC=C(NC(=O)C2CCN(C(=O)C3=CC=C(F)C=C3F)CC2)C2=CC=NC=C12,CCSc1ccc(NC(=O)[C@H]2CN(C)CCN2C)cc1Cl,COC(=O)c1ccc(NC(=O)C2CCN(C(=O)c3ccc(F)cc3F)CC2)c2ccncc12,21,22,33,36,10.401307,,11,11,,,0,0,0,1,0,69,22,3,269,407,407,220,55,269,2,214,87,215,110,7,4,56,385,171,236,49,187,0,19,0
663,212,640,7369947,9709085,CCC1=C(C(=O)N2CC3CCC(C2)C3NC(=O)C2=NC=CN2C(C)C)N=NN1,CC(C)(C)N1CCC(NC(=O)C(CC2=CC=C(O)C=C2)NC(=O)OCC2=CC=CC=C2)C1,CCc1[nH]nnc1C(=O)N1CC2CCC(C1)C2NC(=O)c1nccn1C(C)C,CC(C)(C)N1CCC(NC(=O)C(Cc2ccc(O)cc2)NC(=O)OCc2ccccc2)C1,28,31,32,34,36.344463,,15,14,,,0,0,0,1,0,237,31,2,946,1526,1526,850,458,946,1,832,327,991,468,109,26,129,1495,681,845,169,676,0,29,0
664,216,270,7320354,4467697,NC1=CC=NC(C(=O)N2C[C@@H]3C[C@@H](C[C@H](NC(=O)CCN4C=CC=N4)C3)C2)=C1,CCC1=C(C(=O)N2CC(C)C2C(=O)NCC2CCCCCCC2)SC=N1,Nc1ccnc(C(=O)N2C[C@@H]3C[C@@H](C[C@H](NC(=O)CCn4cccn4)C3)C2)c1,CCc1ncsc1C(=O)N1CC(C)C1C(=O)NCC1CCCCCCC1,28,31,26,28,79.957199,,18,17,,,0,0,0,1,0,413,28,2,1637,2131,2131,1463,366,1637,0,1442,951,804,450,202,36,112,2103,1192,939,271,668,0,31,0
665,676,83,6649760,3458125,CC(C)(C)OC(=O)N(CCNC(=O)C1=C(Br)C(O)=CC=C1)CC1=CC=CC=C1,C#CCN(CC(=O)NCC1=NC(C)=NC=C1)C(=O)CC1CCCCC1,CC(C)(C)OC(=O)N(CCNC(=O)c1cccc(O)c1Br)Cc1ccccc1,C#CCN(CC(=O)NCc1ccnc(C)n1)C(=O)CC1CCCCC1,28,29,25,26,9.523927,,16,15,,,0,0,0,1,0,58,26,1,226,311,311,205,85,226,0,165,90,130,70,34,20,22,285,142,169,63,106,0,39,0
666,160,245,5176555,9700358,CC(C)[C@@H](NC(=O)CN1C=NC(Cl)=C1Cl)C1=CSC(C2=NC=CN2C)=N1,COC1=CC=C(C[C@H](NC(=O)OC(C)(C)C)C(=O)NCC2=CC=NC3=CC=CC=C23)C=C1,CC(C)[C@@H](NC(=O)Cn1cnc(Cl)c1Cl)c1csc(-c2nccn2C)n1,COc1ccc(C[C@H](NC(=O)OC(C)(C)C)C(=O)NCc2ccnc3ccccc23)cc1,26,28,32,34,9.014566,,10,9,,,0,0,0,1,0,71,28,4,282,450,450,264,58,282,0,253,115,190,106,26,19,40,422,146,304,118,186,0,24,0
667,177,565,9001892,1184618,CC1=CC(F)=CC(C(=O)N2C[C@H](CNC(=O)C3=CC=C([N+](=O)[O-])N3)[C@](F)(CO)C2)=C1,CCC(O)(CC)CNC(=O)C(=O)NC1=NC(COC)=CC=C1,Cc1cc(F)cc(C(=O)N2C[C@H](CNC(=O)c3ccc([N+](=O)[O-])[nH]3)[C@](F)(CO)C2)c1,CCC(O)(CC)CNC(=O)C(=O)Nc1cccc(COC)n1,30,32,22,22,15.289101,,14,13,,,0,0,0,1,0,94,22,0,373,515,515,323,78,373,0,312,160,236,137,12,4,37,493,222,293,101,192,0,22,0
668,76,160,2495255,5176555,CCCCCC(=O)NCC1=C(C(=O)N[C@H](CO)C(C)(C)C)C=CO1,CC(C)[C@@H](NC(=O)CN1C=NC(Cl)=C1Cl)C1=CSC(C2=NC=CN2C)=N1,CCCCCC(=O)NCc1occc1C(=O)N[C@H](CO)C(C)(C)C,CC(C)[C@@H](NC(=O)Cn1cnc(Cl)c1Cl)c1csc(-c2nccn2C)n1,24,24,26,28,3.441439,,9,8,,,0,0,0,1,0,29,24,3,111,149,149,99,106,111,1,84,51,97,21,34,6,10,125,48,101,51,50,0,21,0
669,2,418,66768,5513770,CC(C)[C@H](C)C(=O)OCC1=CC=C(Cl)C(F)=C1,C#CCCCCCNC(=O)[C@H]1CCC[C@H](NC(=O)C23CCC(C)(C2)OC3)C1,CC(C)[C@H](C)C(=O)OCc1ccc(Cl)c(F)c1,C#CCCCCCNC(=O)[C@H]1CCC[C@H](NC(=O)C23CCC(C)(C2)OC3)C1,17,17,27,29,5.167711,,8,7,,,0,0,0,1,0,35,17,2,134,176,176,120,28,134,0,107,65,66,40,0,0,12,159,65,111,55,56,0,18,0
670,461,705,6469213,2397220,CC(=O)NC(C)C(=O)N(CC1=C(C)C=CC=C1C)CC1(CF)CCCOC1,CN1CCN(C(=O)C2=COCC2)CC1C(=O)N1C[C@H]2C[C@@]2(CO)C1,CC(=O)NC(C)C(=O)N(Cc1c(C)cccc1C)CC1(CF)CCCOC1,CN1CCN(C(=O)C2=COCC2)CC1C(=O)N1C[C@H]2C[C@@]2(CO)C1,27,28,24,27,20.007887,,15,14,,,0,0,0,1,0,146,27,1,580,839,839,469,1021,580,0,417,185,826,161,533,97,46,812,320,519,149,370,0,36,0
671,608,481,8889911,3500280,CC(C)N1CCN(C2CCN(C(=O)C(C)N3C=C(C4=CC=C(Cl)C=N4)N=N3)C2)CC1,CSCC[C@H](NC(=O)CC1CCCO1)C(=O)NCC1=CN=CC=C1C,CC(C)N1CCN(C2CCN(C(=O)C(C)n3cc(-c4ccc(Cl)cn4)nn3)C2)CC1,CSCC[C@H](NC(=O)CC1CCCO1)C(=O)NCc1cnccc1C,30,33,25,26,8.252134,,18,17,,,0,0,0,1,0,49,26,4,188,235,235,168,134,188,0,137,84,122,38,52,24,4,209,100,135,68,67,0,25,0
672,298,33,1594986,4859545,CC1CN(C[C@@H](O)CCOCC2=CC=CC=C2)CCN1C1CC1,CC(C)[C@@H](CC(=O)OCC1(C)CCN2C=CN=C21)NC(=O)OC(C)(C)C,CC1CN(C[C@@H](O)CCOCc2ccccc2)CCN1C1CC1,CC(C)[C@@H](CC(=O)OCC1(C)CCn2ccnc21)NC(=O)OC(C)(C)C,23,25,26,27,11.451465,,15,14,,,0,0,0,1,0,97,25,0,376,521,521,345,127,376,0,334,197,223,109,55,14,21,496,251,270,94,176,0,25,0
673,237,295,3242096,5237297,CC1=CC(C(=O)N2CCN(C)C(C(=O)NC(C)CCO)C2)=NC=C1N,O=C1C=CC=CN1CC1=CC(NS(=O)(=O)C2=CC(Cl)=C(Br)C=C2F)=CC=C1,Cc1cc(C(=O)N2CCN(C)C(C(=O)NC(C)CCO)C2)ncc1N,O=c1ccccn1Cc1cccc(NS(=O)(=O)c2cc(Cl)c(Br)cc2F)c1,25,26,27,29,15.152696,,13,12,,,0,0,0,1,0,80,26,1,313,541,541,271,181,313,1,259,97,372,134,54,15,93,515,193,348,78,270,0,25,0
674,723,289,2735746,8174796,CC[C@@H](CNC(=O)CC1=C(F)C=C(F)C(F)=N1)NS(=O)(=O)C(F)Cl,CC(CC1=CC=CN=C1)C(=O)NC[C@H]1C[C@H](NC(=O)CC2OCCCC2(C)C)C1,CC[C@@H](CNC(=O)Cc1nc(F)c(F)cc1F)NS(=O)(=O)C(F)Cl,CC(Cc1cccnc1)C(=O)NC[C@H]1C[C@H](NC(=O)CC2OCCCC2(C)C)C1,24,24,29,31,4.593435,,14,13,,,0,0,0,1,0,39,24,9,142,175,175,131,28,142,0,115,91,48,25,0,0,11,151,87,88,44,44,0,15,0
675,719,880,6464583,3711333,COCC(F)(F)CN(CC1=NC(OC)=CC=C1C)C(=O)C(F)C1CCCC1,CC1(C)CC(=O)CC1C(=O)OCC1=CC=C(C2(C(F)(F)F)N=N2)C=C1,COCC(F)(F)CN(Cc1nc(OC)ccc1C)C(=O)C(F)C1CCCC1,CC1(C)CC(=O)CC1C(=O)OCc1ccc(C2(C(F)(F)F)N=N2)cc1,27,28,25,27,16.687511,,9,8,,,0,0,0,1,0,58,27,1,223,510,510,208,288,223,0,195,65,334,81,229,36,56,483,78,432,130,302,0,26,0
676,464,72,5336484,7466727,O=C(CN1CCC(OCC2=CN=CS2)C1)NCCN1CCC2=CC=CC=C21,CC1=NOC(CC(=O)N[C@@H]2C[C@H](CO)CC[C@@H]2CNC2=NC=C(F)C=N2)=C1C,O=C(CN1CCC(OCc2cncs2)C1)NCCN1CCc2ccccc21,Cc1noc(CC(=O)N[C@@H]2C[C@H](CO)CC[C@@H]2CNc2ncc(F)cn2)c1C,27,30,28,30,7.382721,,11,10,,,0,0,0,1,0,64,30,2,254,314,314,218,142,254,0,183,113,164,61,42,16,9,284,122,192,96,96,0,31,0
677,703,239,6291509,9025322,CC(NCCNC(=O)C1=CN=CC=N1)(C1=NN=NN1CCC1CC1)C1CC1,NC1=NC(N2CCCC(NC(=O)/C=C/C3=CC=C4OCOC4=C3)C2)=NC(C2CC2)=N1,CC(NCCNC(=O)c1cnccn1)(c1nnnn1CCC1CC1)C1CC1,Nc1nc(C2CC2)nc(N2CCCC(NC(=O)/C=C/c3ccc4c(c3)OCO4)C2)n1,27,30,30,34,10.981977,,10,9,,,0,0,0,1,0,65,30,3,254,420,420,226,103,254,0,210,98,192,67,74,34,59,390,115,305,111,194,0,27,0
678,946,270,6109539,4467697,COCC1(CNC(=O)C2=CC(F)=CN2)CCN(C(=O)CC2=CSC(C)=N2)C1,CCC1=C(C(=O)N2CC(C)C2C(=O)NCC2CCCCCCC2)SC=N1,COCC1(CNC(=O)c2cc(F)c[nH]2)CCN(C(=O)Cc2csc(C)n2)C1,CCc1ncsc1C(=O)N1CC(C)C1C(=O)NCC1CCCCCCC1,27,29,26,28,44.238094,,19,18,,,0,0,0,1,0,296,28,0,1176,1731,1731,1070,487,1176,0,1061,520,886,471,234,51,68,1703,741,990,329,661,0,28,0
679,806,810,542253,2056724,C=CCN(OC)C(=O)CCNC(=O)C1=CN=NN1C=C,CC1=CC(C)=C(OCC(=O)NCC2=CC=CN=C2N(C)C)C(C)=C1,C=CCN(OC)C(=O)CCNC(=O)c1cnnn1C=C,Cc1cc(C)c(OCC(=O)NCc2cccnc2N(C)C)c(C)c1,20,20,24,25,2.455234,,10,9,,,0,0,0,1,0,21,20,5,74,112,112,64,24,74,2,57,34,54,15,0,0,20,92,32,80,32,48,0,15,0
680,640,603,9709085,2234872,CC(C)(C)N1CCC(NC(=O)C(CC2=CC=C(O)C=C2)NC(=O)OCC2=CC=CC=C2)C1,CC1=CC(CN(C)C(=O)NC2=CN(C(C)(C)C)N=C2C(N)=O)=NO1,CC(C)(C)N1CCC(NC(=O)C(Cc2ccc(O)cc2)NC(=O)OCc2ccccc2)C1,Cc1cc(CN(C)C(=O)Nc2cn(C(C)(C)C)nc2C(N)=O)no1,32,34,24,25,5.120678,,12,11,,,0,0,0,1,0,30,25,2,115,171,171,92,129,115,1,72,39,107,23,71,7,16,146,46,125,46,79,0,23,0
681,677,823,4192068,208121,O=C(NCC1=NOC(C2CCOCC2)=N1)NC[C@@]12CCCC[C@]1(CO)C2,CCN1C=CC(C(=O)NC(C)C2(C)CCC2)=CC1=O,O=C(NCc1noc(C2CCOCC2)n1)NC[C@@]12CCCC[C@]1(CO)C2,CCn1ccc(C(=O)NC(C)C2(C)CCC2)cc1=O,26,29,19,20,8.312793,,9,8,,,0,0,0,1,0,49,20,0,193,306,306,175,119,193,0,153,67,190,70,40,18,35,286,74,232,101,131,0,23,0
682,956,202,6083509,1802632,CCN1C=CC(CC(=O)NCC2CN(C(=O)CCOC(C)=O)CC2(F)F)=N1,CC(C)NC(=O)C1CCN(C(=O)C2=NOC(CO)=C2)CC1(C)C,CCn1ccc(CC(=O)NCC2CN(C(=O)CCOC(C)=O)CC2(F)F)n1,CC(C)NC(=O)C1CCN(C(=O)c2cc(CO)on2)CC1(C)C,27,28,23,24,26.568693,,15,14,,,0,0,0,1,0,158,24,1,616,1002,1002,538,525,616,0,522,187,706,272,256,56,8,978,377,625,161,464,0,23,0
683,435,117,8099950,438266,COC1=CC(NC(=O)C2CC3(CCC3)CN2C(=O)C2CCCOCC2)=CC=C1C,COCCN1CCC(NC(=O)C2=NNC3=C2CCC3)C1,COc1cc(NC(=O)C2CC3(CCC3)CN2C(=O)C2CCCOCC2)ccc1C,COCCN1CCC(NC(=O)c2n[nH]c3c2CCC3)C1,29,32,20,22,18.454453,,14,13,,,0,0,0,1,0,138,22,1,548,752,752,490,236,548,0,464,234,453,229,21,6,22,730,420,332,70,262,0,26,0
684,557,230,3798566,980564,COC(=O)NC1CCN(C2=NC(N3CCC(C#N)CC3)=NC=C2)CC1,COC1=CC2=NC=C(C(=O)NC3=CC(Cl)=CC(Cl)=N3)N2C=C1,COC(=O)NC1CCN(c2ccnc(N3CCC(C#N)CC3)n2)CC1,COc1ccn2c(C(=O)Nc3cc(Cl)cc(Cl)n3)cnc2c1,25,27,22,24,13.936315,,16,15,,,0,0,0,1,0,87,24,2,326,531,531,297,200,326,0,277,130,332,119,76,26,67,507,214,317,83,234,0,22,0
685,663,152,5891057,2237266,COC1=CC(C(=O)N2C[C@@H]3[C@H](C2)[C@H]3NC(=O)C2=NN(C)C(C)=C2)=CC=C1C,COC1=CC(S(C)(=O)=O)=CC=C1NC(=O)NC1(CO)CC(C)(C)C1,COc1cc(C(=O)N2C[C@@H]3[C@H](C2)[C@H]3NC(=O)c2cc(C)n(C)n2)ccc1C,COc1cc(S(C)(=O)=O)ccc1NC(=O)NC1(CO)CC(C)(C)C1,27,30,24,25,7.344386,,10,9,,,0,0,0,1,0,42,25,4,161,300,300,150,157,161,0,138,59,195,46,86,24,39,275,89,211,61,150,0,23,0
686,930,272,2596144,5955960,CC(C)CC(CNC(=O)CC1C=NN(C)C1=O)C(=O)N(C)CCF,CO[C@H]1C[C@@H](C(=O)N2CC3(CN(C(=O)C=CC4=CN(C)C=N4)CCO3)C2)C1,CC(C)CC(CNC(=O)CC1C=NN(C)C1=O)C(=O)N(C)CCF,CO[C@H]1C[C@@H](C(=O)N2CC3(CN(C(=O)C=Cc4cn(C)cn4)CCO3)C2)C1,24,24,27,30,6.864187,,14,13,,,0,0,0,1,0,44,24,3,166,230,230,142,130,166,1,121,63,164,43,28,15,23,206,108,122,34,88,0,26,0
687,846,145,5791452,6128949,CC[C@H](CC(=O)N[C@@H]1CCCCN(C)C1=O)NC(=O)C(NC(C)=O)C(C)C,COC[C@@H](CNC(=O)C1CN2CCC1CC2)NC(=O)[C@@H]1CC(=O)CC(=O)N1,CC[C@H](CC(=O)N[C@@H]1CCCCN(C)C1=O)NC(=O)C(NC(C)=O)C(C)C,COC[C@@H](CNC(=O)C1CN2CCC1CC2)NC(=O)[C@@H]1CC(=O)CC(=O)N1,27,27,27,29,9.983409,,17,16,,,0,0,0,1,0,59,27,0,231,312,312,198,190,231,0,149,80,155,51,113,40,6,285,124,188,74,114,0,38,0
688,73,61,4206817,5763808,CC(=O)C1=CC2=C(C=C1NC(=O)C(=O)N1CCOC(C)(C)C1C)OCO2,C[C@@H]1CC[C@H](C(=O)NCC2CCCSC2)CN1C(=O)C1=CC(F)=CC(F)=C1,CC(=O)c1cc2c(cc1NC(=O)C(=O)N1CCOC(C)(C)C1C)OCO2,C[C@@H]1CC[C@H](C(=O)NCC2CCCSC2)CN1C(=O)c1cc(F)cc(F)c1,26,28,27,29,13.807966,,12,11,,,0,0,0,1,0,68,28,6,263,388,388,208,185,263,1,191,101,297,69,37,16,75,360,106,282,102,180,0,22,0
689,169,811,1102655,4686255,CC1=NN=C(CNC(=O)C2=NN=C(C3=CC=CC=C3)O2)N1C,C=CCCOC(C)C(=O)NCC1CN(C(=O)CC2CC2)CCC12CCC2,Cc1nnc(CNC(=O)c2nnc(-c3ccccc3)o2)n1C,C=CCCOC(C)C(=O)NCC1CN(C(=O)CC2CC2)CCC12CCC2,22,24,26,28,5.591214,,10,9,,,0,0,0,1,0,39,24,2,154,226,226,145,39,154,0,137,58,93,62,3,3,0,202,75,151,70,81,0,22,0
690,314,609,7030770,4351004,C=C(Cl)CC(NC(=O)C1=CC=C(O)C(C)=C1)C(=O)N[C@@H]1COC[C@H]1CN(C)C,O=C(NCC(O)C(=O)NC1=CC=C(F)C(CO)=C1)C1=CC(O)=CC(F)=C1,C=C(Cl)CC(NC(=O)c1ccc(O)c(C)c1)C(=O)N[C@@H]1COC[C@H]1CN(C)C,O=C(NCC(O)C(=O)Nc1ccc(F)c(CO)c1)c1cc(O)cc(F)c1,28,29,26,27,17.273808,,12,12,,,0,0,0,1,0,76,27,2,297,501,501,266,183,297,0,241,118,278,103,109,20,59,474,183,318,83,235,0,25,0
691,766,844,2760909,3117112,CC1=C(C)CN(C2=NC=CC(NCC3=CC=CC4=C3C=NN4)=N2)C1,CCOC(CCNC(=O)NCC1=CC=C(F)C(F)=C1Br)C1CCCC1,CC1=C(C)CN(c2nccc(NCc3cccc4[nH]ncc34)n2)C1,CCOC(CCNC(=O)NCc1ccc(F)c(F)c1Br)C1CCCC1,24,27,25,26,4.215813,,12,11,,,0,0,0,1,0,43,26,6,164,177,177,146,44,164,1,119,94,45,30,3,2,4,151,91,86,55,31,0,20,0
692,582,943,8551964,2359342,C[C@H]1CCN(C2=NC3=C(CCCCC3)C(N3CCC4(CC3)COC(CO)C4)=N2)C1,O=C(NCCNC(=O)C1=CC(Br)=CC=C1)C(=O)N1C2CCC1CC2,C[C@H]1CCN(c2nc3c(c(N4CCC5(CC4)COC(CO)C5)n2)CCCCC3)C1,O=C(NCCNC(=O)c1cccc(Br)c1)C(=O)N1C2CCC1CC2,29,33,24,26,7.012561,,10,9,,,0,0,0,1,0,63,26,4,250,351,351,225,79,250,0,205,119,149,74,30,10,23,325,132,219,93,126,0,28,0
693,295,449,5237297,5518045,O=C1C=CC=CN1CC1=CC(NS(=O)(=O)C2=CC(Cl)=C(Br)C=C2F)=CC=C1,CC(CCC(=O)N1CCC(C(=O)NCC2=CN(C)N=C2)C12CCC2)N(C)C,O=c1ccccn1Cc1cccc(NS(=O)(=O)c2cc(Cl)c(Br)cc2F)c1,CC(CCC(=O)N1CCC(C(=O)NCc2cnn(C)c2)C12CCC2)N(C)C,27,29,27,29,19.396975,,14,13,,,0,0,0,1,0,101,29,7,401,522,522,344,154,401,1,316,187,252,111,49,24,25,493,198,324,146,178,0,22,0
694,127,479,2363158,1510011,CN(CC1(C#N)CCC1)C(=O)C(=O)NCC1=CC=C(C2CC2)C=C1,CN(CC1=CC=CC(CO)=C1)C(=O)C1=CC2=CN=CN2C(O)=N1,CN(CC1(C#N)CCC1)C(=O)C(=O)NCc1ccc(C2CC2)cc1,CN(Cc1cccc(CO)c1)C(=O)c1cc2cncn2c(O)n1,24,26,23,25,14.213308,,14,13,,,0,0,0,1,0,71,25,2,282,464,464,251,135,282,0,223,80,229,96,91,52,51,439,150,314,101,213,0,34,0
695,705,311,2397220,5615921,CN1CCN(C(=O)C2=COCC2)CC1C(=O)N1C[C@H]2C[C@@]2(CO)C1,COC(=O)NC1CN(C(=O)C2=CC(CNC(=O)C3(CC(C)=O)CC3)=CS2)C1,CN1CCN(C(=O)C2=COCC2)CC1C(=O)N1C[C@H]2C[C@@]2(CO)C1,COC(=O)NC1CN(C(=O)c2cc(CNC(=O)C3(CC(C)=O)CC3)cs2)C1,24,27,27,29,24.683426,,12,11,,,0,0,0,1,0,128,27,1,504,951,951,448,515,504,0,426,160,672,214,319,48,58,924,294,657,154,503,0,29,0
696,716,412,2618020,1294583,CC1=C(C)C(C(=O)NCCN(C(=O)C2CC2(F)Cl)C2CC2)=C(C)O1,CC[C@H](O)C(=O)NCC1=C(C(=O)N[C@H](C)CCOC)OC=C1,Cc1oc(C)c(C(=O)NCCN(C(=O)C2CC2(F)Cl)C2CC2)c1C,CC[C@H](O)C(=O)NCc1ccoc1C(=O)N[C@H](C)CCOC,24,26,22,22,10.631315,,10,10,,,0,0,0,1,0,68,22,0,253,362,362,215,138,253,0,202,114,219,65,44,14,51,340,105,257,110,147,0,22,0
697,965,278,9227748,1541030,CCC1=C(CN(CC2=CN(CC3CCOC3)N=N2)CC2(C)CSCCO2)C=NN1C,COCC(COC)CS(=O)(=O)NNC(=O)C1=CC=C(C#N)C=N1,CCc1c(CN(Cc2cn(CC3CCOC3)nn2)CC2(C)CSCCO2)cnn1C,COCC(COC)CS(=O)(=O)NNC(=O)c1ccc(C#N)cn1,30,33,23,23,1.936842,,10,9,,,0,0,0,1,0,23,23,5,89,106,106,76,35,89,1,63,42,42,16,0,0,9,83,36,70,40,30,0,18,0
698,512,552,6791459,3688653,COC1=CC(C(=O)N2CCCCC2CNC(=O)CCN)=CC=C1OCC(N)=O,CC(=O)OCCC(=O)NC1CC(C(C)NC(=O)C2=CN(C)C=C2C)C1,COc1cc(C(=O)N2CCCCC2CNC(=O)CCN)ccc1OCC(N)=O,CC(=O)OCCC(=O)NC1CC(C(C)NC(=O)c2cn(C)cc2C)C1,28,29,25,26,17.837460,,13,12,,,0,0,0,1,0,132,26,0,519,830,830,440,247,519,0,431,164,550,245,60,5,80,804,333,497,107,390,0,30,0
699,505,448,2926318,8681379,O=C(NC1=NN(CCC2=CC=CC=C2)C=C1)C1=C2C=CC=CN2C=N1,C=CN1C=C(CN(CC[C@@H]2CCC[C@H]2O)CC2=CC(C(=O)OC)=CC(O)=C2)C=N1,O=C(Nc1ccn(CCc2ccccc2)n1)c1ncn2ccccc12,C=Cn1cc(CN(CC[C@@H]2CCC[C@H]2O)Cc2cc(O)cc(C(=O)OC)c2)cn1,25,28,29,31,13.011103,,14,13,,,0,0,0,1,0,86,28,0,326,439,439,288,65,326,0,268,163,171,86,17,11,43,411,206,233,82,151,0,28,0
700,82,612,2083033,9388609,COCC1CCCCC1NC(=O)C1=CC=C(OC)C2=CN=CC=C12,CC1=NN2C=CC=CC2=C1C(=O)NCCC1=CC=C(CNC(=O)C2=CSC(Cl)=N2)C=C1,COCC1CCCCC1NC(=O)c1ccc(OC)c2cnccc12,Cc1nn2ccccc2c1C(=O)NCCc1ccc(CNC(=O)c2csc(Cl)n2)cc1,24,26,31,34,68.305176,,19,18,,,0,0,0,1,0,295,26,4,1161,1766,1766,1056,522,1161,0,1020,511,936,436,268,87,69,1740,775,991,281,710,0,34,0
701,40,910,1255781,7959757,COC1=CC=C(C2=C3NC=C(CC(=O)O)C3=CC=C2)C=C1O,CCCN(CCN(CC)CC)C(=O)NC1=C(C2=CC=CC=C2)N=C2N=CC=CN21,COc1ccc(-c2cccc3c(CC(=O)O)c[nH]c23)cc1O,CCCN(CCN(CC)CC)C(=O)Nc1c(-c2ccccc2)nc2ncccn12,22,24,29,31,29.899797,,12,12,,,0,0,0,1,0,142,24,4,565,997,997,510,317,565,1,493,185,618,234,163,71,108,973,326,671,184,487,0,31,0
702,442,752,2222483,7186989,COC(=O)C1CCN(CC2=CC(C#N)=CC=C2Br)C12CCCCC2,CCC1=CC(C(=O)N2CCCC[C@H]2CNC(=O)C2=CC=C(Cl)C=C2N)=NC=N1,COC(=O)C1CCN(Cc2cc(C#N)ccc2Br)C12CCCCC2,CCc1cc(C(=O)N2CCCC[C@H]2CNC(=O)c2ccc(Cl)cc2N)ncn1,24,26,28,30,24.135578,,14,14,,,0,0,0,1,0,121,26,4,480,712,712,403,605,480,0,367,185,567,86,318,110,20,686,287,425,116,309,0,43,0
703,330,618,10117466,5085485,CCC1=CC=CC=C1N1N=NN=C1C(C1=CC=C2C=CN=CC2=C1)N1CC(O)CC(C)(C)C1,CCC1=CN=C(C(=O)N(CCC2(CO)CCC2)C[C@@H]2COC[C@H]2C)N=C1,CCc1ccccc1-n1nnnc1C(c1ccc2ccncc2c1)N1CC(O)CC(C)(C)C1,CCc1cnc(C(=O)N(CCC2(CO)CCC2)C[C@@H]2COC[C@H]2C)nc1,33,37,26,28,123.899414,,17,16,,,0,0,0,1,0,272,28,1,1070,2371,2371,900,949,1070,0,862,363,1552,369,839,141,467,2343,763,1608,137,1471,0,32,0
704,256,26,5798555,1325871,CNC(=O)NCC(=O)NC1CC2(C1)CC(C(=O)NCC(C(C)C)C(C)C)C2,CC(=CC1CC1)C(=O)N[C@@H]1CN(C(=O)C2=COCC2)C[C@H]1O,CNC(=O)NCC(=O)NC1CC2(C1)CC(C(=O)NCC(C(C)C)C(C)C)C2,CC(=CC1CC1)C(=O)N[C@@H]1CN(C(=O)C2=COCC2)C[C@H]1O,27,28,22,24,2.552442,,10,9,,,0,0,0,1,0,29,24,5,108,145,145,97,50,108,1,80,44,65,30,9,4,6,121,45,100,52,48,0,19,0
705,93,234,7173889,5046189,CC(C)C(C#N)C(=O)NCC(NC(=O)C1=CN(C2CCC2)N=N1)C1CCCC1,CC(C)C(C)(C)CN(CC1=CN2C=NC=C2C=C1)C(=O)COCCCF,CC(C)C(C#N)C(=O)NCC(NC(=O)c1cn(C2CCC2)nn1)C1CCCC1,CC(C)C(C)(C)CN(Cc1ccc2cncn2c1)C(=O)COCCCF,28,30,26,27,23.192694,,15,14,,,0,0,0,1,0,121,27,3,471,707,707,419,149,471,2,393,184,374,187,37,24,69,680,279,428,140,288,0,24,0
706,984,690,4318055,6237758,CN(C)C1CN(C(=O)C2(CCNC(=O)CCCOC(C)(C)C)CCC2)C1,CC(C)C1=NN=C(CCN2CCC(=O)N(CCCC(=O)NC3CC3)C2=O)S1,CN(C)C1CN(C(=O)C2(CCNC(=O)CCCOC(C)(C)C)CCC2)C1,CC(C)c1nnc(CCN2CCC(=O)N(CCCC(=O)NC3CC3)C2=O)s1,26,27,27,29,5.919717,,14,13,,,0,0,0,1,0,47,27,2,185,262,262,156,148,185,1,139,80,151,42,75,9,8,235,71,191,85,106,0,25,0
707,856,881,4563398,2480057,CCCN(CC(=O)NCC1(OC)CN(C)C1)C(=O)[C@@H]1C[C@H](C)CC(=O)N1,COC1(C(=O)NC(C)CSC)CCN(C(=O)CCC2OCCO2)C1,CCCN(CC(=O)NCC1(OC)CN(C)C1)C(=O)[C@@H]1C[C@H](C)CC(=O)N1,COC1(C(=O)NC(C)CSC)CCN(C(=O)CCC2OCCO2)C1,26,27,24,25,20.013697,,12,11,,,0,0,0,1,0,92,25,2,361,629,629,308,228,361,0,300,144,355,93,169,48,101,604,171,458,137,321,0,23,0
708,589,601,6811291,7965965,CCCC1(CO)CCCN1C(=O)C(=O)NC(CSC)CC1=CC=C(F)C=C1F,CNC(=O)CN1C=CC2=CC=C(NC(=O)NC3=C4OC(=O)NC4=CC(Cl)=C3)C=C21,CCCC1(CO)CCCN1C(=O)C(=O)NC(CSC)Cc1ccc(F)cc1F,CNC(=O)Cn1ccc2ccc(NC(=O)Nc3cc(Cl)cc4[nH]c(=O)oc34)cc21,28,29,29,32,36.303867,,14,14,,,0,0,0,1,0,224,29,4,889,1274,1274,758,525,889,1,720,425,848,225,160,83,190,1245,524,750,234,516,0,29,0
709,973,21,2845154,6114384,CC(C)CNC(=O)C(C(C)C(C)(C)C)N1CCC2=CC(Br)=CC=C21,CC1CC(C(=O)N2CCN(C(=O)C3=C(F)C=NC(O)=C3)CC2C(C)(C)C)C1,CC(C)CNC(=O)C(C(C)C(C)(C)C)N1CCc2cc(Br)ccc21,CC1CC(C(=O)N2CCN(C(=O)c3cc(O)ncc3F)CC2C(C)(C)C)C1,24,25,27,29,158.559235,,18,17,,,0,0,0,1,0,449,25,1,1783,3714,3714,1624,968,1783,0,1590,758,1429,635,1600,207,80,3689,1160,2554,464,2090,0,52,0
710,783,688,9628048,5365216,CC1=CN(CCN(CC2=CC=C(C)C3=C2CCC3)C(=O)C2=CC=CC(C#N)=C2O)N=C1,CCN(CC)CC1CCN(C(=O)NC2=CC(C(=O)OC)=CN3C=CN=C23)C1,Cc1cnn(CCN(Cc2ccc(C)c3c2CCC3)C(=O)c2cccc(C#N)c2O)c1,CCN(CC)CC1CCN(C(=O)Nc2cc(C(=O)OC)cn3ccnc23)C1,31,34,27,29,18.041731,,12,11,,,0,0,0,1,0,95,29,0,374,591,591,322,241,374,0,301,138,372,136,109,19,51,562,195,396,127,269,0,35,0
711,841,275,8019379,2091376,O=C(C1=CC(Cl)=CC=C1Cl)N1CCCC1C1=NC(C2=CN3C=CC=CC3=N2)=NO1,CC(C)(C)OC(=O)NCC(C)(O)C(=O)NNC1=CC=C(Cl)C=C1Cl,O=C(c1cc(Cl)ccc1Cl)N1CCCC1c1nc(-c2cn3ccccc3n2)no1,CC(C)(C)OC(=O)NCC(C)(O)C(=O)NNc1ccc(Cl)cc1Cl,29,33,24,24,2.866707,,8,7,,,0,0,0,1,0,23,24,1,87,119,119,78,64,87,1,69,38,63,15,18,2,5,95,39,80,39,41,0,26,0
712,590,41,10231444,2214787,CCCCN1N=NN=C1C1(NC2=C(C)N(C3=CC=CC(Cl)=C3)N=C2)CCN(C2CCCC2)CC1,CC(C)C(=O)CN1CCC(CN2C(=O)C3=CC=CC=C3C2=O)CC1,CCCCn1nnnc1C1(Nc2cnn(-c3cccc(Cl)c3)c2C)CCN(C2CCCC2)CC1,CC(C)C(=O)CN1CCC(CN2C(=O)c3ccccc3C2=O)CC1,34,38,24,26,126.919029,,17,16,,,0,0,0,1,0,680,26,3,2717,4122,4122,2553,456,2717,1,2541,1103,1838,1371,162,56,35,4096,2273,1849,280,1569,0,29,0
713,781,774,9990567,6610078,COC(=O)C1=CC=C(NC(=O)C2CCN(C(=O)C3=CC=C(F)C=C3F)CC2)C2=CC=NC=C12,CO[C@H]1CN(C(=O)C2=COC(C3=CSC(C)=N3)=C2)C[C@H]1NC(=O)OC(C)(C)C,COC(=O)c1ccc(NC(=O)C2CCN(C(=O)c3ccc(F)cc3F)CC2)c2ccncc12,CO[C@H]1CN(C(=O)c2coc(-c3csc(C)n3)c2)C[C@H]1NC(=O)OC(C)(C)C,33,36,28,30,19.805632,,13,12,,,0,0,0,1,0,101,30,2,396,673,673,348,233,396,0,331,108,477,189,50,23,83,643,257,416,91,325,0,28,0
714,179,481,3940154,3500280,CC(=O)NC1=NC(C[C@@H](NC(=O)C(C)N2N=CC=C2C)C(C)C)=CS1,CSCC[C@H](NC(=O)CC1CCCO1)C(=O)NCC1=CN=CC=C1C,CC(=O)Nc1nc(C[C@@H](NC(=O)C(C)n2nccc2C)C(C)C)cs1,CSCC[C@H](NC(=O)CC1CCCO1)C(=O)NCc1cnccc1C,25,26,25,26,6.533713,,14,13,,,0,0,0,1,0,58,26,1,224,282,282,189,135,224,0,175,103,183,52,19,9,19,256,123,159,66,93,0,28,0
715,531,667,9109685,4170183,COC1=CC=CC(CN2C=C(CCN(C(=O)CCC3=CC=CS3)C(C)(C)C)N=N2)=C1,COC1=CC=C(C(CF)NC(=O)NCC2=CC=C(C)C(C3CC3)=C2)C=C1,COc1cccc(Cn2cc(CCN(C(=O)CCc3cccs3)C(C)(C)C)nn2)c1,COc1ccc(C(CF)NC(=O)NCc2ccc(C)c(C3CC3)c2)cc1,30,32,26,28,16.141138,,9,9,,,0,0,0,1,0,86,28,1,340,567,567,295,187,340,0,284,134,351,121,79,13,79,539,212,355,83,272,0,27,0
716,452,938,4615591,5112381,CN(CCOCCC(=O)NCC(F)C1=CC=CC=C1)C(=O)[C@@H]1CCOC1,C/C=C/CCN(CC1CCOCC1)C(=O)NC1=CC=C2OCCOC2=C1,CN(CCOCCC(=O)NCC(F)c1ccccc1)C(=O)[C@@H]1CCOC1,C/C=C/CCN(CC1CCOCC1)C(=O)Nc1ccc2c(c1)OCCO2,26,27,26,28,5.202925,,10,9,,,0,0,0,1,0,42,27,1,166,219,219,156,28,166,0,141,84,59,43,5,3,6,192,76,143,80,63,0,26,0
717,284,185,8276759,2149036,CCCC1=CC=C(C(=O)N2CC[C@H](CO)[C@@H](NC(=O)C3C[C@H]4CC[C@H]4C3)C2)C=C1,O=C(C1=CC=CC=C1)C1=CC(NCCC2COCCO2)=CC=C1F,CCCc1ccc(C(=O)N2CC[C@H](CO)[C@@H](NC(=O)C3C[C@H]4CC[C@H]4C3)C2)cc1,O=C(c1ccccc1)c1cc(NCCC2COCCO2)ccc1F,29,32,24,26,37.414574,,16,15,,,0,0,0,1,0,110,26,1,420,629,629,391,149,420,1,380,198,303,139,59,29,45,603,257,372,134,238,0,25,0
718,599,446,6560591,3959197,CCC1(CN2C=C(CCN3CCOC(C)(C(C)(C)C)C3)N=N2)CCCCO1,CCC(C)OC1=CC=CC(NC(=O)C2=C3C=CC=CC3=NC(OC)=C2)=C1,CCC1(Cn2cc(CCN3CCOC(C)(C(C)(C)C)C3)nn2)CCCCO1,CCC(C)Oc1cccc(NC(=O)c2cc(OC)nc3ccccc23)c1,27,29,26,28,30.299326,,16,15,,,0,0,0,1,0,163,28,1,647,1070,1070,601,345,647,0,586,305,579,226,206,43,84,1042,369,701,232,469,0,32,0
719,650,833,2369078,2527213,CC1(C(=O)O)CCC2=CC(C3=CC=C(F)C(C(F)(F)F)=C3)=CC=C21,CCC1(C)CN(C(=O)C(C)CN(C)C(=O)CCCC2CCCO2)C1,CC1(C(=O)O)CCc2cc(-c3ccc(F)c(C(F)(F)F)c3)ccc21,CCC1(C)CN(C(=O)C(C)CN(C)C(=O)CCCC2CCCO2)C1,24,26,24,25,3.574279,,9,8,,,0,0,0,1,0,16,25,6,62,87,87,61,11,62,2,55,30,14,12,0,0,2,62,24,63,37,26,0,19,0
720,503,992,3347191,6262055,CC1CC(CO)(NC(=O)C2CCN(C(=O)C3(C)CCCC3)CCO2)C1,CC(C)CN1C=C(C(C)(C)N2CCN(C(=O)CCCCCC#N)CC2)N=N1,CC1CC(CO)(NC(=O)C2CCN(C(=O)C3(C)CCCC3)CCO2)C1,CC(C)Cn1cc(C(C)(C)N2CCN(C(=O)CCCCCC#N)CC2)nn1,25,27,27,28,9.189140,,12,11,,,0,0,0,1,0,74,27,3,293,433,433,272,134,293,1,256,147,174,78,95,23,6,406,165,268,107,161,0,25,0
721,93,481,7173889,3500280,CC(C)C(C#N)C(=O)NCC(NC(=O)C1=CN(C2CCC2)N=N1)C1CCCC1,CSCC[C@H](NC(=O)CC1CCCO1)C(=O)NCC1=CN=CC=C1C,CC(C)C(C#N)C(=O)NCC(NC(=O)c1cn(C2CCC2)nn1)C1CCCC1,CSCC[C@H](NC(=O)CC1CCCO1)C(=O)NCc1cnccc1C,28,30,25,26,12.564326,,17,16,,,0,0,0,1,0,69,26,4,269,345,345,229,136,269,0,200,122,163,61,63,24,15,319,146,199,83,116,0,23,0
722,356,418,296035,5513770,CC(CNC(=O)C1=CC2(CNC2)OC1)OC(F)(F)F,C#CCCCCCNC(=O)[C@H]1CCC[C@H](NC(=O)C23CCC(C)(C2)OC3)C1,CC(CNC(=O)C1=CC2(CNC2)OC1)OC(F)(F)F,C#CCCCCCNC(=O)[C@H]1CCC[C@H](NC(=O)C23CCC(C)(C2)OC3)C1,19,20,27,29,4.671309,,13,12,,,0,0,0,1,0,36,20,4,140,209,209,124,57,140,1,104,55,89,26,33,27,31,189,79,130,45,85,0,16,0
723,341,328,7596939,494157,CCC(C)(C)N1N=NN=C1C(C1=CN=C(C2CC2)O1)N1CCC(C)(CSC)C1,COC1=CC=CC(NC(=O)C2(CN)CC2(F)F)=C1OC,CCC(C)(C)n1nnnc1C(c1cnc(C2CC2)o1)N1CCC(C)(CSC)C1,COc1cccc(NC(=O)C2(CN)CC2(F)F)c1OC,28,31,20,21,6.417686,,12,11,,,0,0,0,1,0,41,21,3,156,219,219,130,153,156,1,116,52,163,36,58,24,10,198,56,163,74,89,0,18,0
724,686,107,2090176,1352525,CC1=CC(O)=CC(C)=C1CC(=O)NCCCC1=CC=C(Cl)C=C1Cl,CC(CCN1C=CC=N1)OC(=O)C1=CC2=C(C=N1)OCCC2,Cc1cc(O)cc(C)c1CC(=O)NCCCc1ccc(Cl)cc1Cl,CC(CCn1cccn1)OC(=O)c1cc2c(cn1)OCCC2,24,25,22,24,7.269146,,11,10,,,0,0,0,1,0,42,24,1,165,233,233,146,84,165,0,130,69,121,43,26,11,18,209,83,150,63,87,0,23,0
725,878,164,9046219,3187396,CC1=CC=C(C(CNC2=CN=C(C#N)C=N2)NC(=O)CN2C=C(C(F)F)C=N2)C=C1,COC1=CC(CN2CCCCC2CCC2=CC=CC=C2)=CN=C1OC,Cc1ccc(C(CNc2cnc(C#N)cn2)NC(=O)Cn2cc(C(F)F)cn2)cc1,COc1cc(CN2CCCCC2CCc2ccccc2)cnc1OC,30,32,25,27,13.131351,,11,10,,,0,0,0,1,0,78,27,4,312,427,427,289,60,312,1,272,161,155,99,15,6,19,400,186,241,103,138,0,26,0
726,337,421,5535017,6676599,CC1=CC(C#N)=CN=C1C(=O)N1CCCC(C(=O)NCCC2=CSC=N2)C1,C=CCOC(=O)N1CCC(CC(=O)N2CCN(C3=CC=NC=C3)CC2C)CC1,Cc1cc(C#N)cnc1C(=O)N1CCCC(C(=O)NCCc2cscn2)C1,C=CCOC(=O)N1CCC(CC(=O)N2CCN(c3ccncc3)CC2C)CC1,27,29,28,30,43.228207,,18,17,,,0,0,0,1,0,203,29,3,805,1134,1134,722,370,805,0,709,392,613,276,139,28,34,1105,528,606,194,412,0,26,0
727,710,507,198201,2423837,C#CC1CC(NC(=O)C2=CC3=C(Br)N=CN3C=C2)C1,CN(CCCCO)C(=O)[C@H]1CCCN1C(=O)C1CCCCNC1=O,C#CC1CC(NC(=O)c2ccn3cnc(Br)c3c2)C1,CN(CCCCO)C(=O)[C@H]1CCCN1C(=O)C1CCCCNC1=O,19,21,24,25,24.130974,,13,12,,,0,0,0,1,0,150,21,2,596,885,885,520,106,596,0,504,223,424,264,26,14,75,864,361,524,159,365,0,23,0
728,295,678,5237297,4318056,O=C1C=CC=CN1CC1=CC(NS(=O)(=O)C2=CC(Cl)=C(Br)C=C2F)=CC=C1,N#CC1(CCC(=O)NCCC2(C(=O)NCC3CC3(F)F)CCC2)CCC1,O=c1ccccn1Cc1cccc(NS(=O)(=O)c2cc(Cl)c(Br)cc2F)c1,N#CC1(CCC(=O)NCCC2(C(=O)NCC3CC3(F)F)CCC2)CCC1,27,29,26,28,26.493738,,13,12,,,0,0,0,1,0,126,28,1,498,951,951,457,473,498,0,435,200,598,195,340,35,72,923,349,602,108,494,0,29,0
729,967,410,10252318,9748132,CCOC(=O)C1=CC=C(NC(=O)C(C2=CC(OCC)=CC=C2)N2CCOC(C)(C)C2(C)C)C=C1,CN1N=C(NC(=O)C(=O)N(C)C2(CNC(=O)OC(C)(C)C)CC2)C=C1CN1CCOCC1,CCOC(=O)c1ccc(NC(=O)C(c2cccc(OCC)c2)N2CCOC(C)(C)C2(C)C)cc1,CN(C(=O)C(=O)Nc1cc(CN2CCOCC2)n(C)n1)C1(CNC(=O)OC(C)(C)C)CC1,34,36,32,34,18.575310,,14,13,,,0,0,0,1,0,116,34,1,459,721,721,383,337,459,0,346,149,512,123,126,78,137,687,235,486,148,338,0,36,0
730,833,778,2527213,7256219,CCC1(C)CN(C(=O)C(C)CN(C)C(=O)CCCC2CCCO2)C1,CC1(C(=O)NCC2(CNC(=O)C[C@@H]3CC[C@H](O)C3)CCCC2)CCC(=O)NC1,CCC1(C)CN(C(=O)C(C)CN(C)C(=O)CCCC2CCCO2)C1,CC1(C(=O)NCC2(CNC(=O)C[C@@H]3CC[C@H](O)C3)CCCC2)CCC(=O)NC1,24,25,28,30,55.461452,,21,20,,,0,0,0,1,0,408,25,0,1621,1969,1969,1359,385,1621,0,1336,802,961,524,9,8,76,1944,965,1004,394,610,0,25,0
731,563,37,6337144,1607588,CC1=CC=CC(C)=C1CNC1=NC(C)=NC(NC2CCN3CCCCC23)=N1,CC1=CC(NC(=O)NC2=CC3=CC=NN3C=C2)=CC=C1C1CC1,Cc1nc(NCc2c(C)cccc2C)nc(NC2CCN3CCCCC23)n1,Cc1cc(NC(=O)Nc2ccn3nccc3c2)ccc1C1CC1,27,30,23,26,23.249292,,13,12,,,0,0,0,1,0,130,26,2,513,754,754,457,230,513,0,433,203,387,193,113,37,32,728,352,402,105,297,0,24,0
732,465,90,2159572,5413039,CN(C1CCC2(CC1)COC2)S(=O)(=O)C1=CC=C([N+](=O)[O-])C(Cl)=C1,COCCC1=CC=C(NC(=O)C(=O)NC2=CC=CC(Cl)=C2C(F)(F)F)C=C1,CN(C1CCC2(CC1)COC2)S(=O)(=O)c1ccc([N+](=O)[O-])c(Cl)c1,COCCc1ccc(NC(=O)C(=O)Nc2cccc(Cl)c2C(F)(F)F)cc1,24,26,27,28,7.549842,,9,9,,,0,0,0,1,0,46,26,6,184,291,291,167,119,184,0,141,55,159,51,57,41,25,265,110,181,57,124,0,21,0
733,322,258,9662440,7726940,CCOC1=CC=C(NC(=O)N(CCC(C)(C)CO)CC2=CC(CC)=CC(F)=C2)N=C1C,CCOC(CN(CCC1=CC=CC=C1C#N)C(=O)C1=NC(N)=CN=C1)C1CC1,CCOc1ccc(NC(=O)N(CCC(C)(C)CO)Cc2cc(F)cc(CC)c2)nc1C,CCOC(CN(CCc1ccccc1C#N)C(=O)c1cncc(N)n1)C1CC1,31,32,28,30,21.017900,,16,15,,,0,0,0,1,0,106,30,1,419,641,641,372,235,419,0,334,183,340,118,132,42,52,611,188,453,184,269,0,33,0
734,331,118,7357466,8758240,CCN(C)[C@H]1C[C@@H](C(=O)NCCC(C)(C)NC(=O)C2=CC(F)=CC(F)=C2N)C1,COC(=O)C12CC(CN1CC1=CC=CC=C1)N(C(=O)C1=CC([N+](=O)[O-])=CC(Br)=C1)C2,CCN(C)[C@H]1C[C@@H](C(=O)NCCC(C)(C)NC(=O)c2cc(F)cc(F)c2N)C1,COC(=O)C12CC(CN1Cc1ccccc1)N(C(=O)c1cc(Br)cc([N+](=O)[O-])c1)C2,28,29,30,33,32.515350,,21,21,,,0,0,0,1,0,217,29,2,862,1019,1019,726,604,862,0,650,443,655,204,186,52,38,990,553,466,173,293,0,33,0
735,993,791,5130606,9428881,FC(F)OC1=CC=C(CN(CC2=CC=CN=C2)CC2=CC(Cl)=NO2)C=N1,CC1=CC(C(=O)N2[C@H](CNC(=O)C3=CC=C(N=[N+]=[N-])C=C3)C[C@@H]3CCC[C@@H]32)=NN=C1C,FC(F)Oc1ccc(CN(Cc2cccnc2)Cc2cc(Cl)no2)cn1,Cc1cc(C(=O)N2[C@H](CNC(=O)c3ccc(N=[N+]=[N-])cc3)C[C@@H]3CCC[C@@H]32)nnc1C,26,28,31,34,18.598730,,15,14,,,0,0,0,1,0,77,28,7,294,373,373,248,146,294,1,223,127,201,76,41,24,14,345,118,255,130,125,0,23,0
736,413,885,5351304,8269833,CC(C)(C)OC(=O)NC[C@H]1CC[C@H]1CNC(=O)NC1=CC=NC2=CC=NN21,CC(C)C1=CC(C(=O)NC2CN(C(=O)[C@H]3C[C@H]4C=C[C@@H]3O4)C3(CCCC3)C2)=NO1,CC(C)(C)OC(=O)NC[C@H]1CC[C@H]1CNC(=O)Nc1ccnc2ccnn12,CC(C)c1cc(C(=O)NC2CN(C(=O)[C@H]3C[C@H]4C=C[C@@H]3O4)C3(CCCC3)C2)no1,27,29,29,33,8.232526,,10,9,,,0,0,0,1,0,49,29,1,193,291,291,177,81,193,2,170,97,156,47,12,5,37,262,74,217,103,114,0,28,0
737,526,844,2184418,3117112,COCCOC1=CC=CC(C(=O)NNC2=NC(C)=C(C)C(=O)N2)=C1,CCOC(CCNC(=O)NCC1=CC=C(F)C(F)=C1Br)C1CCCC1,COCCOc1cccc(C(=O)NNc2nc(C)c(C)c(=O)[nH]2)c1,CCOC(CCNC(=O)NCc1ccc(F)c(F)c1Br)C1CCCC1,24,25,25,26,6.072830,,10,9,,,0,0,0,1,0,43,25,1,165,234,234,142,130,165,1,132,62,171,54,27,2,13,209,82,152,60,92,0,24,0
738,1,673,10338086,8997505,CC1=CC=C(F)C(N2C=C(CC3(C(=O)O)CCN(C(=O)[C@@H](CCC4=CC=CC=C4)N(C)C)C3)N=N2)=C1,CCN1C=NC(C(=O)N(CC)CC2CCCCN2C(=O)CC2=C(F)C(C)=CC=C2)=N1,Cc1ccc(F)c(-n2cc(CC3(C(=O)O)CCN(C(=O)[C@@H](CCc4ccccc4)N(C)C)C3)nn2)c1,CCN(CC1CCCCN1C(=O)Cc1cccc(C)c1F)C(=O)c1ncn(CC)n1,36,39,30,32,73.335655,,21,20,,,0,0,0,1,0,318,32,0,1261,1770,1770,1103,791,1261,0,1059,598,1085,416,339,57,42,1738,871,899,232,667,0,35,0
739,890,555,302330,4745780,NC1=CN=C(Br)C=C1CN1CCC(C(O)CO)CC1,CSC1(C(=O)N[C@H]2CN(C(=O)[C@@H]3CCC[C@H](O)C3)C[C@@H]2C(F)F)CCC1,Nc1cnc(Br)cc1CN1CCC(C(O)CO)CC1,CSC1(C(=O)N[C@H]2CN(C(=O)[C@@H]3CCC[C@H](O)C3)C[C@@H]2C(F)F)CCC1,19,20,26,28,23.512535,,13,12,,,0,0,0,1,0,108,20,1,422,564,564,343,272,422,0,329,191,399,125,71,8,46,544,190,374,153,221,0,19,0
740,473,423,7018083,4149423,C=CCC1(C(=O)N2CCCC2CCC)CCN(C(=O)C2=COC(N(C)C)=N2)C1,CN(C)[C@H]1C[C@@](C)(NC(=O)N2CCC(C(=O)OCC3=CC=CC=C3)C2)C1,C=CCC1(C(=O)N2CCCC2CCC)CCN(C(=O)c2coc(N(C)C)n2)C1,CN(C)[C@H]1C[C@@](C)(NC(=O)N2CCC(C(=O)OCc3ccccc3)C2)C1,28,30,26,28,14.046817,,9,9,,,0,0,0,1,0,83,28,0,323,511,511,280,175,323,0,269,131,319,109,59,12,74,483,162,349,118,231,0,28,0
741,55,192,866099,7683253,C[C@H](NC(=O)C1=CC=NN1C)C(=O)N1CCCC(O)CC1,COCCN1C=C(CN(CC2(OC)CCCOC2)C(=O)CSC(C)(C)C)C=N1,C[C@H](NC(=O)c1ccnn1C)C(=O)N1CCCC(O)CC1,COCCn1cc(CN(CC2(OC)CCCOC2)C(=O)CSC(C)(C)C)cn1,21,22,28,29,4.482563,,11,10,,,0,0,0,1,0,47,22,0,184,233,233,163,92,184,0,144,86,136,54,4,1,11,211,99,134,64,70,0,22,0
742,530,370,4785432,9041022,CCC(CC(=O)N[C@H](CO)[C@H](C)NC(=O)C1=CC=NNC1=O)CN(C)C,CC1=CC=C([N+](=O)[O-])C(NC2COCCCN(C(=O)C[C@@H](C)C3=CC=CC=C3)C2)=N1,CCC(CC(=O)N[C@H](CO)[C@H](C)NC(=O)c1ccn[nH]c1=O)CN(C)C,Cc1ccc([N+](=O)[O-])c(NC2COCCCN(C(=O)C[C@@H](C)c3ccccc3)C2)n1,26,26,30,32,14.339693,,16,15,,,0,0,0,1,0,105,26,1,406,518,518,340,324,406,1,327,159,443,146,33,10,1,492,210,308,130,178,0,25,0
743,637,774,6933994,6610078,CCCCC(=O)C(=O)N1CCC2(C=C(C(=O)NC(C)C3=C(C)NN=C3C)C2)C1,CO[C@H]1CN(C(=O)C2=COC(C3=CSC(C)=N3)=C2)C[C@H]1NC(=O)OC(C)(C)C,CCCCC(=O)C(=O)N1CCC2(C=C(C(=O)NC(C)c3c(C)n[nH]c3C)C2)C1,CO[C@H]1CN(C(=O)c2coc(-c3csc(C)n3)c2)C[C@H]1NC(=O)OC(C)(C)C,28,30,28,30,29.567089,,15,14,,,0,0,0,1,0,161,30,2,640,1022,1022,576,520,640,1,557,281,691,238,239,29,67,992,444,578,132,446,0,28,0
744,510,640,9152088,9709085,COCCC1CCN(C(C2=CC=C(C)O2)C2=NN=NN2CCSC)C2=CC=CC=C21,CC(C)(C)N1CCC(NC(=O)C(CC2=CC=C(O)C=C2)NC(=O)OCC2=CC=CC=C2)C1,COCCC1CCN(C(c2ccc(C)o2)c2nnnn2CCSC)c2ccccc21,CC(C)(C)N1CCC(NC(=O)C(Cc2ccc(O)cc2)NC(=O)OCc2ccccc2)C1,30,33,32,34,42.350170,,17,17,,,0,0,0,1,0,131,33,5,519,1016,1016,454,736,519,0,394,150,659,135,600,141,66,983,290,726,164,562,0,38,0
745,452,778,4615591,7256219,CN(CCOCCC(=O)NCC(F)C1=CC=CC=C1)C(=O)[C@@H]1CCOC1,CC1(C(=O)NCC2(CNC(=O)C[C@@H]3CC[C@H](O)C3)CCCC2)CCC(=O)NC1,CN(CCOCCC(=O)NCC(F)c1ccccc1)C(=O)[C@@H]1CCOC1,CC1(C(=O)NCC2(CNC(=O)C[C@@H]3CC[C@H](O)C3)CCCC2)CCC(=O)NC1,26,27,28,30,8.987548,,11,10,,,0,0,0,1,0,51,27,1,196,247,247,178,24,196,0,162,106,65,46,1,0,12,220,86,161,92,69,0,27,0
746,52,208,2354011,3149100,NC1(C2CCN(CC3=CC(C(F)(F)C(F)(F)F)=CC=C3)CC2)CC1,CC1CC2(C1)CC(CCNC(=O)C(=O)NC1=CC(N(C)C)=CN=C1)C2,NC1(C2CCN(Cc3cccc(C(F)(F)C(F)(F)F)c3)CC2)CC1,CC1CC2(C1)CC(CCNC(=O)C(=O)Nc1cncc(N(C)C)c1)C2,24,26,25,27,15.435262,,11,10,,,0,0,0,1,0,74,26,5,293,464,464,265,135,293,1,239,129,274,94,34,21,74,438,155,309,110,199,0,25,0
747,273,562,7258588,3285629,CCC(CC(=O)NCC1CN(C(=O)C2=NC=CN=C2OC)CC12CCC2)OC,CC=CCCC(=O)N1C[C@H]2C[C@@]2(C(=O)N2CC(C)(C)OCC2(C)C)C1,CCC(CC(=O)NCC1CN(C(=O)c2nccnc2OC)CC12CCC2)OC,CC=CCCC(=O)N1C[C@H]2C[C@@]2(C(=O)N2CC(C)(C)OCC2(C)C)C1,28,30,25,27,282.140778,,17,16,,,0,0,0,1,0,672,27,1,2679,7636,7636,2491,4507,2679,1,2464,559,4844,1483,4781,423,457,7609,1743,5893,748,5145,0,46,0
748,134,949,8810698,712462,CCOC1=CC2=C(C=C1OCC)CN(C(=O)NC1C3=C(OC1C)C(F)=CC=C3)CC2,CCN1C=CC(CNCC2=CN=CC(N3C=CN=C3)=C2)=N1,CCOc1cc2c(cc1OCC)CN(C(=O)NC1c3cccc(F)c3OC1C)CC2,CCn1ccc(CNCc2cncc(-n3ccnc3)c2)n1,30,33,21,23,5.863316,,10,9,,,0,0,0,1,0,50,23,1,189,266,266,169,50,189,0,153,85,111,59,13,3,22,243,96,170,73,97,0,25,0
749,294,448,6002839,8681379,CC1=CN=C(C(=O)N2CC3CC(C2)CN(C(=O)C(CCO)N(C)C)C3)C=N1,C=CN1C=C(CN(CC[C@@H]2CCC[C@H]2O)CC2=CC(C(=O)OC)=CC(O)=C2)C=N1,Cc1cnc(C(=O)N2CC3CC(C2)CN(C(=O)C(CCO)N(C)C)C3)cn1,C=Cn1cc(CN(CC[C@@H]2CCC[C@H]2O)Cc2cc(O)cc(C(=O)OC)c2)cn1,27,29,29,31,47.412663,,15,14,,,0,0,0,1,0,204,29,0,800,1464,1464,703,725,800,0,682,203,1109,389,347,82,125,1435,469,995,234,761,0,29,0
750,901,715,8616169,9969763,CCCC1=NNC(C(=O)N(CC[C@H]2CCC(=O)N2)CC2=NNC(C3CCC3)=C2)=C1,CCN1N=C(C)C(NC(=O)N(C[C@H]2OCCC[C@H]2O)C[C@@H]2[C@H]3CC4=CC=CC=C4[C@H]32)=C1C,CCCc1cc(C(=O)N(CC[C@H]2CCC(=O)N2)Cc2cc(C3CCC3)[nH]n2)[nH]n1,CCn1nc(C)c(NC(=O)N(C[C@@H]2[C@H]3Cc4ccccc4[C@H]32)C[C@H]2OCCC[C@H]2O)c1C,29,32,32,36,31.050695,,17,16,,,0,0,0,1,0,120,32,0,469,734,734,409,217,469,0,371,172,429,187,79,18,77,702,262,472,147,325,0,33,0
751,496,124,5028808,10006801,CO[C@H]1C[C@H](CN(CC2=NC3=C(CCC3)S2)C(=O)C(F)(F)C(C)(C)O)C1,CC(C)(C)OC(=O)N1CCC2=CC(COC(=O)COC3=CC=C4CCCCC4=C3)=CC=C2C1,CO[C@H]1C[C@H](CN(Cc2nc3c(s2)CCC3)C(=O)C(F)(F)C(C)(C)O)C1,CC(C)(C)OC(=O)N1CCc2cc(COC(=O)COc3ccc4c(c3)CCCC4)ccc2C1,26,28,33,36,11.110234,,11,10,,,0,0,0,1,0,64,28,4,250,396,396,224,138,250,0,214,94,197,94,82,12,6,368,109,287,115,172,0,25,0
752,29,996,5500785,6242893,CCN(C(=O)CC1CC(NC(=O)C2=C(C)OC(CO)=C2)C1)C(C)C1CCC1,C[C@@H](N)CN1C=C(CCCCC(=O)N2CCC3=CC(F)=CC(Cl)=C3C2)N=N1,CCN(C(=O)CC1CC(NC(=O)c2cc(CO)oc2C)C1)C(C)C1CCC1,C[C@@H](N)Cn1cc(CCCCC(=O)N2CCc3cc(F)cc(Cl)c3C2)nn1,27,29,27,29,35.082840,,15,14,,,0,0,0,1,0,170,29,3,680,1216,1216,594,433,680,1,576,222,841,249,185,97,211,1187,450,766,144,622,0,38,0
753,645,623,7579062,2844946,COC1CC(CNC2(C3=NN=NN3CC3(C)OCCO3)COC3(CCC3)C2)C1,COC(=O)[C@H]1[C@H]2C[C@H]2CN1C(C(=O)NCCC#N)C1=CC(Br)=CO1,COC1CC(CNC2(c3nnnn3CC3(C)OCCO3)COC3(CCC3)C2)C1,COC(=O)[C@H]1[C@H]2C[C@H]2CN1C(C(=O)NCCC#N)c1cc(Br)co1,28,32,24,26,11.503540,,17,16,,,0,0,0,1,0,71,26,4,276,332,332,209,353,276,0,178,99,293,49,151,39,4,306,110,222,99,123,0,26,0
754,818,245,10162931,9700358,CC(C)(C)OC(=O)N[C@H](C(=O)NC(CC1=CC=CC=C1)CN1CCOCC1)C1=CC=C(F)C=C1,COC1=CC=C(C[C@H](NC(=O)OC(C)(C)C)C(=O)NCC2=CC=NC3=CC=CC=C23)C=C1,CC(C)(C)OC(=O)N[C@H](C(=O)NC(Cc1ccccc1)CN1CCOCC1)c1ccc(F)cc1,COc1ccc(C[C@H](NC(=O)OC(C)(C)C)C(=O)NCc2ccnc3ccccc23)cc1,34,36,32,34,275.115173,,26,26,,,0,0,0,1,0,861,34,0,3441,5066,5066,3036,2919,3441,0,2946,1777,2994,716,1905,509,194,5032,2869,2197,167,2030,0,57,0
755,726,162,10048139,2108996,O=C(NCC1CN(C(=O)CCC(=O)C2CC2)CCC12CCOCC2)C1=NC=CC=C1C1CC1,CC(C)[C@@H](C(=O)N1CCC2=CC=C(F)C=C2C1)C1=CC=C(Cl)C=C1,O=C(NCC1CN(C(=O)CCC(=O)C2CC2)CCC12CCOCC2)c1ncccc1C1CC1,CC(C)[C@@H](C(=O)N1CCc2ccc(F)cc2C1)c1ccc(Cl)cc1,33,37,24,26,154.388107,,18,17,,,0,0,0,1,0,365,26,2,1454,2374,2374,1225,1520,1454,0,1174,487,1595,314,1044,400,113,2348,725,1649,500,1149,0,45,0
756,318,564,6665413,7531033,CCCCN1C2=CC=CC=C2N=C1CNS(=O)(=O)C1=CC(C(F)(F)F)=CC=N1,CCC1=CC(C(=O)NCC2(C3=CN(CC4=CC=NC=N4)N=N3)CC2)=CC=C1C,CCCCn1c(CNS(=O)(=O)c2cc(C(F)(F)F)ccn2)nc2ccccc21,CCc1cc(C(=O)NCC2(c3cn(Cc4ccncn4)nn3)CC2)ccc1C,28,30,28,31,10.053278,,11,10,,,0,0,0,1,0,57,30,7,223,334,334,198,139,223,1,183,101,183,55,63,19,23,304,106,228,92,136,0,23,0
757,14,565,1256714,1184618,CCCCC(C)(NS(=O)(=O)C1=C(C(=O)OC)OC=C1)C(=O)O,CCC(O)(CC)CNC(=O)C(=O)NC1=NC(COC)=CC=C1,CCCCC(C)(NS(=O)(=O)c1ccoc1C(=O)OC)C(=O)O,CCC(O)(CC)CNC(=O)C(=O)Nc1cccc(COC)n1,22,22,22,22,1.922434,,8,7,,,0,0,0,1,0,15,22,4,50,82,82,49,42,50,0,32,14,35,11,18,6,8,60,12,70,37,33,0,18,0
758,417,95,6853801,9309198,CCC(CNC(=O)C[C@H]1CC[C@H](NC(=O)C2CCC3(CC3)C2)CC1)C(C)(F)F,COC1=CC=C(CC2CCN(C(=O)C3=CC=C(N4C=NC5=CC=CC=C54)C=C3)C2)C=C1,CCC(CNC(=O)C[C@H]1CC[C@H](NC(=O)C2CCC3(CC3)C2)CC1)C(C)(F)F,COc1ccc(CC2CCN(C(=O)c3ccc(-n4cnc5ccccc54)cc3)C2)cc1,28,30,31,35,134.905869,,17,16,,,0,0,0,1,0,467,30,2,1857,3124,3124,1654,1285,1857,1,1620,768,1852,703,870,155,94,3094,1263,1861,391,1470,0,41,0
759,230,861,980564,4587767,COC1=CC2=NC=C(C(=O)NC3=CC(Cl)=CC(Cl)=N3)N2C=C1,CC1=NC=C(C(=O)N[C@H]2C[C@@H](C(=O)N3CC(C4=NOCC4)C3)C2)C(N)=N1,COc1ccn2c(C(=O)Nc3cc(Cl)cc(Cl)n3)cnc2c1,Cc1ncc(C(=O)N[C@H]2C[C@@H](C(=O)N3CC(C4=NOCC4)C3)C2)c(N)n1,22,24,26,29,13.176694,,14,13,,,0,0,0,1,0,78,24,2,310,478,478,277,133,310,0,267,139,253,109,57,7,42,454,196,282,81,201,0,22,0
760,934,116,9655269,6693676,COC1=CC(CN(CC2=CC3=CC=NC=C3S2)CC2CCC3=NC=CN3C2)=CC(Cl)=N1,CCOC1=CC=C(C=CC(=O)NCC2=CC=C(COC)C(F)=C2)C=C1OCC,COc1cc(CN(Cc2cc3ccncc3s2)CC2CCc3nccn3C2)cc(Cl)n1,CCOc1ccc(C=CC(=O)NCc2ccc(COC)c(F)c2)cc1OCC,31,35,28,29,10.160966,,9,8,,,0,0,0,1,0,44,29,3,172,262,262,154,52,172,0,141,72,124,55,6,1,36,233,69,193,85,108,0,26,0
761,472,969,3485370,999951,CC1=CC=C(NC(=O)C(C)CNC(=O)CCOCC(C)C)C(CO)=C1,C#CC1=CC(CC(=O)N[C@H]2CC[C@@H](C(=O)OC)CC2)=CC=C1,Cc1ccc(NC(=O)C(C)CNC(=O)CCOCC(C)C)c(CO)c1,C#Cc1cccc(CC(=O)N[C@H]2CC[C@@H](C(=O)OC)CC2)c1,25,25,22,23,20.813663,,12,12,,,0,0,0,1,0,126,23,1,478,687,687,387,260,478,0,369,201,478,152,58,12,110,664,270,417,117,300,0,22,0
762,120,663,2127325,5891057,O=C([C@H]1[C@@H](C2=CC=CC=C2)C1(F)F)N1OCCC1C1=CC=CC=C1,COC1=CC(C(=O)N2C[C@@H]3[C@H](C2)[C@H]3NC(=O)C2=NN(C)C(C)=C2)=CC=C1C,O=C([C@H]1[C@@H](c2ccccc2)C1(F)F)N1OCCC1c1ccccc1,COc1cc(C(=O)N2C[C@@H]3[C@H](C2)[C@H]3NC(=O)c2cc(C)n(C)n2)ccc1C,24,27,27,30,55.585003,,15,14,,,0,0,0,1,0,161,27,3,637,1222,1222,574,295,637,0,524,163,566,218,345,169,154,1195,387,835,187,648,0,39,0
763,852,157,3728846,7323505,CC[C@@H]1CN(C(=O)C2CCNC(=O)C2)C[C@@H]1NC1=CC=NC=C1C#N,CC(C)N1CCCC(C(=O)N[C@H](C)CCNC(=O)C2=CN3N=CC=CC3=C2)C1,CC[C@@H]1CN(C(=O)C2CCNC(=O)C2)C[C@@H]1Nc1ccncc1C#N,CC(C)N1CCCC(C(=O)N[C@H](C)CCNC(=O)c2cc3cccnn3c2)C1,25,27,28,30,54.046074,,20,19,,,0,0,0,1,0,168,27,1,662,1049,1049,551,913,662,1,495,241,765,138,615,146,33,1022,295,754,256,498,0,43,0
764,510,955,9152088,1594940,COCCC1CCN(C(C2=CC=C(C)O2)C2=NN=NN2CCSC)C2=CC=CC=C21,O=C1NC2=CC=CC=C2N1CCCNC1(C2CCCOC2)CC1,COCCC1CCN(C(c2ccc(C)o2)c2nnnn2CCSC)c2ccccc21,O=c1[nH]c2ccccc2n1CCCNC1(C2CCCOC2)CC1,30,33,23,26,17.064554,,13,12,,,0,0,0,1,0,116,26,1,462,624,624,415,183,462,0,384,229,269,103,97,58,38,598,258,366,157,209,0,34,0
765,733,298,5747447,1594986,CC1=NON=C1CC(=O)N1C[C@H]2CCC[C@H]2[C@H]1C(=O)N(C)[C@@H]1CCC[C@H]1O,CC1CN(C[C@@H](O)CCOCC2=CC=CC=C2)CCN1C1CC1,Cc1nonc1CC(=O)N1C[C@H]2CCC[C@H]2[C@H]1C(=O)N(C)[C@@H]1CCC[C@H]1O,CC1CN(C[C@@H](O)CCOCc2ccccc2)CCN1C1CC1,27,30,23,25,40.264511,,15,14,,,0,0,0,1,0,237,25,0,942,1266,1266,813,406,942,0,799,431,552,252,282,105,10,1241,532,734,281,453,0,30,0
766,521,722,2868885,5837062,COC1=C(C)C(C(=O)N(C)CC(=O)NC2=CC=C(F)C=C2)=CC=C1Br,[N-]=[N+]=NCCCCC(=O)N[C@H](CC(=O)N1CCC(=C(F)F)CC1)CC1CC1,COc1c(Br)ccc(C(=O)N(C)CC(=O)Nc2ccc(F)cc2)c1C,[N-]=[N+]=NCCCCC(=O)N[C@H](CC(=O)N1CCC(=C(F)F)CC1)CC1CC1,25,26,27,28,13.442149,,12,11,,,0,0,0,1,0,86,26,3,335,493,493,284,173,335,1,275,153,325,93,31,15,83,467,169,324,115,209,0,23,0
767,279,425,4764529,9958200,CCN(CC)CCC(=O)NC1CCC12CCN(C(=O)C1=CNC=C1)CC2,COC1=CN=CC(NC(=O)N(CCC2=CNC3=CC=CC=C23)CC(C)C2CCOCC2)=C1,CCN(CC)CCC(=O)NC1CCC12CCN(C(=O)c1cc[nH]c1)CC2,COc1cncc(NC(=O)N(CCc2c[nH]c3ccccc23)CC(C)C2CCOCC2)c1,26,28,32,35,65.601074,,17,16,,,0,0,0,1,0,323,28,0,1291,1975,1975,1100,569,1291,0,1071,477,1104,543,308,52,108,1947,711,1264,389,875,0,32,0
768,854,494,3570458,2566066,C[C@H]1CCO[C@H]1C(=O)NC[C@H]1CCCCN1C(=O)/C=C/C1=CNC=N1,CCCCCC1CN(C(=O)[C@H]2C[C@H](NC(=O)[C@H](O)C(F)(F)F)C2)C1,C[C@H]1CCO[C@H]1C(=O)NC[C@H]1CCCCN1C(=O)/C=C/c1c[nH]cn1,CCCCCC1CN(C(=O)[C@H]2C[C@H](NC(=O)[C@H](O)C(F)(F)F)C2)C1,25,27,24,25,13.911728,,13,12,,,0,0,0,1,0,93,25,3,368,587,587,323,154,368,1,310,146,372,148,18,7,96,562,212,375,111,264,0,22,0
769,483,249,7811093,4332357,CN1C=NC=C1CN(CC1=CC=NN1CC(F)(F)F)CC1(CF)CCCCC1,CC(CC(=O)NC1(C(=O)NC(C)CCN(C)C)CCCCC1)CN(C)C,Cn1cncc1CN(Cc1ccnn1CC(F)(F)F)CC1(CF)CCCCC1,CC(CC(=O)NC1(C(=O)NC(C)CCN(C)C)CCCCC1)CN(C)C,28,30,26,26,6.238876,,13,13,,,0,0,0,1,0,50,26,2,196,237,237,165,181,196,0,131,81,163,41,59,19,5,211,92,145,73,72,0,24,0
770,467,564,4755768,7531033,CC1=CC(C)=C(C(=O)N[C@H](CNC(=O)/C=C/C2=COC=C2)CC(C)C)O1,CCC1=CC(C(=O)NCC2(C3=CN(CC4=CC=NC=N4)N=N3)CC2)=CC=C1C,Cc1cc(C)c(C(=O)N[C@H](CNC(=O)/C=C/c2ccoc2)CC(C)C)o1,CCc1cc(C(=O)NCC2(c3cn(Cc4ccncn4)nn3)CC2)ccc1C,26,27,28,31,5.528675,,12,11,,,0,0,0,1,0,41,27,5,144,184,184,127,92,144,1,112,65,106,38,16,2,7,157,75,109,52,57,0,22,0
771,148,392,5386831,5671171,O=C(NC[C@H]1C[C@@H]1C1=C(F)C=CC=C1F)N[C@H](C1=CC=CC=C1)C1CCC1,CC1(C)CC=C(C(=O)N[C@H]2C[C@@](C)(C(=O)N[C@H]3CCC[C@H]3N=[N+]=[N-])C2)CC1,O=C(NC[C@H]1C[C@@H]1c1c(F)cccc1F)N[C@H](c1ccccc1)C1CCC1,CC1(C)CC=C(C(=O)N[C@H]2C[C@@](C)(C(=O)N[C@H]3CCC[C@H]3N=[N+]=[N-])C2)CC1,27,30,27,29,19.223539,,10,9,,,0,0,0,1,0,70,29,3,277,527,527,261,139,277,2,253,117,299,84,79,34,103,498,156,371,105,266,0,28,0
772,195,943,9276851,2359342,CC1CN(C(=O)C2=CC=C(NC(=O)C3=NC(C4=CN(C)N=C4)=CC=C3)C=C2)CC(C)O1,O=C(NCCNC(=O)C1=CC(Br)=CC=C1)C(=O)N1C2CCC1CC2,CC1CN(C(=O)c2ccc(NC(=O)c3cccc(-c4cnn(C)c4)n3)cc2)CC(C)O1,O=C(NCCNC(=O)c1cccc(Br)c1)C(=O)N1C2CCC1CC2,31,34,24,26,9.840453,,13,13,,,0,0,0,1,0,106,26,1,419,545,545,358,262,419,0,323,181,368,129,52,23,28,519,261,284,97,187,0,31,0
773,613,520,7752066,4123390,COC(=O)C1=CC(CN(C[C@@H]2CCC[C@H]2O)C(=O)/C=C/C2=CC=CC=N2)=CN1,O=[N+]([O-])C1=CN(CC(O)CN2CC3CC2(C(O)C2=CC=CC=C2)C3)N=C1,COC(=O)c1cc(CN(C[C@@H]2CCC[C@H]2O)C(=O)/C=C/c2ccccn2)c[nH]1,O=[N+]([O-])c1cnn(CC(O)CN2CC3CC2(C(O)c2ccccc2)C3)c1,28,30,26,29,36.629734,,15,14,,,0,0,0,1,0,156,29,3,604,1155,1155,556,420,604,0,533,221,637,251,353,58,107,1126,381,774,175,599,0,36,0
774,764,900,3570718,3234087,O=C(NCC1CN(C(=O)CCN2C=CN=C2)CCO1)C1=CSN=C1Cl,CCCCSCCC(=O)NC(C)C(C)C(=O)NC1CC2(C1)CN(C)C2,O=C(NCC1CN(C(=O)CCn2ccnc2)CCO1)c1csnc1Cl,CCCCSCCC(=O)NC(C)C(C)C(=O)NC1CC2(C1)CN(C)C2,25,27,25,26,12.293618,,13,12,,,0,0,0,1,0,74,26,0,285,533,533,260,80,285,0,253,127,321,104,3,3,147,507,191,342,69,273,0,27,0
775,139,884,8598954,7734203,COC1=CC=CC(CN(CC2=NOC(C3CC3)=C2C)C(=O)/C=C/C2=COC=C2)=C1,CCC1=C(C(=O)N(CCC2=NC(C)=CC=N2)CC(C)CCC=C(C)C)C=NN1,COc1cccc(CN(Cc2noc(C3CC3)c2C)C(=O)/C=C/c2ccoc2)c1,CCc1[nH]ncc1C(=O)N(CCc1nccc(C)n1)CC(C)CCC=C(C)C,29,32,28,29,21.586914,,14,13,,,0,0,0,1,0,104,29,1,402,611,611,354,112,402,2,336,202,287,103,54,21,97,582,263,348,91,257,0,28,0
776,71,282,4769611,9846240,CC(C)(C)CCCCC(=O)N1CC(CCNC(=O)C2=CC=NC=C2F)C1,CCC1=C(C(=O)NC(C)C2CCN(S(=O)(=O)C3=CC=CC4=CC=CN=C43)C2)N=NN1CC,CC(C)(C)CCCCC(=O)N1CC(CCNC(=O)c2ccncc2F)C1,CCc1c(C(=O)NC(C)C2CCN(S(=O)(=O)c3cccc4cccnc34)C2)nnn1CC,26,27,32,35,19.098063,,13,12,,,0,0,0,1,0,146,27,1,573,735,735,520,107,573,1,508,324,293,168,3,2,30,708,339,396,181,215,0,27,0
777,791,808,9428881,7721289,CC1=CC(C(=O)N2[C@H](CNC(=O)C3=CC=C(N=[N+]=[N-])C=C3)C[C@@H]3CCC[C@@H]32)=NN=C1C,CC(C)OC(C)(C)C(=O)N(CC1=CC=C(F)C=C1O)CC(O)C1=CC=CC=C1,Cc1cc(C(=O)N2[C@H](CNC(=O)c3ccc(N=[N+]=[N-])cc3)C[C@@H]3CCC[C@@H]32)nnc1C,CC(C)OC(C)(C)C(=O)N(Cc1ccc(F)cc1O)CC(O)c1ccccc1,31,34,28,29,20.277784,,16,16,,,0,0,0,1,0,94,29,5,374,411,411,283,371,374,1,242,154,335,41,132,64,8,382,158,253,125,128,0,38,0
778,874,424,7444830,6107964,COC(=O)C1=CC(NCCNC(=O)C2CCCCC2C2CC2)=NC(C2CC2)=N1,O=C(CCC1=CN=CO1)NC[C@H]1CCCN(C(=O)CN2CCOCC2=O)C1,COC(=O)c1cc(NCCNC(=O)C2CCCCC2C2CC2)nc(C2CC2)n1,O=C(CCc1cnco1)NC[C@H]1CCCN(C(=O)CN2CCOCC2=O)C1,28,31,27,29,14.087993,,15,14,,,0,0,0,1,0,99,29,0,379,546,546,340,100,379,0,327,150,258,151,19,10,25,517,235,311,105,206,0,30,0
779,348,956,2791183,6083509,CCC1=CC=C(CN(CC(Cl)(Cl)Cl)C(=O)CNC(=O)CC(C)C)O1,CCN1C=CC(CC(=O)NCC2CN(C(=O)CCOC(C)=O)CC2(F)F)=N1,CCc1ccc(CN(CC(Cl)(Cl)Cl)C(=O)CNC(=O)CC(C)C)o1,CCn1ccc(CC(=O)NCC2CN(C(=O)CCOC(C)=O)CC2(F)F)n1,24,24,27,28,2.976625,,9,8,,,0,0,0,1,0,36,24,3,137,178,178,116,58,137,0,104,48,82,40,12,7,2,154,59,119,57,62,0,21,0
780,806,519,542253,8176671,C=CCN(OC)C(=O)CCNC(=O)C1=CN=NN1C=C,CCC1=CC=C(C(=O)N2CCCC[C@H]2CN(C)C(=O)CCNC2=CC=CC=N2)N1,C=CCN(OC)C(=O)CCNC(=O)c1cnnn1C=C,CCc1ccc(C(=O)N2CCCC[C@H]2CN(C)C(=O)CCNc2ccccn2)[nH]1,20,20,29,31,3.203940,,12,11,,,0,0,0,1,0,31,20,6,109,122,122,88,63,109,2,77,55,76,19,0,0,6,102,52,70,36,34,0,14,0
781,273,840,7258588,7897823,CCC(CC(=O)NCC1CN(C(=O)C2=NC=CN=C2OC)CC12CCC2)OC,COC1=CC=CC2=C1C(C1NC(=O)N(C)C3=C1C(=O)NC1(CCOCC1)C3)=CN2,CCC(CC(=O)NCC1CN(C(=O)c2nccnc2OC)CC12CCC2)OC,COc1cccc2[nH]cc(C3NC(=O)N(C)C4=C3C(=O)NC3(CCOCC3)C4)c12,28,30,29,33,63.255928,,14,13,,,0,0,0,1,0,213,30,0,847,1752,1752,773,704,847,0,743,200,1232,407,421,136,289,1722,532,1220,241,979,0,32,0
782,2,289,66768,8174796,CC(C)[C@H](C)C(=O)OCC1=CC=C(Cl)C(F)=C1,CC(CC1=CC=CN=C1)C(=O)NC[C@H]1C[C@H](NC(=O)CC2OCCCC2(C)C)C1,CC(C)[C@H](C)C(=O)OCc1ccc(Cl)c(F)c1,CC(Cc1cccnc1)C(=O)NC[C@H]1C[C@H](NC(=O)CC2OCCCC2(C)C)C1,17,17,29,31,5.011652,,9,8,,,0,0,0,1,0,41,17,2,158,206,206,145,20,158,0,139,87,64,43,0,0,7,189,98,108,47,61,0,15,0
783,743,305,7082654,10117801,CC1=NN(CC(=O)NC(CC(=O)NCC(C)C2=CC=NC=C2)CC(C)C)N=N1,C#CCCC1CCN(C(C2=CN(C3=CC=CC(F)=C3)N=C2C)C2=NN=NN2CCC2CC2)C1,Cc1nnn(CC(=O)NC(CC(=O)NCC(C)c2ccncc2)CC(C)C)n1,C#CCCC1CCN(C(c2cn(-c3cccc(F)c3)nc2C)c2nnnn2CCC2CC2)C1,28,29,33,37,15.447419,,13,12,,,0,0,0,1,0,95,29,2,376,484,484,336,66,376,0,324,188,177,119,7,2,10,455,190,294,146,148,0,27,0
784,857,601,2350705,7965965,N#CC1=CC=C(N2CCC(C(CN)C3=CC=CC=C3)CC2)C(F)=C1,CNC(=O)CN1C=CC2=CC=C(NC(=O)NC3=C4OC(=O)NC4=CC(Cl)=C3)C=C21,N#Cc1ccc(N2CCC(C(CN)c3ccccc3)CC2)c(F)c1,CNC(=O)Cn1ccc2ccc(NC(=O)Nc3cc(Cl)cc4[nH]c(=O)oc34)cc21,24,26,29,32,49.609905,,11,11,,,0,0,0,1,0,243,26,2,967,1514,1514,863,243,967,0,841,354,721,405,145,80,108,1488,600,914,263,651,0,30,0
785,593,675,247809,6756127,CN1N=CC(CNCCC2=CNN=N2)=C1S(N)(=O)=O,CC(C)C(=O)NCC1CCCN(C(=O)C(=O)NC2=CC=CC3=CC=NC=C32)C1,Cn1ncc(CNCCc2c[nH]nn2)c1S(N)(=O)=O,CC(C)C(=O)NCC1CCCN(C(=O)C(=O)Nc2cccc3ccncc23)C1,19,20,28,30,3.860671,,10,9,,,0,0,0,1,0,28,20,7,96,115,115,83,28,96,3,78,59,42,11,0,0,6,95,48,67,35,32,0,13,0
786,501,886,4499785,7135267,C#CCOC(=O)CNC(=O)C(F)C1CC(NC(=O)CC2CC3(CC3)C2)C1,O=C(C1=CC=C(F)C=C1)N(CCN1C=NC(Br)=N1)CC1=CC2=NC=CC=C2S1,C#CCOC(=O)CNC(=O)C(F)C1CC(NC(=O)CC2CC3(CC3)C2)C1,O=C(c1ccc(F)cc1)N(CCn1cnc(Br)n1)Cc1cc2ncccc2s1,26,28,28,31,20.395958,,14,13,,,0,0,0,1,0,129,28,3,511,896,896,480,228,511,1,453,219,432,215,184,21,43,868,380,516,100,416,0,29,0
787,152,457,2237266,6812556,COC1=CC(S(C)(=O)=O)=CC=C1NC(=O)NC1(CO)CC(C)(C)C1,CCC1=NOC(CNC(=O)C(=O)N2CCN(C3=CC=C(C(C)=O)C=C3)CC2)=N1,COc1cc(S(C)(=O)=O)ccc1NC(=O)NC1(CO)CC(C)(C)C1,CCc1noc(CNC(=O)C(=O)N2CCN(c3ccc(C(C)=O)cc3)CC2)n1,24,25,28,30,5.734854,,8,8,,,0,0,0,1,0,38,25,4,145,284,284,133,123,145,0,124,50,167,47,81,15,25,259,61,223,72,151,0,22,0
788,551,495,3108760,224835,CC1=C(CCNC(=O)NCC(=O)N2CCCO2)C2=CC(Cl)=CC=C2N1,C=CC(C)(O)CNC(=O)C1=CC2=C(N=CN2)C(F)=C1,Cc1[nH]c2ccc(Cl)cc2c1CCNC(=O)NCC(=O)N1CCCO1,C=CC(C)(O)CNC(=O)c1cc(F)c2nc[nH]c2c1,25,27,19,20,21.295238,,14,13,,,0,0,0,1,0,112,20,2,440,659,659,392,188,440,0,377,207,374,145,59,22,68,639,272,387,120,267,0,27,0
789,353,340,5603307,2339548,COC(C(=O)NCCOC1CCCC1)C1CN(C(=O)C2=NOC(C)(C)C2)C1,C[C@H](O)C1=CC=CC(NCC(C)(C)C(=O)OCC2=CC=CC=C2)=C1,COC(C(=O)NCCOC1CCCC1)C1CN(C(=O)C2=NOC(C)(C)C2)C1,C[C@H](O)c1cccc(NCC(C)(C)C(=O)OCc2ccccc2)c1,27,29,24,25,13.726684,,13,12,,,0,0,0,1,0,82,25,0,320,484,484,308,115,320,0,303,146,220,107,46,30,19,459,145,339,163,176,0,25,0
790,565,781,1184618,9990567,CCC(O)(CC)CNC(=O)C(=O)NC1=NC(COC)=CC=C1,COC(=O)C1=CC=C(NC(=O)C2CCN(C(=O)C3=CC=C(F)C=C3F)CC2)C2=CC=NC=C12,CCC(O)(CC)CNC(=O)C(=O)Nc1cccc(COC)n1,COC(=O)c1ccc(NC(=O)C2CCN(C(=O)c3ccc(F)cc3F)CC2)c2ccncc12,22,22,33,36,7.300391,,10,9,,,0,0,0,1,0,40,22,0,156,220,220,134,76,156,0,124,74,131,34,9,4,35,198,76,144,58,86,0,22,0
791,556,386,4622436,2507309,CCCC(=O)C1=CN(CC2CN(C(=O)C3=CN=CN=C3C3CC3)C2)N=N1,CCONC(=O)C1=CC2(CN(C(=O)C3CCCC(=O)CC3)C2)OC1,CCCC(=O)c1cn(CC2CN(C(=O)c3cncnc3C3CC3)C2)nn1,CCONC(=O)C1=CC2(CN(C(=O)C3CCCC(=O)CC3)C2)OC1,26,29,24,26,29.485735,,13,13,,,0,0,0,1,0,203,26,5,806,1077,1077,725,268,806,2,707,433,582,263,12,8,77,1051,534,543,191,352,0,35,0
792,466,955,3997278,1594940,O=C(/C=C/C1=CC=CC=C1)C(=O)NC1=CC=CC2=C(C3CC3)C=CC=C12,O=C1NC2=CC=CC=C2N1CCCNC1(C2CCCOC2)CC1,O=C(/C=C/c1ccccc1)C(=O)Nc1cccc2c(C3CC3)cccc12,O=c1[nH]c2ccccc2n1CCCNC1(C2CCCOC2)CC1,26,29,23,26,7.994131,,12,11,,,0,0,0,1,0,62,26,2,242,281,281,209,147,242,2,189,129,140,38,52,18,10,255,132,149,77,72,0,26,0
793,329,890,2878372,302330,CC(C)C(=O)C1=CN=CC=C1NC(=O)COC1=CC=C(C#N)C=C1Cl,NC1=CN=C(Br)C=C1CN1CCC(C(O)CO)CC1,CC(C)C(=O)c1cnccc1NC(=O)COc1ccc(C#N)cc1Cl,Nc1cnc(Br)cc1CN1CCC(C(O)CO)CC1,25,26,19,20,8.008301,,10,9,,,0,0,0,1,0,56,20,1,222,343,343,207,64,222,0,199,92,157,92,23,4,14,323,145,198,62,136,0,19,0
794,193,714,2352518,7488944,COC(=O)C(C)(C)CCC1=NC(C2=NC3=CC(Br)=CC=C3O2)=NO1,CCC(C)C1=NC=CC(NC[C@H]2CCC[C@@H](NC(=O)CN3N=CC=C3C)C2)=N1,COC(=O)C(C)(C)CCc1nc(-c2nc3cc(Br)ccc3o2)no1,CCC(C)c1nccc(NC[C@H]2CCC[C@@H](NC(=O)Cn3nccc3C)C2)n1,24,26,28,30,6.384342,,13,13,,,0,0,0,1,0,56,26,7,209,220,220,179,56,209,1,153,117,62,41,4,2,1,194,102,118,77,41,0,19,0
795,244,585,5315419,3609064,CC1=CC(C)=C(C(=O)OCC(=O)NN(C2=CC=CC=C2)C2=CC=CC=C2)N1,CCCOCCC(=O)NC[C@@H]1C[C@H]2CC[C@@H](C1)N2C(=O)C1=CN=CO1,Cc1cc(C)c(C(=O)OCC(=O)NN(c2ccccc2)c2ccccc2)[nH]1,CCCOCCC(=O)NC[C@@H]1C[C@H]2CC[C@@H](C1)N2C(=O)c1cnco1,27,29,25,27,20.500648,,10,9,,,0,0,0,1,0,108,27,0,424,777,777,396,155,424,0,393,127,410,221,99,21,56,750,238,539,158,381,0,29,0
796,392,239,5671171,9025322,CC1(C)CC=C(C(=O)N[C@H]2C[C@@](C)(C(=O)N[C@H]3CCC[C@H]3N=[N+]=[N-])C2)CC1,NC1=NC(N2CCCC(NC(=O)/C=C/C3=CC=C4OCOC4=C3)C2)=NC(C2CC2)=N1,CC1(C)CC=C(C(=O)N[C@H]2C[C@@](C)(C(=O)N[C@H]3CCC[C@H]3N=[N+]=[N-])C2)CC1,Nc1nc(C2CC2)nc(N2CCCC(NC(=O)/C=C/c3ccc4c(c3)OCO4)C2)n1,27,29,30,34,39.092243,,16,15,,,0,0,0,1,0,171,29,2,663,1321,1321,620,425,663,1,600,245,832,327,266,21,183,1292,484,837,136,701,0,27,0
797,876,794,10304745,6228162,CC[C@H](NC(=O)OC(C)(C)C)C(C1=NN=NN1C1=CC(C(=O)OC)=CC=C1)N(C)C1CCN(C)C1,CC1=CC=NC=C1S(=O)(=O)NCC(O)CCNC(=O)/C=C/C1=CN=CC=N1,CC[C@H](NC(=O)OC(C)(C)C)C(c1nnnn1-c1cccc(C(=O)OC)c1)N(C)C1CCN(C)C1,Cc1ccncc1S(=O)(=O)NCC(O)CCNC(=O)/C=C/c1cnccn1,35,37,27,28,2.386363,,7,6,,,0,0,0,1,0,27,28,5,103,125,125,96,19,103,2,89,55,22,18,0,0,0,97,37,88,59,29,0,23,0
798,420,44,8672863,7233874,CC1=CC=C(CN(CCC2=CC=C(F)C=C2C)CC2=CN(C)C(C#N)=C2)C(O)=C1,C#CCC(CC(F)F)C(=O)NC1(C2CCCN2C(=O)CC2=CC=C(C)O2)CC1,Cc1ccc(CN(CCc2ccc(F)cc2C)Cc2cc(C#N)n(C)c2)c(O)c1,C#CCC(CC(F)F)C(=O)NC1(C2CCCN2C(=O)Cc2ccc(C)o2)CC1,29,31,28,30,15.733258,,16,15,,,0,0,0,1,0,83,30,3,320,483,483,284,226,320,0,255,139,278,87,112,31,39,453,175,308,109,199,0,31,0
799,325,762,5684693,4031768,C=CCC1(C(=O)N[C@H]2CCCCC2(F)F)CN(C(=O)C[C@@H]2CC=CCC2)C1,CC(C)C1(CNC(=O)CNC(=O)C2=CC=C(S(N)(=O)=O)C=C2)OCCO1,C=CCC1(C(=O)N[C@H]2CCCCC2(F)F)CN(C(=O)C[C@@H]2CC=CCC2)C1,CC(C)C1(CNC(=O)CNC(=O)c2ccc(S(N)(=O)=O)cc2)OCCO1,27,29,26,27,5.760200,,10,9,,,0,0,0,1,0,48,27,8,186,228,228,165,23,186,1,154,99,60,47,0,0,0,201,91,137,74,63,0,19,0
800,484,722,2194018,5837062,CCOC(=O)[C@H]1C[C@@H]1C(=O)OCCN1C2=CC=C(Br)C=C2N=C1N,[N-]=[N+]=NCCCCC(=O)N[C@H](CC(=O)N1CCC(=C(F)F)CC1)CC1CC1,CCOC(=O)[C@H]1C[C@@H]1C(=O)OCCn1c(N)nc2cc(Br)ccc21,[N-]=[N+]=NCCCCC(=O)N[C@H](CC(=O)N1CCC(=C(F)F)CC1)CC1CC1,24,26,27,28,5.629327,,10,9,,,0,0,0,1,0,37,26,5,146,246,246,133,71,146,2,126,71,103,34,57,7,21,220,69,177,64,113,0,25,0
801,935,830,1579789,9121256,CC1=CC=C(F)C=C1CCCC(=O)OCCC#CC[Si](C)(C)C,CCC1=CN=CC(C(=O)N2CC(C(=O)O)(C3=CN(C[C@@H]4C[C@H]5CC[C@@H]4O5)N=N3)C2)=C1,Cc1ccc(F)cc1CCCC(=O)OCCC#CC[Si](C)(C)C,CCc1cncc(C(=O)N2CC(C(=O)O)(c3cn(C[C@@H]4C[C@H]5CC[C@@H]4O5)nn3)C2)c1,23,23,30,34,6.541918,,8,7,,,0,0,0,1,0,35,23,6,137,176,176,126,33,137,2,118,77,56,29,6,3,2,153,59,117,67,50,0,17,0
802,390,395,364061,5105215,CC1(C)CC(CC(=O)NCCC2(C)N=N2)CC(C)(C)C1,CC1=CC=C(CN(CCCC2=COC=N2)C(=O)C2=NOC(C)=C2)C(F)=C1,CC1(C)CC(CC(=O)NCCC2(C)N=N2)CC(C)(C)C1,Cc1ccc(CN(CCCc2cocn2)C(=O)c2cc(C)on2)c(F)c1,20,21,26,28,15.644586,,13,12,,,0,0,0,1,0,60,21,1,233,417,417,216,262,233,0,194,114,229,58,211,24,14,396,144,273,72,201,0,21,0
803,679,811,46259,4686255,COC(C)(C)CC(=O)NCC(C)N1C=CC=N1,C=CCCOC(C)C(=O)NCC1CN(C(=O)CC2CC2)CCC12CCC2,COC(C)(C)CC(=O)NCC(C)n1cccn1,C=CCCOC(C)C(=O)NCC1CN(C(=O)CC2CC2)CCC12CCC2,17,17,26,28,2.340509,,10,9,,,0,0,0,1,0,25,17,1,96,128,128,90,35,96,0,80,58,50,12,6,4,15,111,51,77,39,38,0,16,0
804,840,667,7897823,4170183,COC1=CC=CC2=C1C(C1NC(=O)N(C)C3=C1C(=O)NC1(CCOCC1)C3)=CN2,COC1=CC=C(C(CF)NC(=O)NCC2=CC=C(C)C(C3CC3)=C2)C=C1,COc1cccc2[nH]cc(C3NC(=O)N(C)C4=C3C(=O)NC3(CCOCC3)C4)c12,COc1ccc(C(CF)NC(=O)NCc2ccc(C)c(C3CC3)c2)cc1,29,33,26,28,96.756073,,20,19,,,0,0,0,1,0,416,28,1,1653,2436,2436,1506,736,1653,0,1484,753,1498,678,136,48,152,2408,1172,1264,334,930,0,33,0
805,155,507,9673052,2423837,O=C(NCCC1CC1)C(C1=CN(CCF)N=C1)N1CCN(CC2=CC(F)=CC=C2)CC1,CN(CCCCO)C(=O)[C@H]1CCCN1C(=O)C1CCCCNC1=O,O=C(NCCC1CC1)C(c1cnn(CCF)c1)N1CCN(Cc2cccc(F)c2)CC1,CN(CCCCO)C(=O)[C@H]1CCCN1C(=O)C1CCCCNC1=O,31,34,24,25,50.346863,,17,16,,,0,0,0,1,0,199,25,1,791,1400,1400,706,504,791,0,691,328,818,268,355,86,160,1375,508,892,198,694,0,27,0
806,987,37,4093080,1607588,CC(C)(C)OC(=O)NC1(CNC(=O)CC2=CSC=N2)CCC(F)(F)CC1,CC1=CC(NC(=O)NC2=CC3=CC=NN3C=C2)=CC=C1C1CC1,CC(C)(C)OC(=O)NC1(CNC(=O)Cc2cscn2)CCC(F)(F)CC1,Cc1cc(NC(=O)Nc2ccn3nccc3c2)ccc1C1CC1,26,27,23,26,12.663484,,10,9,,,0,0,0,1,0,72,26,1,275,431,431,235,168,275,0,223,113,273,74,65,23,60,405,114,317,121,196,0,25,0
807,129,514,6394273,9243210,CC1=CC=C(CCN(CC2=CC(C)=CN=C2O)C(=O)C2=CN=C(C)O2)C=C1,CCSC1=NN=C(CN(CC2=CC=C(C#N)C(Cl)=C2)C(=O)NC2=CC=CC=C2)N1C,Cc1ccc(CCN(Cc2cc(C)cnc2O)C(=O)c2cnc(C)o2)cc1,CCSc1nnc(CN(Cc2ccc(C#N)c(Cl)c2)C(=O)Nc2ccccc2)n1C,27,29,30,32,19.526485,,12,11,,,0,0,0,1,0,96,29,3,380,625,625,332,122,380,1,307,128,329,152,58,26,83,596,210,415,122,293,0,26,0
808,988,604,6019508,2155819,O=C(CNC1=CC=NC=C1)NCC1CC(CNC(=O)CN2C=CN=N2)CO1,CCOC1=CC=C(S(=O)(=O)N2CC(C(=O)OC)CC2(C)C)C=C1Cl,O=C(CNc1ccncc1)NCC1CC(CNC(=O)Cn2ccnn2)CO1,CCOc1ccc(S(=O)(=O)N2CC(C(=O)OC)CC2(C)C)cc1Cl,27,29,24,25,3.660758,,9,8,,,0,0,0,1,0,23,25,5,77,137,137,70,89,77,1,51,21,69,16,61,13,9,112,22,115,48,67,0,20,0
809,339,890,4402122,302330,C#CCC1(C(=O)N2CC(F)(C3CC3)C2)CCN(C(=O)[C@H]2C[C@@H]2C(C)C)C1,NC1=CN=C(Br)C=C1CN1CCC(C(O)CO)CC1,C#CCC1(C(=O)N2CC(F)(C3CC3)C2)CCN(C(=O)[C@H]2C[C@@H]2C(C)C)C1,Nc1cnc(Br)cc1CN1CCC(C(O)CO)CC1,26,29,19,20,21.931505,,15,14,,,0,0,0,1,0,91,20,3,358,384,384,279,243,358,1,248,171,300,78,24,13,15,364,208,176,71,105,0,22,0
810,102,895,7027068,5132325,O=C(CCC1=CC=CN1)NCC1=CC(C(=O)N2CC(N3C=NN=C3)C2)=CC=N1,COC1=CC(C)=NC(CN(CC[C@@H]2COC[C@H]2O)CC2=CC=CC=C2)=C1,O=C(CCc1ccc[nH]1)NCc1cc(C(=O)N2CC(n3cnnc3)C2)ccn1,COc1cc(C)nc(CN(CC[C@@H]2COC[C@H]2O)Cc2ccccc2)c1,28,31,26,28,12.443328,,16,15,,,0,0,0,1,0,95,28,5,369,432,432,326,141,369,0,301,212,182,80,36,11,3,404,219,213,107,106,0,25,0
811,865,450,9781908,3479660,COCC1(NC(=O)C2=CC=C3C=NOC3=C2)CCN(C(=O)CCCCN2CCCC2)CC1,CC(C)CCC(NC(=O)C1COCCO1)C(=O)NC1CCCCCC1,COCC1(NC(=O)c2ccc3cnoc3c2)CCN(C(=O)CCCCN2CCCC2)CC1,CC(C)CCC(NC(=O)C1COCCO1)C(=O)NC1CCCCCC1,32,35,25,26,16.563980,,14,13,,,0,0,0,1,0,98,26,0,390,507,507,338,47,390,0,317,197,184,114,6,1,45,481,179,328,159,169,0,27,0
812,102,538,7027068,461995,O=C(CCC1=CC=CN1)NCC1=CC(C(=O)N2CC(N3C=NN=C3)C2)=CC=N1,CSC1=C2CN(CCN3CCOC(C)C3)CCN2N=C1,O=C(CCc1ccc[nH]1)NCc1cc(C(=O)N2CC(n3cnnc3)C2)ccn1,CSc1cnn2c1CN(CCN1CCOC(C)C1)CC2,28,31,20,22,8.042218,,12,11,,,0,0,0,1,0,49,22,4,189,263,263,160,107,189,1,147,79,149,51,39,12,14,241,91,172,69,103,0,18,0
813,932,467,3724941,4755768,CSC1=NC=NC(N2CCC(F)(CNC(=O)[C@@H]3CCC(=O)O3)C2)=C1Cl,CC1=CC(C)=C(C(=O)N[C@H](CNC(=O)/C=C/C2=COC=C2)CC(C)C)O1,CSc1ncnc(N2CCC(F)(CNC(=O)[C@@H]3CCC(=O)O3)C2)c1Cl,Cc1cc(C)c(C(=O)N[C@H](CNC(=O)/C=C/c2ccoc2)CC(C)C)o1,25,27,26,27,7.316949,,12,12,,,0,0,0,1,0,70,27,4,272,346,346,231,133,272,0,209,118,215,88,3,2,24,319,166,180,65,115,0,28,0
814,15,739,2467240,2048329,C#CCCCOCCNC(=O)CC1CN(C(=O)CC=C)CC12CC2,COC1=CC(Br)=CC=C1OCC(=O)NCCN1C=NN=C1C(C)C,C#CCCCOCCNC(=O)CC1CN(C(=O)CC=C)CC12CC2,COc1cc(Br)ccc1OCC(=O)NCCn1cnnc1C(C)C,24,25,24,25,6.012480,,10,9,,,0,0,0,1,0,40,25,2,149,266,266,132,87,149,0,123,59,126,42,68,8,20,241,77,189,55,134,0,23,0
815,147,419,3267781,8489148,C=C1CC1C(=O)NC1(C(=O)N(C)CC2=CC=CC(C)=C2)CCCCC1,CC(C)CCN1C=C(CN2CCN(C(=O)C3=CN=CC4=CC=CN=C43)CC2)N=N1,C=C1CC1C(=O)NC1(C(=O)N(C)Cc2cccc(C)c2)CCCCC1,CC(C)CCn1cc(CN2CCN(C(=O)c3cncc4cccnc34)CC2)nn1,25,27,29,32,32.475731,,16,15,,,0,0,0,1,0,170,27,1,677,970,970,580,315,677,0,548,293,551,219,123,42,98,943,305,665,275,390,0,37,0
816,891,670,5113980,1785915,CCN1C=CC(CN(CC2=CC=C3NC(=O)OC3=C2)CC2[C@H](C)[C@H]2C)=N1,C=CC(CC)C(=O)N[C@@H](CC(=C)C)C(=O)N[C@@H](C)C1=CSC=N1,CCn1ccc(CN(Cc2ccc3[nH]c(=O)oc3c2)CC2[C@H](C)[C@H]2C)n1,C=CC(CC)C(=O)N[C@@H](CC(=C)C)C(=O)N[C@@H](C)c1cscn1,26,29,23,23,3.441896,,10,9,,,0,0,0,1,0,29,23,4,111,151,151,96,80,111,0,82,37,97,37,11,3,4,128,49,102,47,55,0,19,0
817,993,158,5130606,3115192,FC(F)OC1=CC=C(CN(CC2=CC=CN=C2)CC2=CC(Cl)=NO2)C=N1,COC(=O)CC1=CSC(CNC(=O)N2CCC(C)(N3CCCC3)C2)=N1,FC(F)Oc1ccc(CN(Cc2cccnc2)Cc2cc(Cl)no2)cn1,COC(=O)Cc1csc(CNC(=O)N2CCC(C)(N3CCCC3)C2)n1,26,28,25,27,4.781996,,10,9,,,0,0,0,1,0,53,27,4,205,276,276,187,58,205,0,176,111,91,51,29,2,6,249,137,139,50,89,0,27,0
818,76,480,2495255,9541253,CCCCCC(=O)NCC1=C(C(=O)N[C@H](CO)C(C)(C)C)C=CO1,COC(=O)C1(CC2=CN(C3C(=O)OCC3(C)C)N=N2)CCN(C(=O)CC2=NC=CN2)C1,CCCCCC(=O)NCc1occc1C(=O)N[C@H](CO)C(C)(C)C,COC(=O)C1(Cc2cn(C3C(=O)OCC3(C)C)nn2)CCN(C(=O)Cc2ncc[nH]2)C1,24,24,31,34,9.447942,,13,12,,,0,0,0,1,0,57,24,0,213,299,299,189,148,213,0,172,94,185,56,40,15,24,275,106,193,83,110,0,24,0
819,800,992,376818,6262055,CCOC1(C(=O)N[C@H]2C[C@@H]2C2=CNN=C2)CCOCC1,CC(C)CN1C=C(C(C)(C)N2CCN(C(=O)CCCCCC#N)CC2)N=N1,CCOC1(C(=O)N[C@H]2C[C@@H]2c2cn[nH]c2)CCOCC1,CC(C)Cn1cc(C(C)(C)N2CCN(C(=O)CCCCCC#N)CC2)nn1,20,22,27,28,7.744365,,10,9,,,0,0,0,1,0,54,22,4,207,346,346,182,57,207,2,172,68,188,90,13,6,54,324,105,241,77,164,0,18,0
820,271,346,3835770,2910405,CCC[C@H]1C[C@@H]1CN(CC1=CC=CC2=CC=NC=C21)C(=O)[C@H]1C[C@H]1C,CCSC1=CC=CC=C1CC(=O)NC1=C(F)C=C(Br)C=C1C(=O)OC,CCC[C@H]1C[C@@H]1CN(Cc1cccc2ccncc12)C(=O)[C@H]1C[C@H]1C,CCSc1ccccc1CC(=O)Nc1c(F)cc(Br)cc1C(=O)OC,25,28,25,26,20.414501,,16,15,,,0,0,0,1,0,93,26,6,362,444,444,322,156,362,2,294,201,236,93,18,8,19,418,232,212,90,122,0,22,0
821,638,709,9415663,1574480,C#CCC1(C(=O)NC[C@@H]2CCC[C@H](CNC(=O)C=C(C)C3=CC=CO3)C2)CCOCC1,COCCOCC(O)COC(=O)CC1=NN(C2CCCC2)C=C1,C#CCC1(C(=O)NC[C@@H]2CCC[C@H](CNC(=O)C=C(C)c3ccco3)C2)CCOCC1,COCCOCC(O)COC(=O)Cc1ccn(C2CCCC2)n1,31,33,23,24,3.919974,,10,9,,,0,0,0,1,0,34,24,1,131,173,173,127,28,131,0,117,74,47,28,3,2,1,149,83,90,44,46,0,23,0
822,407,665,913391,7440053,C#CCOCCC(=O)NCCN1CCC(NC(C)=O)CC1,O=C(CC1=CC=CC=C1OC1CCCC1)OC/C=C/C1=CC=C2OCOC2=C1,C#CCOCCC(=O)NCCN1CCC(NC(C)=O)CC1,O=C(Cc1ccccc1OC1CCCC1)OC/C=C/c1ccc2c(c1)OCO2,21,21,28,31,0.665052,,6,5,,,0,0,0,1,0,9,21,8,26,36,36,26,9,26,2,19,13,0,0,0,0,0,15,11,25,15,10,0,13,0
823,82,872,2083033,5919239,COCC1CCCCC1NC(=O)C1=CC=C(OC)C2=CN=CC=C12,CC1=CC(C(=O)NC2(CNC(=O)CCOC3CC3)CCOCC2)=CC=C1F,COCC1CCCCC1NC(=O)c1ccc(OC)c2cnccc12,Cc1cc(C(=O)NC2(CNC(=O)CCOC3CC3)CCOCC2)ccc1F,24,26,27,29,130.625229,,16,16,,,0,0,0,1,0,474,26,0,1875,3167,3167,1562,1124,1875,0,1545,636,2170,721,531,179,483,3141,1062,2105,500,1605,0,33,0
824,336,872,264655,5919239,CC1=CN(CCN2CCN(C)C3(CCOC3)C2)N=C1,CC1=CC(C(=O)NC2(CNC(=O)CCOC3CC3)CCOCC2)=CC=C1F,Cc1cnn(CCN2CCN(C)C3(CCOC3)C2)c1,Cc1cc(C(=O)NC2(CNC(=O)CCOC3CC3)CCOCC2)ccc1F,19,21,27,29,7.696589,,14,13,,,0,0,0,1,0,58,21,1,229,370,370,210,198,229,0,194,99,195,55,141,36,16,349,142,228,68,160,0,20,0
825,690,879,6237758,7519501,CC(C)C1=NN=C(CCN2CCC(=O)N(CCCC(=O)NC3CC3)C2=O)S1,O=C(NC1CC(CF)C1)C1=CC=C(C2=CN(CCOCC3CCCC3)N=N2)O1,CC(C)c1nnc(CCN2CCC(=O)N(CCCC(=O)NC3CC3)C2=O)s1,O=C(NC1CC(CF)C1)c1ccc(-c2cn(CCOCC3CCCC3)nn2)o1,27,29,28,31,4.966070,,9,8,,,0,0,0,1,0,42,29,2,161,220,220,146,49,161,0,132,82,93,36,1,1,22,191,93,127,53,74,0,27,0
826,546,389,3100926,7130093,O=C(NCCC1=COC=C1)NC12CC(CN(CC3=CC=CC=C3)C1)C2,CCCC1=CN=NC(C(=O)N[C@H]2COC[C@H]2N2C=C(CC(OC)OC)N=N2)=C1,O=C(NCCc1ccoc1)NC12CC(CN(Cc3ccccc3)C1)C2,CCCc1cnnc(C(=O)N[C@H]2COC[C@H]2n2cc(CC(OC)OC)nn2)c1,25,28,28,30,17.282852,,13,12,,,0,0,0,1,0,111,28,0,438,682,682,417,149,438,0,397,184,320,180,66,25,30,654,227,455,190,265,0,32,0
827,977,324,10046622,7283187,C#CC1=CC=C(CCC(=O)N2CCC3(CCCCN(C(=O)C4=C(C5CC5)C=CO4)C3)C2)C=C1,CC1=CC=CN=C1C(=O)N[C@@H]1COC[C@H]1CNC(=O)C1CC2CCC(C1)N2C,C#Cc1ccc(CCC(=O)N2CCC3(CCCCN(C(=O)c4occc4C4CC4)C3)C2)cc1,Cc1cccnc1C(=O)N[C@@H]1COC[C@H]1CNC(=O)C1CC2CCC(C1)N2C,33,37,28,31,111.811523,,23,22,,,0,0,0,1,0,426,31,0,1702,2580,2580,1569,674,1702,0,1538,836,1514,664,137,38,249,2549,1227,1353,342,1011,0,38,0
828,641,735,9019778,8858626,CCOCC1=CN(C[C@H]2C[C@H](O)CN2C(=O)C2=CC(C3=CC=C(Br)C=C3)=NO2)N=N1,COC[C@H]1CC[C@@H]1C(=O)N[C@H](CC1CCOCC1)C(=O)N(C)CC1(OC)CCCC1,CCOCc1cn(C[C@H]2C[C@H](O)CN2C(=O)c2cc(-c3ccc(Br)cc3)no2)nn1,COC[C@H]1CC[C@@H]1C(=O)N[C@H](CC1CCOCC1)C(=O)N(C)CC1(OC)CCCC1,30,33,30,32,71.699005,,17,16,,,0,0,0,1,0,264,32,0,1041,2169,2169,987,585,1041,0,938,266,1057,501,677,188,85,2137,735,1434,252,1182,0,40,0
829,908,777,8163226,2724797,CC(C)C(CN1CCCC1)NC(=O)CCN1C=C(C(C)(C)C2=CC=CC=C2)N=N1,CCCCC1=CC(NCC[C@H](C)NC(=O)[C@H]2CCC[C@@H]2O)=NC=N1,CC(C)C(CN1CCCC1)NC(=O)CCn1cc(C(C)(C)c2ccccc2)nn1,CCCCc1cc(NCC[C@H](C)NC(=O)[C@H]2CCC[C@@H]2O)ncn1,29,31,24,25,11.382731,,16,15,,,0,0,0,1,0,75,25,1,298,405,405,269,56,298,1,258,146,164,98,4,1,27,380,166,239,103,136,0,24,0
830,499,893,5522744,9480951,CC(C)(CNC(=O)C(C)(C)C(C)(C)O)CC(=O)NCC1CC/C=C\CCC1,C=C[C@H]1CN(C(=O)CC2=C(C)N(CC)N=C2C)C[C@H]1NC1=NC(C(=O)OC)=NC=C1Cl,CC(C)(CNC(=O)C(C)(C)C(C)(C)O)CC(=O)NCC1CC/C=C\CCC1,C=C[C@H]1CN(C(=O)Cc2c(C)nn(CC)c2C)C[C@H]1Nc1nc(C(=O)OC)ncc1Cl,27,27,31,33,30.178427,,15,14,,,0,0,0,1,0,129,27,0,513,780,780,457,134,513,0,435,219,293,179,137,32,36,753,262,518,195,323,0,27,0
831,554,36,751354,3149125,CC1=C(C(=O)CN2CCC2C2CCC(C)(C)CC2)SN=C1,COC1=CC=C(NC(=O)C(=O)NC2=C(C)C=C(C)N=C2Cl)C(F)=C1F,Cc1cnsc1C(=O)CN1CCC1C1CCC(C)(C)CC1,COc1ccc(NC(=O)C(=O)Nc2c(C)cc(C)nc2Cl)c(F)c1F,21,23,25,26,16.855816,,11,10,,,0,0,0,1,0,87,23,2,339,613,613,315,191,339,0,307,151,349,125,117,18,72,590,227,386,88,298,0,23,0
832,632,70,8472175,4319416,CCC(=O)N1CCC(C(=O)NC2CC(C3=CN(CCN4CCOCC4)N=N3)C2)C1,CCCCSCC(=O)N[C@H]1CC[C@@H](CC(=O)N2CC(CO)(OC)C2)CC1,CCC(=O)N1CCC(C(=O)NC2CC(c3cn(CCN4CCOCC4)nn3)C2)C1,CCCCSCC(=O)N[C@H]1CC[C@@H](CC(=O)N2CC(CO)(OC)C2)CC1,29,32,26,27,14.142324,,11,10,,,0,0,0,1,0,81,27,2,324,600,600,299,257,324,1,281,115,383,134,148,25,47,573,197,403,102,301,0,25,0
833,240,646,7246223,3214063,CC(C)C(F)C(=O)N1CCN(C(=O)C2=COC3=CC=CC=C32)CC1C1CCC1,CN(CCCC1=NC2=CC=CC=C2N1)CC1=C(N)C(C(=O)O)=CC=C1,CC(C)C(F)C(=O)N1CCN(C(=O)c2coc3ccccc23)CC1C1CCC1,CN(CCCc1nc2ccccc2[nH]1)Cc1cccc(C(=O)O)c1N,28,31,25,27,22.500330,,14,13,,,0,0,0,1,0,94,27,0,371,563,563,334,270,371,0,300,167,357,110,115,30,46,536,179,384,155,229,0,29,0
834,700,943,2480793,2359342,CC(=O)OC(C)(C)C(=O)NC1CC2(C1)CC2C(=O)NCC1(F)CC1,O=C(NCCNC(=O)C1=CC(Br)=CC=C1)C(=O)N1C2CCC1CC2,CC(=O)OC(C)(C)C(=O)NC1CC2(C1)CC2C(=O)NCC1(F)CC1,O=C(NCCNC(=O)c1cccc(Br)c1)C(=O)N1C2CCC1CC2,24,26,24,26,23.175283,,11,10,,,0,0,0,1,0,119,26,3,471,863,863,431,197,471,1,420,206,508,185,96,17,144,837,297,566,134,432,0,23,0
835,294,232,6002839,9827247,CC1=CN=C(C(=O)N2CC3CC(C2)CN(C(=O)C(CCO)N(C)C)C3)C=N1,CC(C)C1=NC=CC(N2CC34CCCC3(CN(C(=O)C3=C5C(=CC=C3)N=NN5C)C4)C2)=N1,Cc1cnc(C(=O)N2CC3CC(C2)CN(C(=O)C(CCO)N(C)C)C3)cn1,CC(C)c1nccc(N2CC34CCCC3(CN(C(=O)c3cccc5nnn(C)c35)C4)C2)n1,27,29,32,37,390.706360,,20,20,,,0,0,0,1,0,907,29,1,3614,5991,5991,2862,6388,3614,1,2824,984,5849,1190,3633,660,206,5962,1967,4024,895,3129,0,42,0
836,764,92,3570718,7892875,O=C(NCC1CN(C(=O)CCN2C=CN=C2)CCO1)C1=CSN=C1Cl,CCOP(=O)(OCC)[C@H](NC(=O)C1=C(F)C=C([N+](=O)[O-])C(F)=C1)C1=CC=CC=C1,O=C(NCC1CN(C(=O)CCn2ccnc2)CCO1)c1csnc1Cl,CCOP(=O)(OCC)[C@H](NC(=O)c1cc(F)c([N+](=O)[O-])cc1F)c1ccccc1,25,27,29,30,3.480075,,9,8,,,0,0,0,1,0,30,27,3,116,179,179,105,36,116,1,93,38,73,37,11,6,14,152,68,111,37,74,0,24,0
837,444,100,48293,8039705,C=CCC(CC(F)F)C(=O)N[C@H]1CCC[C@H]1O,CCCCC(C)CCC(=O)N1CCC2(CC(C(=O)NCC3=NC(C)=CC=C3)C2)C1,C=CCC(CC(F)F)C(=O)N[C@H]1CCC[C@H]1O,CCCCC(C)CCC(=O)N1CCC2(CC(C(=O)NCc3cccc(C)n3)C2)C1,17,17,29,31,3.601557,,12,11,,,0,0,0,1,0,42,17,4,162,195,195,151,30,162,1,139,94,52,40,6,4,0,178,113,82,38,44,0,13,0
838,778,648,7256219,7753473,CC1(C(=O)NCC2(CNC(=O)C[C@@H]3CC[C@H](O)C3)CCCC2)CCC(=O)NC1,CC1C(CN(CC2=CC=C(CF)C=C2)C(=O)CNC(=O)CN(C)C)CC1(C)C,CC1(C(=O)NCC2(CNC(=O)C[C@@H]3CC[C@H](O)C3)CCCC2)CCC(=O)NC1,CC1C(CN(Cc2ccc(CF)cc2)C(=O)CNC(=O)CN(C)C)CC1(C)C,28,30,28,29,40.522175,,14,13,,,0,0,0,1,0,180,29,1,715,1062,1062,628,294,715,0,605,303,556,255,141,42,68,1033,370,692,258,434,0,28,0
839,720,893,2922648,9480951,CN(C)C(=O)C1=CC=C(CNC(=O)[C@H]2CCN3C[C@H]2N(C)C3=O)C=N1,C=C[C@H]1CN(C(=O)CC2=C(C)N(CC)N=C2C)C[C@H]1NC1=NC(C(=O)OC)=NC=C1Cl,CN(C)C(=O)c1ccc(CNC(=O)[C@H]2CCN3C[C@H]2N(C)C3=O)cn1,C=C[C@H]1CN(C(=O)Cc2c(C)nn(CC)c2C)C[C@H]1Nc1nc(C(=O)OC)ncc1Cl,25,27,31,33,67.803696,,16,15,,,0,0,0,1,0,305,27,0,1212,2100,2100,1073,758,1212,0,1052,422,1568,578,190,46,289,2073,817,1283,256,1027,0,35,0
840,102,454,7027068,8292127,O=C(CCC1=CC=CN1)NCC1=CC(C(=O)N2CC(N3C=NN=C3)C2)=CC=N1,C#CCNC(=O)[C@H]1C[C@H]1C(=O)NC1CN(C(=O)CC(C)(C)CC=C)CC12CCC2,O=C(CCc1ccc[nH]1)NCc1cc(C(=O)N2CC(n3cnnc3)C2)ccn1,C#CCNC(=O)[C@H]1C[C@H]1C(=O)NC1CN(C(=O)CC(C)(C)CC=C)CC12CCC2,28,31,29,31,80.323860,,19,18,,,0,0,0,1,0,328,31,1,1308,2043,2043,1127,942,1308,1,1108,502,1601,531,225,64,234,2012,819,1224,308,916,0,42,0
841,170,710,4134008,198201,COC(=O)CCOCCNC(=O)NC1=CC=C(N2C=CC(=O)C=C2)N=C1,C#CC1CC(NC(=O)C2=CC3=C(Br)N=CN3C=C2)C1,COC(=O)CCOCCNC(=O)Nc1ccc(-n2ccc(=O)cc2)nc1,C#CC1CC(NC(=O)c2ccn3cnc(Br)c3c2)C1,26,27,19,21,15.902573,,14,13,,,0,0,0,1,0,102,21,2,397,585,585,357,175,397,0,340,180,326,135,56,23,46,564,223,362,134,228,0,23,0
842,306,925,957487,6553962,CC1=CC=C(CN(CC2=CN=CO2)C[C@H]2CCO2)N=C1C,CCN(CC)C(C(=O)NC1CCC(F)(F)CC1)C1=CN(C2CC2(F)F)N=C1,Cc1ccc(CN(Cc2cnco2)C[C@H]2CCO2)nc1C,CCN(CC)C(C(=O)NC1CCC(F)(F)CC1)c1cnn(C2CC2(F)F)c1,21,23,27,29,7.484221,,13,12,,,0,0,0,1,0,56,23,4,215,256,256,167,139,215,1,153,92,188,45,18,11,25,233,89,167,78,89,0,19,0
843,29,47,5500785,3282808,CCN(C(=O)CC1CC(NC(=O)C2=C(C)OC(CO)=C2)C1)C(C)C1CCC1,CCO[C@@H]1CCC[C@H]1NC(=O)C1CCCN1C(=O)C12CCC(CC1)C2,CCN(C(=O)CC1CC(NC(=O)c2cc(CO)oc2C)C1)C(C)C1CCC1,CCO[C@@H]1CCC[C@H]1NC(=O)C1CCCN1C(=O)C12CCC(CC1)C2,27,29,25,28,198.978394,,21,20,,,0,0,0,1,0,746,28,0,2976,4680,4680,2689,1666,2976,0,2667,1161,3235,1229,391,271,380,4652,2023,2657,666,1991,0,48,0
844,332,815,4169540,3432128,COC1=CC=C([C@H](C)NC(=O)N2CC(S(N)(=O)=O)CC23CCCC3)C=C1,C[C@@H]1C[C@@H](C(=O)NCC2=CC=CC=C2O)N(C(=O)CC2CC=CC2)C1,COc1ccc([C@H](C)NC(=O)N2CC(S(N)(=O)=O)CC23CCCC3)cc1,C[C@@H]1C[C@@H](C(=O)NCc2ccccc2O)N(C(=O)CC2CC=CC2)C1,26,28,25,27,13.379653,,10,10,,,0,0,0,1,0,72,27,1,282,474,474,249,207,282,1,224,100,311,101,88,22,54,447,122,352,127,225,0,26,0
845,57,300,1922535,2370681,CCCC=C(CC)C(=O)N[C@H]1CCC[C@]1(C)NC(=O)C(C)SC,O=C(N[C@@H](CC1=CC=C(F)C=C1)C(=O)O)C1=CN2C=CN=C2C=C1,CCCC=C(CC)C(=O)N[C@H]1CCC[C@]1(C)NC(=O)C(C)SC,O=C(N[C@@H](Cc1ccc(F)cc1)C(=O)O)c1ccc2nccn2c1,23,23,24,26,8.510516,,13,12,,,0,0,0,1,0,47,23,3,176,259,259,151,200,176,2,136,90,166,36,120,5,13,236,94,165,57,108,0,20,0
846,367,383,9447173,8510941,CN(CC1(O)CCN(C(=O)C2=CC=C([N+](=O)[O-])N2C)CC1)C(=O)[C@H](O)C1=CC=CC=C1,CNC1=NC(CNC2=NC=C(S(=O)(=O)N3CC4(CO)CCC3CC4)C(C)=C2)=CS1,CN(CC1(O)CCN(C(=O)c2ccc([N+](=O)[O-])n2C)CC1)C(=O)[C@H](O)c1ccccc1,CNc1nc(CNc2cc(C)c(S(=O)(=O)N3CC4(CO)CCC3CC4)cn2)cs1,31,33,29,32,8.949257,,13,12,,,0,0,0,1,0,67,32,6,250,340,340,218,134,250,0,195,122,158,52,64,18,17,308,121,219,97,122,0,26,0
847,441,149,4468789,1993116,COC1=CN=NC(C(=O)NCC2=C(C(=O)N3CCC[C@H]3CO)C=CO2)=C1,CCSCCN(CC1=CC(C)=NS1)CC1=CC=C2C=CC=NN21,COc1cnnc(C(=O)NCc2occc2C(=O)N2CCC[C@H]2CO)c1,CCSCCN(Cc1cc(C)ns1)Cc1ccc2cccnn12,26,28,23,25,12.954307,,13,12,,,0,0,0,1,0,88,25,4,339,509,509,316,87,339,1,295,157,220,113,36,25,44,484,216,293,100,193,0,23,0
848,250,543,970568,4382667,CC1=CC=C(F)C=C1NC(=O)CC(C1=CC=CC=C1)C(C)C,CCN1C=C(NC(=O)[C@@H]2CCCN2C(=O)C2=CC=CC=C2O)C(C#N)=N1,Cc1ccc(F)cc1NC(=O)CC(c1ccccc1)C(C)C,CCn1cc(NC(=O)[C@@H]2CCCN2C(=O)c2ccccc2O)c(C#N)n1,22,23,26,28,23.069878,,14,13,,,0,0,0,1,0,131,23,1,522,718,718,487,133,522,0,475,267,286,177,54,21,0,695,301,417,186,231,0,29,0
849,421,579,6676599,5792433,C=CCOC(=O)N1CCC(CC(=O)N2CCN(C3=CC=NC=C3)CC2C)CC1,C=CCOCC(=O)N1CCCCC1CCC(=O)NCC(C)(O)C1CCCC1,C=CCOC(=O)N1CCC(CC(=O)N2CCN(c3ccncc3)CC2C)CC1,C=CCOCC(=O)N1CCCCC1CCC(=O)NCC(C)(O)C1CCCC1,28,30,27,28,13.625957,,10,9,,,0,0,0,1,0,78,28,0,300,436,436,259,119,300,0,253,146,221,70,46,15,58,408,161,275,98,177,0,28,0
850,698,811,1177986,4686255,CO[C@@H]1CC[C@H]1CCNC(=O)N[C@H]1CCC2=C(C1)SC(Br)=N2,C=CCCOC(C)C(=O)NCC1CN(C(=O)CC2CC2)CCC12CCC2,CO[C@@H]1CC[C@H]1CCNC(=O)N[C@H]1CCc2nc(Br)sc2C1,C=CCCOC(C)C(=O)NCC1CN(C(=O)CC2CC2)CCC12CCC2,22,24,26,28,6.209734,,9,9,,,0,0,0,1,0,40,24,3,149,206,206,137,56,149,1,131,86,100,30,2,0,21,182,69,137,68,69,0,21,0
851,184,174,10051291,9397592,C[C@@]12CCC[C@H]1N(C(=O)C1=CC3=C(C=N1)NC=C3)CCN(C(=O)C1=CN=C3CCCCN13)C2,CON1CCC(C(=O)N2CC(N3CCN(C(=O)C45CCCCC4CCC5)CC3)C2)CC1,C[C@@]12CCC[C@H]1N(C(=O)c1cc3cc[nH]c3cn1)CCN(C(=O)c1cnc3n1CCCC3)C2,CON1CCC(C(=O)N2CC(N3CCN(C(=O)C45CCCCC4CCC5)CC3)C2)CC1,33,38,31,35,3131.523682,,21,20,,,0,0,0,1,0,5309,35,2,21229,38520,38520,19784,10210,21229,0,19726,9908,18394,7587,10517,2256,1972,38485,13586,24934,6198,18736,0,59,0
852,179,80,3940154,36366,CC(=O)NC1=NC(C[C@@H](NC(=O)C(C)N2N=CC=C2C)C(C)C)=CS1,NC(=O)CCN1CCC(C2CCCNC2)C1,CC(=O)Nc1nc(C[C@@H](NC(=O)C(C)n2nccc2C)C(C)C)cs1,NC(=O)CCN1CCC(C2CCCNC2)C1,25,26,16,17,5.458632,,8,7,,,0,0,0,1,0,50,17,0,186,278,278,169,23,186,0,162,87,112,62,3,3,34,261,84,194,85,109,0,17,0
853,624,891,1850926,5113980,CC1=CC(CC(=O)N(C)C(C)C(=O)N(C)CC2=CN=CO2)=CS1,CCN1C=CC(CN(CC2=CC=C3NC(=O)OC3=C2)CC2[C@H](C)[C@H]2C)=N1,Cc1cc(CC(=O)N(C)C(C)C(=O)N(C)Cc2cnco2)cs1,CCn1ccc(CN(Cc2ccc3[nH]c(=O)oc3c2)CC2[C@H](C)[C@H]2C)n1,23,24,26,29,8.494504,,11,10,,,0,0,0,1,0,57,24,2,220,342,342,190,105,220,0,180,75,232,93,0,0,46,318,97,245,93,152,0,22,0
854,391,634,920791,8570018,CC#CCCC(=O)NCCN(C(=O)[C@@H]1CCCO1)C(C)C,C1=NC=NC(N2CC(NC3=NC(N4CCCN(C5CCCC5)CC4)=NC=N3)C2)=C1,CC#CCCC(=O)NCCN(C(=O)[C@@H]1CCCO1)C(C)C,c1cc(N2CC(Nc3ncnc(N4CCCN(C5CCCC5)CC4)n3)C2)ncn1,21,21,29,33,4.074039,,12,11,,,0,0,0,1,0,32,21,5,114,121,121,100,61,114,2,80,69,40,7,21,8,0,100,41,80,59,21,0,16,0
855,699,246,2927270,9626254,COC(=O)COC1=CC=C(C(=O)N(C)C2=C(C)C=C(C)C=C2C)C=C1,COC1=CC(O)=CC(CN(CC2CCC3(CC3)CO2)C(=O)C2=CN=C3OCCC3=C2)=C1,COC(=O)COc1ccc(C(=O)N(C)c2c(C)cc(C)cc2C)cc1,COc1cc(O)cc(CN(CC2CCC3(CC3)CO2)C(=O)c2cnc3c(c2)CCO3)c1,25,26,31,35,81.425308,,19,18,,,0,0,0,1,0,468,26,0,1858,2187,2187,1485,1199,1858,0,1455,920,1809,505,61,34,162,2161,1111,1076,374,702,0,40,0
856,509,934,9370924,9655269,CC1(NC(=O)C[C@@H](CC2=CC=C([N+](=O)[O-])C=C2)NC(=O)C2=CC=C3CCC3=C2)CSC1,COC1=CC(CN(CC2=CC3=CC=NC=C3S2)CC2CCC3=NC=CN3C2)=CC(Cl)=N1,CC1(NC(=O)C[C@@H](Cc2ccc([N+](=O)[O-])cc2)NC(=O)c2ccc3c(c2)CC3)CSC1,COc1cc(CN(Cc2cc3ccncc3s2)CC2CCc3nccn3C2)cc(Cl)n1,31,34,31,35,50.827007,,15,14,,,0,0,0,1,0,152,34,4,594,1015,1015,526,223,594,0,485,204,569,252,105,40,163,981,296,719,230,489,0,31,0
857,597,146,2299080,6567263,N#CC1=CC(NC(=O)C(=O)N[C@H]2C=CCC[C@H]2C(N)=O)=NC=C1Cl,COC1=CC=C(N2CCN(C(=O)C3(N=[N+]=[N-])CCNCC3)CC2)C(OC)=C1,N#Cc1cc(NC(=O)C(=O)N[C@H]2C=CCC[C@H]2C(N)=O)ncc1Cl,COc1ccc(N2CCN(C(=O)C3(N=[N+]=[N-])CCNCC3)CC2)c(OC)c1,24,25,27,29,8.032139,,14,13,,,0,0,0,1,0,52,25,3,195,255,255,162,160,195,1,148,82,187,57,39,1,9,230,108,147,54,93,0,22,0
858,237,472,3242096,3485370,CC1=CC(C(=O)N2CCN(C)C(C(=O)NC(C)CCO)C2)=NC=C1N,CC1=CC=C(NC(=O)C(C)CNC(=O)CCOCC(C)C)C(CO)=C1,Cc1cc(C(=O)N2CCN(C)C(C(=O)NC(C)CCO)C2)ncc1N,Cc1ccc(NC(=O)C(C)CNC(=O)CCOCC(C)C)c(CO)c1,25,26,25,25,17.011665,,16,15,,,0,0,0,1,0,131,25,0,511,646,646,452,186,511,0,442,272,309,141,45,14,9,621,308,338,144,194,0,25,0
859,653,260,5185318,6177611,CC1=CC(Br)=C(C(=O)NCC2=CC=C(S(=O)(=O)N3CCCC(C)C3)C=C2)S1,CC1=NC(N[C@@H](C)CNC(=O)C2=CC=C(F)C(CC#N)=C2)=CC(C(F)F)=N1,Cc1cc(Br)c(C(=O)NCc2ccc(S(=O)(=O)N3CCCC(C)C3)cc2)s1,Cc1nc(N[C@@H](C)CNC(=O)c2ccc(F)c(CC#N)c2)cc(C(F)F)n1,27,29,27,28,8.321813,,11,11,,,0,0,0,1,0,61,28,4,233,317,317,204,114,233,1,184,108,181,69,19,3,23,289,147,170,57,113,0,24,0
860,470,261,3166266,1815133,N[C@@H](CC1=CC=CC(NC(=O)C2=C(F)C=C(CO)C=C2F)=C1)C(=O)O,O=C(NC[C@H]1C[C@@H](C(=O)N[C@H]2[C@@H]3CCC[C@@H]32)C1)C1=CSC(Cl)=N1,N[C@@H](Cc1cccc(NC(=O)c2c(F)cc(CO)cc2F)c1)C(=O)O,O=C(NC[C@H]1C[C@@H](C(=O)N[C@H]2[C@@H]3CCC[C@@H]32)C1)c1csc(Cl)n1,25,26,23,26,56.662354,,14,14,,,0,0,0,1,0,237,26,4,941,1347,1347,820,331,941,2,806,496,819,294,13,8,212,1321,682,665,138,527,0,30,0
861,682,9,9171056,4471919,CC(=O)NC1CCN(C2=NC(NC(CC(C)C)CC(C)C)=C3C(=N2)C=NN3C)CC1,CC1=CSC(C(=O)NCC2=CC=CC(C(=O)NC(C)C3=NC=CN3)=N2)=C1,CC(=O)NC1CCN(c2nc(NC(CC(C)C)CC(C)C)c3c(cnn3C)n2)CC1,Cc1csc(C(=O)NCc2cccc(C(=O)NC(C)c3ncc[nH]3)n2)c1,30,32,26,28,14.350730,,11,10,,,0,0,0,1,0,83,28,2,328,494,494,282,110,328,0,268,149,271,101,22,6,86,466,148,346,134,212,0,27,0
862,920,823,298234,208121,CCNC1=CC=C(C(=O)NC2(C)CC(CN)C2)C=N1,CCN1C=CC(C(=O)NC(C)C2(C)CCC2)=CC1=O,CCNc1ccc(C(=O)NC2(C)CC(CN)C2)cn1,CCn1ccc(C(=O)NC(C)C2(C)CCC2)cc1=O,19,20,19,20,10.116640,,12,11,,,0,0,0,1,0,80,20,0,309,458,458,282,212,309,0,256,109,304,112,62,41,17,438,160,298,122,176,0,31,0
863,476,922,1462587,7781499,CC(C)(NC(=O)C1=CC2=CC=CC=C2C=N1)C1=CC(Br)=CC=N1,CCCCCCN(CC1=CC=C2NC(=O)OC2=C1)CC1=CC=C(OC)N=C1C,CC(C)(NC(=O)c1cc2ccccc2cn1)c1cc(Br)ccn1,CCCCCCN(Cc1ccc2[nH]c(=O)oc2c1)Cc1ccc(OC)nc1C,23,25,28,30,12.917817,,14,13,,,0,0,0,1,0,75,25,1,292,417,417,261,142,292,0,227,119,207,101,61,17,18,392,186,231,75,156,0,24,0
864,294,693,6002839,867295,CC1=CN=C(C(=O)N2CC3CC(C2)CN(C(=O)C(CCO)N(C)C)C3)C=N1,CCC(CC)CCC(=O)NC(CC1CC1)C(=O)N(C)CC,Cc1cnc(C(=O)N2CC3CC(C2)CN(C(=O)C(CCO)N(C)C)C3)cn1,CCC(CC)CCC(=O)NC(CC1CC1)C(=O)N(C)CC,27,29,21,21,5.968832,,12,11,,,0,0,0,1,0,35,21,0,133,179,179,113,125,133,0,93,57,117,24,53,11,6,158,59,120,54,66,0,21,0
865,559,161,3629384,1585167,CC(=O)NCC(=O)NC[C@H]1C[C@@](F)(CNC(=O)C(C)(C)CCCF)C1,CC1=CC(C(C)NC(=O)CNC(=O)C2=CC=CC=C2C)=C(C)S1,CC(=O)NCC(=O)NC[C@H]1C[C@@](F)(CNC(=O)C(C)(C)CCCF)C1,Cc1cc(C(C)NC(=O)CNC(=O)c2ccccc2C)c(C)s1,25,25,23,24,18.358677,,14,13,,,0,0,0,1,0,105,24,2,413,629,629,350,100,413,1,342,208,305,117,51,3,100,605,245,384,105,279,0,22,0
866,75,452,4380174,4615591,C[C@@H](CC(=O)NCC(C)(C)N1C=CN=C1)NC(=O)C(O)CN1C=NC=N1,CN(CCOCCC(=O)NCC(F)C1=CC=CC=C1)C(=O)[C@@H]1CCOC1,C[C@@H](CC(=O)NCC(C)(C)n1ccnc1)NC(=O)C(O)Cn1cncn1,CN(CCOCCC(=O)NCC(F)c1ccccc1)C(=O)[C@@H]1CCOC1,26,27,26,27,3.699655,,8,7,,,0,0,0,1,0,34,27,1,133,207,207,119,50,133,0,112,51,99,42,12,0,19,180,60,147,59,88,0,26,0
867,967,353,10252318,5603307,CCOC(=O)C1=CC=C(NC(=O)C(C2=CC(OCC)=CC=C2)N2CCOC(C)(C)C2(C)C)C=C1,COC(C(=O)NCCOC1CCCC1)C1CN(C(=O)C2=NOC(C)(C)C2)C1,CCOC(=O)c1ccc(NC(=O)C(c2cccc(OCC)c2)N2CCOC(C)(C)C2(C)C)cc1,COC(C(=O)NCCOC1CCCC1)C1CN(C(=O)C2=NOC(C)(C)C2)C1,34,36,27,29,11.359145,,12,11,,,0,0,0,1,0,74,29,2,292,428,428,257,184,292,0,232,127,217,87,105,16,23,399,144,284,113,171,0,27,0
868,601,306,7965965,957487,CNC(=O)CN1C=CC2=CC=C(NC(=O)NC3=C4OC(=O)NC4=CC(Cl)=C3)C=C21,CC1=CC=C(CN(CC2=CN=CO2)C[C@H]2CCO2)N=C1C,CNC(=O)Cn1ccc2ccc(NC(=O)Nc3cc(Cl)cc4[nH]c(=O)oc34)cc21,Cc1ccc(CN(Cc2cnco2)C[C@H]2CCO2)nc1C,29,32,21,23,18.952339,,14,13,,,0,0,0,1,0,81,23,0,318,470,470,268,156,318,0,234,123,274,105,59,17,60,447,152,318,116,202,0,23,0
869,654,985,5240309,7493995,CC1=C(NC(=O)CC2CCN(C(=O)OC(C)(C)C)C2)C=CC=C1S(N)(=O)=O,O=C1CC2=C(C=CC=C2C(=O)NCC(CO)NC2=CC=C(C(F)(F)F)N=N2)N1,Cc1c(NC(=O)CC2CCN(C(=O)OC(C)(C)C)C2)cccc1S(N)(=O)=O,O=C1Cc2c(cccc2C(=O)NCC(CO)Nc2ccc(C(F)(F)F)nn2)N1,27,28,28,30,27.834326,,13,12,,,0,0,0,1,0,134,28,4,517,827,827,448,270,517,1,434,195,573,204,49,25,132,799,287,540,161,379,0,24,0
870,434,706,9047910,3749861,CC1=CC(NCC(C)C2CCN(C(=O)C(C)CN3C=CN=C3)CC2)=NC(C(C)C)=N1,CCCCN1C=C(CCC(=O)N2CCN3C(=NN=C3C3CC3)C2)N=N1,Cc1cc(NCC(C)C2CCN(C(=O)C(C)Cn3ccnc3)CC2)nc(C(C)C)n1,CCCCn1cc(CCC(=O)N2CCn3c(nnc3C3CC3)C2)nn1,30,32,25,28,15.353089,,15,14,,,0,0,0,1,0,87,28,3,341,528,528,290,140,341,0,280,131,308,130,42,4,68,500,208,320,82,238,0,25,0
871,256,467,5798555,4755768,CNC(=O)NCC(=O)NC1CC2(C1)CC(C(=O)NCC(C(C)C)C(C)C)C2,CC1=CC(C)=C(C(=O)N[C@H](CNC(=O)/C=C/C2=COC=C2)CC(C)C)O1,CNC(=O)NCC(=O)NC1CC2(C1)CC(C(=O)NCC(C(C)C)C(C)C)C2,Cc1cc(C)c(C(=O)N[C@H](CNC(=O)/C=C/c2ccoc2)CC(C)C)o1,27,28,26,27,4.643935,,13,12,,,0,0,0,1,0,37,27,5,139,153,153,116,89,139,1,100,64,84,29,10,1,4,126,63,90,53,37,0,22,0
872,865,309,9781908,6909057,COCC1(NC(=O)C2=CC=C3C=NOC3=C2)CCN(C(=O)CCCCN2CCCC2)CC1,CCC(C(=O)N1CCO[C@@H](C)[C@@H]1C(=O)N1C[C@H](OC)[C@H](OC)C1)N1C=NC=N1,COCC1(NC(=O)c2ccc3cnoc3c2)CCN(C(=O)CCCCN2CCCC2)CC1,CCC(C(=O)N1CCO[C@@H](C)[C@@H]1C(=O)N1C[C@H](OC)[C@H](OC)C1)n1cncn1,32,35,28,30,15.949176,,11,10,,,0,0,0,1,0,91,30,1,357,642,642,306,272,357,0,292,113,477,146,98,18,111,612,213,429,93,336,0,29,0
873,203,393,5641571,789945,C=CCC(CNC(=O)CCC1=NN(C)C=C1)C(=O)N1CCC2(CCCC2)C1,COC1=CSC(C(=O)NCC2=CN=C(C(=O)O)C=C2C)=C1,C=CCC(CNC(=O)CCc1ccn(C)n1)C(=O)N1CCC2(CCCC2)C1,COc1csc(C(=O)NCc2cnc(C(=O)O)cc2C)c1,27,29,21,22,16.533537,,15,14,,,0,0,0,1,0,87,22,5,328,472,472,299,182,328,1,285,145,295,110,39,27,17,450,173,299,126,173,0,17,0
874,873,494,4690001,2566066,CN1CC(C(=O)NCCC2(O)CN(C(=O)C3=CC(C#N)=CS3)C2)CC1=O,CCCCCC1CN(C(=O)[C@H]2C[C@H](NC(=O)[C@H](O)C(F)(F)F)C2)C1,CN1CC(C(=O)NCCC2(O)CN(C(=O)c3cc(C#N)cs3)C2)CC1=O,CCCCCC1CN(C(=O)[C@H]2C[C@H](NC(=O)[C@H](O)C(F)(F)F)C2)C1,26,28,24,25,30.397924,,16,15,,,0,0,0,1,0,228,25,3,900,1237,1237,771,547,900,1,736,378,960,359,24,12,101,1212,548,689,223,466,0,30,0
875,109,242,4573591,963457,CC(=O)NC1CN(C(=O)[C@@H]2CN(C(=O)[C@H]3NC(=O)OC3(C)C)CCO2)C1,O=C(NC(C1=CC=CC=C1)C1CCNC1)C1=C(Cl)C=CS1,CC(=O)NC1CN(C(=O)[C@@H]2CN(C(=O)[C@H]3NC(=O)OC3(C)C)CCO2)C1,O=C(NC(c1ccccc1)C1CCNC1)c1sccc1Cl,26,28,21,23,6.816498,,12,11,,,0,0,0,1,0,37,23,3,137,243,243,125,57,137,1,103,44,101,47,52,14,27,220,49,194,76,118,0,20,0
876,390,585,364061,3609064,CC1(C)CC(CC(=O)NCCC2(C)N=N2)CC(C)(C)C1,CCCOCCC(=O)NC[C@@H]1C[C@H]2CC[C@@H](C1)N2C(=O)C1=CN=CO1,CC1(C)CC(CC(=O)NCCC2(C)N=N2)CC(C)(C)C1,CCCOCCC(=O)NC[C@@H]1C[C@H]2CC[C@@H](C1)N2C(=O)c1cnco1,20,21,25,27,16.404943,,13,12,,,0,0,0,1,0,70,21,1,274,469,469,257,286,274,0,237,132,265,74,211,31,15,448,166,303,91,212,0,21,0
877,367,588,9447173,7474341,CN(CC1(O)CCN(C(=O)C2=CC=C([N+](=O)[O-])N2C)CC1)C(=O)[C@H](O)C1=CC=CC=C1,CCOC1=NC(N(C)C[C@@H](C)NC(=O)C2=CC=C(C(F)(F)F)C=C2)=NC=C1C,CN(CC1(O)CCN(C(=O)c2ccc([N+](=O)[O-])n2C)CC1)C(=O)[C@H](O)c1ccccc1,CCOc1nc(N(C)C[C@@H](C)NC(=O)c2ccc(C(F)(F)F)cc2)ncc1C,31,33,28,29,11.249743,,12,11,,,0,0,0,1,0,78,29,3,309,428,428,277,128,309,0,257,154,234,93,14,4,42,399,165,263,112,151,0,26,0
878,302,716,5897791,2618020,CCC1=NNC(C(=O)N2C[C@@H]3C[C@H]2CN3C(=O)CCCN2C=CN=C2)=C1C,CC1=C(C)C(C(=O)NCCN(C(=O)C2CC2(F)Cl)C2CC2)=C(C)O1,CCc1n[nH]c(C(=O)N2C[C@@H]3C[C@H]2CN3C(=O)CCCn2ccnc2)c1C,Cc1oc(C)c(C(=O)NCCN(C(=O)C2CC2(F)Cl)C2CC2)c1C,27,30,24,26,36.953438,,19,18,,,0,0,0,1,0,148,26,4,588,954,954,524,810,588,2,472,150,726,142,488,210,8,928,332,622,192,430,0,33,0
879,302,22,5897791,6934501,CCC1=NNC(C(=O)N2C[C@@H]3C[C@H]2CN3C(=O)CCCN2C=CN=C2)=C1C,CCC1=NN=C(CNC(=O)C2CN(C(=O)[C@H](C)C3=CC=CC=C3)C(C)(C)C2)O1,CCc1n[nH]c(C(=O)N2C[C@@H]3C[C@H]2CN3C(=O)CCCn2ccnc2)c1C,CCc1nnc(CNC(=O)C2CN(C(=O)[C@H](C)c3ccccc3)C(C)(C)C2)o1,27,30,28,30,65.670883,,18,17,,,0,0,0,1,0,394,30,0,1569,2453,2453,1384,511,1569,0,1376,617,1396,632,153,105,289,2423,871,1582,513,1069,0,39,0
880,849,674,7821504,1957771,CC1(C)OCC(CCN(CC2=CC=C3CCOC3=C2)CC2C3CCC2CC3)O1,CC1=CN=C(NCCC2=CNN=N2)N=C1N1CCC(CF)CC1,CC1(C)OCC(CCN(Cc2ccc3c(c2)OCC3)CC2C3CCC2CC3)O1,Cc1cnc(NCCc2c[nH]nn2)nc1N1CCC(CF)CC1,28,32,23,25,5.066713,,11,10,,,0,0,0,1,0,44,25,3,166,206,206,138,72,166,0,122,77,112,39,3,0,19,181,88,118,50,68,0,22,0
881,405,281,317178,7360629,CC(C)(N)C/C=C/C(=O)NC1C2CCCC1CCC2,CCC1=NC(C)=C(C(=O)N2CCN(C(=O)C=CC3=CSC=C3)CC23CCC3)O1,CC(C)(N)C/C=C/C(=O)NC1C2CCCC1CCC2,CCc1nc(C)c(C(=O)N2CCN(C(=O)C=Cc3ccsc3)CC23CCC3)o1,19,20,28,31,20.251690,,13,12,,,0,0,0,1,0,132,20,0,520,755,755,473,14,520,0,469,249,214,199,62,5,6,735,249,506,224,282,0,23,0
882,8,579,5894247,5792433,CC(CCNC(=O)C1=CC([N+](=O)[O-])=CC=N1)NC(=O)C1(C(F)F)CC(O)C1,C=CCOCC(=O)N1CCCCC1CCC(=O)NCC(C)(O)C1CCCC1,CC(CCNC(=O)c1cc([N+](=O)[O-])ccn1)NC(=O)C1(C(F)F)CC(O)C1,C=CCOCC(=O)N1CCCCC1CCC(=O)NCC(C)(O)C1CCCC1,27,28,27,28,8.431913,,13,12,,,0,0,0,1,0,66,28,4,242,333,333,208,121,242,0,185,103,184,71,31,10,25,305,112,221,96,125,0,26,0
883,885,702,8269833,2979898,CC(C)C1=CC(C(=O)NC2CN(C(=O)[C@H]3C[C@H]4C=C[C@@H]3O4)C3(CCCC3)C2)=NO1,CC(C)COC1CCN(C2=C(Cl)C(=O)N(C3=CC=CC=C3)N=C2)CC1,CC(C)c1cc(C(=O)NC2CN(C(=O)[C@H]3C[C@H]4C=C[C@@H]3O4)C3(CCCC3)C2)no1,CC(C)COC1CCN(c2cnn(-c3ccccc3)c(=O)c2Cl)CC1,29,33,25,27,29.456200,,20,19,,,0,0,0,1,0,193,27,2,764,964,964,677,359,764,0,641,403,532,216,84,33,26,937,473,491,204,287,0,29,0
884,796,762,7840005,4031768,CNC(=O)C(C1=C2COCCN2N=N1)N1CCC(OC2=CC=CC=C2C#N)C1,CC(C)C1(CNC(=O)CNC(=O)C2=CC=C(S(N)(=O)=O)C=C2)OCCO1,CNC(=O)C(c1nnn2c1COCC2)N1CCC(Oc2ccccc2C#N)C1,CC(C)C1(CNC(=O)CNC(=O)c2ccc(S(N)(=O)=O)cc2)OCCO1,28,31,26,27,10.750360,,12,11,,,0,0,0,1,0,76,27,4,292,429,429,268,125,292,0,255,149,219,84,39,12,36,402,205,224,63,161,0,23,0
885,996,50,6242893,9901881,C[C@@H](N)CN1C=C(CCCCC(=O)N2CCC3=CC(F)=CC(Cl)=C3C2)N=N1,COC(=O)/C=C/C1CCC(NC[C@]2(C3=CC=CC=C3)C[C@H](O)C2)(C2=NN=NN2C(C)C)C1,C[C@@H](N)Cn1cc(CCCCC(=O)N2CCc3cc(F)cc(Cl)c3C2)nn1,COC(=O)/C=C/C1CCC(NC[C@]2(c3ccccc3)C[C@H](O)C2)(c2nnnn2C(C)C)C1,27,29,32,35,25.922266,,15,14,,,0,0,0,1,0,156,29,2,611,775,775,527,265,611,0,494,301,410,165,71,34,36,746,389,386,138,248,0,31,0
886,932,620,3724941,2339736,CSC1=NC=NC(N2CCC(F)(CNC(=O)[C@@H]3CCC(=O)O3)C2)=C1Cl,CN1C=C(CNCC2=CC3=CC(Br)=CC=C3OC2)C2=CC=CC=C21,CSc1ncnc(N2CCC(F)(CNC(=O)[C@@H]3CCC(=O)O3)C2)c1Cl,Cn1cc(CNCC2=Cc3cc(Br)ccc3OC2)c2ccccc21,25,27,24,27,14.908891,,14,13,,,0,0,0,1,0,104,27,6,408,555,555,369,61,408,0,361,226,217,119,3,3,45,528,239,316,130,186,0,21,0
887,763,508,1215499,629164,NCC1=CC(Cl)=CC=C1NC(=O)CNC1=NC(Br)=CC=C1Br,COCCSCCNC(=O)C1=C(C(F)(F)F)SC(C)=C1C,NCc1cc(Cl)ccc1NC(=O)CNc1nc(Br)ccc1Br,COCCSCCNC(=O)c1c(C(F)(F)F)sc(C)c1C,22,23,21,21,1.432464,,9,8,,,0,0,0,1,0,14,21,9,50,66,66,40,45,50,2,30,21,40,6,12,1,3,45,16,50,24,26,0,12,0
888,852,925,3728846,6553962,CC[C@@H]1CN(C(=O)C2CCNC(=O)C2)C[C@@H]1NC1=CC=NC=C1C#N,CCN(CC)C(C(=O)NC1CCC(F)(F)CC1)C1=CN(C2CC2(F)F)N=C1,CC[C@@H]1CN(C(=O)C2CCNC(=O)C2)C[C@@H]1Nc1ccncc1C#N,CCN(CC)C(C(=O)NC1CCC(F)(F)CC1)c1cnn(C2CC2(F)F)c1,25,27,27,29,45.755085,,14,13,,,0,0,0,1,0,206,27,1,811,1498,1498,752,339,811,1,714,280,770,356,288,90,138,1471,591,907,161,746,0,32,0
889,924,293,9497594,7830326,CC(CC(=O)NC[C@H]1C[C@H]1NC1=NC=NC2=CC([N+](=O)[O-])=CC=C21)C1=CC=CC(F)=C1,CCCN1C=C(NC(=O)N(CC2=NN(CC)N=C2)CC2CCC23CCC3)C=N1,CC(CC(=O)NC[C@H]1C[C@H]1Nc1ncnc2cc([N+](=O)[O-])ccc12)c1cccc(F)c1,CCCn1cc(NC(=O)N(Cc2cnn(CC)n2)CC2CCC23CCC3)cn1,31,34,28,31,15.410800,,13,12,,,0,0,0,1,0,72,31,3,277,468,468,258,180,277,0,228,104,227,91,130,35,14,437,166,302,92,210,0,33,0
890,794,818,6228162,10162931,CC1=CC=NC=C1S(=O)(=O)NCC(O)CCNC(=O)/C=C/C1=CN=CC=N1,CC(C)(C)OC(=O)N[C@H](C(=O)NC(CC1=CC=CC=C1)CN1CCOCC1)C1=CC=C(F)C=C1,Cc1ccncc1S(=O)(=O)NCC(O)CCNC(=O)/C=C/c1cnccn1,CC(C)(C)OC(=O)N[C@H](C(=O)NC(Cc1ccccc1)CN1CCOCC1)c1ccc(F)cc1,27,28,34,36,1.893147,,8,7,,,0,0,0,1,0,23,28,5,88,101,101,80,23,88,2,69,43,16,14,0,0,0,73,31,70,49,21,0,23,0
891,235,621,3803888,1945448,CC1(C)CC(CCN(CC2=C(CO)C=CS2)C(=O)[C@@H]2CNC(=O)N2)C1,COCC(C)N1C=C(COCC(=O)N(C)CC2CCCC2)N=N1,CC1(C)CC(CCN(Cc2sccc2CO)C(=O)[C@@H]2CNC(=O)N2)C1,COCC(C)n1cc(COCC(=O)N(C)CC2CCCC2)nn1,25,27,23,24,3.354780,,11,10,,,0,0,0,1,0,43,24,2,161,193,193,147,28,161,0,134,91,50,34,0,0,2,169,89,104,58,46,0,23,0
892,821,360,6077910,7542303,CC1=CC(CC(=O)N2CC3(CCN3C(=O)CCCC3=CC=CC=C3)C2)=NO1,CC(C)[C@H](NC(=O)C1CCN1C1CCCC1)C1=CN([C@H]2CC[C@H](N)CC2)N=N1,Cc1cc(CC(=O)N2CC3(CCN3C(=O)CCCc3ccccc3)C2)no1,CC(C)[C@H](NC(=O)C1CCN1C1CCCC1)c1cn([C@H]2CC[C@H](N)CC2)nn1,27,30,28,31,84.829506,,15,15,,,0,0,0,1,0,394,30,2,1572,2623,2623,1468,589,1572,0,1459,869,1349,413,365,158,462,2593,1182,1441,286,1155,0,29,0
893,224,651,3745793,6792464,CS(=O)(=O)CC1(CCN2C(=O)CCN(CC3CC4CC4C3)C2=O)CC1,CC1=CC=C(C2=CC=CC(C(=O)N3CCCCC3C3(CN)CCOCC3)=C2)O1,CS(=O)(=O)CC1(CCN2C(=O)CCN(CC3CC4CC4C3)C2=O)CC1,Cc1ccc(-c2cccc(C(=O)N3CCCCC3C3(CN)CCOCC3)c2)o1,25,28,28,31,25.393822,,13,13,,,0,0,0,1,0,135,28,4,531,785,785,448,305,531,0,415,216,534,178,76,30,103,757,282,503,166,337,0,27,0
894,194,635,28582,7258865,CCC=C(C)C(=O)NCCN1CCCC1C,CC1=CC(=O)NC=C1C(=O)N1CC[C@@H](NC(=O)C(C)OC2CCCC2)[C@H](O)C1,CCC=C(C)C(=O)NCCN1CCCC1C,Cc1cc(=O)[nH]cc1C(=O)N1CC[C@@H](NC(=O)C(C)OC2CCCC2)[C@H](O)C1,16,16,28,30,1.591171,,8,7,,,0,0,0,1,0,22,16,1,84,99,99,76,28,84,1,64,41,27,14,9,6,0,83,48,51,28,23,0,20,0
895,256,694,5798555,3662999,CNC(=O)NCC(=O)NC1CC2(C1)CC(C(=O)NCC(C(C)C)C(C)C)C2,CCC[C@@H](C(=O)N1CCC12CN(C(=O)CC(CC)C(C)C)C2)N(C)C,CNC(=O)NCC(=O)NC1CC2(C1)CC(C(=O)NCC(C(C)C)C(C)C)C2,CCC[C@@H](C(=O)N1CCC12CN(C(=O)CC(CC)C(C)C)C2)N(C)C,27,28,25,26,18.184341,,13,12,,,0,0,0,1,0,109,26,0,430,778,778,388,286,430,0,363,133,470,163,170,66,97,752,264,514,124,390,0,27,0
896,773,738,5332740,7849061,O=C(NC1=NN=C(C2CCCCC2)O1)C1CC(=O)N(C2=CC(F)=CC=C2)C1,COC1=CN=CC(C(C(=O)NC2CC2)N2CCOC(CNS(C)(=O)=O)C2)=C1C,O=C(Nc1nnc(C2CCCCC2)o1)C1CC(=O)N(c2cccc(F)c2)C1,COc1cncc(C(C(=O)NC2CC2)N2CCOC(CNS(C)(=O)=O)C2)c1C,27,30,28,30,21.640821,,13,12,,,0,0,0,1,0,134,30,2,528,792,792,478,142,528,0,445,246,310,179,115,25,38,762,310,482,168,314,0,29,0
897,785,675,6568211,6756127,NC(CC(=O)NC1=CC=CC2=C1CN(C1CC1)C2=O)C1CCC(F)(F)CC1,CC(C)C(=O)NCC1CCCN(C(=O)C(=O)NC2=CC=CC3=CC=NC=C32)C1,NC(CC(=O)Nc1cccc2c1CN(C1CC1)C2=O)C1CCC(F)(F)CC1,CC(C)C(=O)NCC1CCCN(C(=O)C(=O)Nc2cccc3ccncc23)C1,27,30,28,30,94.605247,,15,14,,,0,0,0,1,0,356,30,2,1406,2941,2941,1247,1588,1406,0,1218,320,2045,579,1205,320,300,2911,911,2030,336,1694,0,37,0
898,697,858,6478423,4562887,CCCC1=CC=CC(CN(CC2=CN=CC=C2C)C(=O)C2=C(F)C=CN2)=C1,CC1=NC=CN1CCC(=O)NC(C(=O)N1CC=CC(O)C1)C1=CC=CS1,CCCc1cccc(CN(Cc2cnccc2C)C(=O)c2[nH]ccc2F)c1,Cc1nccn1CCC(=O)NC(C(=O)N1CC=CC(O)C1)c1cccs1,27,29,26,28,8.491216,,14,13,,,0,0,0,1,0,59,28,4,205,262,262,179,161,205,2,158,92,177,54,36,9,10,234,123,139,56,83,0,27,0
899,140,643,5839086,3790728,CC1=CC=C(C(=O)NC(C(=O)NC23CCC(CC2)C3)C2=CC=CN=C2)C=N1,CC(CNC1=NC(N)=NC(N[C@H]2CCN(CC(F)F)C2)=N1)C(C)(C)C,Cc1ccc(C(=O)NC(C(=O)NC23CCC(CC2)C3)c2cccnc2)cn1,CC(CNc1nc(N)nc(N[C@H]2CCN(CC(F)F)C2)n1)C(C)(C)C,27,30,25,26,4.667520,,9,8,,,0,0,0,1,0,26,26,2,97,172,172,89,61,97,1,73,31,98,25,20,9,37,146,37,135,52,83,0,25,0
900,99,925,2993846,6553962,CCN1CCN(C2=CC=C(CNS(=O)(=O)CC(C)(C)CF)C=N2)CC1,CCN(CC)C(C(=O)NC1CCC(F)(F)CC1)C1=CN(C2CC2(F)F)N=C1,CCN1CCN(c2ccc(CNS(=O)(=O)CC(C)(C)CF)cn2)CC1,CCN(CC)C(C(=O)NC1CCC(F)(F)CC1)c1cnn(C2CC2(F)F)c1,25,26,27,29,9.323066,,13,12,,,0,0,0,1,0,68,26,4,260,390,390,233,100,260,1,220,106,216,94,14,11,37,364,152,238,81,157,0,22,0
901,642,661,3685140,2104959,O=C(NC[C@@H]1C[C@@H](F)CN1C(=O)CC1=CC=CS1)C1CC(F)(CF)C1,O=C(C1=NC(O)=CC(C(F)(F)F)=C1)N1CC(C2=CC(Cl)=CC=C2)C1,O=C(NC[C@@H]1C[C@@H](F)CN1C(=O)Cc1cccs1)C1CC(F)(CF)C1,O=C(c1cc(C(F)(F)F)cc(O)n1)N1CC(c2cccc(Cl)c2)C1,25,27,24,26,74.076385,,16,15,,,0,0,0,1,0,193,26,2,766,1884,1884,730,850,766,0,684,282,666,242,1312,182,19,1858,588,1296,142,1154,0,43,0
902,40,316,1255781,8497143,COC1=CC=C(C2=C3NC=C(CC(=O)O)C3=CC=C2)C=C1O,CC(C)(C)CCN1C=C(C2=CC=NC(C(=O)N3CC(CN4C=CC=N4)C3)=C2)N=N1,COc1ccc(-c2cccc3c(CC(=O)O)c[nH]c23)cc1O,CC(C)(C)CCn1cc(-c2ccnc(C(=O)N3CC(Cn4cccn4)C3)c2)nn1,22,24,29,32,23.777464,,13,12,,,0,0,0,1,0,104,24,4,411,696,696,360,286,411,1,343,141,472,145,126,54,85,672,162,534,198,336,0,28,0
903,807,451,831306,4620690,O=C(O)C1=C(NC(=O)C2=C3CCCCN3C=C2)C=C(Cl)S1,CC(C(=O)N1CCC(CC(=O)N(C)CCC2=CN=CC=N2)C1)C(C)(C)C,O=C(Nc1cc(Cl)sc1C(=O)O)c1ccn2c1CCCC2,CC(C(=O)N1CCC(CC(=O)N(C)CCc2cnccn2)C1)C(C)(C)C,21,23,26,27,20.110937,,15,14,,,0,0,0,1,0,133,23,4,519,723,723,461,189,519,1,431,250,341,167,87,25,32,700,259,464,202,262,0,24,0
904,34,593,3635121,247809,C/C=C(\C)C(=O)NCC1(NC(=O)[C@H]2CCC(=O)O2)CCC(F)(F)CC1,CN1N=CC(CNCCC2=CNN=N2)=C1S(N)(=O)=O,C/C=C(\C)C(=O)NCC1(NC(=O)[C@H]2CCC(=O)O2)CCC(F)(F)CC1,Cn1ncc(CNCCc2c[nH]nn2)c1S(N)(=O)=O,25,26,19,20,1.599806,,8,7,,,0,0,0,1,0,18,20,7,63,81,81,55,23,63,3,49,34,32,8,0,0,4,61,30,51,25,26,0,13,0
905,373,749,4205027,4124116,O=C(NC1=CC=C(N2CCCCCC2)C=C1)C(=O)N1CCCCC(O)C1,CC(CC(=O)OC(C)(C)C)NCC1=NC(C2=CC([N+](=O)[O-])=CC=C2)=NO1,O=C(Nc1ccc(N2CCCCCC2)cc1)C(=O)N1CCCCC(O)C1,CC(CC(=O)OC(C)(C)C)NCc1nc(-c2cccc([N+](=O)[O-])c2)no1,26,28,26,27,7.436081,,14,13,,,0,0,0,1,0,52,27,3,196,254,254,181,83,196,1,162,102,120,53,9,2,7,227,131,123,50,73,0,24,0
906,134,92,8810698,7892875,CCOC1=CC2=C(C=C1OCC)CN(C(=O)NC1C3=C(OC1C)C(F)=CC=C3)CC2,CCOP(=O)(OCC)[C@H](NC(=O)C1=C(F)C=C([N+](=O)[O-])C(F)=C1)C1=CC=CC=C1,CCOc1cc2c(cc1OCC)CN(C(=O)NC1c3cccc(F)c3OC1C)CC2,CCOP(=O)(OCC)[C@H](NC(=O)c1cc(F)c([N+](=O)[O-])cc1F)c1ccccc1,30,33,29,30,13.266757,,10,10,,,0,0,0,1,0,65,30,6,253,388,388,225,168,253,1,196,94,249,80,53,27,40,358,145,243,80,163,0,24,0
907,931,302,9157215,5897791,CC1=C(NC2COC3=CC=C(F)C=C3C2)N=CN=C1NCC1=CC=C2OCOC2=C1,CCC1=NNC(C(=O)N2C[C@@H]3C[C@H]2CN3C(=O)CCCN2C=CN=C2)=C1C,Cc1c(NCc2ccc3c(c2)OCO3)ncnc1NC1COc2ccc(F)cc2C1,CCc1n[nH]c(C(=O)N2C[C@@H]3C[C@H]2CN3C(=O)CCCn2ccnc2)c1C,30,34,27,30,14.666030,,16,15,,,0,0,0,1,0,93,30,3,347,518,518,326,80,347,0,317,160,229,133,13,6,28,488,207,311,119,192,0,27,0
908,334,765,9829448,1085713,CC1=NC(NCCCO[C@@H]2CCN(C(=O)C3=CC=C([C@H](O)C4CC4)C=C3)C2)=NC(C)=C1C,CN(CCC(O)C1=CC=CC=C1)S(=O)(=O)N1CCCC1(C)C,Cc1nc(NCCCO[C@@H]2CCN(C(=O)c3ccc([C@H](O)C4CC4)cc3)C2)nc(C)c1C,CN(CCC(O)c1ccccc1)S(=O)(=O)N1CCCC1(C)C,32,35,22,23,3.781182,,11,10,,,0,0,0,1,0,40,23,4,137,147,147,117,65,137,0,86,70,47,22,19,6,4,124,58,89,59,30,0,19,0
909,425,179,9958200,3940154,COC1=CN=CC(NC(=O)N(CCC2=CNC3=CC=CC=C23)CC(C)C2CCOCC2)=C1,CC(=O)NC1=NC(C[C@@H](NC(=O)C(C)N2N=CC=C2C)C(C)C)=CS1,COc1cncc(NC(=O)N(CCc2c[nH]c3ccccc23)CC(C)C2CCOCC2)c1,CC(=O)Nc1nc(C[C@@H](NC(=O)C(C)n2nccc2C)C(C)C)cs1,32,35,25,26,6.003745,,11,10,,,0,0,0,1,0,48,26,3,178,267,267,155,97,178,0,140,74,163,49,19,9,41,241,81,186,74,112,0,23,0
910,205,135,8248743,475938,C#CC1=CC=C(C(=O)N2C[C@H](O)C[C@H]2CNC(=O)C(C)C2=CC=NC=C2C)C=C1,O=C(NCC1CC(F)(F)CO1)NC12CCC(F)(CC1)C2,C#Cc1ccc(C(=O)N2C[C@H](O)C[C@H]2CNC(=O)C(C)c2ccncc2C)cc1,O=C(NCC1CC(F)(F)CO1)NC12CCC(F)(CC1)C2,29,31,20,22,7.693345,,9,8,,,0,0,0,1,0,48,22,3,192,270,270,165,114,192,0,151,74,179,58,15,14,26,248,98,172,67,105,0,25,0
911,805,552,10189248,3688653,CN(CC1=CC=CC=C1)C(=O)CNC(=O)CNCC1CCCN(C(=O)OCC2=CC=CC=C2)C1,CC(=O)OCCC(=O)NC1CC(C(C)NC(=O)C2=CN(C)C=C2C)C1,CN(Cc1ccccc1)C(=O)CNC(=O)CNCC1CCCN(C(=O)OCc2ccccc2)C1,CC(=O)OCCC(=O)NC1CC(C(C)NC(=O)c2cn(C)cc2C)C1,34,36,25,26,10.715038,,11,10,,,0,0,0,1,0,66,26,0,259,389,389,221,151,259,0,208,107,264,79,28,9,59,363,102,287,119,168,0,26,0
912,897,994,790702,7879141,CC(C)(CCN1CCOCC1)NC(=O)C[C@H]1C[C@H]1C(=O)O,COC1=CC=CC(N(CCC#N)C(=O)C2=C(C)N(C3=CC=CC=C3C)C(C)=C2)=C1,CC(C)(CCN1CCOCC1)NC(=O)C[C@H]1C[C@H]1C(=O)O,COc1cccc(N(CCC#N)C(=O)c2cc(C)n(-c3ccccc3C)c2C)c1,21,22,29,31,21.799179,,16,15,,,0,0,0,1,0,61,22,0,238,451,451,214,222,238,0,181,54,316,104,118,34,43,429,156,295,58,237,0,28,0
913,374,543,10094861,4382667,CC(C(=O)N1CCC(OCC2=CN(C[C@@H]3CCC[C@H]3CN)N=N2)CC1)C1=CC(F)=CC=C1F,CCN1C=C(NC(=O)[C@@H]2CCCN2C(=O)C2=CC=CC=C2O)C(C#N)=N1,CC(C(=O)N1CCC(OCc2cn(C[C@@H]3CCC[C@H]3CN)nn2)CC1)c1cc(F)ccc1F,CCn1cc(NC(=O)[C@@H]2CCCN2C(=O)c2ccccc2O)c(C#N)n1,33,36,26,28,26.657082,,14,13,,,0,0,0,1,0,164,28,1,649,922,922,577,291,649,0,543,346,436,170,168,34,54,894,381,541,196,345,0,33,0
914,513,935,4830738,1579789,CC1=CON=C1CC(=O)NCC(C)(F)CNC(=O)C1CC2(C1)CC21CC1,CC1=CC=C(F)C=C1CCCC(=O)OCCC#CC[Si](C)(C)C,Cc1conc1CC(=O)NCC(C)(F)CNC(=O)C1CC2(C1)CC21CC1,Cc1ccc(F)cc1CCCC(=O)OCCC#CC[Si](C)(C)C,26,29,23,23,15.351935,,9,8,,,0,0,0,1,0,41,23,5,152,235,235,142,57,152,2,132,74,108,43,21,7,20,212,69,166,73,93,0,18,0
915,279,850,4764529,8234603,CCN(CC)CCC(=O)NC1CCC12CCN(C(=O)C1=CNC=C1)CC2,CC1CC(NC(=O)CCC2=NN(C)C=C2)CN1C(=O)CC/C=C/C1=CC=CC=C1,CCN(CC)CCC(=O)NC1CCC12CCN(C(=O)c1cc[nH]c1)CC2,CC1CC(NC(=O)CCc2ccn(C)n2)CN1C(=O)CC/C=C/c1ccccc1,26,28,29,31,39.922478,,16,15,,,0,0,0,1,0,211,28,0,840,1398,1398,787,256,840,0,766,390,609,341,229,28,54,1370,592,806,195,611,0,33,0
916,168,263,8024256,2589071,COC(=O)C1=CC=C(C2=NOC(CCCCC#CC3=CC=CC=C3)=N2)C=C1OC,C=CCCCN(CC)C(=O)C1=C(CNC(=O)C2CC=CC2)C=CN1,COC(=O)c1ccc(-c2noc(CCCCC#Cc3ccccc3)n2)cc1OC,C=CCCCN(CC)C(=O)c1[nH]ccc1CNC(=O)C1CC=CC1,29,31,24,25,4.394314,,11,10,,,0,0,0,1,0,36,25,2,130,184,184,113,84,130,1,100,41,119,47,7,2,10,159,54,130,59,71,0,23,0
917,935,844,1579789,3117112,CC1=CC=C(F)C=C1CCCC(=O)OCCC#CC[Si](C)(C)C,CCOC(CCNC(=O)NCC1=CC=C(F)C(F)=C1Br)C1CCCC1,Cc1ccc(F)cc1CCCC(=O)OCCC#CC[Si](C)(C)C,CCOC(CCNC(=O)NCc1ccc(F)c(F)c1Br)C1CCCC1,23,23,25,26,11.161857,,9,8,,,0,0,0,1,0,46,23,5,178,239,239,160,57,178,2,154,102,95,34,20,6,13,216,95,144,65,79,0,18,0
918,966,493,5497199,5470235,CC1(C)CC(NC(=O)C2(CNC(=O)[C@@H]3CCCC[C@H]3O)CCC2)C(C)(C)O1,C#CCC(CCOC)NC(=O)C(=O)N1CCCC(CC=C)(C(=O)OCC)C1,CC1(C)CC(NC(=O)C2(CNC(=O)[C@@H]3CCCC[C@H]3O)CCC2)C(C)(C)O1,C#CCC(CCOC)NC(=O)C(=O)N1CCCC(CC=C)(C(=O)OCC)C1,27,29,27,27,14.783054,,11,10,,,0,0,0,1,0,60,27,2,232,410,410,201,281,232,0,174,68,296,55,166,53,39,383,101,309,100,209,0,27,0
919,990,825,2377779,6852006,NC(=O)N1CCCN(C(=O)[C@@H]2C[C@@H](O)CN2C(=O)C=CCF)CC1,CC1=NOC(CC(=O)N2CC(OCCC(=O)NCC3=CC=C(F)N=C3C)C2)=C1,NC(=O)N1CCCN(C(=O)[C@@H]2C[C@@H](O)CN2C(=O)C=CCF)CC1,Cc1cc(CC(=O)N2CC(OCCC(=O)NCc3ccc(F)nc3C)C2)on1,24,25,28,30,9.141067,,12,11,,,0,0,0,1,0,66,25,1,258,398,398,225,161,258,1,208,99,246,88,58,14,42,373,132,266,93,173,0,24,0
920,302,764,5897791,3570718,CCC1=NNC(C(=O)N2C[C@@H]3C[C@H]2CN3C(=O)CCCN2C=CN=C2)=C1C,O=C(NCC1CN(C(=O)CCN2C=CN=C2)CCO1)C1=CSN=C1Cl,CCc1n[nH]c(C(=O)N2C[C@@H]3C[C@H]2CN3C(=O)CCCn2ccnc2)c1C,O=C(NCC1CN(C(=O)CCn2ccnc2)CCO1)c1csnc1Cl,27,30,25,27,13.617270,,14,13,,,0,0,0,1,0,79,27,5,312,365,365,267,108,312,2,238,158,135,66,45,21,4,338,135,230,132,98,0,22,0
921,891,346,5113980,2910405,CCN1C=CC(CN(CC2=CC=C3NC(=O)OC3=C2)CC2[C@H](C)[C@H]2C)=N1,CCSC1=CC=CC=C1CC(=O)NC1=C(F)C=C(Br)C=C1C(=O)OC,CCn1ccc(CN(Cc2ccc3[nH]c(=O)oc3c2)CC2[C@H](C)[C@H]2C)n1,CCSc1ccccc1CC(=O)Nc1c(F)cc(Br)cc1C(=O)OC,26,29,25,26,22.668938,,14,13,,,0,0,0,1,0,88,26,4,343,515,515,314,172,343,1,297,182,269,103,79,7,24,489,194,321,120,201,0,22,0
922,823,117,208121,438266,CCN1C=CC(C(=O)NC(C)C2(C)CCC2)=CC1=O,COCCN1CCC(NC(=O)C2=NNC3=C2CCC3)C1,CCn1ccc(C(=O)NC(C)C2(C)CCC2)cc1=O,COCCN1CCC(NC(=O)c2n[nH]c3c2CCC3)C1,19,20,20,22,18.501596,,11,10,,,0,0,0,1,0,96,20,0,371,649,649,325,192,371,0,303,114,331,160,165,31,21,629,173,476,152,324,0,21,0
923,479,986,1510011,6080779,CN(CC1=CC=CC(CO)=C1)C(=O)C1=CC2=CN=CN2C(O)=N1,CN1C(=O)C=CC=C1C(=O)N1CC2CCC(C1)N(C(=O)CCC1CCC1)C2,CN(Cc1cccc(CO)c1)C(=O)c1cc2cncn2c(O)n1,Cn1c(C(=O)N2CC3CCC(C2)N(C(=O)CCC2CCC2)C3)cccc1=O,23,25,27,30,59.174522,,16,15,,,0,0,0,1,0,189,25,2,746,1522,1522,676,337,746,0,643,144,852,290,306,219,302,1497,528,994,148,846,0,41,0
924,77,144,5195946,9216692,CC(C)(C)OC(=O)N1CCCC1CCC(=O)NCC1=CC=C2OC=CC2=C1,CCN1N=C(C)C=C1CN(CC1=CC=C(OC)C(C)=N1)CC(C)CN1CCCC1=O,CC(C)(C)OC(=O)N1CCCC1CCC(=O)NCc1ccc2occc2c1,CCn1nc(C)cc1CN(Cc1ccc(OC)c(C)n1)CC(C)CN1CCCC1=O,27,29,30,32,23.984415,,16,15,,,0,0,0,1,0,128,29,0,509,744,744,444,170,509,0,425,222,392,168,49,25,81,715,297,447,147,300,0,32,0
925,772,989,5110604,3947339,C=CCCC(C)CN(CC1=C(C)N=C(CC)N1)C(=O)C1=C(C=C)SC=N1,CC1CCCC(C)N1C(=O)CC1=CSC2=NC(C3=CC=C(F)C=C3)=CN12,C=CCCC(C)CN(Cc1[nH]c(CC)nc1C)C(=O)c1ncsc1C=C,CC1CCCC(C)N1C(=O)Cc1csc2nc(-c3ccc(F)cc3)cn12,26,27,26,29,20.903414,,15,14,,,0,0,0,1,0,69,27,2,269,499,499,238,367,269,0,197,90,325,66,275,57,34,472,138,361,100,261,0,33,0
926,231,880,8073256,3711333,C#C[C@H]1CC[C@H](CNC(=O)C[C@H]2C[C@H](F)CN2C(=O)C2=C(C)C(C)=CC=C2)CC1,CC1(C)CC(=O)CC1C(=O)OCC1=CC=C(C2(C(F)(F)F)N=N2)C=C1,C#C[C@H]1CC[C@H](CNC(=O)C[C@H]2C[C@H](F)CN2C(=O)c2cccc(C)c2C)CC1,CC1(C)CC(=O)CC1C(=O)OCc1ccc(C2(C(F)(F)F)N=N2)cc1,29,31,25,27,17.147017,,9,9,,,0,0,0,1,0,39,27,3,151,398,398,130,260,151,2,114,39,250,47,253,20,33,371,65,333,65,268,0,24,0
927,692,741,2627573,974333,NC1=CC=C(C(=O)N2C[C@@H]3CN(C(=O)C4=NSC=C4)C[C@@H]3C2)C=N1,CCCN(C(=O)C1=CC=C(OC2CC2)C=N1)C1CCCCC1,Nc1ccc(C(=O)N2C[C@@H]3CN(C(=O)c4ccsn4)C[C@@H]3C2)cn1,CCCN(C(=O)c1ccc(OC2CC2)cn1)C1CCCCC1,24,27,22,24,24.041439,,13,12,,,0,0,0,1,0,99,24,2,390,646,646,352,107,390,0,313,117,273,135,103,78,84,622,178,468,174,294,0,38,0
928,690,406,6237758,9037698,CC(C)C1=NN=C(CCN2CCC(=O)N(CCCC(=O)NC3CC3)C2=O)S1,CC(C(=O)N[C@H]1C[C@H]2CC[C@@H]1CN(C1=NC=C3C=CC=NC3=N1)C2)C1CCOCC1,CC(C)c1nnc(CCN2CCC(=O)N(CCCC(=O)NC3CC3)C2=O)s1,CC(C(=O)N[C@H]1C[C@H]2CC[C@@H]1CN(c1ncc3cccnc3n1)C2)C1CCOCC1,27,29,30,34,16.005335,,18,17,,,0,0,0,1,0,109,29,3,434,605,605,397,236,434,1,371,218,341,137,75,16,18,576,281,324,116,208,0,26,0
929,990,866,2377779,297225,NC(=O)N1CCCN(C(=O)[C@@H]2C[C@@H](O)CN2C(=O)C=CCF)CC1,CC1=CC(C(=O)N(C)CC[C@@H](C)N)=CN=C1C(N)=O,NC(=O)N1CCCN(C(=O)[C@@H]2C[C@@H](O)CN2C(=O)C=CCF)CC1,Cc1cc(C(=O)N(C)CC[C@@H](C)N)cnc1C(N)=O,24,25,19,19,6.067137,,14,13,,,0,0,0,1,0,42,19,0,164,205,205,141,120,164,0,104,70,115,35,45,17,14,186,69,136,72,64,0,22,0
930,823,570,208121,3634174,CCN1C=CC(C(=O)NC(C)C2(C)CCC2)=CC1=O,O=C(C1CSC1)N1CC2CC(C1)N(C(=O)C1=CN3C=NN=C3C=C1)C2,CCn1ccc(C(=O)NC(C)C2(C)CCC2)cc1=O,O=C(C1CSC1)N1CC2CC(C1)N(C(=O)c1ccc3nncn3c1)C2,19,20,25,29,14.926965,,16,15,,,0,0,0,1,0,93,20,0,363,539,539,329,236,363,0,293,139,318,124,108,46,15,519,208,331,121,210,0,26,0
931,374,92,10094861,7892875,CC(C(=O)N1CCC(OCC2=CN(C[C@@H]3CCC[C@H]3CN)N=N2)CC1)C1=CC(F)=CC=C1F,CCOP(=O)(OCC)[C@H](NC(=O)C1=C(F)C=C([N+](=O)[O-])C(F)=C1)C1=CC=CC=C1,CC(C(=O)N1CCC(OCc2cn(C[C@@H]3CCC[C@H]3CN)nn2)CC1)c1cc(F)ccc1F,CCOP(=O)(OCC)[C@H](NC(=O)c1cc(F)c([N+](=O)[O-])cc1F)c1ccccc1,33,36,29,30,16.960052,,16,15,,,0,0,0,1,0,67,30,6,267,393,393,226,338,267,1,180,76,326,69,148,57,16,363,122,271,104,167,0,40,0
932,809,404,1815971,9394067,CN(CC1=COC=C1)C(=O)/C=C/C1CCN(C(=O)CC#N)CC1,CC(C)C1(C(=O)NCC2(O)CCN(C(=O)C3=CN=CC(C4CC4)=C3)CC2)CCOCC1,CN(Cc1ccoc1)C(=O)/C=C/C1CCN(C(=O)CC#N)CC1,CC(C)C1(C(=O)NCC2(O)CCN(C(=O)c3cncc(C4CC4)c3)CC2)CCOCC1,23,24,31,34,1.555941,,11,11,,,0,0,0,1,0,24,24,2,95,75,75,73,70,95,2,47,42,37,9,3,0,0,51,26,49,47,2,0,24,0
933,14,270,1256714,4467697,CCCCC(C)(NS(=O)(=O)C1=C(C(=O)OC)OC=C1)C(=O)O,CCC1=C(C(=O)N2CC(C)C2C(=O)NCC2CCCCCCC2)SC=N1,CCCCC(C)(NS(=O)(=O)c1ccoc1C(=O)OC)C(=O)O,CCc1ncsc1C(=O)N1CC(C)C1C(=O)NCC1CCCCCCC1,22,22,26,28,1.291430,,7,6,,,0,0,0,1,0,10,22,8,32,45,45,29,29,32,2,20,10,15,3,9,2,0,23,9,36,20,16,0,14,0
934,549,126,2397574,7635328,CC1CC(C(=O)N2CCOC(CC(=O)NCC3(F)CCC3)C2)=NO1,COCCC(C)NC1=C2C=NN(C)C2=NC(NCC2=CC=C(CSC)C=C2)=N1,CC1CC(C(=O)N2CCOC(CC(=O)NCC3(F)CCC3)C2)=NO1,COCCC(C)Nc1nc(NCc2ccc(CSC)cc2)nc2c1cnn2C,24,26,28,30,4.261178,,10,9,,,0,0,0,1,0,37,26,5,141,200,200,130,21,141,1,120,65,66,44,0,0,10,174,85,115,45,70,0,22,0
935,465,377,2159572,1277356,CN(C1CCC2(CC1)COC2)S(=O)(=O)C1=CC=C([N+](=O)[O-])C(Cl)=C1,CONC(=O)CNC(=O)CCOCCNC(=O)C1=CC=CS1,CN(C1CCC2(CC1)COC2)S(=O)(=O)c1ccc([N+](=O)[O-])c(Cl)c1,CONC(=O)CNC(=O)CCOCCNC(=O)c1cccs1,24,26,22,22,1.457906,,7,6,,,0,0,0,1,0,18,22,3,67,96,96,65,3,67,0,62,38,12,8,0,0,4,74,31,65,34,31,0,19,0
936,688,766,5365216,2760909,CCN(CC)CC1CCN(C(=O)NC2=CC(C(=O)OC)=CN3C=CN=C23)C1,CC1=C(C)CN(C2=NC=CC(NCC3=CC=CC4=C3C=NN4)=N2)C1,CCN(CC)CC1CCN(C(=O)Nc2cc(C(=O)OC)cn3ccnc23)C1,CC1=C(C)CN(c2nccc(NCc3cccc4[nH]ncc34)n2)C1,27,29,24,27,18.970579,,12,11,,,0,0,0,1,0,93,27,2,365,555,555,321,122,365,2,308,175,290,112,40,9,72,528,163,392,158,234,0,25,0
937,688,268,5365216,2423747,CCN(CC)CC1CCN(C(=O)NC2=CC(C(=O)OC)=CN3C=CN=C23)C1,CCS(=O)(=O)CCNC(=O)[C@H]1CCCN1C(=O)[C@@H]1CC[C@H]1COC,CCN(CC)CC1CCN(C(=O)Nc2cc(C(=O)OC)cn3ccnc23)C1,CCS(=O)(=O)CCNC(=O)[C@H]1CCCN1C(=O)[C@@H]1CC[C@H]1COC,27,29,24,25,21.431612,,11,10,,,0,0,0,1,0,84,25,4,326,593,593,290,199,326,1,279,110,372,135,106,24,73,568,146,447,144,303,0,21,0
938,598,390,5494392,364061,C=CCN(CC(=O)NC)C(=O)C1CN(C(=O)C2=CC=NC(CO)=C2)CCO1,CC1(C)CC(CC(=O)NCCC2(C)N=N2)CC(C)(C)C1,C=CCN(CC(=O)NC)C(=O)C1CN(C(=O)c2ccnc(CO)c2)CCO1,CC1(C)CC(CC(=O)NCCC2(C)N=N2)CC(C)(C)C1,27,28,20,21,11.268380,,11,10,,,0,0,0,1,0,51,21,1,196,354,354,180,198,196,0,164,83,184,57,166,20,14,333,61,293,119,174,0,20,0
939,842,653,3050571,5185318,CSC1=NC=C(Br)C(NC(=O)CNC(=O)C2=CC3=C(CCCC3)S2)=N1,CC1=CC(Br)=C(C(=O)NCC2=CC=C(S(=O)(=O)N3CCCC(C)C3)C=C2)S1,CSc1ncc(Br)c(NC(=O)CNC(=O)c2cc3c(s2)CCCC3)n1,Cc1cc(Br)c(C(=O)NCc2ccc(S(=O)(=O)N3CCCC(C)C3)cc2)s1,25,27,27,29,16.385963,,11,11,,,0,0,0,1,0,118,27,0,469,702,702,398,121,469,0,381,164,344,195,53,12,48,675,302,400,96,304,0,33,0
940,962,380,9950067,1376226,COC1=CC=C(CN(CC2=NNC3=CC(C#N)=CC=C32)CC2CCCC(F)(F)C2)N=C1C,CCC(C)=C(C)C(=O)N(CCC(C)(C)C)CC1COCCO1,COc1ccc(CN(Cc2n[nH]c3cc(C#N)ccc23)CC2CCCC(F)(F)C2)nc1C,CCC(C)=C(C)C(=O)N(CCC(C)(C)C)CC1COCCO1,32,35,22,22,4.691509,,12,11,,,0,0,0,1,0,30,22,2,114,180,180,102,69,114,1,85,36,76,33,49,13,12,158,62,118,40,78,0,20,0
941,110,691,9332415,1837898,COC(=O)C1=CC=C2CCCC(NC(=O)NCC3=CC=C(CNS(C)(=O)=O)C=C3)C2=C1,CC(F)CC(=O)NCCC(C)(C)C(=O)N1CCC12CCSCC2,COC(=O)c1ccc2c(c1)C(NC(=O)NCc1ccc(CNS(C)(=O)=O)cc1)CCC2,CC(F)CC(=O)NCCC(C)(C)C(=O)N1CCC12CCSCC2,31,33,23,24,8.369903,,10,9,,,0,0,0,1,0,55,24,1,214,388,388,195,75,214,0,192,60,205,88,39,24,52,364,128,260,67,193,0,27,0
942,239,482,9025322,1114856,NC1=NC(N2CCCC(NC(=O)/C=C/C3=CC=C4OCOC4=C3)C2)=NC(C2CC2)=N1,CCOC1=CC=C(C(=O)COC(=O)CS(=O)(=O)C(C)C)C=C1,Nc1nc(C2CC2)nc(N2CCCC(NC(=O)/C=C/c3ccc4c(c3)OCO4)C2)n1,CCOc1ccc(C(=O)COC(=O)CS(=O)(=O)C(C)C)cc1,30,34,22,22,10.170215,,10,9,,,0,0,0,1,0,52,22,4,202,314,314,173,107,202,1,163,90,195,63,32,2,43,292,106,208,67,141,0,18,0
943,25,634,7637054,8570018,C=C1CC2CC1CN2C1=NC(N2CCOC(C3=CC=C(C)S3)C2)=NC(NC)=N1,C1=NC=NC(N2CC(NC3=NC(N4CCCN(C5CCCC5)CC4)=NC=N3)C2)=C1,C=C1CC2CC1CN2c1nc(NC)nc(N2CCOC(c3ccc(C)s3)C2)n1,c1cc(N2CC(Nc3ncnc(N4CCCN(C5CCCC5)CC4)n3)C2)ncn1,28,32,29,33,190.106201,,16,16,,,0,0,0,1,0,905,32,5,3610,5065,5065,3039,2021,3610,1,3013,1506,2747,966,1265,540,226,5033,2134,2931,905,2026,0,40,0
944,905,965,1828959,9227748,CC1=C(C(=O)N[C@H]2C[C@H](CC(=O)N[C@H](CO)C3CC3)C2)NC=C1,CCC1=C(CN(CC2=CN(CC3CCOC3)N=N2)CC2(C)CSCCO2)C=NN1C,Cc1cc[nH]c1C(=O)N[C@H]1C[C@H](CC(=O)N[C@H](CO)C2CC2)C1,CCc1c(CN(Cc2cn(CC3CCOC3)nn2)CC2(C)CSCCO2)cnn1C,23,25,30,33,6.700900,,10,9,,,0,0,0,1,0,54,25,2,211,302,302,191,72,211,0,178,88,147,75,11,5,17,277,117,185,74,111,0,23,0
945,574,335,5611587,1746059,CCC1=C(C(=O)N2CC3(C(=O)NCCC4=CSC=C4)CC2CCO3)N=CO1,O=C(/C=C/C1=CC=CO1)NCCOCC(=O)NCC1=NSC=N1,CCc1ocnc1C(=O)N1CC2(C(=O)NCCc3ccsc3)CC1CCO2,O=C(/C=C/c1ccco1)NCCOCC(=O)NCc1ncsn1,27,30,23,24,3.228568,,10,9,,,0,0,0,1,0,27,24,2,103,138,138,98,28,103,0,91,65,44,11,0,0,13,114,59,79,39,40,0,22,0
946,937,624,617794,1850926,NC(=O)C1=CC=CC(C(=O)NC2=CC=NN2C2CC2)=C1F,CC1=CC(CC(=O)N(C)C(C)C(=O)N(C)CC2=CN=CO2)=CS1,NC(=O)c1cccc(C(=O)Nc2ccnn2C2CC2)c1F,Cc1cc(CC(=O)N(C)C(C)C(=O)N(C)Cc2cnco2)cs1,21,23,23,24,6.058984,,10,9,,,0,0,0,1,0,47,23,2,184,268,268,160,80,184,1,150,82,157,55,9,2,38,245,92,176,68,108,0,21,0
947,226,663,6509040,5891057,COC1=CC=CC=C1CN(CC1=CC2=CN=CC=C2N1)CC1(C(N)=O)CC1,COC1=CC(C(=O)N2C[C@@H]3[C@H](C2)[C@H]3NC(=O)C2=NN(C)C(C)=C2)=CC=C1C,COc1ccccc1CN(Cc1cc2cnccc2[nH]1)CC1(C(N)=O)CC1,COc1cc(C(=O)N2C[C@@H]3[C@H](C2)[C@H]3NC(=O)c2cc(C)n(C)n2)ccc1C,27,30,27,30,122.310356,,14,14,,,0,0,0,1,0,277,30,0,1104,2290,2290,1004,867,1104,0,959,315,1301,475,818,184,218,2260,759,1531,245,1286,0,48,0
948,64,650,6426821,2369078,COC1=CON=C1CN(CCSC1CCCC1)C(=O)[C@@H]1CC[C@H]1CN=[N+]=[N-],CC1(C(=O)O)CCC2=CC(C3=CC=C(F)C(C(F)(F)F)=C3)=CC=C21,COc1conc1CN(CCSC1CCCC1)C(=O)[C@@H]1CC[C@H]1CN=[N+]=[N-],CC1(C(=O)O)CCc2cc(-c3ccc(F)c(C(F)(F)F)c3)ccc21,27,29,24,26,26.013807,,7,6,,,0,0,0,1,0,75,26,4,296,594,594,273,54,296,0,263,91,282,124,66,36,118,568,96,498,177,321,0,24,0
949,843,475,6410124,553233,COC1=NC=CN=C1CN(CCCC1=NC=CS1)C(=O)CC1OCCC1C,C=C1CCCN(C(=O)[C@@H]2CCN2C(=O)C2C=CCC2)C1,COc1nccnc1CN(CCCc1nccs1)C(=O)CC1OCCC1C,C=C1CCCN(C(=O)[C@@H]2CCN2C(=O)C2C=CCC2)C1,27,29,20,22,18.838280,,14,13,,,0,0,0,1,0,122,22,2,481,749,749,412,417,481,0,390,168,586,201,146,23,53,727,292,457,120,337,0,21,0
950,931,717,9157215,4187519,CC1=C(NC2COC3=CC=C(F)C=C3C2)N=CN=C1NCC1=CC=C2OCOC2=C1,CC[C@@H](CNC(=O)OC(C)(C)C)NC(=O)NCCC1=CC=CC(Br)=C1O,Cc1c(NCc2ccc3c(c2)OCO3)ncnc1NC1COc2ccc(F)cc2C1,CC[C@@H](CNC(=O)OC(C)(C)C)NC(=O)NCCc1cccc(Br)c1O,30,34,26,26,2.718906,,13,13,,,0,0,0,1,0,36,26,3,139,125,125,114,78,139,0,84,70,47,20,1,1,0,99,51,74,63,11,0,24,0
951,309,664,6909057,2027713,CCC(C(=O)N1CCO[C@@H](C)[C@@H]1C(=O)N1C[C@H](OC)[C@H](OC)C1)N1C=NC=N1,CC(=O)N1CCC(NC(=O)C2=CC=C(F)C3=CC=CN=C23)C(C)C1,CCC(C(=O)N1CCO[C@@H](C)[C@@H]1C(=O)N1C[C@H](OC)[C@H](OC)C1)n1cncn1,CC(=O)N1CCC(NC(=O)c2ccc(F)c3cccnc23)C(C)C1,28,30,24,26,17.565071,,10,9,,,0,0,0,1,0,85,26,1,336,614,614,309,97,336,0,300,125,343,148,33,11,115,588,190,424,119,305,0,25,0
952,418,119,5513770,5969415,C#CCCCCCNC(=O)[C@H]1CCC[C@H](NC(=O)C23CCC(C)(C2)OC3)C1,C[C@@H]1CN(C(=O)C2CCOCC2(C)C)CCN1C(=O)CCCN1C=CC=N1,C#CCCCCCNC(=O)[C@H]1CCC[C@H](NC(=O)C23CCC(C)(C2)OC3)C1,C[C@@H]1CN(C(=O)C2CCOCC2(C)C)CCN1C(=O)CCCn1cccn1,27,29,27,29,26.647657,,13,12,,,0,0,0,1,0,149,29,1,592,1111,1111,535,491,592,0,518,189,662,268,375,50,62,1082,385,726,150,576,0,35,0
953,143,46,4493160,4193236,C=CCC(C)(O)C(=O)NC[C@H]1[C@@H](C(=O)NC2=CN(C(C)C)N=C2)C1(C)C,COC(=O)[C@H]1CC[C@@H](CNC(=O)NCC2=CC=C3NCCOC3=C2)CC1,C=CCC(C)(O)C(=O)NC[C@H]1[C@@H](C(=O)Nc2cnn(C(C)C)c2)C1(C)C,COC(=O)[C@H]1CC[C@@H](CNC(=O)NCc2ccc3c(c2)OCCN3)CC1,26,27,26,28,12.766976,,11,10,,,0,0,0,1,0,59,27,2,227,466,466,215,201,227,0,205,67,270,95,154,28,48,439,115,351,100,251,0,25,0
954,968,38,9459574,5686307,COC[C@H](O)CN1C=C(C2CC23CCN(C(=O)CC2=CC=C(OC)C(Cl)=C2)CC3)N=N1,C#C[C@@H](CC(C)C)NC(=O)C(C)(C)C1CCN(C(=O)C2CC(=C3CC3)C2)C1,COC[C@H](O)Cn1cc(C2CC23CCN(C(=O)Cc2ccc(OC)c(Cl)c2)CC3)nn1,C#C[C@@H](CC(C)C)NC(=O)C(C)(C)C1CCN(C(=O)C2CC(=C3CC3)C2)C1,31,34,27,29,22.735916,,15,14,,,0,0,0,1,0,157,29,2,617,845,845,533,304,617,0,494,278,449,207,133,21,37,816,382,463,151,312,0,30,0
955,311,504,5615921,9514001,COC(=O)NC1CN(C(=O)C2=CC(CNC(=O)C3(CC(C)=O)CC3)=CS2)C1,CCOC1(CNC(=O)C2=NC(C)=C(F)C(C)=C2)CN(S(=O)(=O)C2=CC=C(C)C=C2F)C1,COC(=O)NC1CN(C(=O)c2cc(CNC(=O)C3(CC(C)=O)CC3)cs2)C1,CCOC1(CNC(=O)c2cc(C)c(F)c(C)n2)CN(S(=O)(=O)c2ccc(C)cc2F)C1,27,29,31,33,14.628150,,11,10,,,0,0,0,1,0,78,29,0,308,518,518,269,188,308,0,252,93,340,123,68,24,67,489,169,349,100,249,0,30,0
956,118,99,8758240,2993846,COC(=O)C12CC(CN1CC1=CC=CC=C1)N(C(=O)C1=CC([N+](=O)[O-])=CC(Br)=C1)C2,CCN1CCN(C2=CC=C(CNS(=O)(=O)CC(C)(C)CF)C=N2)CC1,COC(=O)C12CC(CN1Cc1ccccc1)N(C(=O)c1cc(Br)cc([N+](=O)[O-])c1)C2,CCN1CCN(c2ccc(CNS(=O)(=O)CC(C)(C)CF)cn2)CC1,30,33,25,26,19.473034,,13,13,,,0,0,0,1,0,114,26,5,448,635,635,400,141,448,2,380,192,334,172,18,15,42,609,298,337,102,235,0,21,0
957,240,908,7246223,8163226,CC(C)C(F)C(=O)N1CCN(C(=O)C2=COC3=CC=CC=C32)CC1C1CCC1,CC(C)C(CN1CCCC1)NC(=O)CCN1C=C(C(C)(C)C2=CC=CC=C2)N=N1,CC(C)C(F)C(=O)N1CCN(C(=O)c2coc3ccccc23)CC1C1CCC1,CC(C)C(CN1CCCC1)NC(=O)CCn1cc(C(C)(C)c2ccccc2)nn1,28,31,29,31,67.693192,,15,14,,,0,0,0,1,0,271,31,3,1083,2290,2290,977,810,1083,0,942,198,1589,619,501,132,326,2259,769,1521,208,1313,0,29,0
958,550,138,2552858,4247004,CC1(NC(=O)C2CC3(CC(NC(=O)C4(CO)COC4)C3)C2)CSC1,OCCCN(CC1=CC=NC=C1Cl)C(C1=CC=CC=C1)C1=CC=CC=C1,CC1(NC(=O)C2CC3(CC(NC(=O)C4(CO)COC4)C3)C2)CSC1,OCCCN(Cc1ccncc1Cl)C(c1ccccc1)c1ccccc1,24,27,26,28,41.473095,,12,11,,,0,0,0,1,0,188,27,4,749,1485,1485,715,301,749,0,700,278,813,261,231,153,276,1458,396,1089,319,770,0,31,0
959,397,464,4941905,5336484,C[C@H](NS(=O)(=O)C1=CC=C(Br)C=C1N1CCOC(C(N)=O)C1)C1CCC1,O=C(CN1CCC(OCC2=CN=CS2)C1)NCCN1CCC2=CC=CC=C21,C[C@H](NS(=O)(=O)c1ccc(Br)cc1N1CCOC(C(N)=O)C1)C1CCC1,O=C(CN1CCC(OCc2cncs2)C1)NCCN1CCc2ccccc21,26,28,27,30,19.132040,,11,11,,,0,0,0,1,0,95,28,4,379,620,620,315,213,379,0,301,136,402,125,88,30,107,592,221,399,94,305,0,25,0
960,379,686,1962038,2090176,C=C(Br)CNC1=NC(N(C)CCN2C=NC=N2)=NC2=C1CSC2,CC1=CC(O)=CC(C)=C1CC(=O)NCCCC1=CC=C(Cl)C=C1Cl,C=C(Br)CNc1nc(N(C)CCn2cncn2)nc2c1CSC2,Cc1cc(O)cc(C)c1CC(=O)NCCCc1ccc(Cl)cc1Cl,23,25,24,25,2.086402,,7,6,,,0,0,0,1,0,18,25,5,56,105,105,53,24,56,2,43,16,51,17,2,0,18,80,29,76,24,52,0,20,0
961,972,760,4070462,3882586,CCC(CC)N1CC[C@@H](NS(=O)(=O)C2=CN=C(C3=CC=C(Br)C=C3)S2)C1,COC(=O)C(C)(C)C(=O)N(CC1=CSC(C)=C1)CC1OCCC12CC2,CCC(CC)N1CC[C@@H](NS(=O)(=O)c2cnc(-c3ccc(Br)cc3)s2)C1,COC(=O)C(C)(C)C(=O)N(Cc1csc(C)c1)CC1OCCC12CC2,26,28,25,27,10.103848,,9,8,,,0,0,0,1,0,60,27,6,233,415,415,209,93,233,0,193,81,227,95,45,12,61,388,147,268,62,206,0,24,0
962,713,968,1020902,9459574,CCCCC1=NC(C)=C(C(=O)N(C)C2CN(C)S(=O)(=O)C2)S1,COC[C@H](O)CN1C=C(C2CC23CCN(C(=O)CC2=CC=C(OC)C(Cl)=C2)CC3)N=N1,CCCCc1nc(C)c(C(=O)N(C)C2CN(C)S(=O)(=O)C2)s1,COC[C@H](O)Cn1cc(C2CC23CCN(C(=O)Cc2ccc(OC)c(Cl)c2)CC3)nn1,22,23,31,34,3.085030,,9,8,,,0,0,0,1,0,29,23,6,107,148,148,93,52,107,2,87,46,86,30,0,0,8,125,57,91,36,55,0,17,0
963,553,429,4693304,2046013,C/C=C/CC(CC)C(=O)NCC12CC1CN(C(=O)CC1=C(C)C=CS1)C2,O=C(C1=CC=NC2=NC=NN12)N1CCC(COCC(F)(F)F)CC1,C/C=C/CC(CC)C(=O)NCC12CC1CN(C(=O)Cc1sccc1C)C2,O=C(c1ccnc2ncnn12)N1CCC(COCC(F)(F)F)CC1,26,28,24,26,7.531383,,12,11,,,0,0,0,1,0,48,26,6,189,246,246,154,112,189,1,126,69,149,52,27,13,18,220,90,156,64,92,0,27,0
964,601,760,7965965,3882586,CNC(=O)CN1C=CC2=CC=C(NC(=O)NC3=C4OC(=O)NC4=CC(Cl)=C3)C=C21,COC(=O)C(C)(C)C(=O)N(CC1=CSC(C)=C1)CC1OCCC12CC2,CNC(=O)Cn1ccc2ccc(NC(=O)Nc3cc(Cl)cc4[nH]c(=O)oc34)cc21,COC(=O)C(C)(C)C(=O)N(Cc1csc(C)c1)CC1OCCC12CC2,29,32,25,27,19.913696,,11,10,,,0,0,0,1,0,87,27,2,341,684,684,302,218,341,0,279,104,368,133,205,40,74,657,223,461,79,382,0,31,0
965,744,158,9181961,3115192,C1=NC=NN1C1CCN(C2=NC(N3CCOC4(CC4)C3)=NC3=C2CCCCC3)CC1,COC(=O)CC1=CSC(CNC(=O)N2CCC(C)(N3CCCC3)C2)=N1,c1ncn(C2CCN(c3nc(N4CCOC5(CC5)C4)nc4c3CCCCC4)CC2)n1,COC(=O)Cc1csc(CNC(=O)N2CCC(C)(N3CCCC3)C2)n1,30,35,25,27,11.230084,,13,12,,,0,0,0,1,0,84,27,4,328,479,479,297,114,328,0,284,145,199,109,68,20,20,452,206,273,91,182,0,23,0
966,906,424,80879,6107964,CC(C)(NCC1=CC(O)=CC=C1)C1=NC=CS1,O=C(CCC1=CN=CO1)NC[C@H]1CCCN(C(=O)CN2CCOCC2=O)C1,CC(C)(NCc1cccc(O)c1)c1nccs1,O=C(CCc1cnco1)NC[C@H]1CCCN(C(=O)CN2CCOCC2=O)C1,17,18,27,29,3.173036,,12,11,,,0,0,0,1,0,27,18,2,105,137,137,93,44,105,1,78,40,58,31,12,6,0,119,59,78,34,44,0,17,0
967,670,101,1785915,5024803,C=CC(CC)C(=O)N[C@@H](CC(=C)C)C(=O)N[C@@H](C)C1=CSC=N1,CC(C)OCCN(CC1=CC=C2CCCOC2=C1)C(=O)C1=CN(C)C=C1,C=CC(CC)C(=O)N[C@@H](CC(=C)C)C(=O)N[C@@H](C)c1cscn1,CC(C)OCCN(Cc1ccc2c(c1)OCCC2)C(=O)c1ccn(C)c1,23,23,26,28,3.793766,,11,10,,,0,0,0,1,0,32,23,4,118,181,181,108,76,118,0,94,45,120,40,6,4,20,158,60,121,48,73,0,19,0
968,853,501,573979,4499785,CC(CC#N)C(=O)N[C@@H](C)CNC(=O)C[C@@H](C)N(C)C,C#CCOC(=O)CNC(=O)C(F)C1CC(NC(=O)CC2CC3(CC3)C2)C1,CC(CC#N)C(=O)N[C@@H](C)CNC(=O)C[C@@H](C)N(C)C,C#CCOC(=O)CNC(=O)C(F)C1CC(NC(=O)CC2CC3(CC3)C2)C1,20,19,26,28,2.962771,,9,8,,,0,0,0,1,0,34,19,1,123,146,146,100,49,123,0,89,53,75,29,1,0,9,127,46,100,54,46,0,18,0
969,630,417,4381149,6853801,C[C@H]1[C@H](CNC(=O)[C@@H]2C[C@@H](F)CN2C(=O)C2=CC=C(C(N)=O)O2)C1(F)F,CCC(CNC(=O)C[C@H]1CC[C@H](NC(=O)C2CCC3(CC3)C2)CC1)C(C)(F)F,C[C@H]1[C@H](CNC(=O)[C@@H]2C[C@@H](F)CN2C(=O)c2ccc(C(N)=O)o2)C1(F)F,CCC(CNC(=O)C[C@H]1CC[C@H](NC(=O)C2CCC3(CC3)C2)CC1)C(C)(F)F,26,28,28,30,18.278404,,14,13,,,0,0,0,1,0,112,28,2,446,657,657,400,211,446,0,376,196,354,153,82,25,53,629,321,336,79,257,0,26,0
970,961,974,1954968,3767260,C=CCCCCC(N[C@H]1CCO[C@H]1C)C1=NN=NN1C1CCC1,CN(CC1=CN(CCC(=O)O)N=N1)C(=O)CCCN1C=CC=CC1=O,C=CCCCCC(N[C@H]1CCO[C@H]1C)c1nnnn1C1CCC1,CN(Cc1cn(CCC(=O)O)nn1)C(=O)CCCn1ccccc1=O,23,25,25,26,6.791672,,10,9,,,0,0,0,1,0,55,25,1,213,334,334,200,45,213,0,185,87,126,76,27,13,22,309,133,201,67,134,0,26,0
971,286,33,7707730,4859545,CCC(C(=O)N(CC1=CC=C(OC)C(C)=C1)C[C@H]1CCCO1)C1=CC=CN=C1,CC(C)[C@@H](CC(=O)OCC1(C)CCN2C=CN=C21)NC(=O)OC(C)(C)C,CCC(C(=O)N(Cc1ccc(OC)c(C)c1)C[C@H]1CCCO1)c1cccnc1,CC(C)[C@@H](CC(=O)OCC1(C)CCn2ccnc21)NC(=O)OC(C)(C)C,28,30,26,27,10.102851,,9,8,,,0,0,0,1,0,65,27,0,257,412,412,232,90,257,0,218,95,200,93,41,17,37,385,134,278,98,180,0,28,0
972,706,379,3749861,1962038,CCCCN1C=C(CCC(=O)N2CCN3C(=NN=C3C3CC3)C2)N=N1,C=C(Br)CNC1=NC(N(C)CCN2C=NC=N2)=NC2=C1CSC2,CCCCn1cc(CCC(=O)N2CCn3c(nnc3C3CC3)C2)nn1,C=C(Br)CNc1nc(N(C)CCn2cncn2)nc2c1CSC2,25,28,23,25,7.050874,,10,9,,,0,0,0,1,0,42,25,4,157,259,259,137,98,157,2,125,57,150,47,46,12,38,234,50,209,87,122,0,21,0
973,222,454,7028356,8292127,CC1=CC=C(CC(=O)N2CC3C=CC2C(C(=O)NCC2=NC(C)=C(C)S2)C3)S1,C#CCNC(=O)[C@H]1C[C@H]1C(=O)NC1CN(C(=O)CC(C)(C)CC=C)CC12CCC2,Cc1ccc(CC(=O)N2CC3C=CC2C(C(=O)NCc2nc(C)c(C)s2)C3)s1,C#CCNC(=O)[C@H]1C[C@H]1C(=O)NC1CN(C(=O)CC(C)(C)CC=C)CC12CCC2,28,31,29,31,66.198608,,17,16,,,0,0,0,1,0,265,31,4,1048,1791,1791,955,863,1048,1,932,349,1171,411,497,168,95,1760,670,1121,285,836,0,27,0
974,455,973,3197541,2845154,O=C(O)CC1CCC1NCC1=CC=CC=C1OCC1=CC=CC=C1F,CC(C)CNC(=O)C(C(C)C(C)(C)C)N1CCC2=CC(Br)=CC=C21,O=C(O)CC1CCC1NCc1ccccc1OCc1ccccc1F,CC(C)CNC(=O)C(C(C)C(C)(C)C)N1CCc2cc(Br)ccc21,25,27,24,25,21.755558,,14,13,,,0,0,0,1,0,167,25,1,662,930,930,601,310,662,0,573,328,437,184,175,65,9,905,497,433,104,329,0,31,0
975,241,875,2413983,6254698,CONC(=O)CNC(=O)C1(NC(=O)C2=CC(C)=NC(C)=C2)CCC1,C=CC(C)OCC(=O)N1CCC(C2=CN(CC3CCC(F)(F)CC3)N=N2)C1,CONC(=O)CNC(=O)C1(NC(=O)c2cc(C)nc(C)c2)CCC1,C=CC(C)OCC(=O)N1CCC(c2cn(CC3CCC(F)(F)CC3)nn2)C1,24,25,27,29,15.401666,,12,11,,,0,0,0,1,0,70,25,1,272,458,458,231,228,272,1,215,91,311,91,119,25,50,433,128,330,103,227,0,31,0
976,371,101,6878309,5024803,C[C@@H]1CN(C(=O)C23CCC(CC2)CO3)C[C@H]1C(=O)N[C@H](C)C1=CC=CC=C1O,CC(C)OCCN(CC1=CC=C2CCCOC2=C1)C(=O)C1=CN(C)C=C1,C[C@@H]1CN(C(=O)C23CCC(CC2)CO3)C[C@H]1C(=O)N[C@H](C)c1ccccc1O,CC(C)OCCN(Cc1ccc2c(c1)OCCC2)C(=O)c1ccn(C)c1,28,31,26,28,177.432053,,18,17,,,0,0,0,1,0,439,28,0,1739,3423,3423,1503,1819,1739,0,1454,387,2124,501,1577,587,331,3395,1057,2366,446,1920,0,60,0
977,702,376,2979898,6724309,CC(C)COC1CCN(C2=C(Cl)C(=O)N(C3=CC=CC=C3)N=C2)CC1,CC(C)C1=CC=CC2=C1CCN(C(=O)NC1=CC(C(N)=O)=CC=C1N(C)C)C2,CC(C)COC1CCN(c2cnn(-c3ccccc3)c(=O)c2Cl)CC1,CC(C)c1cccc2c1CCN(C(=O)Nc1cc(C(N)=O)ccc1N(C)C)C2,25,27,28,30,7.639872,,11,10,,,0,0,0,1,0,50,27,4,199,266,266,171,109,199,1,147,93,149,48,27,7,30,239,97,169,74,95,0,25,0
978,557,923,3798566,4802630,COC(=O)NC1CCN(C2=NC(N3CCC(C#N)CC3)=NC=C2)CC1,CCC1(NC(=O)CCC(=O)C2CC2)CN(C(=O)CC2CCC=CCC2)C1,COC(=O)NC1CCN(c2ccnc(N3CCC(C#N)CC3)n2)CC1,CCC1(NC(=O)CCC(=O)C2CC2)CN(C(=O)CC2CCC=CCC2)C1,25,27,26,28,5.907747,,9,8,,,0,0,0,1,0,50,27,3,188,260,260,162,61,188,0,150,82,121,53,11,3,20,233,111,149,51,98,0,24,0
979,660,367,4114235,9447173,CN1CCC(OC2=CC(NC(=O)C3=CN4N=NN=C4C=C3)=CC=N2)CC1,CN(CC1(O)CCN(C(=O)C2=CC=C([N+](=O)[O-])N2C)CC1)C(=O)[C@H](O)C1=CC=CC=C1,CN1CCC(Oc2cc(NC(=O)c3ccc4nnnn4c3)ccn2)CC1,CN(CC1(O)CCN(C(=O)c2ccc([N+](=O)[O-])n2C)CC1)C(=O)[C@H](O)c1ccccc1,26,29,31,33,7.756320,,14,13,,,0,0,0,1,0,67,29,3,262,322,322,214,106,262,0,188,112,171,73,11,3,24,293,112,210,102,108,0,26,0
980,62,407,6416646,913391,CCOC1CC(CN(CC2=NC=C(OC)N=C2)C(=O)[C@H]2C[C@@]2(C)C2CC2)C1,C#CCOCCC(=O)NCCN1CCC(NC(C)=O)CC1,CCOC1CC(CN(Cc2cnc(OC)cn2)C(=O)[C@H]2C[C@@]2(C)C2CC2)C1,C#CCOCCC(=O)NCCN1CCC(NC(C)=O)CC1,27,30,21,21,5.667235,,11,10,,,0,0,0,1,0,54,21,1,205,270,270,186,70,205,0,168,106,128,60,0,0,21,249,133,137,53,84,0,20,0
981,282,194,9846240,28582,CCC1=C(C(=O)NC(C)C2CCN(S(=O)(=O)C3=CC=CC4=CC=CN=C43)C2)N=NN1CC,CCC=C(C)C(=O)NCCN1CCCC1C,CCc1c(C(=O)NC(C)C2CCN(S(=O)(=O)c3cccc4cccnc34)C2)nnn1CC,CCC=C(C)C(=O)NCCN1CCCC1C,32,35,16,16,1.778702,,9,8,,,0,0,0,1,0,26,16,1,92,110,110,85,28,92,1,74,54,35,14,3,2,6,94,48,62,37,25,0,15,0
982,991,125,2218362,2568785,CN1N=CC=C1C1CCN(CC2CCCN(C(=O)C(C)(C)C)C2)C1,CC(C)OCC(C)(C)C(=O)N[C@H]1C[C@@H](C(=O)NC2CC=CCC2)C1,Cn1nccc1C1CCN(CC2CCCN(C(=O)C(C)(C)C)C2)C1,CC(C)OCC(C)(C)C(=O)N[C@H]1C[C@@H](C(=O)NC2CC=CCC2)C1,24,26,24,25,17.560328,,12,11,,,0,0,0,1,0,102,25,3,403,639,639,361,240,403,2,342,177,431,158,63,4,73,614,231,408,130,278,0,22,0
983,971,868,7431360,7961506,CCN1C(C)=CC(C(=O)N2CCC(N3C=C(CCC4CCOC4)N=N3)C2)=C1C,CN(C1=CC=C(CNC(=O)NC2=NC=CC=C2OCCF)C=C1)C1CCCCC1,CCn1c(C)cc(C(=O)N2CCC(n3cc(CCC4CCOC4)nn3)C2)c1C,CN(c1ccc(CNC(=O)Nc2ncccc2OCCF)cc1)C1CCCCC1,28,31,29,31,19.060928,,11,10,,,0,0,0,1,0,100,31,2,397,668,668,360,181,397,0,351,145,411,161,47,25,87,637,236,432,124,308,0,29,0
984,843,465,6410124,2159572,COC1=NC=CN=C1CN(CCCC1=NC=CS1)C(=O)CC1OCCC1C,CN(C1CCC2(CC1)COC2)S(=O)(=O)C1=CC=C([N+](=O)[O-])C(Cl)=C1,COc1nccnc1CN(CCCc1nccs1)C(=O)CC1OCCC1C,CN(C1CCC2(CC1)COC2)S(=O)(=O)c1ccc([N+](=O)[O-])c(Cl)c1,27,29,24,26,5.666927,,9,8,,,0,0,0,1,0,37,26,6,143,253,253,134,51,143,0,118,45,114,47,30,22,34,227,42,211,92,119,0,21,0
985,93,678,7173889,4318056,CC(C)C(C#N)C(=O)NCC(NC(=O)C1=CN(C2CCC2)N=N1)C1CCCC1,N#CC1(CCC(=O)NCCC2(C(=O)NCC3CC3(F)F)CCC2)CCC1,CC(C)C(C#N)C(=O)NCC(NC(=O)c1cn(C2CCC2)nn1)C1CCCC1,N#CC1(CCC(=O)NCCC2(C(=O)NCC3CC3(F)F)CCC2)CCC1,28,30,26,28,16.337593,,13,12,,,0,0,0,1,0,82,28,2,321,562,562,298,243,321,1,280,115,354,91,126,66,80,534,210,352,88,264,0,28,0
986,217,657,3764730,8708776,CC(C)C(F)(F)C(=O)N1CC(C2=CN(CCCOC3CCC3)N=N2)C1,CO[C@H](CO)CN(CC1=CC=C(OCC(C)C)C=C1)C(=O)NC1=CC=NC(C)=C1,CC(C)C(F)(F)C(=O)N1CC(c2cn(CCCOC3CCC3)nn2)C1,CO[C@H](CO)CN(Cc1ccc(OCC(C)C)cc1)C(=O)Nc1ccnc(C)c1,25,27,29,30,8.437757,,9,8,,,0,0,0,1,0,73,27,4,279,410,410,243,97,279,1,236,106,208,112,30,2,13,383,141,269,102,167,0,23,0
987,654,611,5240309,6791116,CC1=C(NC(=O)CC2CCN(C(=O)OC(C)(C)C)C2)C=CC=C1S(N)(=O)=O,O=C(N1CCCN(C2=CC=C(C(F)(F)F)C=N2)CC1)C1(C2CC2)CCNCC1,Cc1c(NC(=O)CC2CCN(C(=O)OC(C)(C)C)C2)cccc1S(N)(=O)=O,O=C(N1CCCN(c2ccc(C(F)(F)F)cn2)CC1)C1(C2CC2)CCNCC1,27,28,28,31,14.127648,,12,11,,,0,0,0,1,0,76,28,6,299,401,401,248,128,299,2,233,136,238,85,15,5,47,373,145,256,103,153,0,22,0
988,994,21,7879141,6114384,COC1=CC=CC(N(CCC#N)C(=O)C2=C(C)N(C3=CC=CC=C3C)C(C)=C2)=C1,CC1CC(C(=O)N2CCN(C(=O)C3=C(F)C=NC(O)=C3)CC2C(C)(C)C)C1,COc1cccc(N(CCC#N)C(=O)c2cc(C)n(-c3ccccc3C)c2C)c1,CC1CC(C(=O)N2CCN(C(=O)c3cc(O)ncc3F)CC2C(C)(C)C)C1,29,31,27,29,79.276939,,15,14,,,0,0,0,1,0,240,29,1,959,1792,1792,823,1425,959,0,788,307,1243,288,1117,200,246,1763,554,1238,269,969,0,52,0
989,51,805,1637007,10189248,CCC1CN2CCCC2CN1C(=O)NCCOC1=CC=NC=C1,CN(CC1=CC=CC=C1)C(=O)CNC(=O)CNCC1CCCN(C(=O)OCC2=CC=CC=C2)C1,CCC1CN2CCCC2CN1C(=O)NCCOc1ccncc1,CN(Cc1ccccc1)C(=O)CNC(=O)CNCC1CCCN(C(=O)OCc2ccccc2)C1,23,25,34,36,10.441589,,11,10,,,0,0,0,1,0,69,25,0,272,455,455,257,137,272,0,237,119,244,94,66,19,47,430,154,301,103,198,0,28,0
990,341,249,7596939,4332357,CCC(C)(C)N1N=NN=C1C(C1=CN=C(C2CC2)O1)N1CCC(C)(CSC)C1,CC(CC(=O)NC1(C(=O)NC(C)CCN(C)C)CCCCC1)CN(C)C,CCC(C)(C)n1nnnc1C(c1cnc(C2CC2)o1)N1CCC(C)(CSC)C1,CC(CC(=O)NC1(C(=O)NC(C)CCN(C)C)CCCCC1)CN(C)C,28,31,26,26,14.800095,,15,14,,,0,0,0,1,0,98,26,2,385,471,471,320,177,385,0,295,173,241,92,57,31,21,445,165,306,155,151,0,24,0
991,128,805,7513095,10189248,COC1=CC=CC(C(=O)NC(CNS(=O)(=O)CC(C)O)C2=CC(C)=CC=C2)=C1,CN(CC1=CC=CC=C1)C(=O)CNC(=O)CNCC1CCCN(C(=O)OCC2=CC=CC=C2)C1,COc1cccc(C(=O)NC(CNS(=O)(=O)CC(C)O)c2cccc(C)c2)c1,CN(Cc1ccccc1)C(=O)CNC(=O)CNCC1CCCN(C(=O)OCc2ccccc2)C1,28,29,34,36,17.381802,,11,11,,,0,0,0,1,0,84,29,4,327,492,492,292,163,327,1,267,140,303,119,30,8,57,463,184,308,108,200,0,25,0
992,578,210,8026689,1866704,COC1=CC=NC(N2CCN(C(=O)C(=O)NCC3=CN=C(N(C)C)N3C)CC2)=C1,O=C(CN1C=C(CNC2CCOC2)N=N1)NCCC1(O)CCC1,COc1ccnc(N2CCN(C(=O)C(=O)NCc3cnc(N(C)C)n3C)CC2)c1,O=C(Cn1cc(CNC2CCOC2)nn1)NCCC1(O)CCC1,29,31,23,25,10.393016,,13,12,,,0,0,0,1,0,61,25,2,237,336,336,216,51,237,0,197,122,121,57,25,14,35,311,141,195,75,120,0,25,0
993,70,849,4319416,7821504,CCCCSCC(=O)N[C@H]1CC[C@@H](CC(=O)N2CC(CO)(OC)C2)CC1,CC1(C)OCC(CCN(CC2=CC=C3CCOC3=C2)CC2C3CCC2CC3)O1,CCCCSCC(=O)N[C@H]1CC[C@@H](CC(=O)N2CC(CO)(OC)C2)CC1,CC1(C)OCC(CCN(Cc2ccc3c(c2)OCC3)CC2C3CCC2CC3)O1,26,27,28,32,24.732252,,14,14,,,0,0,0,1,0,97,27,4,386,642,642,341,481,386,1,316,157,486,139,268,22,18,615,246,396,95,301,0,25,0
994,783,567,9628048,10058109,CC1=CN(CCN(CC2=CC=C(C)C3=C2CCC3)C(=O)C2=CC=CC(C#N)=C2O)N=C1,COC(=O)C1=CC=CC=C1CN1C=C([C@@H]2CCCN2C(=O)C2=CN=C(C)C(C(C)=O)=C2)N=N1,Cc1cnn(CCN(Cc2ccc(C)c3c2CCC3)C(=O)c2cccc(C#N)c2O)c1,COC(=O)c1ccccc1Cn1cc([C@@H]2CCCN2C(=O)c2cnc(C)c(C(C)=O)c2)nn1,31,34,33,36,186.690781,,17,16,,,0,0,0,1,0,410,34,1,1632,3380,3380,1468,1678,1632,0,1411,516,2076,495,1474,424,346,3346,1017,2363,451,1912,0,57,0
995,212,600,7369947,2966281,CCC1=C(C(=O)N2CC3CCC(C2)C3NC(=O)C2=NC=CN2C(C)C)N=NN1,CCC1=CC=C(C(=O)NC2CC(C3CN(C(=O)OC(C)(C)C)C3)C2)N1,CCc1[nH]nnc1C(=O)N1CC2CCC(C1)C2NC(=O)c1nccn1C(C)C,CCc1ccc(C(=O)NC2CC(C3CN(C(=O)OC(C)(C)C)C3)C2)[nH]1,28,31,25,27,39.847702,,14,13,,,0,0,0,1,0,183,27,2,723,1167,1167,623,213,723,1,604,220,715,372,15,6,155,1140,423,744,200,544,0,25,0
996,221,832,5336157,6223222,O=C(CN1C[C@@H]2OCO[C@@H]2C1)N1CCN(CC2=CC=CC=C2)C2(CCC2)C1,CC1=CN=CC(S(=O)(=O)N2CC[C@@H](NC(=O)C3=CC=C4NN=NC4=N3)C2)=C1,O=C(CN1C[C@@H]2OCO[C@@H]2C1)N1CCN(Cc2ccccc2)C2(CCC2)C1,Cc1cncc(S(=O)(=O)N2CC[C@@H](NC(=O)c3ccc4[nH]nnc4n3)C2)c1,27,31,27,30,13.839401,,14,13,,,0,0,0,1,0,84,30,6,333,503,503,291,196,333,0,279,125,354,142,24,0,35,473,196,307,95,212,0,25,0
997,890,238,302330,5416414,NC1=CN=C(Br)C=C1CN1CCC(C(O)CO)CC1,CC1=CC=C(CN2CCCC2)C=C1NC(=O)C(=O)NCC1=CN=CC=C1O,Nc1cnc(Br)cc1CN1CCC(C(O)CO)CC1,Cc1ccc(CN2CCCC2)cc1NC(=O)C(=O)NCc1cnccc1O,19,20,27,29,27.998257,,13,12,,,0,0,0,1,0,140,20,1,558,917,917,494,185,558,0,486,242,531,215,57,18,151,897,370,547,124,423,0,27,0
998,336,792,264655,5446813,CC1=CN(CCN2CCN(C)C3(CCOC3)C2)N=C1,CN1C=C([C@@H]2C[C@H]2NC(=O)C2=CC=C3C(=C2)NC(=O)C32CCNCC2)C=N1,Cc1cnn(CCN2CCN(C)C3(CCOC3)C2)c1,Cn1cc([C@@H]2C[C@H]2NC(=O)c2ccc3c(c2)NC(=O)C32CCNCC2)cn1,19,21,27,31,3.182897,,8,7,,,0,0,0,1,0,31,21,2,118,160,160,101,75,118,1,87,45,87,28,27,9,11,139,44,116,57,59,0,19,0
999,151,807,6361710,831306,CSCCCN(CC1=NN(C)C2=CC=CC=C21)C(=O)C1=C(C2CC2)C=CO1,O=C(O)C1=C(NC(=O)C2=C3CCCCN3C=C2)C=C(Cl)S1,CSCCCN(Cc1nn(C)c2ccccc12)C(=O)c1occc1C1CC1,O=C(Nc1cc(Cl)sc1C(=O)O)c1ccn2c1CCCC2,27,30,21,23,18.950157,,13,12,,,0,0,0,1,0,123,23,1,488,734,734,451,167,488,0,423,222,337,167,88,40,45,711,326,408,125,283,0,29,0
