pair_index,mol_a_idx,mol_b_idx,input_line_a,input_line_b,input_smiles_a,input_smiles_b,smiles_a,smiles_b,atoms_a,bonds_a,atoms_b,bonds_b,nvmolkit_time_ms,rdkit_time_ms,nvmolkit_atoms,nvmolkit_bonds,rdkit_atoms,rdkit_bonds,rdkit_completed,nvmolkit_canceled,nvmolkit_overflowed,nvmolkit_used_gpu,nvmolkit_used_fallback
0,654,114,5240309,5937853,CC1=C(NC(=O)CC2CCN(C(=O)OC(C)(C)C)C2)C=CC=C1S(N)(=O)=O,CCN1N=CC(C)=C1C(=O)NCC(C)CN(C)C(=O)C1=CSC(C(C)=O)=N1,Cc1c(NC(=O)CC2CCN(C(=O)OC(C)(C)C)C2)cccc1S(N)(=O)=O,CCn1ncc(C)c1C(=O)NCC(C)CN(C)C(=O)c1csc(C(C)=O)n1,27,28,27,28,36.957291,5.576051,12,11,12,11,1,0,0,1,0
1,25,759,7637054,8626595,C=C1CC2CC1CN2C1=NC(N2CCOC(C3=CC=C(C)S3)C2)=NC(NC)=N1,CC1=CC(C(=O)N(CC2=C3C=CN(C)C3=CC=C2)C[C@@H]2CCCC[C@H]2O)=CC=N1,C=C1CC2CC1CN2c1nc(NC)nc(N2CCOC(c3ccc(C)s3)C2)n1,Cc1cc(C(=O)N(Cc2cccc3c2ccn3C)C[C@@H]2CCCC[C@H]2O)ccn1,28,32,29,32,46.802723,3.370679,11,10,11,10,1,0,0,1,0
2,281,250,7360629,970568,CCC1=NC(C)=C(C(=O)N2CCN(C(=O)C=CC3=CSC=C3)CC23CCC3)O1,CC1=CC=C(F)C=C1NC(=O)CC(C1=CC=CC=C1)C(C)C,CCc1nc(C)c(C(=O)N2CCN(C(=O)C=Cc3ccsc3)CC23CCC3)o1,Cc1ccc(F)cc1NC(=O)CC(c1ccccc1)C(C)C,28,31,22,23,47.173111,2.487237,11,10,11,10,1,0,0,1,0
3,228,142,4759077,3301945,CON=CC(=O)N1CCC(OCCNC(=O)[C@H]2CCC[C@H]2C(=O)OC)C1,CC1=C(C(=O)N2CC(C)(C)C[C@H]2C(=O)NCC(C)OCCO)N=CO1,CON=CC(=O)N1CCC(OCCNC(=O)[C@H]2CCC[C@H]2C(=O)OC)C1,Cc1ocnc1C(=O)N1CC(C)(C)C[C@H]1C(=O)NCC(C)OCCO,26,27,25,26,27.384075,3.697939,12,11,12,11,1,0,0,1,0
4,754,104,9496029,6937058,CC1=NC(NC[C@]23CCC[C@H]2CN(C(=O)[C@@H](CCC(N)=O)N(C)C)C3)=C2C=NNC2=N1,CC1=CN=C(O)C(NC(=O)C2CCN(C(=O)C(F)C3(O)CCCC3)CCO2)=C1,Cc1nc(NC[C@]23CCC[C@H]2CN(C(=O)[C@@H](CCC(N)=O)N(C)C)C3)c2cn[nH]c2n1,Cc1cnc(O)c(NC(=O)C2CCN(C(=O)C(F)C3(O)CCCC3)CCO2)c1,31,34,28,30,77.457542,3.823375,16,15,16,15,1,0,0,1,0
5,692,758,2627573,9782512,NC1=CC=C(C(=O)N2C[C@@H]3CN(C(=O)C4=NSC=C4)C[C@@H]3C2)C=N1,CCCN1CCCCC1C(=O)N1CC2(CN(C(=O)C3=CC(N(C)C)=CC=N3)CC2CO)C1,Nc1ccc(C(=O)N2C[C@@H]3CN(C(=O)c4ccsn4)C[C@@H]3C2)cn1,CCCN1CCCCC1C(=O)N1CC2(CN(C(=O)c3cc(N(C)C)ccn3)CC2CO)C1,24,27,32,35,304.417267,5.707219,20,20,20,20,1,0,0,1,0
6,913,558,9854679,2672686,CCC(C)(CC1=CN(C2CCCCNC2=O)N=N1)C(=O)N1CCC(C)=C(C2=CC=CO2)C1,O=C1CC(C(=O)NC/C=C\CNC(=O)[C@H]2C[C@@H]2C2CCCO2)=NN1,CCC(C)(Cc1cn(C2CCCCNC2=O)nn1)C(=O)N1CCC(C)=C(c2ccco2)C1,O=C1CC(C(=O)NC/C=C\CNC(=O)[C@H]2C[C@@H]2C2CCCO2)=NN1,32,35,24,26,44.389797,2.047961,12,11,12,11,1,0,0,1,0
7,89,604,164641,2155819,CCOCC[C@@H](C)NCC1=CNC(C(=O)OC)=C1,CCOC1=CC=C(S(=O)(=O)N2CC(C(=O)OC)CC2(C)C)C=C1Cl,CCOCC[C@@H](C)NCc1c[nH]c(C(=O)OC)c1,CCOc1ccc(S(=O)(=O)N2CC(C(=O)OC)CC2(C)C)cc1Cl,18,18,24,25,8.206499,1.536560,9,8,9,8,1,0,0,1,0
8,432,32,4727751,2646999,CN(C[C@@H]1C[C@H](F)CN1C(=O)[C@H]1CCCN1C)C(=O)CCCC(F)(F)F,NC(=O)C[C@@H](O)C(=O)NC1COCCN(C(=O)C2=CC=CC=C2)C1,CN(C[C@@H]1C[C@H](F)CN1C(=O)[C@H]1CCCN1C)C(=O)CCCC(F)(F)F,NC(=O)C[C@@H](O)C(=O)NC1COCCN(C(=O)c2ccccc2)C1,26,27,24,25,73.842278,3.927172,17,16,17,16,1,0,0,1,0
9,30,95,9383559,9309198,CC(C)(C)OC(=O)NC1(C2CCC(C(=O)O)N(CC3=CC(C#N)=CC=C3Br)C2)CCC1,COC1=CC=C(CC2CCN(C(=O)C3=CC=C(N4C=NC5=CC=CC=C54)C=C3)C2)C=C1,CC(C)(C)OC(=O)NC1(C2CCC(C(=O)O)N(Cc3cc(C#N)ccc3Br)C2)CCC1,COc1ccc(CC2CCN(C(=O)c3ccc(-n4cnc5ccccc54)cc3)C2)cc1,31,33,31,35,300.491364,7.146929,19,18,19,18,1,0,0,1,0
10,223,238,4544882,5416414,CC(=O)OCC1CN(C(=O)[C@@H]2[C@@H](C)OCCN2C(=O)CC2=NOC=C2)C1,CC1=CC=C(CN2CCCC2)C=C1NC(=O)C(=O)NCC1=CN=CC=C1O,CC(=O)OCC1CN(C(=O)[C@@H]2[C@@H](C)OCCN2C(=O)Cc2ccon2)C1,Cc1ccc(CN2CCCC2)cc1NC(=O)C(=O)NCc1cnccc1O,26,28,27,29,52.486820,3.692560,15,14,15,14,1,0,0,1,0
11,517,616,8356445,7793318,CC1=C(C)C(C(=O)N2CCCN(C(=O)C3=CN=C4N=CC=CC4=C3)C[C@@H]2C)=CS1,CCC1=CC=CC(CCN(CC2=NC=C(OC)N=C2)CC2=NN=C(CC)N2)=C1,Cc1scc(C(=O)N2CCCN(C(=O)c3cnc4ncccc4c3)C[C@@H]2C)c1C,CCc1cccc(CCN(Cc2cnc(OC)cn2)Cc2nnc(CC)[nH]2)c1,29,32,28,30,105.679642,4.985779,17,16,17,16,1,0,0,1,0
12,27,574,6857256,5611587,CC(=O)N[C@@H](C(=O)N1CCC(C(=O)NC2CCN3N=NN=C3C2)CC1)C(C)C,CCC1=C(C(=O)N2CC3(C(=O)NCCC4=CSC=C4)CC2CCO3)N=CO1,CC(=O)N[C@@H](C(=O)N1CCC(C(=O)NC2CCn3nnnc3C2)CC1)C(C)C,CCc1ocnc1C(=O)N1CC2(C(=O)NCCc3ccsc3)CC1CCO2,28,30,27,30,506.287048,33.365072,18,17,18,17,1,0,0,1,0
13,203,733,5641571,5747447,C=CCC(CNC(=O)CCC1=NN(C)C=C1)C(=O)N1CCC2(CCCC2)C1,CC1=NON=C1CC(=O)N1C[C@H]2CCC[C@H]2[C@H]1C(=O)N(C)[C@@H]1CCC[C@H]1O,C=CCC(CNC(=O)CCc1ccn(C)n1)C(=O)N1CCC2(CCCC2)C1,Cc1nonc1CC(=O)N1C[C@H]2CCC[C@H]2[C@H]1C(=O)N(C)[C@@H]1CCC[C@H]1O,27,29,27,30,54.006065,2.108796,14,14,14,14,1,0,0,1,0
14,665,718,7440053,1002008,O=C(CC1=CC=CC=C1OC1CCCC1)OC/C=C/C1=CC=C2OCOC2=C1,CC1=NN=C(CNC(=O)C2=C(C)C(C)(C)OC2=O)N1C1CC1,O=C(Cc1ccccc1OC1CCCC1)OC/C=C/c1ccc2c(c1)OCO2,CC1=C(C(=O)NCc2nnc(C)n2C2CC2)C(=O)OC1(C)C,28,31,22,24,7.695634,0.500685,8,7,8,7,1,0,0,1,0
15,558,429,2672686,2046013,O=C1CC(C(=O)NC/C=C\CNC(=O)[C@H]2C[C@@H]2C2CCCO2)=NN1,O=C(C1=CC=NC2=NC=NN12)N1CCC(COCC(F)(F)F)CC1,O=C1CC(C(=O)NC/C=C\CNC(=O)[C@H]2C[C@@H]2C2CCCO2)=NN1,O=C(c1ccnc2ncnn12)N1CCC(COCC(F)(F)F)CC1,24,26,24,26,14.479816,0.744406,11,10,11,10,1,0,0,1,0
16,225,459,9996204,8067682,CCOC(=O)C1=C(C2=CN=CO2)N(C2=CC(C)=CC(C)=C2)C(=S)NC1C1=CC(C2CC2)=NO1,CCSC(C(=O)N1CC2(CCCC2)C1C(=O)NCC1=NC(CO)=CC=C1)C(C)C,CCOC(=O)C1=C(c2cnco2)N(c2cc(C)cc(C)c2)C(=S)NC1c1cc(C2CC2)no1,CCSC(C(=O)N1CC2(CCCC2)C1C(=O)NCc1cccc(CO)n1)C(C)C,33,37,29,31,79.522125,3.747997,12,11,12,11,1,0,0,1,0
17,603,284,2234872,8276759,CC1=CC(CN(C)C(=O)NC2=CN(C(C)(C)C)N=C2C(N)=O)=NO1,CCCC1=CC=C(C(=O)N2CC[C@H](CO)[C@@H](NC(=O)C3C[C@H]4CC[C@H]4C3)C2)C=C1,Cc1cc(CN(C)C(=O)Nc2cn(C(C)(C)C)nc2C(N)=O)no1,CCCc1ccc(C(=O)N2CC[C@H](CO)[C@@H](NC(=O)C3C[C@H]4CC[C@H]4C3)C2)cc1,24,25,29,32,22.497736,1.084575,10,9,10,9,1,0,0,1,0
18,828,890,5398052,302330,COC1=CC(CCNC(=O)N(CC2=CC=CS2)C2CCOC2)=CC(F)=C1F,NC1=CN=C(Br)C=C1CN1CCC(C(O)CO)CC1,COc1cc(CCNC(=O)N(Cc2cccs2)C2CCOC2)cc(F)c1F,Nc1cnc(Br)cc1CN1CCC(C(O)CO)CC1,27,29,19,20,18.450212,1.385551,10,9,10,9,1,0,0,1,0
19,6,777,9819790,2724797,CC1=CC=C(C(C)C)C(C(=O)NC[C@H]2CC[C@H](CN3C=C(CN4C=CN=C4)N=N3)CC2)=C1,CCCCC1=CC(NCC[C@H](C)NC(=O)[C@H]2CCC[C@@H]2O)=NC=N1,Cc1ccc(C(C)C)c(C(=O)NC[C@H]2CC[C@H](Cn3cc(Cn4ccnc4)nn3)CC2)c1,CCCCc1cc(NCC[C@H](C)NC(=O)[C@H]2CCC[C@@H]2O)ncn1,32,35,24,25,39.192001,1.467959,14,13,14,13,1,0,0,1,0
20,825,163,6852006,3471882,CC1=NOC(CC(=O)N2CC(OCCC(=O)NCC3=CC=C(F)N=C3C)C2)=C1,CCC1(C(=O)NCC(O)C(=O)OC)CCN(C(=O)[C@H](C)C2CC2)CC1,Cc1cc(CC(=O)N2CC(OCCC(=O)NCc3ccc(F)nc3C)C2)on1,CCC1(C(=O)NCC(O)C(=O)OC)CCN(C(=O)[C@H](C)C2CC2)CC1,28,30,25,26,33.252369,1.934183,12,11,12,11,1,0,0,1,0
21,714,432,7488944,4727751,CCC(C)C1=NC=CC(NC[C@H]2CCC[C@@H](NC(=O)CN3N=CC=C3C)C2)=N1,CN(C[C@@H]1C[C@H](F)CN1C(=O)[C@H]1CCCN1C)C(=O)CCCC(F)(F)F,CCC(C)c1nccc(NC[C@H]2CCC[C@@H](NC(=O)Cn3nccc3C)C2)n1,CN(C[C@@H]1C[C@H](F)CN1C(=O)[C@H]1CCCN1C)C(=O)CCCC(F)(F)F,28,30,26,27,21.604168,1.271729,13,12,13,12,1,0,0,1,0
22,348,284,2791183,8276759,CCC1=CC=C(CN(CC(Cl)(Cl)Cl)C(=O)CNC(=O)CC(C)C)O1,CCCC1=CC=C(C(=O)N2CC[C@H](CO)[C@@H](NC(=O)C3C[C@H]4CC[C@H]4C3)C2)C=C1,CCc1ccc(CN(CC(Cl)(Cl)Cl)C(=O)CNC(=O)CC(C)C)o1,CCCc1ccc(C(=O)N2CC[C@H](CO)[C@@H](NC(=O)C3C[C@H]4CC[C@H]4C3)C2)cc1,24,24,29,32,20.140465,0.615859,18,17,18,17,1,0,0,1,0
23,159,220,9521402,402122,C[C@H](CNC(=O)C1=CC=CC=C1OCC1=CN(C2=CC=C(Cl)C=C2)N=N1)OC(C)(C)C,CC(C(=O)NCC(C)(C)C1=NOC=N1)N1CCCC1=O,C[C@H](CNC(=O)c1ccccc1OCc1cn(-c2ccc(Cl)cc2)nn1)OC(C)(C)C,CC(C(=O)NCC(C)(C)c1ncon1)N1CCCC1=O,31,33,20,21,14.825869,0.987337,8,7,8,7,1,0,0,1,0
24,980,781,5308922,9990567,O=C(CCN1N=NC2=CC=CC=C2C1=O)N1CCC2(CCCCCC2)CC1,COC(=O)C1=CC=C(NC(=O)C2CCN(C(=O)C3=CC=C(F)C=C3F)CC2)C2=CC=NC=C12,O=C(CCn1nnc2ccccc2c1=O)N1CCC2(CCCCCC2)CC1,COC(=O)c1ccc(NC(=O)C2CCN(C(=O)c3ccc(F)cc3F)CC2)c2ccncc12,27,30,33,36,138.811401,5.010881,13,12,13,12,1,0,0,1,0
25,344,104,9516268,6937058,N#CC[C@@H](O)CN1C=C(C2=CC=CC(OCC(=O)NC3CCC4=NC=CN4C3)=C2)N=N1,CC1=CN=C(O)C(NC(=O)C2CCN(C(=O)C(F)C3(O)CCCC3)CCO2)=C1,N#CC[C@@H](O)Cn1cc(-c2cccc(OCC(=O)NC3CCc4nccn4C3)c2)nn1,Cc1cnc(O)c(NC(=O)C2CCN(C(=O)C(F)C3(O)CCCC3)CCO2)c1,31,34,28,30,104.491730,5.240149,14,13,14,13,1,0,0,1,0
26,94,389,4847972,7130093,CS(=O)CCC(=O)N1CCC[C@@H]1CN1C=C(C2=CC=CC(F)=C2N)N=N1,CCCC1=CN=NC(C(=O)N[C@H]2COC[C@H]2N2C=C(CC(OC)OC)N=N2)=C1,CS(=O)CCC(=O)N1CCC[C@@H]1Cn1cc(-c2cccc(F)c2N)nn1,CCCc1cnnc(C(=O)N[C@H]2COC[C@H]2n2cc(CC(OC)OC)nn2)c1,26,28,28,30,240.295486,10.717552,17,16,17,16,1,0,0,1,0
27,99,367,2993846,9447173,CCN1CCN(C2=CC=C(CNS(=O)(=O)CC(C)(C)CF)C=N2)CC1,CN(CC1(O)CCN(C(=O)C2=CC=C([N+](=O)[O-])N2C)CC1)C(=O)[C@H](O)C1=CC=CC=C1,CCN1CCN(c2ccc(CNS(=O)(=O)CC(C)(C)CF)cn2)CC1,CN(CC1(O)CCN(C(=O)c2ccc([N+](=O)[O-])n2C)CC1)C(=O)[C@H](O)c1ccccc1,25,26,31,33,81.177406,3.865183,12,11,12,11,1,0,0,1,0
28,867,352,4152808,4876269,CC(C)CN1N=C(C2=CC=CC=C2)C=C1NC(=O)N(C)C1(CO)COC1,CCC1=NSC(N2CCC[C@H]2CNC(=O)CC2=CC=C3OCCC3=C2)=N1,CC(C)Cn1nc(-c2ccccc2)cc1NC(=O)N(C)C1(CO)COC1,CCc1nsc(N2CCC[C@H]2CNC(=O)Cc2ccc3c(c2)CCO3)n1,26,28,26,29,42.531834,1.762728,13,12,13,12,1,0,0,1,0
29,618,270,5085485,4467697,CCC1=CN=C(C(=O)N(CCC2(CO)CCC2)C[C@@H]2COC[C@H]2C)N=C1,CCC1=C(C(=O)N2CC(C)C2C(=O)NCC2CCCCCCC2)SC=N1,CCc1cnc(C(=O)N(CCC2(CO)CCC2)C[C@@H]2COC[C@H]2C)nc1,CCc1ncsc1C(=O)N1CC(C)C1C(=O)NCC1CCCCCCC1,26,28,26,28,210.653351,5.529408,17,16,17,16,1,0,0,1,0
30,826,44,4191891,7233874,CCC1=CC=CC(C2(CNC(=O)N3CCC4=C(C3)C(Br)=CC=C4)CC2)=C1,C#CCC(CC(F)F)C(=O)NC1(C2CCCN2C(=O)CC2=CC=C(C)O2)CC1,CCc1cccc(C2(CNC(=O)N3CCc4cccc(Br)c4C3)CC2)c1,C#CCC(CC(F)F)C(=O)NC1(C2CCCN2C(=O)Cc2ccc(C)o2)CC1,26,29,28,30,72.816193,3.688044,11,10,11,10,1,0,0,1,0
31,747,470,7094745,3166266,CCC1=CN=CC(C(=O)NC(C(=O)NCC2=NN(C(C)C)C=N2)C(C)(C)C)=C1,N[C@@H](CC1=CC=CC(NC(=O)C2=C(F)C=C(CO)C=C2F)=C1)C(=O)O,CCc1cncc(C(=O)NC(C(=O)NCc2ncn(C(C)C)n2)C(C)(C)C)c1,N[C@@H](Cc1cccc(NC(=O)c2c(F)cc(CO)cc2F)c1)C(=O)O,28,29,25,26,56.113529,2.667168,13,12,13,12,1,0,0,1,0
32,549,127,2397574,2363158,CC1CC(C(=O)N2CCOC(CC(=O)NCC3(F)CCC3)C2)=NO1,CN(CC1(C#N)CCC1)C(=O)C(=O)NCC1=CC=C(C2CC2)C=C1,CC1CC(C(=O)N2CCOC(CC(=O)NCC3(F)CCC3)C2)=NO1,CN(CC1(C#N)CCC1)C(=O)C(=O)NCc1ccc(C2CC2)cc1,24,26,24,26,11.641816,1.033147,9,9,9,9,1,0,0,1,0
33,996,944,6242893,2165776,C[C@@H](N)CN1C=C(CCCCC(=O)N2CCC3=CC(F)=CC(Cl)=C3C2)N=N1,CCOCC(C)(C)NC(=O)NC1=CN(C)N=C1C(=O)N1CCCC1,C[C@@H](N)Cn1cc(CCCCC(=O)N2CCc3cc(F)cc(Cl)c3C2)nn1,CCOCC(C)(C)NC(=O)Nc1cn(C)nc1C(=O)N1CCCC1,27,29,24,25,16.147081,1.181657,10,9,10,9,1,0,0,1,0
34,387,80,109700,36366,O=C(CC1CC1(Br)Br)NNC1=CC=C(F)C(Cl)=C1,NC(=O)CCN1CCC(C2CCCNC2)C1,O=C(CC1CC1(Br)Br)NNc1ccc(F)c(Cl)c1,NC(=O)CCN1CCC(C2CCCNC2)C1,18,19,16,17,7.599764,0.594926,7,6,7,6,1,0,0,1,0
35,565,300,1184618,2370681,CCC(O)(CC)CNC(=O)C(=O)NC1=NC(COC)=CC=C1,O=C(N[C@@H](CC1=CC=C(F)C=C1)C(=O)O)C1=CN2C=CN=C2C=C1,CCC(O)(CC)CNC(=O)C(=O)Nc1cccc(COC)n1,O=C(N[C@@H](Cc1ccc(F)cc1)C(=O)O)c1ccc2nccn2c1,22,22,24,26,23.835865,1.534728,11,10,11,10,1,0,0,1,0
36,849,643,7821504,3790728,CC1(C)OCC(CCN(CC2=CC=C3CCOC3=C2)CC2C3CCC2CC3)O1,CC(CNC1=NC(N)=NC(N[C@H]2CCN(CC(F)F)C2)=N1)C(C)(C)C,CC1(C)OCC(CCN(Cc2ccc3c(c2)OCC3)CC2C3CCC2CC3)O1,CC(CNc1nc(N)nc(N[C@H]2CCN(CC(F)F)C2)n1)C(C)(C)C,28,32,25,26,10.810297,0.923970,8,7,8,7,1,0,0,1,0
37,633,906,3234345,80879,CC(C)C1=C(C(=O)N2CCOC(C(=O)NCC3(CO)CC3)C2)N=CO1,CC(C)(NCC1=CC(O)=CC=C1)C1=NC=CS1,CC(C)c1ocnc1C(=O)N1CCOC(C(=O)NCC2(CO)CC2)C1,CC(C)(NCc1cccc(O)c1)c1nccs1,25,27,17,18,15.367185,0.872961,8,7,8,7,1,0,0,1,0
38,882,370,9656200,9041022,COC1=C(C)C=CC=C1CN(CC1=CC=C(N2C=CN=C2)C=C1)CC1OCCC12CC2,CC1=CC=C([N+](=O)[O-])C(NC2COCCCN(C(=O)C[C@@H](C)C3=CC=CC=C3)C2)=N1,COc1c(C)cccc1CN(Cc1ccc(-n2ccnc2)cc1)CC1OCCC12CC2,Cc1ccc([N+](=O)[O-])c(NC2COCCCN(C(=O)C[C@@H](C)c3ccccc3)C2)n1,31,35,30,32,123.946815,5.146903,15,14,15,14,1,0,0,1,0
39,591,196,990018,9156181,N#CC1=C(NC(=O)C2=NC=C(Br)C=C2C(F)F)C=CC=C1Cl,C[C@H]1CN(C2=NC3=CC=CC=C3N=C2NCCC2=CC=CC(C3CC3)=C2)C[C@H](C)O1,N#Cc1c(Cl)cccc1NC(=O)c1ncc(Br)cc1C(F)F,C[C@H]1CN(c2nc3ccccc3nc2NCCc2cccc(C3CC3)c2)C[C@H](C)O1,22,23,30,34,26.563126,1.053186,16,15,16,15,1,0,0,1,0
40,721,71,8841705,4769611,CC1=C(C(=O)O)C=NN1C1=CC=CC(NS(=O)(=O)CC2=CC=C(C(C)(F)F)C=C2)=C1,CC(C)(C)CCCCC(=O)N1CC(CCNC(=O)C2=CC=NC=C2F)C1,Cc1c(C(=O)O)cnn1-c1cccc(NS(=O)(=O)Cc2ccc(C(C)(F)F)cc2)c1,CC(C)(C)CCCCC(=O)N1CC(CCNC(=O)c2ccncc2F)C1,30,32,26,27,37.434631,1.677636,11,10,11,10,1,0,0,1,0
41,46,677,4193236,4192068,COC(=O)[C@H]1CC[C@@H](CNC(=O)NCC2=CC=C3NCCOC3=C2)CC1,O=C(NCC1=NOC(C2CCOCC2)=N1)NC[C@@]12CCCC[C@]1(CO)C2,COC(=O)[C@H]1CC[C@@H](CNC(=O)NCc2ccc3c(c2)OCCN3)CC1,O=C(NCc1noc(C2CCOCC2)n1)NC[C@@]12CCCC[C@]1(CO)C2,26,28,26,29,168.097244,6.602739,14,13,14,13,1,0,0,1,0
42,233,791,5376646,9428881,COCC(NC(=O)NC(C)CS(=O)(=O)C1=CC=C(C)C=C1)C1=CN(C)N=C1,CC1=CC(C(=O)N2[C@H](CNC(=O)C3=CC=C(N=[N+]=[N-])C=C3)C[C@@H]3CCC[C@@H]32)=NN=C1C,COCC(NC(=O)NC(C)CS(=O)(=O)c1ccc(C)cc1)c1cnn(C)c1,Cc1cc(C(=O)N2[C@H](CNC(=O)c3ccc(N=[N+]=[N-])cc3)C[C@@H]3CCC[C@@H]32)nnc1C,27,28,31,34,11.089402,0.803625,8,7,8,7,1,0,0,1,0
43,296,81,872045,7702525,CO[C@@H](CCNC(=O)CC1(C)CC1)C(=O)NC1=CSC=C1,CCC1(CN(CC2=NC(N(C)C)=NC=C2)C(=O)CCNC(=O)NC)CCCO1,CO[C@@H](CCNC(=O)CC1(C)CC1)C(=O)Nc1ccsc1,CCC1(CN(Cc2ccnc(N(C)C)n2)C(=O)CCNC(=O)NC)CCCO1,21,22,28,29,13.817866,0.662758,12,11,12,11,1,0,0,1,0
44,875,238,6254698,5416414,C=CC(C)OCC(=O)N1CCC(C2=CN(CC3CCC(F)(F)CC3)N=N2)C1,CC1=CC=C(CN2CCCC2)C=C1NC(=O)C(=O)NCC1=CN=CC=C1O,C=CC(C)OCC(=O)N1CCC(c2cn(CC3CCC(F)(F)CC3)nn2)C1,Cc1ccc(CN2CCCC2)cc1NC(=O)C(=O)NCc1cnccc1O,27,29,27,29,50.116081,2.826465,13,12,13,12,1,0,0,1,0
45,887,103,3833951,3743337,CCC1=CC=C(C(=O)N(CCC2(C)OCCO2)CC2=CSC(Cl)=C2)N1,CC(C)CS(=O)(=O)N1CC2(CCC(CNC(=O)CC[C@@H]3C[C@H]3C)O2)C1,CCc1ccc(C(=O)N(CCC2(C)OCCO2)Cc2csc(Cl)c2)[nH]1,CC(C)CS(=O)(=O)N1CC2(CCC(CNC(=O)CC[C@@H]3C[C@H]3C)O2)C1,25,27,25,27,26.424400,1.414766,13,12,13,12,1,0,0,1,0
46,389,284,7130093,8276759,CCCC1=CN=NC(C(=O)N[C@H]2COC[C@H]2N2C=C(CC(OC)OC)N=N2)=C1,CCCC1=CC=C(C(=O)N2CC[C@H](CO)[C@@H](NC(=O)C3C[C@H]4CC[C@H]4C3)C2)C=C1,CCCc1cnnc(C(=O)N[C@H]2COC[C@H]2n2cc(CC(OC)OC)nn2)c1,CCCc1ccc(C(=O)N2CC[C@H](CO)[C@@H](NC(=O)C3C[C@H]4CC[C@H]4C3)C2)cc1,28,30,29,32,168.229706,6.092764,17,16,17,16,1,0,0,1,0
47,464,650,5336484,2369078,O=C(CN1CCC(OCC2=CN=CS2)C1)NCCN1CCC2=CC=CC=C21,CC1(C(=O)O)CCC2=CC(C3=CC=C(F)C(C(F)(F)F)=C3)=CC=C21,O=C(CN1CCC(OCc2cncs2)C1)NCCN1CCc2ccccc21,CC1(C(=O)O)CCc2cc(-c3ccc(F)c(C(F)(F)F)c3)ccc21,27,30,24,26,114.186104,5.436667,8,8,8,8,1,0,0,1,0
48,854,373,3570458,4205027,C[C@H]1CCO[C@H]1C(=O)NC[C@H]1CCCCN1C(=O)/C=C/C1=CNC=N1,O=C(NC1=CC=C(N2CCCCCC2)C=C1)C(=O)N1CCCCC(O)C1,C[C@H]1CCO[C@H]1C(=O)NC[C@H]1CCCCN1C(=O)/C=C/c1c[nH]cn1,O=C(Nc1ccc(N2CCCCCC2)cc1)C(=O)N1CCCCC(O)C1,25,27,26,28,26.475544,1.254431,15,14,15,14,1,0,0,1,0
49,166,379,9224839,1962038,CN1N=C(CN(CCC2CCOC2(C)C)CC2=CN=C(C3=CC=CN=C3)S2)C=C1Cl,C=C(Br)CNC1=NC(N(C)CCN2C=NC=N2)=NC2=C1CSC2,Cn1nc(CN(CCC2CCOC2(C)C)Cc2cnc(-c3cccnc3)s2)cc1Cl,C=C(Br)CNc1nc(N(C)CCn2cncn2)nc2c1CSC2,30,33,23,25,24.534498,0.850621,11,10,11,10,1,0,0,1,0
50,363,214,8246786,4116319,CCN(C(=O)CC1=CC(C)=CC=C1C)C1CCC(NC(=O)C2=CC=CN=N2)CC1,CC(C)(CNC(=O)C1CC(=O)N(C2=CC=CC=C2Cl)C1)OCC(F)(F)F,CCN(C(=O)Cc1cc(C)ccc1C)C1CCC(NC(=O)c2cccnn2)CC1,CC(C)(CNC(=O)C1CC(=O)N(c2ccccc2Cl)C1)OCC(F)(F)F,29,31,26,27,26.201857,0.859313,16,15,16,15,1,0,0,1,0
51,686,273,2090176,7258588,CC1=CC(O)=CC(C)=C1CC(=O)NCCCC1=CC=C(Cl)C=C1Cl,CCC(CC(=O)NCC1CN(C(=O)C2=NC=CN=C2OC)CC12CCC2)OC,Cc1cc(O)cc(C)c1CC(=O)NCCCc1ccc(Cl)cc1Cl,CCC(CC(=O)NCC1CN(C(=O)c2nccnc2OC)CC12CCC2)OC,24,25,28,30,51.952602,3.306144,13,12,13,12,1,0,0,1,0
52,718,959,1002008,3892785,CC1=NN=C(CNC(=O)C2=C(C)C(C)(C)OC2=O)N1C1CC1,C=CN1C=C(CN(CC2=C(Cl)C=CC=C2Cl)C[C@H]2OCC[C@H]2C)C=N1,CC1=C(C(=O)NCc2nnc(C)n2C2CC2)C(=O)OC1(C)C,C=Cn1cc(CN(Cc2c(Cl)cccc2Cl)C[C@H]2OCC[C@H]2C)cn1,22,24,25,27,7.862309,0.723615,8,7,8,7,1,0,0,1,0
53,699,663,2927270,5891057,COC(=O)COC1=CC=C(C(=O)N(C)C2=C(C)C=C(C)C=C2C)C=C1,COC1=CC(C(=O)N2C[C@@H]3[C@H](C2)[C@H]3NC(=O)C2=NN(C)C(C)=C2)=CC=C1C,COC(=O)COc1ccc(C(=O)N(C)c2c(C)cc(C)cc2C)cc1,COc1cc(C(=O)N2C[C@@H]3[C@H](C2)[C@H]3NC(=O)c2cc(C)n(C)n2)ccc1C,25,26,27,30,443.722961,20.147228,14,14,14,14,1,0,0,1,0
54,73,623,4206817,2844946,CC(=O)C1=CC2=C(C=C1NC(=O)C(=O)N1CCOC(C)(C)C1C)OCO2,COC(=O)[C@H]1[C@H]2C[C@H]2CN1C(C(=O)NCCC#N)C1=CC(Br)=CO1,CC(=O)c1cc2c(cc1NC(=O)C(=O)N1CCOC(C)(C)C1C)OCO2,COC(=O)[C@H]1[C@H]2C[C@H]2CN1C(C(=O)NCCC#N)c1cc(Br)co1,26,28,24,26,142.569107,3.440843,16,15,16,15,1,0,0,1,0
55,650,175,2369078,2883910,CC1(C(=O)O)CCC2=CC(C3=CC=C(F)C(C(F)(F)F)=C3)=CC=C21,CCCC1=CC=C(C(=O)NC2=C(C#N)C=C(Cl)C=C2C)C=C1[N+](=O)[O-],CC1(C(=O)O)CCc2cc(-c3ccc(F)c(C(F)(F)F)c3)ccc21,CCCc1ccc(C(=O)Nc2c(C)cc(Cl)cc2C#N)cc1[N+](=O)[O-],24,26,25,26,393.000031,14.093518,11,10,11,10,1,0,0,1,0
56,546,746,3100926,6746942,O=C(NCCC1=COC=C1)NC12CC(CN(CC3=CC=CC=C3)C1)C2,CC(C)[C@@H](NC(=O)NCC1=NN(C)C2=C1COCC2)C1=NN=C2C=CC=CN21,O=C(NCCc1ccoc1)NC12CC(CN(Cc3ccccc3)C1)C2,CC(C)[C@@H](NC(=O)NCc1nn(C)c2c1COCC2)c1nnc2ccccn12,25,28,28,31,1184.666138,23.415452,21,20,21,20,1,0,0,1,0
57,250,167,970568,6662504,CC1=CC=C(F)C=C1NC(=O)CC(C1=CC=CC=C1)C(C)C,COC1=CC2=C(C=C1S(=O)(=O)N1CCC(C)(C3=CC=C(Cl)C=C3)CC1)CCC2,Cc1ccc(F)cc1NC(=O)CC(c1ccccc1)C(C)C,COc1cc2c(cc1S(=O)(=O)N1CCC(C)(c3ccc(Cl)cc3)CC1)CCC2,22,23,28,31,36.465012,1.330584,13,13,13,13,1,0,0,1,0
58,473,388,7018083,9410350,C=CCC1(C(=O)N2CCCC2CCC)CCN(C(=O)C2=COC(N(C)C)=N2)C1,CCC1=CNC(=O)C(C(=O)N2CCN(C(=O)C3=CC(Cl)=CC=N3)CC3CCCCC32)=C1,C=CCC1(C(=O)N2CCCC2CCC)CCN(C(=O)c2coc(N(C)C)n2)C1,CCc1c[nH]c(=O)c(C(=O)N2CCN(C(=O)c3cc(Cl)ccn3)CC3CCCCC32)c1,28,30,31,34,518.041443,13.228298,21,20,21,20,1,0,0,1,0
59,276,947,6286911,1899745,CCC(C)(C)CCNC(C1=NN=NN1CCC#N)C1=C(F)C=C(F)C(F)=C1,CCCC1=CC(C(=O)NC(C)(C)CNC(=O)C2=CNN=C2)=NO1,CCC(C)(C)CCNC(c1cc(F)c(F)cc1F)c1nnnn1CCC#N,CCCc1cc(C(=O)NC(C)(C)CNC(=O)c2cn[nH]c2)no1,27,28,23,24,24.182423,1.468534,13,12,13,12,1,0,0,1,0
60,655,704,3090703,5775328,O=C1CCOC2=CC=C(OCCOC34CC5CC(CC(C5)C3)C4)C=C12,CC(C)(CNC(=O)[C@H]1C[C@H](N=[N+]=[N-])CN1C(=O)CC1(C#N)CC1)CC(F)F,O=C1CCOc2ccc(OCCOC34CC5CC(CC(C5)C3)C4)cc21,CC(C)(CNC(=O)[C@H]1C[C@H](N=[N+]=[N-])CN1C(=O)CC1(C#N)CC1)CC(F)F,25,29,27,28,6.637413,0.331235,6,5,6,5,1,0,0,1,0
61,570,224,3634174,3745793,O=C(C1CSC1)N1CC2CC(C1)N(C(=O)C1=CN3C=NN=C3C=C1)C2,CS(=O)(=O)CC1(CCN2C(=O)CCN(CC3CC4CC4C3)C2=O)CC1,O=C(C1CSC1)N1CC2CC(C1)N(C(=O)c1ccc3nncn3c1)C2,CS(=O)(=O)CC1(CCN2C(=O)CCN(CC3CC4CC4C3)C2=O)CC1,25,29,25,28,325.296356,8.170650,16,15,16,15,1,0,0,1,0
62,701,332,7372377,4169540,COC1=C(C(=O)N2CC[C@@H](N(C)C(=O)C3=C(C)OC(C4CC4)=N3)C2)SC=C1C,COC1=CC=C([C@H](C)NC(=O)N2CC(S(N)(=O)=O)CC23CCCC3)C=C1,COc1c(C)csc1C(=O)N1CC[C@@H](N(C)C(=O)c2nc(C3CC3)oc2C)C1,COc1ccc([C@H](C)NC(=O)N2CC(S(N)(=O)=O)CC23CCCC3)cc1,28,31,26,28,36.243744,2.172987,10,9,10,9,1,0,0,1,0
63,863,786,8302184,8429886,CCC(C)=C(C)C(=O)N(C)CCOCCCN(C)C(=O)C1=C2N(C)C=CN2N=C1,CC(F)(CNC(=O)[C@H]1CC[C@H](C2=CC=CC=C2)C1)CNC1=NC=C2SC=CC2=N1,CCC(C)=C(C)C(=O)N(C)CCOCCCN(C)C(=O)c1cnn2ccn(C)c12,CC(F)(CNC(=O)[C@H]1CC[C@H](c2ccccc2)C1)CNc1ncc2sccc2n1,29,30,29,32,20.435465,1.100403,10,9,10,9,1,0,0,1,0
64,794,57,6228162,1922535,CC1=CC=NC=C1S(=O)(=O)NCC(O)CCNC(=O)/C=C/C1=CN=CC=N1,CCCC=C(CC)C(=O)N[C@H]1CCC[C@]1(C)NC(=O)C(C)SC,Cc1ccncc1S(=O)(=O)NCC(O)CCNC(=O)/C=C/c1cnccn1,CCCC=C(CC)C(=O)N[C@H]1CCC[C@]1(C)NC(=O)C(C)SC,27,28,23,23,23.988258,1.292573,11,10,11,10,1,0,0,1,0
65,234,841,5046189,8019379,CC(C)C(C)(C)CN(CC1=CN2C=NC=C2C=C1)C(=O)COCCCF,O=C(C1=CC(Cl)=CC=C1Cl)N1CCCC1C1=NC(C2=CN3C=CC=CC3=N2)=NO1,CC(C)C(C)(C)CN(Cc1ccc2cncn2c1)C(=O)COCCCF,O=C(c1cc(Cl)ccc1Cl)N1CCCC1c1nc(-c2cn3ccccc3n2)no1,26,27,29,33,191.375519,6.902872,14,13,14,13,1,0,0,1,0
66,32,824,2646999,1881865,NC(=O)C[C@@H](O)C(=O)NC1COCCN(C(=O)C2=CC=CC=C2)C1,CCC(COC)C(=O)NCC(NC(=O)C1(C)CC=CC1)C(C)C,NC(=O)C[C@@H](O)C(=O)NC1COCCN(C(=O)c2ccccc2)C1,CCC(COC)C(=O)NCC(NC(=O)C1(C)CC=CC1)C(C)C,24,25,23,23,31.118994,1.541234,16,15,16,15,1,0,0,1,0
67,323,410,5659988,9748132,CN(C(=O)CC(NC(=O)C1=C2COCC2=NN1)C(F)(F)F)C1CC(CO)C1,CN1N=C(NC(=O)C(=O)N(C)C2(CNC(=O)OC(C)(C)C)CC2)C=C1CN1CCOCC1,CN(C(=O)CC(NC(=O)c1[nH]nc2c1COC2)C(F)(F)F)C1CC(CO)C1,CN(C(=O)C(=O)Nc1cc(CN2CCOCC2)n(C)n1)C1(CNC(=O)OC(C)(C)C)CC1,27,29,32,34,40.943531,2.371184,10,9,10,9,1,0,0,1,0
68,274,67,2157471,3753940,C=CC1CCCN1S(=O)(=O)C1=CC=C(NS(=O)(=O)CCCC)C=C1,CCCC(=O)NC1CC(C)(C2=CN(CC(C)C3=CC=CC=N3)N=N2)C1,C=CC1CCCN1S(=O)(=O)c1ccc(NS(=O)(=O)CCCC)cc1,CCCC(=O)NC1CC(C)(c2cn(CC(C)c3ccccn3)nn2)C1,24,25,25,27,3.909610,0.401292,7,6,7,6,1,0,0,1,0
69,216,935,7320354,1579789,NC1=CC=NC(C(=O)N2C[C@@H]3C[C@@H](C[C@H](NC(=O)CCN4C=CC=N4)C3)C2)=C1,CC1=CC=C(F)C=C1CCCC(=O)OCCC#CC[Si](C)(C)C,Nc1ccnc(C(=O)N2C[C@@H]3C[C@@H](C[C@H](NC(=O)CCn4cccn4)C3)C2)c1,Cc1ccc(F)cc1CCCC(=O)OCCC#CC[Si](C)(C)C,28,31,23,23,14.431187,0.717690,8,7,8,7,1,0,0,1,0
70,965,580,9227748,6950048,CCC1=C(CN(CC2=CN(CC3CCOC3)N=N2)CC2(C)CSCCO2)C=NN1C,COC1=NC=C(C(=O)N[C@@H]2CC[C@H](CC(=O)N[C@H]3C[C@H](C4=NC=CN4)C3)C2)S1,CCc1c(CN(Cc2cn(CC3CCOC3)nn2)CC2(C)CSCCO2)cnn1C,COc1ncc(C(=O)N[C@@H]2CC[C@H](CC(=O)N[C@H]3C[C@H](c4ncc[nH]4)C3)C2)s1,30,33,28,31,33.626518,1.425485,11,10,11,10,1,0,0,1,0
71,897,735,790702,8858626,CC(C)(CCN1CCOCC1)NC(=O)C[C@H]1C[C@H]1C(=O)O,COC[C@H]1CC[C@@H]1C(=O)N[C@H](CC1CCOCC1)C(=O)N(C)CC1(OC)CCCC1,CC(C)(CCN1CCOCC1)NC(=O)C[C@H]1C[C@H]1C(=O)O,COC[C@H]1CC[C@@H]1C(=O)N[C@H](CC1CCOCC1)C(=O)N(C)CC1(OC)CCCC1,21,22,30,32,20.678091,0.795691,13,12,13,12,1,0,0,1,0
72,322,217,9662440,3764730,CCOC1=CC=C(NC(=O)N(CCC(C)(C)CO)CC2=CC(CC)=CC(F)=C2)N=C1C,CC(C)C(F)(F)C(=O)N1CC(C2=CN(CCCOC3CCC3)N=N2)C1,CCOc1ccc(NC(=O)N(CCC(C)(C)CO)Cc2cc(F)cc(CC)c2)nc1C,CC(C)C(F)(F)C(=O)N1CC(c2cn(CCCOC3CCC3)nn2)C1,31,32,25,27,30.963234,2.262835,11,10,11,10,1,0,0,1,0
73,671,511,6371504,4200620,CC1=CC=CC=C1CN(CC[C@H]1CCO[C@H]1C)C(=O)COC1CCCOC1,CO[C@H](C)CNC(=O)C(=O)NC1=C(C(C)C)N(CC2=CC=CC=C2)N=N1,Cc1ccccc1CN(CC[C@H]1CCO[C@H]1C)C(=O)COC1CCCOC1,CO[C@H](C)CNC(=O)C(=O)Nc1nnn(Cc2ccccc2)c1C(C)C,27,29,26,27,9.395329,0.699806,11,11,11,11,1,0,0,1,0
74,405,905,317178,1828959,CC(C)(N)C/C=C/C(=O)NC1C2CCCC1CCC2,CC1=C(C(=O)N[C@H]2C[C@H](CC(=O)N[C@H](CO)C3CC3)C2)NC=C1,CC(C)(N)C/C=C/C(=O)NC1C2CCCC1CCC2,Cc1cc[nH]c1C(=O)N[C@H]1C[C@H](CC(=O)N[C@H](CO)C2CC2)C1,19,20,23,25,45.890640,1.586901,10,9,10,9,1,0,0,1,0
75,936,658,9952007,3484017,CN1N=CC2=CC=CC(CN(CC[C@H]3COC(C)(C)O3)CC3COCC4=CC=CC=C43)=C21,CC1=CC=C(F)C=C1CNC(=O)CN(C(=O)C1=C(C)CCC1)C1CC1,Cn1ncc2cccc(CN(CC[C@H]3COC(C)(C)O3)CC3COCc4ccccc43)c21,CC1=C(C(=O)N(CC(=O)NCc2cc(F)ccc2C)C2CC2)CCC1,32,36,25,27,35.889030,1.607882,13,12,13,12,1,0,0,1,0
76,469,146,1884070,6567263,CN(C)CC(=O)NC1(C)CCN(C(=O)C2=C(F)C(F)=CC=C2)C1,COC1=CC=C(N2CCN(C(=O)C3(N=[N+]=[N-])CCNCC3)CC2)C(OC)=C1,CN(C)CC(=O)NC1(C)CCN(C(=O)c2cccc(F)c2F)C1,COc1ccc(N2CCN(C(=O)C3(N=[N+]=[N-])CCNCC3)CC2)c(OC)c1,23,24,27,29,86.567680,1.780446,16,15,16,15,1,0,0,1,0
77,271,142,3835770,3301945,CCC[C@H]1C[C@@H]1CN(CC1=CC=CC2=CC=NC=C21)C(=O)[C@H]1C[C@H]1C,CC1=C(C(=O)N2CC(C)(C)C[C@H]2C(=O)NCC(C)OCCO)N=CO1,CCC[C@H]1C[C@@H]1CN(Cc1cccc2ccncc12)C(=O)[C@H]1C[C@H]1C,Cc1ocnc1C(=O)N1CC(C)(C)C[C@H]1C(=O)NCC(C)OCCO,25,28,25,26,39.108192,2.747693,12,11,12,11,1,0,0,1,0
78,252,762,561885,4031768,CSCC1(C(=O)NCC(C)C(=O)N(C)CC(C)C)CC1,CC(C)C1(CNC(=O)CNC(=O)C2=CC=C(S(N)(=O)=O)C=C2)OCCO1,CSCC1(C(=O)NCC(C)C(=O)N(C)CC(C)C)CC1,CC(C)C1(CNC(=O)CNC(=O)c2ccc(S(N)(=O)=O)cc2)OCCO1,20,20,26,27,12.380548,0.952427,9,8,9,8,1,0,0,1,0
79,574,551,5611587,3108760,CCC1=C(C(=O)N2CC3(C(=O)NCCC4=CSC=C4)CC2CCO3)N=CO1,CC1=C(CCNC(=O)NCC(=O)N2CCCO2)C2=CC(Cl)=CC=C2N1,CCc1ocnc1C(=O)N1CC2(C(=O)NCCc3ccsc3)CC1CCO2,Cc1[nH]c2ccc(Cl)cc2c1CCNC(=O)NCC(=O)N1CCCO1,27,30,25,27,37.755054,1.829513,14,13,14,13,1,0,0,1,0
80,269,764,9331009,3570718,CN(CC1=C(F)C=CC(F)=C1F)C(=O)NC1CCN(C(=O)OC(C)(C)C)C(C2CC2)C1,O=C(NCC1CN(C(=O)CCN2C=CN=C2)CCO1)C1=CSN=C1Cl,CN(Cc1c(F)ccc(F)c1F)C(=O)NC1CCN(C(=O)OC(C)(C)C)C(C2CC2)C1,O=C(NCC1CN(C(=O)CCn2ccnc2)CCO1)c1csnc1Cl,31,33,25,27,24.017719,1.060834,13,12,13,12,1,0,0,1,0
81,598,438,5494392,6760261,C=CCN(CC(=O)NC)C(=O)C1CN(C(=O)C2=CC=NC(CO)=C2)CCO1,CN(CC1=NN=CN1)C(=O)C(=O)NC1=CC=CC(NC(=O)C2=CC=NC=C2)=C1,C=CCN(CC(=O)NC)C(=O)C1CN(C(=O)c2ccnc(CO)c2)CCO1,CN(Cc1nnc[nH]1)C(=O)C(=O)Nc1cccc(NC(=O)c2ccncc2)c1,27,28,28,30,38.003590,1.012878,18,18,18,18,1,0,0,1,0
82,919,597,5243094,2299080,CC(CC(C)(C)O)C(=O)NC1CCCN(C2=CC=C(OC(F)F)C=C2)C1=O,N#CC1=CC(NC(=O)C(=O)N[C@H]2C=CCC[C@H]2C(N)=O)=NC=C1Cl,CC(CC(C)(C)O)C(=O)NC1CCCN(c2ccc(OC(F)F)cc2)C1=O,N#Cc1cc(NC(=O)C(=O)N[C@H]2C=CCC[C@H]2C(N)=O)ncc1Cl,27,28,24,25,24.827353,1.134371,16,15,16,15,1,0,0,1,0
83,408,370,1386324,9041022,COCCN(CC1=CN=NN1C)CC1=C(C)C(C#N)=CC=C1,CC1=CC=C([N+](=O)[O-])C(NC2COCCCN(C(=O)C[C@@H](C)C3=CC=CC=C3)C2)=N1,COCCN(Cc1cccc(C#N)c1C)Cc1cnnn1C,Cc1ccc([N+](=O)[O-])c(NC2COCCCN(C(=O)C[C@@H](C)c3ccccc3)C2)n1,22,23,30,32,17.145382,0.852958,17,16,17,16,1,0,0,1,0
84,224,141,3745793,359532,CS(=O)(=O)CC1(CCN2C(=O)CCN(CC3CC4CC4C3)C2=O)CC1,CC[C@@H]1[C@H](C(=O)NC2=CN=C(OC)C(C)=C2)CCN1C,CS(=O)(=O)CC1(CCN2C(=O)CCN(CC3CC4CC4C3)C2=O)CC1,CC[C@@H]1[C@H](C(=O)Nc2cnc(OC)c(C)c2)CCN1C,25,28,20,21,26.228094,1.666825,14,13,14,13,1,0,0,1,0
85,521,505,2868885,2926318,COC1=C(C)C(C(=O)N(C)CC(=O)NC2=CC=C(F)C=C2)=CC=C1Br,O=C(NC1=NN(CCC2=CC=CC=C2)C=C1)C1=C2C=CC=CN2C=N1,COc1c(Br)ccc(C(=O)N(C)CC(=O)Nc2ccc(F)cc2)c1C,O=C(Nc1ccn(CCc2ccccc2)n1)c1ncn2ccccc12,25,26,25,28,36.561764,2.153347,11,10,11,10,1,0,0,1,0
86,93,773,7173889,5332740,CC(C)C(C#N)C(=O)NCC(NC(=O)C1=CN(C2CCC2)N=N1)C1CCCC1,O=C(NC1=NN=C(C2CCCCC2)O1)C1CC(=O)N(C2=CC(F)=CC=C2)C1,CC(C)C(C#N)C(=O)NCC(NC(=O)c1cn(C2CCC2)nn1)C1CCCC1,O=C(Nc1nnc(C2CCCCC2)o1)C1CC(=O)N(c2cccc(F)c2)C1,28,30,27,30,56.466743,2.344455,13,12,13,12,1,0,0,1,0
87,48,881,4295390,2480057,CC(CNC(=O)CC1(NC(=O)[C@@H](CO)N(C)C)CCC1)C1=CC=CC=N1,COC1(C(=O)NC(C)CSC)CCN(C(=O)CCC2OCCO2)C1,CC(CNC(=O)CC1(NC(=O)[C@@H](CO)N(C)C)CCC1)c1ccccn1,COC1(C(=O)NC(C)CSC)CCN(C(=O)CCC2OCCO2)C1,26,27,24,25,40.927673,2.130165,13,12,13,12,1,0,0,1,0
88,112,156,3917701,2819811,CC1=CC=C(NC(=O)C(C2CC2)N2C[C@H](C3CC3)C[C@@H]2C2CC2)C=N1,CCC1(C(=O)N(CCC(F)CO)CC2=CN(CC(C)C)N=C2)CC1,Cc1ccc(NC(=O)C(C2CC2)N2C[C@H](C3CC3)C[C@@H]2C2CC2)cn1,CCC1(C(=O)N(CCC(F)CO)Cc2cnn(CC(C)C)c2)CC1,25,29,24,25,132.213837,4.692404,14,13,14,13,1,0,0,1,0
89,642,163,3685140,3471882,O=C(NC[C@@H]1C[C@@H](F)CN1C(=O)CC1=CC=CS1)C1CC(F)(CF)C1,CCC1(C(=O)NCC(O)C(=O)OC)CCN(C(=O)[C@H](C)C2CC2)CC1,O=C(NC[C@@H]1C[C@@H](F)CN1C(=O)Cc1cccs1)C1CC(F)(CF)C1,CCC1(C(=O)NCC(O)C(=O)OC)CCN(C(=O)[C@H](C)C2CC2)CC1,25,27,25,26,28.053658,1.799629,13,12,13,12,1,0,0,1,0
90,811,696,4686255,4770866,C=CCCOC(C)C(=O)NCC1CN(C(=O)CC2CC2)CCC12CCC2,CCN(C)CC(=O)N[C@H](CNC(=O)C(C)C1=CSC=C1)C1CCCCC1,C=CCCOC(C)C(=O)NCC1CN(C(=O)CC2CC2)CCC12CCC2,CCN(C)CC(=O)N[C@H](CNC(=O)C(C)c1ccsc1)C1CCCCC1,26,28,26,27,39.968445,1.345533,15,14,15,14,1,0,0,1,0
91,432,610,4727751,9252596,CN(C[C@@H]1C[C@H](F)CN1C(=O)[C@H]1CCCN1C)C(=O)CCCC(F)(F)F,CN(CCC1=CC=CC=C1F)C(C(=O)NC1CC(F)(F)C1)C1=NN2C=CC=CC2=C1,CN(C[C@@H]1C[C@H](F)CN1C(=O)[C@H]1CCCN1C)C(=O)CCCC(F)(F)F,CN(CCc1ccccc1F)C(C(=O)NC1CC(F)(F)C1)c1cc2ccccn2n1,26,27,30,33,118.972900,3.711841,16,15,16,15,1,0,0,1,0
92,65,394,1298607,9186114,C#CCN(C)C(=O)CC1(C)CCN(C(=O)CCCN(C)C)C1,CC1=C(F)C(F)=CC=C1CN(CC1CCC2(CC2)CO1)C(=O)CC1=CC=CC=C1O,C#CCN(C)C(=O)CC1(C)CCN(C(=O)CCCN(C)C)C1,Cc1c(CN(CC2CCC3(CC3)CO2)C(=O)Cc2ccccc2O)ccc(F)c1F,22,22,30,33,61.857307,3.193209,13,12,13,12,1,0,0,1,0
93,390,610,364061,9252596,CC1(C)CC(CC(=O)NCCC2(C)N=N2)CC(C)(C)C1,CN(CCC1=CC=CC=C1F)C(C(=O)NC1CC(F)(F)C1)C1=NN2C=CC=CC2=C1,CC1(C)CC(CC(=O)NCCC2(C)N=N2)CC(C)(C)C1,CN(CCc1ccccc1F)C(C(=O)NC1CC(F)(F)C1)c1cc2ccccn2n1,20,21,30,33,119.379593,3.417259,14,13,14,13,1,0,0,1,0
94,479,541,1510011,6755460,CN(CC1=CC=CC(CO)=C1)C(=O)C1=CC2=CN=CN2C(O)=N1,CC(C)C(CNC(=O)C(=O)N1CC(C(N)=O)CC2=CC=CC=C21)N1CCCC1,CN(Cc1cccc(CO)c1)C(=O)c1cc2cncn2c(O)n1,CC(C)C(CNC(=O)C(=O)N1CC(C(N)=O)Cc2ccccc21)N1CCCC1,23,25,28,30,79.297630,2.881737,15,14,15,14,1,0,0,1,0
95,257,994,9402527,7879141,C=CCC1(NC(=O)CCC(=O)NCCC)CCN(C(=O)C2=CC=C3C=CC=NC3=C2)C1,COC1=CC=CC(N(CCC#N)C(=O)C2=C(C)N(C3=CC=CC=C3C)C(C)=C2)=C1,C=CCC1(NC(=O)CCC(=O)NCCC)CCN(C(=O)c2ccc3cccnc3c2)C1,COc1cccc(N(CCC#N)C(=O)c2cc(C)n(-c3ccccc3C)c2C)c1,31,33,29,31,744.692017,32.809482,19,18,19,18,1,0,0,1,0
96,566,881,628570,2480057,C#CCC1(C(=O)N2CC3=CC=C(O)N=C3C2)CC=CCC1,COC1(C(=O)NC(C)CSC)CCN(C(=O)CCC2OCCO2)C1,C#CCC1(C(=O)N2Cc3ccc(O)nc3C2)CC=CCC1,COC1(C(=O)NC(C)CSC)CCN(C(=O)CCC2OCCO2)C1,21,23,24,25,112.901787,5.876983,14,13,14,13,1,0,0,1,0
97,965,11,9227748,10344292,CCC1=C(CN(CC2=CN(CC3CCOC3)N=N2)CC2(C)CSCCO2)C=NN1C,CC1=CC=CC=C1C1=CCN(C2=NC(N3CCC(CO)(C4=CC=CC=C4)C3)=C3C=NN(C)C3=N2)CC1,CCc1c(CN(Cc2cn(CC3CCOC3)nn2)CC2(C)CSCCO2)cnn1C,Cc1ccccc1C1=CCN(c2nc(N3CCC(CO)(c4ccccc4)C3)c3cnn(C)c3n2)CC1,30,33,36,41,319.765503,9.507162,15,14,15,14,1,0,0,1,0
98,696,738,4770866,7849061,CCN(C)CC(=O)N[C@H](CNC(=O)C(C)C1=CSC=C1)C1CCCCC1,COC1=CN=CC(C(C(=O)NC2CC2)N2CCOC(CNS(C)(=O)=O)C2)=C1C,CCN(C)CC(=O)N[C@H](CNC(=O)C(C)c1ccsc1)C1CCCCC1,COc1cncc(C(C(=O)NC2CC2)N2CCOC(CNS(C)(=O)=O)C2)c1C,26,27,28,30,92.669693,3.529435,14,13,14,13,1,0,0,1,0
99,117,698,438266,1177986,COCCN1CCC(NC(=O)C2=NNC3=C2CCC3)C1,CO[C@@H]1CC[C@H]1CCNC(=O)N[C@H]1CCC2=C(C1)SC(Br)=N2,COCCN1CCC(NC(=O)c2n[nH]c3c2CCC3)C1,CO[C@@H]1CC[C@H]1CCNC(=O)N[C@H]1CCc2nc(Br)sc2C1,20,22,22,24,11.790483,0.657311,9,8,9,8,1,0,0,1,0
100,906,549,80879,2397574,CC(C)(NCC1=CC(O)=CC=C1)C1=NC=CS1,CC1CC(C(=O)N2CCOC(CC(=O)NCC3(F)CCC3)C2)=NO1,CC(C)(NCc1cccc(O)c1)c1nccs1,CC1CC(C(=O)N2CCOC(CC(=O)NCC3(F)CCC3)C2)=NO1,17,18,24,26,9.817614,0.562158,9,8,9,8,1,0,0,1,0
101,768,273,5597798,7258588,CC1(CCC(=O)N2CCS(=N)(=O)CC2)CN(C(=O)[C@@H]2CC[C@H](C(N)=O)C2)C1,CCC(CC(=O)NCC1CN(C(=O)C2=NC=CN=C2OC)CC12CCC2)OC,CC1(CCC(=O)N2CCS(=N)(=O)CC2)CN(C(=O)[C@@H]2CC[C@H](C(N)=O)C2)C1,CCC(CC(=O)NCC1CN(C(=O)c2nccnc2OC)CC12CCC2)OC,27,29,28,30,163.568039,7.891981,13,12,13,12,1,0,0,1,0
102,787,656,446004,6904192,CC(CC(F)(F)F)C(=O)OCC1=C(Cl)N=C(Cl)C(Cl)=C1,CC1=CC=CC(CNC(=O)CCC2(C)CN(C(=O)C=CC3=COC=N3)C2)=C1C,CC(CC(F)(F)F)C(=O)OCc1cc(Cl)c(Cl)nc1Cl,Cc1cccc(CNC(=O)CCC2(C)CN(C(=O)C=Cc3cocn3)C2)c1C,20,20,28,30,4.233194,0.495082,7,6,7,6,1,0,0,1,0
103,348,114,2791183,5937853,CCC1=CC=C(CN(CC(Cl)(Cl)Cl)C(=O)CNC(=O)CC(C)C)O1,CCN1N=CC(C)=C1C(=O)NCC(C)CN(C)C(=O)C1=CSC(C(C)=O)=N1,CCc1ccc(CN(CC(Cl)(Cl)Cl)C(=O)CNC(=O)CC(C)C)o1,CCn1ncc(C)c1C(=O)NCC(C)CN(C)C(=O)c1csc(C(C)=O)n1,24,24,27,28,12.524198,0.641061,12,11,12,11,1,0,0,1,0
104,300,445,2370681,8869065,O=C(N[C@@H](CC1=CC=C(F)C=C1)C(=O)O)C1=CN2C=CN=C2C=C1,CC1(C)CC(CNC(=O)/C=C/C2=CC=CC=C2)(C(=O)N2CCC(N3CCCC3)C2)C1,O=C(N[C@@H](Cc1ccc(F)cc1)C(=O)O)c1ccc2nccn2c1,CC1(C)CC(CNC(=O)/C=C/c2ccccc2)(C(=O)N2CCC(N3CCCC3)C2)C1,24,26,30,33,155.321289,3.444142,15,14,15,14,1,0,0,1,0
105,161,464,1585167,5336484,CC1=CC(C(C)NC(=O)CNC(=O)C2=CC=CC=C2C)=C(C)S1,O=C(CN1CCC(OCC2=CN=CS2)C1)NCCN1CCC2=CC=CC=C21,Cc1cc(C(C)NC(=O)CNC(=O)c2ccccc2C)c(C)s1,O=C(CN1CCC(OCc2cncs2)C1)NCCN1CCc2ccccc21,23,24,27,30,68.104126,2.475477,15,14,15,14,1,0,0,1,0
106,3,976,1692068,4398596,NCC1=CC=C(N)C(C(=O)NC2CCOC3=NC(Br)=CC=C32)=C1,CCC(CC)C(OC)C(=O)N1CCO[C@@H](C)[C@@H]1C(=O)NCC1=CN=CS1,NCc1ccc(N)c(C(=O)NC2CCOc3nc(Br)ccc32)c1,CCC(CC)C(OC)C(=O)N1CCO[C@@H](C)[C@@H]1C(=O)NCc1cncs1,23,25,26,27,78.076027,3.286503,11,10,11,10,1,0,0,1,0
107,739,896,2048329,7480454,COC1=CC(Br)=CC=C1OCC(=O)NCCN1C=NN=C1C(C)C,CCC1=NC2=CC(C(=O)N[C@H]3CC[C@H](NC4=NC=NC(OC)=C4)C3)=CC=C2N1,COc1cc(Br)ccc1OCC(=O)NCCn1cnnc1C(C)C,CCc1nc2cc(C(=O)N[C@H]3CC[C@H](Nc4cc(OC)ncn4)C3)ccc2[nH]1,24,25,28,31,6.791688,0.665524,7,6,7,6,1,0,0,1,0
108,736,269,3920092,9331009,CCCCCCNC(=O)C(N1CCCC(C)(C)C1C#N)C1(CC)CC1,CN(CC1=C(F)C=CC(F)=C1F)C(=O)NC1CCN(C(=O)OC(C)(C)C)C(C2CC2)C1,CCCCCCNC(=O)C(N1CCCC(C)(C)C1C#N)C1(CC)CC1,CN(Cc1c(F)ccc(F)c1F)C(=O)NC1CCN(C(=O)OC(C)(C)C)C(C2CC2)C1,25,26,31,33,127.066002,4.797733,10,10,10,10,1,0,0,1,0
109,995,512,9218208,6791459,COC1=NSC=C1CN(CCCC1CCOC1)CC1=CC=C(N2C=NC=N2)C(F)=C1,COC1=CC(C(=O)N2CCCCC2CNC(=O)CCN)=CC=C1OCC(N)=O,COc1nscc1CN(CCCC1CCOC1)Cc1ccc(-n2cncn2)c(F)c1,COc1cc(C(=O)N2CCCCC2CNC(=O)CCN)ccc1OCC(N)=O,30,33,28,29,115.397919,5.434335,15,14,15,14,1,0,0,1,0
110,780,182,6893206,2086819,CCN1CCC[C@H](NC(=O)C[C@H](CC(C)C)NC(=O)C(C)(C)N2C=CN=N2)C1,CC1=C(NC(=O)C(=O)C2=CSC(N)=N2)C=CC=C1N1CCCC1=O,CCN1CCC[C@H](NC(=O)C[C@H](CC(C)C)NC(=O)C(C)(C)n2ccnn2)C1,Cc1c(NC(=O)C(=O)c2csc(N)n2)cccc1N1CCCC1=O,28,29,24,26,97.968605,3.716839,16,15,16,15,1,0,0,1,0
111,519,934,8176671,9655269,CCC1=CC=C(C(=O)N2CCCC[C@H]2CN(C)C(=O)CCNC2=CC=CC=N2)N1,COC1=CC(CN(CC2=CC3=CC=NC=C3S2)CC2CCC3=NC=CN3C2)=CC(Cl)=N1,CCc1ccc(C(=O)N2CCCC[C@H]2CN(C)C(=O)CCNc2ccccn2)[nH]1,COc1cc(CN(Cc2cc3ccncc3s2)CC2CCc3nccn3C2)cc(Cl)n1,29,31,31,35,96.393326,2.681060,21,20,21,20,1,0,0,1,0
112,108,891,10299613,5113980,COCC1CCN(C2=CC=C(S(=O)(=O)NCC3CN(CC4=CC(C)=CC=C4)CCO3)C=C2C#N)C1,CCN1C=CC(CN(CC2=CC=C3NC(=O)OC3=C2)CC2[C@H](C)[C@H]2C)=N1,COCC1CCN(c2ccc(S(=O)(=O)NCC3CN(Cc4cccc(C)c4)CCO3)cc2C#N)C1,CCn1ccc(CN(Cc2ccc3[nH]c(=O)oc3c2)CC2[C@H](C)[C@H]2C)n1,35,38,26,29,315.330322,9.634753,13,13,13,13,1,0,0,1,0
113,640,305,9709085,10117801,CC(C)(C)N1CCC(NC(=O)C(CC2=CC=C(O)C=C2)NC(=O)OCC2=CC=CC=C2)C1,C#CCCC1CCN(C(C2=CN(C3=CC=CC(F)=C3)N=C2C)C2=NN=NN2CCC2CC2)C1,CC(C)(C)N1CCC(NC(=O)C(Cc2ccc(O)cc2)NC(=O)OCc2ccccc2)C1,C#CCCC1CCN(C(c2cn(-c3cccc(F)c3)nc2C)c2nnnn2CCC2CC2)C1,32,34,33,37,105.370674,6.913599,15,14,15,14,1,0,0,1,0
114,861,654,4587767,5240309,CC1=NC=C(C(=O)N[C@H]2C[C@@H](C(=O)N3CC(C4=NOCC4)C3)C2)C(N)=N1,CC1=C(NC(=O)CC2CCN(C(=O)OC(C)(C)C)C2)C=CC=C1S(N)(=O)=O,Cc1ncc(C(=O)N[C@H]2C[C@@H](C(=O)N3CC(C4=NOCC4)C3)C2)c(N)n1,Cc1c(NC(=O)CC2CCN(C(=O)OC(C)(C)C)C2)cccc1S(N)(=O)=O,26,29,27,28,82.223511,4.079512,15,14,15,14,1,0,0,1,0
115,519,623,8176671,2844946,CCC1=CC=C(C(=O)N2CCCC[C@H]2CN(C)C(=O)CCNC2=CC=CC=N2)N1,COC(=O)[C@H]1[C@H]2C[C@H]2CN1C(C(=O)NCCC#N)C1=CC(Br)=CO1,CCc1ccc(C(=O)N2CCCC[C@H]2CN(C)C(=O)CCNc2ccccn2)[nH]1,COC(=O)[C@H]1[C@H]2C[C@H]2CN1C(C(=O)NCCC#N)c1cc(Br)co1,29,31,24,26,38.342144,2.723420,17,16,17,16,1,0,0,1,0
116,203,156,5641571,2819811,C=CCC(CNC(=O)CCC1=NN(C)C=C1)C(=O)N1CCC2(CCCC2)C1,CCC1(C(=O)N(CCC(F)CO)CC2=CN(CC(C)C)N=C2)CC1,C=CCC(CNC(=O)CCc1ccn(C)n1)C(=O)N1CCC2(CCCC2)C1,CCC1(C(=O)N(CCC(F)CO)Cc2cnn(CC(C)C)c2)CC1,27,29,24,25,174.902512,8.309459,17,16,17,16,1,0,0,1,0
117,382,780,1650596,6893206,CN(C)CCN(C(=O)NCC1=C(C(F)F)N=NS1)C1CCCC1,CCN1CCC[C@H](NC(=O)C[C@H](CC(C)C)NC(=O)C(C)(C)N2C=CN=N2)C1,CN(C)CCN(C(=O)NCc1snnc1C(F)F)C1CCCC1,CCN1CCC[C@H](NC(=O)C[C@H](CC(C)C)NC(=O)C(C)(C)n2ccnn2)C1,23,24,28,29,15.543858,0.675496,11,10,11,10,1,0,0,1,0
118,165,552,9767523,3688653,CC1=CC(F)=CN=C1C1=CN(C2=CN=CC(C(=O)NNC(=O)C3CC4CCC3O4)=C2)N=N1,CC(=O)OCCC(=O)NC1CC(C(C)NC(=O)C2=CN(C)C=C2C)C1,Cc1cc(F)cnc1-c1cn(-c2cncc(C(=O)NNC(=O)C3CC4CCC3O4)c2)nn1,CC(=O)OCCC(=O)NC1CC(C(C)NC(=O)c2cn(C)cc2C)C1,32,36,25,26,64.038391,2.375107,14,13,14,13,1,0,0,1,0
119,976,797,4398596,4460729,CCC(CC)C(OC)C(=O)N1CCO[C@@H](C)[C@@H]1C(=O)NCC1=CN=CS1,CCC(C)ONC(=O)[C@@H]1C[C@H](CC)CCN1C(=O)C1=CC=C(OC)N=C1,CCC(CC)C(OC)C(=O)N1CCO[C@@H](C)[C@@H]1C(=O)NCc1cncs1,CCC(C)ONC(=O)[C@@H]1C[C@H](CC)CCN1C(=O)c1ccc(OC)nc1,26,27,26,27,187.395340,6.606145,15,14,15,14,1,0,0,1,0
120,944,543,2165776,4382667,CCOCC(C)(C)NC(=O)NC1=CN(C)N=C1C(=O)N1CCCC1,CCN1C=C(NC(=O)[C@@H]2CCCN2C(=O)C2=CC=CC=C2O)C(C#N)=N1,CCOCC(C)(C)NC(=O)Nc1cn(C)nc1C(=O)N1CCCC1,CCn1cc(NC(=O)[C@@H]2CCCN2C(=O)c2ccccc2O)c(C#N)n1,24,25,26,28,19.068630,1.663164,12,11,12,11,1,0,0,1,0
121,940,0,3403060,9321037,CN1C=CC(C=CC(=O)N[C@H]2C=CCC[C@H]2C(=O)N2CC(C)(C)C2)=C1,CC(NC(=O)NC1=CC=C(C2(C)NC(=O)N(C)C2=O)C=C1)C1=CC=C(S(C)(=O)=O)C=C1,Cn1ccc(C=CC(=O)N[C@H]2C=CCC[C@H]2C(=O)N2CC(C)(C)C2)c1,CC(NC(=O)Nc1ccc(C2(C)NC(=O)N(C)C2=O)cc1)c1ccc(S(C)(=O)=O)cc1,25,27,31,33,21.655508,1.714954,10,9,10,9,1,0,0,1,0
122,613,331,7752066,7357466,COC(=O)C1=CC(CN(C[C@@H]2CCC[C@H]2O)C(=O)/C=C/C2=CC=CC=N2)=CN1,CCN(C)[C@H]1C[C@@H](C(=O)NCCC(C)(C)NC(=O)C2=CC(F)=CC(F)=C2N)C1,COC(=O)c1cc(CN(C[C@@H]2CCC[C@H]2O)C(=O)/C=C/c2ccccn2)c[nH]1,CCN(C)[C@H]1C[C@@H](C(=O)NCCC(C)(C)NC(=O)c2cc(F)cc(F)c2N)C1,28,30,28,29,78.604576,3.497868,13,12,13,12,1,0,0,1,0
123,500,19,3656579,5862849,CCCC(=O)NC(CNC(=O)C1=CC(C)(CC)C1)C1=CC(C)=CC=C1,CCOCC1=CN([C@H](C(=O)NCC(C)(C)C2=NNC(C)=N2)C(C)(C)C)N=N1,CCCC(=O)NC(CNC(=O)C1=CC(C)(CC)C1)c1cccc(C)c1,CCOCc1cn([C@H](C(=O)NCC(C)(C)c2n[nH]c(C)n2)C(C)(C)C)nn1,25,26,27,28,28.673023,1.932376,13,12,13,12,1,0,0,1,0
124,114,951,5937853,2058576,CCN1N=CC(C)=C1C(=O)NCC(C)CN(C)C(=O)C1=CSC(C(C)=O)=N1,CN1C=C(S(=O)(=O)N2CC(NC(=O)C3=CC4=C(CCC4)S3)C2)C=N1,CCn1ncc(C)c1C(=O)NCC(C)CN(C)C(=O)c1csc(C(C)=O)n1,Cn1cc(S(=O)(=O)N2CC(NC(=O)c3cc4c(s3)CCC4)C2)cn1,27,28,24,27,17.139114,1.684670,8,7,8,7,1,0,0,1,0
125,371,899,6878309,8215244,C[C@@H]1CN(C(=O)C23CCC(CC2)CO3)C[C@H]1C(=O)N[C@H](C)C1=CC=CC=C1O,O=C(N[C@H]1C[C@H]2CC[C@@H](C1)N2C(=O)C1=CC=C(CO)C=N1)C1CCC2=C1NN=C2,C[C@@H]1CN(C(=O)C23CCC(CC2)CO3)C[C@H]1C(=O)N[C@H](C)c1ccccc1O,O=C(N[C@H]1C[C@H]2CC[C@@H](C1)N2C(=O)c1ccc(CO)cn1)C1CCc2cn[nH]c21,28,31,29,33,630.613342,13.479726,24,23,24,23,1,0,0,1,0
126,851,826,1749296,4191891,C=C1CCN(C(=O)CC2(NC(=O)CC34CCC(CC3)C4)CC2)C1,CCC1=CC=CC(C2(CNC(=O)N3CCC4=C(C3)C(Br)=CC=C4)CC2)=C1,C=C1CCN(C(=O)CC2(NC(=O)CC34CCC(CC3)C4)CC2)C1,CCc1cccc(C2(CNC(=O)N3CCc4cccc(Br)c4C3)CC2)c1,23,26,26,29,72.413086,3.355926,11,10,11,10,1,0,0,1,0
127,314,245,7030770,9700358,C=C(Cl)CC(NC(=O)C1=CC=C(O)C(C)=C1)C(=O)N[C@@H]1COC[C@H]1CN(C)C,COC1=CC=C(C[C@H](NC(=O)OC(C)(C)C)C(=O)NCC2=CC=NC3=CC=CC=C23)C=C1,C=C(Cl)CC(NC(=O)c1ccc(O)c(C)c1)C(=O)N[C@@H]1COC[C@H]1CN(C)C,COc1ccc(C[C@H](NC(=O)OC(C)(C)C)C(=O)NCc2ccnc3ccccc23)cc1,28,29,32,34,68.633217,4.060414,13,12,13,12,1,0,0,1,0
128,59,246,7606591,9626254,CN1CCC[C@@H](CNC2=NC(N(C)CC3=CN=CN3C)=NC3=CC=CN=C32)C1,COC1=CC(O)=CC(CN(CC2CCC3(CC3)CO2)C(=O)C2=CN=C3OCCC3=C2)=C1,CN1CCC[C@@H](CNc2nc(N(C)Cc3cncn3C)nc3cccnc23)C1,COc1cc(O)cc(CN(CC2CCC3(CC3)CO2)C(=O)c2cnc3c(c2)CCO3)c1,28,31,31,35,97.958214,3.697794,15,14,15,14,1,0,0,1,0
129,899,580,8215244,6950048,O=C(N[C@H]1C[C@H]2CC[C@@H](C1)N2C(=O)C1=CC=C(CO)C=N1)C1CCC2=C1NN=C2,COC1=NC=C(C(=O)N[C@@H]2CC[C@H](CC(=O)N[C@H]3C[C@H](C4=NC=CN4)C3)C2)S1,O=C(N[C@H]1C[C@H]2CC[C@@H](C1)N2C(=O)c1ccc(CO)cn1)C1CCc2cn[nH]c21,COc1ncc(C(=O)N[C@@H]2CC[C@H](CC(=O)N[C@H]3C[C@H](c4ncc[nH]4)C3)C2)s1,29,33,28,31,308.352570,5.806518,18,17,18,17,1,0,0,1,0
130,969,80,999951,36366,C#CC1=CC(CC(=O)N[C@H]2CC[C@@H](C(=O)OC)CC2)=CC=C1,NC(=O)CCN1CCC(C2CCCNC2)C1,C#Cc1cccc(CC(=O)N[C@H]2CC[C@@H](C(=O)OC)CC2)c1,NC(=O)CCN1CCC(C2CCCNC2)C1,22,23,16,17,23.237930,0.791872,12,11,12,11,1,0,0,1,0
131,87,749,2472285,4124116,C#CC(C)N(C)C(=O)CC(C)C(C)(C)NC(=O)C1=C(Cl)N(C)N=C1,CC(CC(=O)OC(C)(C)C)NCC1=NC(C2=CC([N+](=O)[O-])=CC=C2)=NO1,C#CC(C)N(C)C(=O)CC(C)C(C)(C)NC(=O)c1cnn(C)c1Cl,CC(CC(=O)OC(C)(C)C)NCc1nc(-c2cccc([N+](=O)[O-])c2)no1,24,24,26,27,16.317373,1.078675,9,8,9,8,1,0,0,1,0
132,497,835,5645193,322873,CC(=O)N1CCCC1CNC(=O)C1=C(CNC(=O)[C@H]2CCN(C)C2)C=CS1,C#CC1(NC(=O)CNC(=O)C2CCC(OC)C2)CC1,CC(=O)N1CCCC1CNC(=O)c1sccc1CNC(=O)[C@H]1CCN(C)C1,C#CC1(NC(=O)CNC(=O)C2CCC(OC)C2)CC1,27,29,19,20,18.649889,0.955586,13,12,13,12,1,0,0,1,0
133,70,778,4319416,7256219,CCCCSCC(=O)N[C@H]1CC[C@@H](CC(=O)N2CC(CO)(OC)C2)CC1,CC1(C(=O)NCC2(CNC(=O)C[C@@H]3CC[C@H](O)C3)CCCC2)CCC(=O)NC1,CCCCSCC(=O)N[C@H]1CC[C@@H](CC(=O)N2CC(CO)(OC)C2)CC1,CC1(C(=O)NCC2(CNC(=O)C[C@@H]3CC[C@H](O)C3)CCCC2)CCC(=O)NC1,26,27,28,30,61.874680,3.760103,13,12,13,12,1,0,0,1,0
134,545,784,5030749,1426711,CCC(CC(=O)N(CCC1CCC1)CC1=CC=C2C=CC=NN21)C(F)F,CC(C(=O)NC1=NN(C)C(=O)N1C)N1C=NC2=C(N)N=CN=C21,CCC(CC(=O)N(CCC1CCC1)Cc1ccc2cccnn12)C(F)F,CC(C(=O)Nc1nn(C)c(=O)n1C)n1cnc2c(N)ncnc21,26,28,23,25,19.524942,1.401091,9,8,9,8,1,0,0,1,0
135,128,131,7513095,6198192,COC1=CC=CC(C(=O)NC(CNS(=O)(=O)CC(C)O)C2=CC(C)=CC=C2)=C1,C#CCSCC(=O)NCC1CCCC(NC2=NN=NN2C2=CC=CC=C2)C1,COc1cccc(C(=O)NC(CNS(=O)(=O)CC(C)O)c2cccc(C)c2)c1,C#CCSCC(=O)NCC1CCCC(Nc2nnnn2-c2ccccc2)C1,28,29,27,29,38.206291,1.804859,11,11,11,11,1,0,0,1,0
136,675,486,6756127,5472619,CC(C)C(=O)NCC1CCCN(C(=O)C(=O)NC2=CC=CC3=CC=NC=C32)C1,C#CCOC1=CC(CNC(=O)C(=O)N2CCCCCC2C(=O)NC)=CC=C1,CC(C)C(=O)NCC1CCCN(C(=O)C(=O)Nc2cccc3ccncc23)C1,C#CCOc1cccc(CNC(=O)C(=O)N2CCCCCC2C(=O)NC)c1,28,30,27,28,184.552338,5.996922,21,20,21,20,1,0,0,1,0
137,969,562,999951,3285629,C#CC1=CC(CC(=O)N[C@H]2CC[C@@H](C(=O)OC)CC2)=CC=C1,CC=CCCC(=O)N1C[C@H]2C[C@@]2(C(=O)N2CC(C)(C)OCC2(C)C)C1,C#Cc1cccc(CC(=O)N[C@H]2CC[C@@H](C(=O)OC)CC2)c1,CC=CCCC(=O)N1C[C@H]2C[C@@]2(C(=O)N2CC(C)(C)OCC2(C)C)C1,22,23,25,27,51.995338,2.286323,13,12,13,12,1,0,0,1,0
138,169,271,1102655,3835770,CC1=NN=C(CNC(=O)C2=NN=C(C3=CC=CC=C3)O2)N1C,CCC[C@H]1C[C@@H]1CN(CC1=CC=CC2=CC=NC=C21)C(=O)[C@H]1C[C@H]1C,Cc1nnc(CNC(=O)c2nnc(-c3ccccc3)o2)n1C,CCC[C@H]1C[C@@H]1CN(Cc1cccc2ccncc12)C(=O)[C@H]1C[C@H]1C,22,24,25,28,4.943725,0.345498,8,8,8,8,1,0,0,1,0
139,540,893,5498521,9480951,C#CC1=CC=C(C(=O)N2CC[C@@H](CC(=O)N[C@]34CC[C@H](C[C@@H]3O)C4)C2)N=C1,C=C[C@H]1CN(C(=O)CC2=C(C)N(CC)N=C2C)C[C@H]1NC1=NC(C(=O)OC)=NC=C1Cl,C#Cc1ccc(C(=O)N2CC[C@@H](CC(=O)N[C@]34CC[C@H](C[C@@H]3O)C4)C2)nc1,C=C[C@H]1CN(C(=O)Cc2c(C)nn(CC)c2C)C[C@H]1Nc1nc(C(=O)OC)ncc1Cl,27,30,31,33,389.814240,12.529074,17,16,17,16,1,0,0,1,0
140,621,433,1945448,2831394,COCC(C)N1C=C(COCC(=O)N(C)CC2CCCC2)N=N1,CC1=C(C)N(C)C(CN(CC2=CCCC2)CC2COCCC2C)=N1,COCC(C)n1cc(COCC(=O)N(C)CC2CCCC2)nn1,Cc1nc(CN(CC2=CCCC2)CC2COCCC2C)n(C)c1C,23,24,24,26,10.714850,0.800849,10,9,10,9,1,0,0,1,0
141,987,216,4093080,7320354,CC(C)(C)OC(=O)NC1(CNC(=O)CC2=CSC=N2)CCC(F)(F)CC1,NC1=CC=NC(C(=O)N2C[C@@H]3C[C@@H](C[C@H](NC(=O)CCN4C=CC=N4)C3)C2)=C1,CC(C)(C)OC(=O)NC1(CNC(=O)Cc2cscn2)CCC(F)(F)CC1,Nc1ccnc(C(=O)N2C[C@@H]3C[C@@H](C[C@H](NC(=O)CCn4cccn4)C3)C2)c1,26,27,28,31,21.930826,1.418739,13,13,13,13,1,0,0,1,0
142,951,552,2058576,3688653,CN1C=C(S(=O)(=O)N2CC(NC(=O)C3=CC4=C(CCC4)S3)C2)C=N1,CC(=O)OCCC(=O)NC1CC(C(C)NC(=O)C2=CN(C)C=C2C)C1,Cn1cc(S(=O)(=O)N2CC(NC(=O)c3cc4c(s3)CCC4)C2)cn1,CC(=O)OCCC(=O)NC1CC(C(C)NC(=O)c2cn(C)cc2C)C1,24,27,25,26,18.815937,1.313475,9,8,9,8,1,0,0,1,0
143,773,747,5332740,7094745,O=C(NC1=NN=C(C2CCCCC2)O1)C1CC(=O)N(C2=CC(F)=CC=C2)C1,CCC1=CN=CC(C(=O)NC(C(=O)NCC2=NN(C(C)C)C=N2)C(C)(C)C)=C1,O=C(Nc1nnc(C2CCCCC2)o1)C1CC(=O)N(c2cccc(F)c2)C1,CCc1cncc(C(=O)NC(C(=O)NCc2ncn(C(C)C)n2)C(C)(C)C)c1,27,30,28,29,71.365929,3.653353,12,11,12,11,1,0,0,1,0
144,706,205,3749861,8248743,CCCCN1C=C(CCC(=O)N2CCN3C(=NN=C3C3CC3)C2)N=N1,C#CC1=CC=C(C(=O)N2C[C@H](O)C[C@H]2CNC(=O)C(C)C2=CC=NC=C2C)C=C1,CCCCn1cc(CCC(=O)N2CCn3c(nnc3C3CC3)C2)nn1,C#Cc1ccc(C(=O)N2C[C@H](O)C[C@H]2CNC(=O)C(C)c2ccncc2C)cc1,25,28,29,31,174.815262,2.124532,20,19,20,19,1,0,0,1,0
145,730,319,3192510,4194139,CC1(C)CCC(CC(=O)N(CC2CC2)C2=CC=C(C(=O)O)C=C2)CC1,O=C(NC1=NN(C2=CC=NC(C(F)F)=C2)C=C1)C(=O)N1CCCC(O)C1,CC1(C)CCC(CC(=O)N(CC2CC2)c2ccc(C(=O)O)cc2)CC1,O=C(Nc1ccn(-c2ccnc(C(F)F)c2)n1)C(=O)N1CCCC(O)C1,25,27,26,28,51.338188,3.054891,10,9,10,9,1,0,0,1,0
146,408,687,1386324,4422811,COCCN(CC1=CN=NN1C)CC1=C(C)C(C#N)=CC=C1,CSC[C@H](C)NC(=O)C1CCN(C(=O)[C@@H]2C[C@H]2C2=CC=CC=C2)CCO1,COCCN(Cc1cccc(C#N)c1C)Cc1cnnn1C,CSC[C@H](C)NC(=O)C1CCN(C(=O)[C@@H]2C[C@H]2c2ccccc2)CCO1,22,23,26,28,37.647682,0.835608,16,15,16,15,1,0,0,1,0
147,665,382,7440053,1650596,O=C(CC1=CC=CC=C1OC1CCCC1)OC/C=C/C1=CC=C2OCOC2=C1,CN(C)CCN(C(=O)NCC1=C(C(F)F)N=NS1)C1CCCC1,O=C(Cc1ccccc1OC1CCCC1)OC/C=C/c1ccc2c(c1)OCO2,CN(C)CCN(C(=O)NCc1snnc1C(F)F)C1CCCC1,28,31,23,24,1.525581,0.174855,5,5,5,5,1,0,0,1,0
148,448,921,8681379,103322,C=CN1C=C(CN(CC[C@@H]2CCC[C@H]2O)CC2=CC(C(=O)OC)=CC(O)=C2)C=N1,C[C@@H](NC(=O)C1=CC2=C(C=CO2)N1C)C(C)(C)O,C=Cn1cc(CN(CC[C@@H]2CCC[C@H]2O)Cc2cc(O)cc(C(=O)OC)c2)cn1,C[C@@H](NC(=O)c1cc2occc2n1C)C(C)(C)O,29,31,18,19,21.457306,0.793347,13,12,13,12,1,0,0,1,0
149,529,462,7258167,121737,CN(C[C@@H]1C[C@H](F)CN1C(=O)CCC1=NN=CS1)C(=O)CCC1=NC=NN1C,COC1=CC=C2N=C(N[C@H]3CC[C@H]4C[C@H]43)OC2=C1,CN(C[C@@H]1C[C@H](F)CN1C(=O)CCc1nncs1)C(=O)CCc1ncnn1C,COc1ccc2nc(N[C@H]3CC[C@H]4C[C@H]43)oc2c1,28,30,18,21,13.364172,0.883319,7,6,7,6,1,0,0,1,0
150,123,253,2996567,1231139,CC[C@@H](NS(=O)(=O)CC1CC2(CCOCC2)C(=O)O1)C1=CC=CC=N1,COC1=CC=C(C(=O)C2CCCN2CC2=CC=C(Br)O2)C=C1,CC[C@@H](NS(=O)(=O)CC1CC2(CCOCC2)C(=O)O1)c1ccccn1,COc1ccc(C(=O)C2CCCN2Cc2ccc(Br)o2)cc1,25,27,22,24,32.764259,2.500638,9,8,9,8,1,0,0,1,0
151,230,65,980564,1298607,COC1=CC2=NC=C(C(=O)NC3=CC(Cl)=CC(Cl)=N3)N2C=C1,C#CCN(C)C(=O)CC1(C)CCN(C(=O)CCCN(C)C)C1,COc1ccn2c(C(=O)Nc3cc(Cl)cc(Cl)n3)cnc2c1,C#CCN(C)C(=O)CC1(C)CCN(C(=O)CCCN(C)C)C1,22,24,22,22,22.840626,1.495603,11,10,11,10,1,0,0,1,0
152,346,21,2910405,6114384,CCSC1=CC=CC=C1CC(=O)NC1=C(F)C=C(Br)C=C1C(=O)OC,CC1CC(C(=O)N2CCN(C(=O)C3=C(F)C=NC(O)=C3)CC2C(C)(C)C)C1,CCSc1ccccc1CC(=O)Nc1c(F)cc(Br)cc1C(=O)OC,CC1CC(C(=O)N2CCN(C(=O)c3cc(O)ncc3F)CC2C(C)(C)C)C1,25,26,27,29,105.392517,3.501595,12,11,12,11,1,0,0,1,0
153,602,567,1073129,10058109,FC1=CC=C(N2CCC(C3=CC(F)=C(F)C(F)=C3)CC2)N=N1,COC(=O)C1=CC=CC=C1CN1C=C([C@@H]2CCCN2C(=O)C2=CN=C(C)C(C(C)=O)=C2)N=N1,Fc1ccc(N2CCC(c3cc(F)c(F)c(F)c3)CC2)nn1,COC(=O)c1ccccc1Cn1cc([C@@H]2CCCN2C(=O)c2cnc(C)c(C(C)=O)c2)nn1,22,24,33,36,125.008102,2.511930,14,13,14,13,1,0,0,1,0
154,235,602,3803888,1073129,CC1(C)CC(CCN(CC2=C(CO)C=CS2)C(=O)[C@@H]2CNC(=O)N2)C1,FC1=CC=C(N2CCC(C3=CC(F)=C(F)C(F)=C3)CC2)N=N1,CC1(C)CC(CCN(Cc2sccc2CO)C(=O)[C@@H]2CNC(=O)N2)C1,Fc1ccc(N2CCC(c3cc(F)c(F)c(F)c3)CC2)nn1,25,27,22,24,71.844208,2.808164,13,12,13,12,1,0,0,1,0
155,225,7,9996204,7116687,CCOC(=O)C1=C(C2=CN=CO2)N(C2=CC(C)=CC(C)=C2)C(=S)NC1C1=CC(C2CC2)=NO1,CC1CC2(CO1)CN(C(=O)[C@H]1C=C[C@H](NC(=O)C3=CC=CC4=C3NN=C4)C1)C2,CCOC(=O)C1=C(c2cnco2)N(c2cc(C)cc(C)c2)C(=S)NC1c1cc(C2CC2)no1,CC1CC2(CO1)CN(C(=O)[C@H]1C=C[C@H](NC(=O)c3cccc4cn[nH]c34)C1)C2,33,37,28,32,97.061211,4.596565,11,10,11,10,1,0,0,1,0
156,72,724,7466727,374384,CC1=NOC(CC(=O)N[C@@H]2C[C@H](CO)CC[C@@H]2CNC2=NC=C(F)C=N2)=C1C,CC[C@H]1C[C@@H]1C(=O)N(C)CC1=CC2=C(C=C1Br)OCO2,Cc1noc(CC(=O)N[C@@H]2C[C@H](CO)CC[C@@H]2CNc2ncc(F)cn2)c1C,CC[C@H]1C[C@@H]1C(=O)N(C)Cc1cc2c(cc1Br)OCO2,28,30,20,22,130.082748,4.401904,16,15,16,15,1,0,0,1,0
157,646,60,3214063,3351599,CN(CCCC1=NC2=CC=CC=C2N1)CC1=C(N)C(C(=O)O)=CC=C1,CC1=CN=C(CNC(=O)C2(C)C=CCN2C(=O)C2=C(N)N(C)N=C2)O1,CN(CCCc1nc2ccccc2[nH]1)Cc1cccc(C(=O)O)c1N,Cc1cnc(CNC(=O)C2(C)C=CCN2C(=O)c2cnn(C)c2N)o1,25,27,25,27,21.087797,1.240317,9,8,9,8,1,0,0,1,0
158,234,69,5046189,5603710,CC(C)C(C)(C)CN(CC1=CN2C=NC=C2C=C1)C(=O)COCCCF,COC(C(=O)NC1CCN(CCCO)C1)C1CN(C(=O)C23CC(F)(C2)C3)C1,CC(C)C(C)(C)CN(Cc1ccc2cncn2c1)C(=O)COCCCF,COC(C(=O)NC1CCN(CCCO)C1)C1CN(C(=O)C23CC(F)(C2)C3)C1,26,27,27,30,158.500732,6.272453,14,13,14,13,1,0,0,1,0
159,927,32,8635296,2646999,CCCC1=C(C(=O)N(CC2=CC=C(C#N)C=C2C)CC2=NC=CC=C2C)C=CN1,NC(=O)C[C@@H](O)C(=O)NC1COCCN(C(=O)C2=CC=CC=C2)C1,CCCc1[nH]ccc1C(=O)N(Cc1ccc(C#N)cc1C)Cc1ncccc1C,NC(=O)C[C@@H](O)C(=O)NC1COCCN(C(=O)c2ccccc2)C1,29,31,24,25,41.318119,1.392511,18,17,18,17,1,0,0,1,0
160,880,338,3711333,9637513,CC1(C)CC(=O)CC1C(=O)OCC1=CC=C(C2(C(F)(F)F)N=N2)C=C1,CC1=C2C=C(CN(CC3=CN(C4=CC=CC=C4)N=C3)CC3[C@H](C)[C@H]3C)C=CC2=NN1C,CC1(C)CC(=O)CC1C(=O)OCc1ccc(C2(C(F)(F)F)N=N2)cc1,Cc1c2cc(CN(Cc3cnn(-c4ccccc4)c3)CC3[C@H](C)[C@H]3C)ccc2nn1C,25,27,31,35,11.989734,1.182566,9,9,9,9,1,0,0,1,0
161,72,526,7466727,2184418,CC1=NOC(CC(=O)N[C@@H]2C[C@H](CO)CC[C@@H]2CNC2=NC=C(F)C=N2)=C1C,COCCOC1=CC=CC(C(=O)NNC2=NC(C)=C(C)C(=O)N2)=C1,Cc1noc(CC(=O)N[C@@H]2C[C@H](CO)CC[C@@H]2CNc2ncc(F)cn2)c1C,COCCOc1cccc(C(=O)NNc2nc(C)c(C)c(=O)[nH]2)c1,28,30,24,25,11.624281,0.778546,9,8,9,8,1,0,0,1,0
162,243,285,4525562,7929346,CC1=NC=C(C(=O)N2CC(C(=O)N[C@H](C)C3=CSC=C3)C3(CC3)C2)N1C,COC1=CC=C2C=C(CNCC3N(C(=O)OC(C)(C)C)CCC34CCC4)NC2=C1,Cc1ncc(C(=O)N2CC(C(=O)N[C@H](C)c3ccsc3)C3(CC3)C2)n1C,COc1ccc2cc(CNCC3N(C(=O)OC(C)(C)C)CCC34CCC4)[nH]c2c1,26,29,29,32,117.782104,6.123007,13,12,13,12,1,0,0,1,0
163,685,497,8759367,5645193,O=C(N1CCN(CC2=CC=C(N3C=CN=C3)C=C2)CC1)C(F)(F)CCN1C=CN=N1,CC(=O)N1CCCC1CNC(=O)C1=C(CNC(=O)[C@H]2CCN(C)C2)C=CS1,O=C(N1CCN(Cc2ccc(-n3ccnc3)cc2)CC1)C(F)(F)CCn1ccnn1,CC(=O)N1CCCC1CNC(=O)c1sccc1CNC(=O)[C@H]1CCN(C)C1,30,33,27,29,114.726685,3.511685,17,16,17,16,1,0,0,1,0
164,219,552,6861264,3688653,CC1(C#CC(=O)N2CCCC(C(=O)NC3=CN=C(C4CC4)N=C3)C2)CCCO1,CC(=O)OCCC(=O)NC1CC(C(C)NC(=O)C2=CN(C)C=C2C)C1,CC1(C#CC(=O)N2CCCC(C(=O)Nc3cnc(C4CC4)nc3)C2)CCCO1,CC(=O)OCCC(=O)NC1CC(C(C)NC(=O)c2cn(C)cc2C)C1,28,31,25,26,43.230980,2.130703,13,12,13,12,1,0,0,1,0
165,135,740,475938,10193610,O=C(NCC1CC(F)(F)CO1)NC12CCC(F)(CC1)C2,CC1=NC=CN1CC1=CN([C@H]2CC[C@@H](C(=O)NCC3=CC=C(OC4CCCC4)C=C3)CC2)N=N1,O=C(NCC1CC(F)(F)CO1)NC12CCC(F)(CC1)C2,Cc1nccn1Cc1cn([C@H]2CC[C@@H](C(=O)NCc3ccc(OC4CCCC4)cc3)CC2)nn1,20,22,34,38,23.248957,0.973308,9,9,9,9,1,0,0,1,0
166,957,903,6383091,8874455,CC1CCC(CCN(CC2=C(F)C=CC=C2F)C(=O)C2=CC=CN=C2O)C1,CN(CC1(C)CCCC1)C(=O)C1=C2CN(C(=O)[C@@H]3CCCN3C)CCC2=NC(O)=C1,CC1CCC(CCN(Cc2c(F)cccc2F)C(=O)c2cccnc2O)C1,CN(CC1(C)CCCC1)C(=O)c1cc(O)nc2c1CN(C(=O)[C@@H]1CCCN1C)CC2,27,29,30,33,369.343628,9.144926,18,17,18,17,1,0,0,1,0
167,584,590,8776790,10231444,CN(C(=O)OC(C)(C)C)C1CCN(CCCNC2=CC=C([N+](=O)[O-])C(N)=C2F)CC1,CCCCN1N=NN=C1C1(NC2=C(C)N(C3=CC=CC(Cl)=C3)N=C2)CCN(C2CCCC2)CC1,CN(C(=O)OC(C)(C)C)C1CCN(CCCNc2ccc([N+](=O)[O-])c(N)c2F)CC1,CCCCn1nnnc1C1(Nc2cnn(-c3cccc(Cl)c3)c2C)CCN(C2CCCC2)CC1,30,31,34,38,169.995331,4.801311,14,13,14,13,1,0,0,1,0
168,484,248,2194018,1499937,CCOC(=O)[C@H]1C[C@@H]1C(=O)OCCN1C2=CC=C(Br)C=C2N=C1N,O=C(CCC1=NC(C2CCCC2)=NO1)NC(CO)C1=CC=CS1,CCOC(=O)[C@H]1C[C@@H]1C(=O)OCCn1c(N)nc2cc(Br)ccc21,O=C(CCc1nc(C2CCCC2)no1)NC(CO)c1cccs1,24,26,23,25,7.979390,0.531290,9,8,9,8,1,0,0,1,0
169,803,484,8971413,2194018,COC[C@H]1C[C@@H](CNC(=O)CCC(=O)N(C)C)N(C(=O)C2CC3=NC(C)=CN3C2)C1,CCOC(=O)[C@H]1C[C@@H]1C(=O)OCCN1C2=CC=C(Br)C=C2N=C1N,COC[C@H]1C[C@@H](CNC(=O)CCC(=O)N(C)C)N(C(=O)C2Cc3nc(C)cn3C2)C1,CCOC(=O)[C@H]1C[C@@H]1C(=O)OCCn1c(N)nc2cc(Br)ccc21,30,32,24,26,42.311813,2.235441,10,9,10,9,1,0,0,1,0
170,826,416,4191891,7847536,CCC1=CC=CC(C2(CNC(=O)N3CCC4=C(C3)C(Br)=CC=C4)CC2)=C1,CC1(C)C[C@@H]1C(C(=O)NCCC#N)N1CCN(C2=CC(C(F)F)=CC=C2)CC1,CCc1cccc(C2(CNC(=O)N3CCc4cccc(Br)c4C3)CC2)c1,CC1(C)C[C@@H]1C(C(=O)NCCC#N)N1CCN(c2cccc(C(F)F)c2)CC1,26,29,28,30,81.870346,3.771102,10,9,10,9,1,0,0,1,0
171,194,96,28582,6083871,CCC=C(C)C(=O)NCCN1CCCC1C,CC1=CC(CC(=O)NC[C@@H](NC(=O)C(F)(F)C2=CC=CC=N2)C(C)C)=NN1,CCC=C(C)C(=O)NCCN1CCCC1C,Cc1cc(CC(=O)NC[C@@H](NC(=O)C(F)(F)c2ccccn2)C(C)C)n[nH]1,16,16,27,28,3.854421,0.234351,13,12,13,12,1,0,0,1,0
172,99,674,2993846,1957771,CCN1CCN(C2=CC=C(CNS(=O)(=O)CC(C)(C)CF)C=N2)CC1,CC1=CN=C(NCCC2=CNN=N2)N=C1N1CCC(CF)CC1,CCN1CCN(c2ccc(CNS(=O)(=O)CC(C)(C)CF)cn2)CC1,Cc1cnc(NCCc2c[nH]nn2)nc1N1CCC(CF)CC1,25,26,23,25,31.573370,1.855438,10,9,10,9,1,0,0,1,0
173,441,362,4468789,7931347,COC1=CN=NC(C(=O)NCC2=C(C(=O)N3CCC[C@H]3CO)C=CO2)=C1,CC(C(=O)NCC1=CC=CC(OCC#N)=C1)C1=CC=C2C(=C1)CC1=CC=CC=C12,COc1cnnc(C(=O)NCc2occc2C(=O)N2CCC[C@H]2CO)c1,CC(C(=O)NCc1cccc(OCC#N)c1)c1ccc2c(c1)Cc1ccccc1-2,26,28,29,32,47.761372,1.910201,14,13,14,13,1,0,0,1,0
174,433,420,2831394,8672863,CC1=C(C)N(C)C(CN(CC2=CCCC2)CC2COCCC2C)=N1,CC1=CC=C(CN(CCC2=CC=C(F)C=C2C)CC2=CN(C)C(C#N)=C2)C(O)=C1,Cc1nc(CN(CC2=CCCC2)CC2COCCC2C)n(C)c1C,Cc1ccc(CN(CCc2ccc(F)cc2C)Cc2cc(C#N)n(C)c2)c(O)c1,24,26,29,31,35.556175,1.220325,16,15,16,15,1,0,0,1,0
175,478,884,7298707,7734203,CCC1=CC(C(=O)N2CC3CC(C2)N(C(=O)C2=CC(C)=CC=C2C)C3)=CC=N1,CCC1=C(C(=O)N(CCC2=NC(C)=CC=N2)CC(C)CCC=C(C)C)C=NN1,CCc1cc(C(=O)N2CC3CC(C2)N(C(=O)c2cc(C)ccc2C)C3)ccn1,CCc1[nH]ncc1C(=O)N(CCc1nccc(C)n1)CC(C)CCC=C(C)C,28,31,28,29,124.026375,2.999359,19,18,19,18,1,0,0,1,0
176,746,55,6746942,866099,CC(C)[C@@H](NC(=O)NCC1=NN(C)C2=C1COCC2)C1=NN=C2C=CC=CN21,C[C@H](NC(=O)C1=CC=NN1C)C(=O)N1CCCC(O)CC1,CC(C)[C@@H](NC(=O)NCc1nn(C)c2c1COCC2)c1nnc2ccccn12,C[C@H](NC(=O)c1ccnn1C)C(=O)N1CCCC(O)CC1,28,31,21,22,24.741407,1.170640,12,11,12,11,1,0,0,1,0
177,689,669,2278662,3652938,O=C(NCC1=CNC2=CC=C(Br)C=C12)NC1CCN(CCF)C1=O,C=C/C=C(\C)C(=O)N(C)C1CN(C(=O)CN2N=CC=C2C)CC12CC2,O=C(NCc1c[nH]c2ccc(Br)cc12)NC1CCN(CCF)C1=O,C=C/C=C(\C)C(=O)N(C)C1CN(C(=O)Cn2nccc2C)CC12CC2,24,26,25,27,39.339397,0.888296,12,11,12,11,1,0,0,1,0
178,661,100,2104959,8039705,O=C(C1=NC(O)=CC(C(F)(F)F)=C1)N1CC(C2=CC(Cl)=CC=C2)C1,CCCCC(C)CCC(=O)N1CCC2(CC(C(=O)NCC3=NC(C)=CC=C3)C2)C1,O=C(c1cc(C(F)(F)F)cc(O)n1)N1CC(c2cccc(Cl)c2)C1,CCCCC(C)CCC(=O)N1CCC2(CC(C(=O)NCc3cccc(C)n3)C2)C1,24,26,29,31,193.531067,6.901365,17,16,17,16,1,0,0,1,0
179,62,412,6416646,1294583,CCOC1CC(CN(CC2=NC=C(OC)N=C2)C(=O)[C@H]2C[C@@]2(C)C2CC2)C1,CC[C@H](O)C(=O)NCC1=C(C(=O)N[C@H](C)CCOC)OC=C1,CCOC1CC(CN(Cc2cnc(OC)cn2)C(=O)[C@H]2C[C@@]2(C)C2CC2)C1,CC[C@H](O)C(=O)NCc1ccoc1C(=O)N[C@H](C)CCOC,27,30,22,22,33.830452,1.835270,13,12,13,12,1,0,0,1,0
180,745,347,5265826,32527,O=C(NCCCC1=CC=C(F)C=C1F)C1=C(C(F)(F)F)N=C2CCCCN21,C=C1CCC(CNC(=O)N[C@@H](C)[C@H](C)O)C1,O=C(NCCCc1ccc(F)cc1F)c1c(C(F)(F)F)nc2n1CCCC2,C=C1CCC(CNC(=O)N[C@@H](C)[C@H](C)O)C1,27,29,16,16,7.861485,0.479490,11,10,11,10,1,0,0,1,0
181,819,882,965724,9656200,NC[C@H]1C[C@H]1C(=O)NC1=NN(CC2=CC=C(Cl)C=C2)C=N1,COC1=C(C)C=CC=C1CN(CC1=CC=C(N2C=CN=C2)C=C1)CC1OCCC12CC2,NC[C@H]1C[C@H]1C(=O)Nc1ncn(Cc2ccc(Cl)cc2)n1,COc1c(C)cccc1CN(Cc1ccc(-n2ccnc2)cc1)CC1OCCC12CC2,21,23,31,35,17.314938,0.822134,10,9,10,9,1,0,0,1,0
182,111,254,6419974,8813492,CCC1=CC(C)=CC(CN(C[C@@H]2CC=CCC2)C(=O)C2(O)CC(F)(F)C2)=C1,CC(C)(C)OC(=O)N1CC(F)(F)CC1CNC(=O)NCC1=CC=C([N+](=O)[O-])C=C1F,CCc1cc(C)cc(CN(C[C@@H]2CC=CCC2)C(=O)C2(O)CC(F)(F)C2)c1,CC(C)(C)OC(=O)N1CC(F)(F)CC1CNC(=O)NCc1ccc([N+](=O)[O-])cc1F,27,29,30,31,61.477692,2.714385,10,10,10,10,1,0,0,1,0
183,196,194,9156181,28582,C[C@H]1CN(C2=NC3=CC=CC=C3N=C2NCCC2=CC=CC(C3CC3)=C2)C[C@H](C)O1,CCC=C(C)C(=O)NCCN1CCCC1C,C[C@H]1CN(c2nc3ccccc3nc2NCCc2cccc(C3CC3)c2)C[C@H](C)O1,CCC=C(C)C(=O)NCCN1CCCC1C,30,34,16,16,7.855014,0.344550,12,11,12,11,1,0,0,1,0
184,549,459,2397574,8067682,CC1CC(C(=O)N2CCOC(CC(=O)NCC3(F)CCC3)C2)=NO1,CCSC(C(=O)N1CC2(CCCC2)C1C(=O)NCC1=NC(CO)=CC=C1)C(C)C,CC1CC(C(=O)N2CCOC(CC(=O)NCC3(F)CCC3)C2)=NO1,CCSC(C(=O)N1CC2(CCCC2)C1C(=O)NCc1cccc(CO)n1)C(C)C,24,26,29,31,47.932980,1.670676,17,16,17,16,1,0,0,1,0
185,143,432,4493160,4727751,C=CCC(C)(O)C(=O)NC[C@H]1[C@@H](C(=O)NC2=CN(C(C)C)N=C2)C1(C)C,CN(C[C@@H]1C[C@H](F)CN1C(=O)[C@H]1CCCN1C)C(=O)CCCC(F)(F)F,C=CCC(C)(O)C(=O)NC[C@H]1[C@@H](C(=O)Nc2cnn(C(C)C)c2)C1(C)C,CN(C[C@@H]1C[C@H](F)CN1C(=O)[C@H]1CCCN1C)C(=O)CCCC(F)(F)F,26,27,26,27,39.407394,1.324997,17,16,17,16,1,0,0,1,0
186,187,285,3958689,7929346,N#CC1=C2C=CC=CC2=NC(NC(=O)C2=CSC(C3=CC=NC=C3)=N2)=C1,COC1=CC=C2C=C(CNCC3N(C(=O)OC(C)(C)C)CCC34CCC4)NC2=C1,N#Cc1cc(NC(=O)c2csc(-c3ccncc3)n2)nc2ccccc12,COc1ccc2cc(CNCC3N(C(=O)OC(C)(C)C)CCC34CCC4)[nH]c2c1,26,29,29,32,254.442856,9.228816,18,18,18,18,1,0,0,1,0
187,473,255,7018083,27530,C=CCC1(C(=O)N2CCCC2CCC)CCN(C(=O)C2=COC(N(C)C)=N2)C1,CC1=C(CNCCNS(C)(=O)=O)C(Cl)=NN1,C=CCC1(C(=O)N2CCCC2CCC)CCN(C(=O)c2coc(N(C)C)n2)C1,Cc1[nH]nc(Cl)c1CNCCNS(C)(=O)=O,28,30,16,16,2.991475,0.417105,10,9,10,9,1,0,0,1,0
188,895,945,5132325,3940039,COC1=CC(C)=NC(CN(CC[C@@H]2COC[C@H]2O)CC2=CC=CC=C2)=C1,CCOC(=O)CC(=O)N1CCC2=C(CC1)SC(N1CCC(C)CC1)=N2,COc1cc(C)nc(CN(CC[C@@H]2COC[C@H]2O)Cc2ccccc2)c1,CCOC(=O)CC(=O)N1CCc2nc(N3CCC(C)CC3)sc2CC1,26,28,25,27,19.685034,1.069200,10,9,10,9,1,0,0,1,0
189,77,453,5195946,1371765,CC(C)(C)OC(=O)N1CCCC1CCC(=O)NCC1=CC=C2OC=CC2=C1,CCC1=C(CNC2=NC(NC3CCSCC3)=NC=C2)C=NN1,CC(C)(C)OC(=O)N1CCCC1CCC(=O)NCc1ccc2occc2c1,CCc1[nH]ncc1CNc1ccnc(NC2CCSCC2)n1,27,29,22,24,9.198916,0.660777,10,9,10,9,1,0,0,1,0
190,827,882,10017841,9656200,CC(C)(C)OC(=O)N1CCN(C(=O)NCC2=CC3=CN=NC=C3O2)C(C2=CC=CC=C2F)C1,COC1=C(C)C=CC=C1CN(CC1=CC=C(N2C=CN=C2)C=C1)CC1OCCC12CC2,CC(C)(C)OC(=O)N1CCN(C(=O)NCc2cc3cnncc3o2)C(c2ccccc2F)C1,COc1c(C)cccc1CN(Cc1ccc(-n2ccnc2)cc1)CC1OCCC12CC2,33,36,31,35,161.384277,6.279350,13,12,13,12,1,0,0,1,0
191,876,563,10304745,6337144,CC[C@H](NC(=O)OC(C)(C)C)C(C1=NN=NN1C1=CC(C(=O)OC)=CC=C1)N(C)C1CCN(C)C1,CC1=CC=CC(C)=C1CNC1=NC(C)=NC(NC2CCN3CCCCC23)=N1,CC[C@H](NC(=O)OC(C)(C)C)C(c1nnnn1-c1cccc(C(=O)OC)c1)N(C)C1CCN(C)C1,Cc1nc(NCc2c(C)cccc2C)nc(NC2CCN3CCCCC23)n1,35,37,27,30,64.628716,2.648803,11,10,11,10,1,0,0,1,0
192,100,51,8039705,1637007,CCCCC(C)CCC(=O)N1CCC2(CC(C(=O)NCC3=NC(C)=CC=C3)C2)C1,CCC1CN2CCCC2CN1C(=O)NCCOC1=CC=NC=C1,CCCCC(C)CCC(=O)N1CCC2(CC(C(=O)NCc3cccc(C)n3)C2)C1,CCC1CN2CCCC2CN1C(=O)NCCOc1ccncc1,29,31,23,25,42.020599,1.760722,13,12,13,12,1,0,0,1,0
193,667,553,4170183,4693304,COC1=CC=C(C(CF)NC(=O)NCC2=CC=C(C)C(C3CC3)=C2)C=C1,C/C=C/CC(CC)C(=O)NCC12CC1CN(C(=O)CC1=C(C)C=CS1)C2,COc1ccc(C(CF)NC(=O)NCc2ccc(C)c(C3CC3)c2)cc1,C/C=C/CC(CC)C(=O)NCC12CC1CN(C(=O)Cc1sccc1C)C2,26,28,26,28,67.415291,2.074879,9,8,9,8,1,0,0,1,0
194,856,15,4563398,2467240,CCCN(CC(=O)NCC1(OC)CN(C)C1)C(=O)[C@@H]1C[C@H](C)CC(=O)N1,C#CCCCOCCNC(=O)CC1CN(C(=O)CC=C)CC12CC2,CCCN(CC(=O)NCC1(OC)CN(C)C1)C(=O)[C@@H]1C[C@H](C)CC(=O)N1,C#CCCCOCCNC(=O)CC1CN(C(=O)CC=C)CC12CC2,26,27,24,25,40.807236,1.816475,11,10,11,10,1,0,0,1,0
195,992,95,6262055,9309198,CC(C)CN1C=C(C(C)(C)N2CCN(C(=O)CCCCCC#N)CC2)N=N1,COC1=CC=C(CC2CCN(C(=O)C3=CC=C(N4C=NC5=CC=CC=C54)C=C3)C2)C=C1,CC(C)Cn1cc(C(C)(C)N2CCN(C(=O)CCCCCC#N)CC2)nn1,COc1ccc(CC2CCN(C(=O)c3ccc(-n4cnc5ccccc54)cc3)C2)cc1,27,28,31,35,39.859356,2.758599,13,12,13,12,1,0,0,1,0
196,948,771,93378,2346134,CN1C(=O)N=C(SC2CC3(C2)CC3(F)F)NC1=O,CN1N=CC=C1N1CCN(CC2=C(F)C3=CC=CC=C3C=C2)CC1,Cn1c(=O)nc(SC2CC3(C2)CC3(F)F)[nH]c1=O,Cn1nccc1N1CCN(Cc2ccc3ccccc3c2F)CC1,18,20,24,27,9.391283,0.772614,7,6,7,6,1,0,0,1,0
197,869,242,8948212,963457,CCC(CC)C(C)C(=O)NC1(C2CCCCN2C(=O)C(F)=CC2=CN(C)N=N2)CC1,O=C(NC(C1=CC=CC=C1)C1CCNC1)C1=C(Cl)C=CS1,CCC(CC)C(C)C(=O)NC1(C2CCCCN2C(=O)C(F)=Cc2cn(C)nn2)CC1,O=C(NC(c1ccccc1)C1CCNC1)c1sccc1Cl,30,32,21,23,79.578941,1.829218,15,14,15,14,1,0,0,1,0
198,170,416,4134008,7847536,COC(=O)CCOCCNC(=O)NC1=CC=C(N2C=CC(=O)C=C2)N=C1,CC1(C)C[C@@H]1C(C(=O)NCCC#N)N1CCN(C2=CC(C(F)F)=CC=C2)CC1,COC(=O)CCOCCNC(=O)Nc1ccc(-n2ccc(=O)cc2)nc1,CC1(C)C[C@@H]1C(C(=O)NCCC#N)N1CCN(c2cccc(C(F)F)c2)CC1,26,27,28,30,20.488207,1.104181,10,9,10,9,1,0,0,1,0
199,497,492,5645193,1690789,CC(=O)N1CCCC1CNC(=O)C1=C(CNC(=O)[C@H]2CCN(C)C2)C=CS1,CC[C@@H](CN)NC(=O)C1=CC=CC=C1OCC1=CC=CC=C1Br,CC(=O)N1CCCC1CNC(=O)c1sccc1CNC(=O)[C@H]1CCN(C)C1,CC[C@@H](CN)NC(=O)c1ccccc1OCc1ccccc1Br,27,29,23,24,23.891232,1.114506,10,9,10,9,1,0,0,1,0
200,218,885,9306769,8269833,NC(=O)C1CCCN(CCCNC(=O)NC(C2=CC=C(Cl)C=C2)C2=CC=C(Cl)C=C2)C1,CC(C)C1=CC(C(=O)NC2CN(C(=O)[C@H]3C[C@H]4C=C[C@@H]3O4)C3(CCCC3)C2)=NO1,NC(=O)C1CCCN(CCCNC(=O)NC(c2ccc(Cl)cc2)c2ccc(Cl)cc2)C1,CC(C)c1cc(C(=O)NC2CN(C(=O)[C@H]3C[C@H]4C=C[C@@H]3O4)C3(CCCC3)C2)no1,31,33,29,33,117.681625,2.780712,13,12,13,12,1,0,0,1,0
201,410,924,9748132,9497594,CN1N=C(NC(=O)C(=O)N(C)C2(CNC(=O)OC(C)(C)C)CC2)C=C1CN1CCOCC1,CC(CC(=O)NC[C@H]1C[C@H]1NC1=NC=NC2=CC([N+](=O)[O-])=CC=C21)C1=CC=CC(F)=C1,CN(C(=O)C(=O)Nc1cc(CN2CCOCC2)n(C)n1)C1(CNC(=O)OC(C)(C)C)CC1,CC(CC(=O)NC[C@H]1C[C@H]1Nc1ncnc2cc([N+](=O)[O-])ccc12)c1cccc(F)c1,32,34,31,34,23.747669,1.056123,11,10,11,10,1,0,0,1,0
202,60,168,3351599,8024256,CC1=CN=C(CNC(=O)C2(C)C=CCN2C(=O)C2=C(N)N(C)N=C2)O1,COC(=O)C1=CC=C(C2=NOC(CCCCC#CC3=CC=CC=C3)=N2)C=C1OC,Cc1cnc(CNC(=O)C2(C)C=CCN2C(=O)c2cnn(C)c2N)o1,COC(=O)c1ccc(-c2noc(CCCCC#Cc3ccccc3)n2)cc1OC,25,27,29,31,10.952446,0.814473,7,6,7,6,1,0,0,1,0
203,388,2,9410350,66768,CCC1=CNC(=O)C(C(=O)N2CCN(C(=O)C3=CC(Cl)=CC=N3)CC3CCCCC32)=C1,CC(C)[C@H](C)C(=O)OCC1=CC=C(Cl)C(F)=C1,CCc1c[nH]c(=O)c(C(=O)N2CCN(C(=O)c3cc(Cl)ccn3)CC3CCCCC32)c1,CC(C)[C@H](C)C(=O)OCc1ccc(Cl)c(F)c1,31,34,17,17,6.884147,0.355674,7,7,7,7,1,0,0,1,0
204,399,271,4889020,3835770,CCC1=CC=C(C(=O)N[C@H]2C[C@H]2NC2=NC(C)=CC=C2[N+](=O)[O-])C(C)=N1,CCC[C@H]1C[C@@H]1CN(CC1=CC=CC2=CC=NC=C21)C(=O)[C@H]1C[C@H]1C,CCc1ccc(C(=O)N[C@H]2C[C@H]2Nc2nc(C)ccc2[N+](=O)[O-])c(C)n1,CCC[C@H]1C[C@@H]1CN(Cc1cccc2ccncc12)C(=O)[C@H]1C[C@H]1C,26,28,25,28,61.737644,3.139424,13,12,13,12,1,0,0,1,0
205,948,802,93378,5209488,CN1C(=O)N=C(SC2CC3(C2)CC3(F)F)NC1=O,CCC1=NN(C)C(Cl)=C1C(=O)NCC(CC1=CC=CC=C1OC)C(=O)OC,Cn1c(=O)nc(SC2CC3(C2)CC3(F)F)[nH]c1=O,CCc1nn(C)c(Cl)c1C(=O)NCC(Cc1ccccc1OC)C(=O)OC,18,20,27,28,4.756768,0.398182,6,5,6,5,1,0,0,1,0
206,803,465,8971413,2159572,COC[C@H]1C[C@@H](CNC(=O)CCC(=O)N(C)C)N(C(=O)C2CC3=NC(C)=CN3C2)C1,CN(C1CCC2(CC1)COC2)S(=O)(=O)C1=CC=C([N+](=O)[O-])C(Cl)=C1,COC[C@H]1C[C@@H](CNC(=O)CCC(=O)N(C)C)N(C(=O)C2Cc3nc(C)cn3C2)C1,CN(C1CCC2(CC1)COC2)S(=O)(=O)c1ccc([N+](=O)[O-])c(Cl)c1,30,32,24,26,13.142947,0.673981,10,9,10,9,1,0,0,1,0
207,292,433,9663046,2831394,CCCC1=CC=C(CN(CC2=NC(CC)=CO2)C(=O)NC2=C3N=CC=CN3N=C2)C=C1,CC1=C(C)N(C)C(CN(CC2=CCCC2)CC2COCCC2C)=N1,CCCc1ccc(CN(Cc2nc(CC)co2)C(=O)Nc2cnn3cccnc23)cc1,Cc1nc(CN(CC2=CCCC2)CC2COCCC2C)n(C)c1C,31,34,24,26,93.067162,2.919344,15,14,15,14,1,0,0,1,0
208,713,980,1020902,5308922,CCCCC1=NC(C)=C(C(=O)N(C)C2CN(C)S(=O)(=O)C2)S1,O=C(CCN1N=NC2=CC=CC=C2C1=O)N1CCC2(CCCCCC2)CC1,CCCCc1nc(C)c(C(=O)N(C)C2CN(C)S(=O)(=O)C2)s1,O=C(CCn1nnc2ccccc2c1=O)N1CCC2(CCCCCC2)CC1,22,23,27,30,11.626524,0.639687,14,13,14,13,1,0,0,1,0
209,748,802,3675863,5209488,CN1CCC[C@H]1CC(=O)N1C[C@H](NC(=O)C(=O)NCC2CC2)[C@@H](O)C1,CCC1=NN(C)C(Cl)=C1C(=O)NCC(CC1=CC=CC=C1OC)C(=O)OC,CN1CCC[C@H]1CC(=O)N1C[C@H](NC(=O)C(=O)NCC2CC2)[C@@H](O)C1,CCc1nn(C)c(Cl)c1C(=O)NCC(Cc1ccccc1OC)C(=O)OC,25,27,27,28,38.573887,2.258042,12,11,12,11,1,0,0,1,0
210,569,677,5065409,4192068,CC1=CC=C(C(=O)N(CCCCCO)CC2=CC=CC(C#N)=C2)C(C)=C1,O=C(NCC1=NOC(C2CCOCC2)=N1)NC[C@@]12CCCC[C@]1(CO)C2,Cc1ccc(C(=O)N(CCCCCO)Cc2cccc(C#N)c2)c(C)c1,O=C(NCc1noc(C2CCOCC2)n1)NC[C@@]12CCCC[C@]1(CO)C2,26,27,26,29,72.058823,3.888274,11,10,11,10,1,0,0,1,0
211,735,498,8858626,3566557,COC[C@H]1CC[C@@H]1C(=O)N[C@H](CC1CCOCC1)C(=O)N(C)CC1(OC)CCCC1,CCC(COC)C(=O)NCC(NC(=O)C(F)(F)C1CC1)C1CCCC1,COC[C@H]1CC[C@@H]1C(=O)N[C@H](CC1CCOCC1)C(=O)N(C)CC1(OC)CCCC1,CCC(COC)C(=O)NCC(NC(=O)C(F)(F)C1CC1)C1CCCC1,30,32,25,26,113.913544,1.903813,19,18,19,18,1,0,0,1,0
212,158,194,3115192,28582,COC(=O)CC1=CSC(CNC(=O)N2CCC(C)(N3CCCC3)C2)=N1,CCC=C(C)C(=O)NCCN1CCCC1C,COC(=O)Cc1csc(CNC(=O)N2CCC(C)(N3CCCC3)C2)n1,CCC=C(C)C(=O)NCCN1CCCC1C,25,27,16,16,10.701982,0.444617,10,10,10,10,1,0,0,1,0
213,303,222,5874559,7028356,CC(C)(C)C(C)(C)C(=O)NC[C@H]1C[C@@H](NC(=O)CC2(N3C=CC=N3)CC2)C1,CC1=CC=C(CC(=O)N2CC3C=CC2C(C(=O)NCC2=NC(C)=C(C)S2)C3)S1,CC(C)(C)C(C)(C)C(=O)NC[C@H]1C[C@@H](NC(=O)CC2(n3cccn3)CC2)C1,Cc1ccc(CC(=O)N2CC3C=CC2C(C(=O)NCc2nc(C)c(C)s2)C3)s1,27,29,28,31,83.757675,4.329872,12,11,12,11,1,0,0,1,0
214,991,59,2218362,7606591,CN1N=CC=C1C1CCN(CC2CCCN(C(=O)C(C)(C)C)C2)C1,CN1CCC[C@@H](CNC2=NC(N(C)CC3=CN=CN3C)=NC3=CC=CN=C32)C1,Cn1nccc1C1CCN(CC2CCCN(C(=O)C(C)(C)C)C2)C1,CN1CCC[C@@H](CNc2nc(N(C)Cc3cncn3C)nc3cccnc23)C1,24,26,28,31,164.557892,5.925596,16,16,16,16,1,0,0,1,0
215,593,753,247809,3617621,CN1N=CC(CNCCC2=CNN=N2)=C1S(N)(=O)=O,CCN(C(=O)C1=NC=CC=N1)C1CCN(C(=O)C2=CC(C)(C)C2)CC1,Cn1ncc(CNCCc2c[nH]nn2)c1S(N)(=O)=O,CCN(C(=O)c1ncccn1)C1CCN(C(=O)C2=CC(C)(C)C2)CC1,19,20,25,27,4.697759,0.410108,10,9,10,9,1,0,0,1,0
216,555,62,4745780,6416646,CSC1(C(=O)N[C@H]2CN(C(=O)[C@@H]3CCC[C@H](O)C3)C[C@@H]2C(F)F)CCC1,CCOC1CC(CN(CC2=NC=C(OC)N=C2)C(=O)[C@H]2C[C@@]2(C)C2CC2)C1,CSC1(C(=O)N[C@H]2CN(C(=O)[C@@H]3CCC[C@H](O)C3)C[C@@H]2C(F)F)CCC1,CCOC1CC(CN(Cc2cnc(OC)cn2)C(=O)[C@H]2C[C@@]2(C)C2CC2)C1,26,28,27,30,195.230286,5.322292,17,16,17,16,1,0,0,1,0
217,765,321,1085713,8779376,CN(CCC(O)C1=CC=CC=C1)S(=O)(=O)N1CCCC1(C)C,CC(C)(C)OC(=O)NC1CN(S(=O)(=O)C2=CNC3=C2C=CC=C3[N+](=O)[O-])C(C)(C)C1,CN(CCC(O)c1ccccc1)S(=O)(=O)N1CCCC1(C)C,CC(C)(C)OC(=O)NC1CN(S(=O)(=O)c2c[nH]c3c([N+](=O)[O-])cccc23)C(C)(C)C1,22,23,30,32,9.916053,0.733679,10,10,10,10,1,0,0,1,0
218,58,51,2480805,1637007,CN(CC(F)(F)CO)C(=O)C1CC12CC(NC(=O)C1=COCC1)C2,CCC1CN2CCCC2CN1C(=O)NCCOC1=CC=NC=C1,CN(CC(F)(F)CO)C(=O)C1CC12CC(NC(=O)C1=COCC1)C2,CCC1CN2CCCC2CN1C(=O)NCCOc1ccncc1,24,26,23,25,22.786613,1.526233,12,11,12,11,1,0,0,1,0
219,598,488,5494392,2669399,C=CCN(CC(=O)NC)C(=O)C1CN(C(=O)C2=CC=NC(CO)=C2)CCO1,CC1=CC=C(C(=O)N2CCN(C(=O)C3CCCN(C)C3)CC2C)O1,C=CCN(CC(=O)NC)C(=O)C1CN(C(=O)c2ccnc(CO)c2)CCO1,Cc1ccc(C(=O)N2CCN(C(=O)C3CCCN(C)C3)CC2C)o1,27,28,24,26,138.856186,7.415781,16,15,16,15,1,0,0,1,0
220,514,941,9243210,3762436,CCSC1=NN=C(CN(CC2=CC=C(C#N)C(Cl)=C2)C(=O)NC2=CC=CC=C2)N1C,CC(NC(=O)C1=CN(CC(F)F)C=N1)C1=CN(C[C@H]2C[C@H](N)C2)N=N1,CCSc1nnc(CN(Cc2ccc(C#N)c(Cl)c2)C(=O)Nc2ccccc2)n1C,CC(NC(=O)c1cn(CC(F)F)cn1)c1cn(C[C@H]2C[C@H](N)C2)nn1,30,32,25,27,16.396797,1.137280,10,9,10,9,1,0,0,1,0
221,873,543,4690001,4382667,CN1CC(C(=O)NCCC2(O)CN(C(=O)C3=CC(C#N)=CS3)C2)CC1=O,CCN1C=C(NC(=O)[C@@H]2CCCN2C(=O)C2=CC=CC=C2O)C(C#N)=N1,CN1CC(C(=O)NCCC2(O)CN(C(=O)c3cc(C#N)cs3)C2)CC1=O,CCn1cc(NC(=O)[C@@H]2CCCN2C(=O)c2ccccc2O)c(C#N)n1,26,28,26,28,46.800167,2.674083,11,10,11,10,1,0,0,1,0
222,161,58,1585167,2480805,CC1=CC(C(C)NC(=O)CNC(=O)C2=CC=CC=C2C)=C(C)S1,CN(CC(F)(F)CO)C(=O)C1CC12CC(NC(=O)C1=COCC1)C2,Cc1cc(C(C)NC(=O)CNC(=O)c2ccccc2C)c(C)s1,CN(CC(F)(F)CO)C(=O)C1CC12CC(NC(=O)C1=COCC1)C2,23,24,24,26,29.599527,1.265053,11,10,11,10,1,0,0,1,0
223,983,520,2980854,4123390,CCOC(=O)C1=C(C(F)F)N=C(NCC2=CC(C(=O)OC)=CC=C2)S1,O=[N+]([O-])C1=CN(CC(O)CN2CC3CC2(C(O)C2=CC=CC=C2)C3)N=C1,CCOC(=O)c1sc(NCc2cccc(C(=O)OC)c2)nc1C(F)F,O=[N+]([O-])c1cnn(CC(O)CN2CC3CC2(C(O)c2ccccc2)C3)c1,25,26,26,29,19.052147,0.775076,10,9,10,9,1,0,0,1,0
224,82,871,2083033,882010,COCC1CCCCC1NC(=O)C1=CC=C(OC)C2=CN=CC=C12,C=CCCC(C)(C)NC(=O)C1=CCC(NC(=O)C(C)O)C1,COCC1CCCCC1NC(=O)c1ccc(OC)c2cnccc12,C=CCCC(C)(C)NC(=O)C1=CCC(NC(=O)C(C)O)C1,24,26,21,21,16.155830,1.027673,13,12,13,12,1,0,0,1,0
225,190,70,4209049,4319416,C[C@H](C1=CC=CC=C1)N(CCO)C(=O)C(=O)NC1=CC(C#N)=CC=C1O,CCCCSCC(=O)N[C@H]1CC[C@@H](CC(=O)N2CC(CO)(OC)C2)CC1,C[C@H](c1ccccc1)N(CCO)C(=O)C(=O)Nc1cc(C#N)ccc1O,CCCCSCC(=O)N[C@H]1CC[C@@H](CC(=O)N2CC(CO)(OC)C2)CC1,26,27,26,27,31.837559,1.677955,12,11,12,11,1,0,0,1,0
226,609,69,4351004,5603710,O=C(NCC(O)C(=O)NC1=CC=C(F)C(CO)=C1)C1=CC(O)=CC(F)=C1,COC(C(=O)NC1CCN(CCCO)C1)C1CN(C(=O)C23CC(F)(C2)C3)C1,O=C(NCC(O)C(=O)Nc1ccc(F)c(CO)c1)c1cc(O)cc(F)c1,COC(C(=O)NC1CCN(CCCO)C1)C1CN(C(=O)C23CC(F)(C2)C3)C1,26,27,27,30,113.830284,3.027506,13,12,13,12,1,0,0,1,0
227,691,882,1837898,9656200,CC(F)CC(=O)NCCC(C)(C)C(=O)N1CCC12CCSCC2,COC1=C(C)C=CC=C1CN(CC1=CC=C(N2C=CN=C2)C=C1)CC1OCCC12CC2,CC(F)CC(=O)NCCC(C)(C)C(=O)N1CCC12CCSCC2,COc1c(C)cccc1CN(Cc1ccc(-n2ccnc2)cc1)CC1OCCC12CC2,23,24,31,35,19.358410,0.939984,13,12,13,12,1,0,0,1,0
228,240,413,7246223,5351304,CC(C)C(F)C(=O)N1CCN(C(=O)C2=COC3=CC=CC=C32)CC1C1CCC1,CC(C)(C)OC(=O)NC[C@H]1CC[C@H]1CNC(=O)NC1=CC=NC2=CC=NN21,CC(C)C(F)C(=O)N1CCN(C(=O)c2coc3ccccc23)CC1C1CCC1,CC(C)(C)OC(=O)NC[C@H]1CC[C@H]1CNC(=O)Nc1ccnc2ccnn12,28,31,27,29,25.489218,1.335234,9,8,9,8,1,0,0,1,0
229,122,964,8324929,3383014,CCOC1=CC(C(=O)N2C[C@H]3CCN(C(=O)C4=CC(COC)=NN4)[C@H]3[C@@H]2C)=NN1,CC(C)(C)CC(O)C(=O)NC(CC(=O)N1CCCNC(=O)C1)C(F)F,CCOc1cc(C(=O)N2C[C@H]3CCN(C(=O)c4cc(COC)n[nH]4)[C@H]3[C@@H]2C)n[nH]1,CC(C)(C)CC(O)C(=O)NC(CC(=O)N1CCCNC(=O)C1)C(F)F,29,32,25,25,113.040062,3.124755,16,15,16,15,1,0,0,1,0
230,911,583,4146591,1681719,O=C(NC1=NC(C2=CC(Cl)=CC=C2Cl)=CS1)NC(CO)CC1=CC=CO1,O=C(NCC(O)C1=CC=CC=C1Br)[C@@H]1CCC2=CC=CC=C2N1,O=C(Nc1nc(-c2cc(Cl)ccc2Cl)cs1)NC(CO)Cc1ccco1,O=C(NCC(O)c1ccccc1Br)[C@@H]1CCc2ccccc2N1,26,28,23,25,21.536760,1.252514,10,9,10,9,1,0,0,1,0
231,252,592,561885,3401358,CSCC1(C(=O)NCC(C)C(=O)N(C)CC(C)C)CC1,CC1(C)CC1(NC(=O)C=CC1=CC=CN=C1)C(=O)NCC1=CC=CO1,CSCC1(C(=O)NCC(C)C(=O)N(C)CC(C)C)CC1,CC1(C)CC1(NC(=O)C=Cc1cccnc1)C(=O)NCc1ccco1,20,20,25,27,22.141024,1.368377,10,9,10,9,1,0,0,1,0
232,608,40,8889911,1255781,CC(C)N1CCN(C2CCN(C(=O)C(C)N3C=C(C4=CC=C(Cl)C=N4)N=N3)C2)CC1,COC1=CC=C(C2=C3NC=C(CC(=O)O)C3=CC=C2)C=C1O,CC(C)N1CCN(C2CCN(C(=O)C(C)n3cc(-c4ccc(Cl)cn4)nn3)C2)CC1,COc1ccc(-c2cccc3c(CC(=O)O)c[nH]c23)cc1O,30,33,22,24,59.247116,1.995427,10,9,10,9,1,0,0,1,0
233,634,83,8570018,3458125,C1=NC=NC(N2CC(NC3=NC(N4CCCN(C5CCCC5)CC4)=NC=N3)C2)=C1,C#CCN(CC(=O)NCC1=NC(C)=NC=C1)C(=O)CC1CCCCC1,c1cc(N2CC(Nc3ncnc(N4CCCN(C5CCCC5)CC4)n3)C2)ncn1,C#CCN(CC(=O)NCc1ccnc(C)n1)C(=O)CC1CCCCC1,29,33,25,26,45.398865,1.455046,12,11,12,11,1,0,0,1,0
234,429,673,2046013,8997505,O=C(C1=CC=NC2=NC=NN12)N1CCC(COCC(F)(F)F)CC1,CCN1C=NC(C(=O)N(CC)CC2CCCCN2C(=O)CC2=C(F)C(C)=CC=C2)=N1,O=C(c1ccnc2ncnn12)N1CCC(COCC(F)(F)F)CC1,CCN(CC1CCCCN1C(=O)Cc1cccc(C)c1F)C(=O)c1ncn(CC)n1,24,26,30,32,68.926567,2.531786,15,14,15,14,1,0,0,1,0
235,597,578,2299080,8026689,N#CC1=CC(NC(=O)C(=O)N[C@H]2C=CCC[C@H]2C(N)=O)=NC=C1Cl,COC1=CC=NC(N2CCN(C(=O)C(=O)NCC3=CN=C(N(C)C)N3C)CC2)=C1,N#Cc1cc(NC(=O)C(=O)N[C@H]2C=CCC[C@H]2C(N)=O)ncc1Cl,COc1ccnc(N2CCN(C(=O)C(=O)NCc3cnc(N(C)C)n3C)CC2)c1,24,25,29,31,52.682720,2.336554,12,12,12,12,1,0,0,1,0
236,535,323,3042370,5659988,CC1=C(O)C=CC2=C1OC(=O)C=C2COC(=O)C1=CC(=O)N(C)N=C1,CN(C(=O)CC(NC(=O)C1=C2COCC2=NN1)C(F)(F)F)C1CC(CO)C1,Cc1c(O)ccc2c(COC(=O)c3cnn(C)c(=O)c3)cc(=O)oc12,CN(C(=O)CC(NC(=O)c1[nH]nc2c1COC2)C(F)(F)F)C1CC(CO)C1,25,27,27,29,38.661621,2.191055,11,10,11,10,1,0,0,1,0
237,957,267,6383091,8577160,CC1CCC(CCN(CC2=C(F)C=CC=C2F)C(=O)C2=CC=CN=C2O)C1,CC1=CC=CC(F)=C1CN(CC1=NC2=C(CCCC2)N1)C(=O)C1=CN=CN=C1N,CC1CCC(CCN(Cc2c(F)cccc2F)C(=O)c2cccnc2O)C1,Cc1cccc(F)c1CN(Cc1nc2c([nH]1)CCCC2)C(=O)c1cncnc1N,27,29,29,32,453.987640,11.670432,18,18,18,18,1,0,0,1,0
238,209,685,3380050,8759367,C#CC(C)N(C)C(=O)[C@]12CCC[C@H]1CN(C(=O)CSCCC(C)C)C2,O=C(N1CCN(CC2=CC=C(N3C=CN=C3)C=C2)CC1)C(F)(F)CCN1C=CN=N1,C#CC(C)N(C)C(=O)[C@]12CCC[C@H]1CN(C(=O)CSCCC(C)C)C2,O=C(N1CCN(Cc2ccc(-n3ccnc3)cc2)CC1)C(F)(F)CCn1ccnn1,25,26,30,33,90.960442,3.506053,12,11,12,11,1,0,0,1,0
239,733,321,5747447,8779376,CC1=NON=C1CC(=O)N1C[C@H]2CCC[C@H]2[C@H]1C(=O)N(C)[C@@H]1CCC[C@H]1O,CC(C)(C)OC(=O)NC1CN(S(=O)(=O)C2=CNC3=C2C=CC=C3[N+](=O)[O-])C(C)(C)C1,Cc1nonc1CC(=O)N1C[C@H]2CCC[C@H]2[C@H]1C(=O)N(C)[C@@H]1CCC[C@H]1O,CC(C)(C)OC(=O)NC1CN(S(=O)(=O)c2c[nH]c3c([N+](=O)[O-])cccc23)C(C)(C)C1,27,30,30,32,123.285721,6.150812,10,10,10,10,1,0,0,1,0
240,244,271,5315419,3835770,CC1=CC(C)=C(C(=O)OCC(=O)NN(C2=CC=CC=C2)C2=CC=CC=C2)N1,CCC[C@H]1C[C@@H]1CN(CC1=CC=CC2=CC=NC=C21)C(=O)[C@H]1C[C@H]1C,Cc1cc(C)c(C(=O)OCC(=O)NN(c2ccccc2)c2ccccc2)[nH]1,CCC[C@H]1C[C@@H]1CN(Cc1cccc2ccncc12)C(=O)[C@H]1C[C@H]1C,27,29,25,28,71.300858,2.631603,13,12,13,12,1,0,0,1,0
241,405,134,317178,8810698,CC(C)(N)C/C=C/C(=O)NC1C2CCCC1CCC2,CCOC1=CC2=C(C=C1OCC)CN(C(=O)NC1C3=C(OC1C)C(F)=CC=C3)CC2,CC(C)(N)C/C=C/C(=O)NC1C2CCCC1CCC2,CCOc1cc2c(cc1OCC)CN(C(=O)NC1c3cccc(F)c3OC1C)CC2,19,20,30,33,75.212883,1.789184,12,11,12,11,1,0,0,1,0
242,687,660,4422811,4114235,CSC[C@H](C)NC(=O)C1CCN(C(=O)[C@@H]2C[C@H]2C2=CC=CC=C2)CCO1,CN1CCC(OC2=CC(NC(=O)C3=CN4N=NN=C4C=C3)=CC=N2)CC1,CSC[C@H](C)NC(=O)C1CCN(C(=O)[C@@H]2C[C@H]2c2ccccc2)CCO1,CN1CCC(Oc2cc(NC(=O)c3ccc4nnnn4c3)ccn2)CC1,26,28,26,29,60.664726,2.524697,14,13,14,13,1,0,0,1,0
243,307,468,5958515,7577589,CC[C@H]1CC[C@H](C(=O)N2CCC(CF)(NC(=O)C3CCCCCC3)C2)CC1,CCC1=CC(OC)=CC=C1C(N[C@H](C)CF)C1=NN=NN1C1=CC=C(F)C=C1,CC[C@H]1CC[C@H](C(=O)N2CCC(CF)(NC(=O)C3CCCCCC3)C2)CC1,CCc1cc(OC)ccc1C(N[C@H](C)CF)c1nnnn1-c1ccc(F)cc1,27,29,28,30,116.625511,5.580433,14,13,14,13,1,0,0,1,0
244,323,951,5659988,2058576,CN(C(=O)CC(NC(=O)C1=C2COCC2=NN1)C(F)(F)F)C1CC(CO)C1,CN1C=C(S(=O)(=O)N2CC(NC(=O)C3=CC4=C(CCC4)S3)C2)C=N1,CN(C(=O)CC(NC(=O)c1[nH]nc2c1COC2)C(F)(F)F)C1CC(CO)C1,Cn1cc(S(=O)(=O)N2CC(NC(=O)c3cc4c(s3)CCC4)C2)cn1,27,29,24,27,16.400442,0.751341,10,9,10,9,1,0,0,1,0
245,769,958,2464715,499579,CCCOCC(=O)N1CCC2CC2(C(=O)NCC2(O)CSC2)CC1,O=C(NCCCSC(F)F)C1=CC=C2CNCCC2=C1,CCCOCC(=O)N1CCC2CC2(C(=O)NCC2(O)CSC2)CC1,O=C(NCCCSC(F)F)c1ccc2c(c1)CCNC2,24,26,20,21,74.259071,1.444142,18,17,18,17,1,0,0,1,0
246,74,9,7720307,4471919,O=C1CCC(CC(=O)N(CCN2C=CC=CC2=O)CC2=CC(F)=CC(F)=C2)N1,CC1=CSC(C(=O)NCC2=CC=CC(C(=O)NC(C)C3=NC=CN3)=N2)=C1,O=C1CCC(CC(=O)N(CCn2ccccc2=O)Cc2cc(F)cc(F)c2)N1,Cc1csc(C(=O)NCc2cccc(C(=O)NC(C)c3ncc[nH]3)n2)c1,28,30,26,28,60.042488,2.467015,14,13,14,13,1,0,0,1,0
247,469,636,1884070,4951544,CN(C)CC(=O)NC1(C)CCN(C(=O)C2=C(F)C(F)=CC=C2)C1,COC(=O)C1=CC(NC2(C3=NN=NN3C(C)C)CC[C@@H](C)C2)=CN=C1Br,CN(C)CC(=O)NC1(C)CCN(C(=O)c2cccc(F)c2F)C1,COC(=O)c1cc(NC2(c3nnnn3C(C)C)CC[C@@H](C)C2)cnc1Br,23,24,26,28,69.203842,2.666179,13,12,13,12,1,0,0,1,0
248,576,102,8922616,7027068,CCOC1=CC=C(C(=O)N2[C@@H]3CC[C@H]2C[C@@H](NC(=O)C2=CC(OCC)=NO2)C3)C=N1,O=C(CCC1=CC=CN1)NCC1=CC(C(=O)N2CC(N3C=NN=C3)C2)=CC=N1,CCOc1ccc(C(=O)N2[C@@H]3CC[C@H]2C[C@@H](NC(=O)c2cc(OCC)no2)C3)cn1,O=C(CCc1ccc[nH]1)NCc1cc(C(=O)N2CC(n3cnnc3)C2)ccn1,30,33,28,31,98.802872,3.096919,15,14,15,14,1,0,0,1,0
249,75,550,4380174,2552858,C[C@@H](CC(=O)NCC(C)(C)N1C=CN=C1)NC(=O)C(O)CN1C=NC=N1,CC1(NC(=O)C2CC3(CC(NC(=O)C4(CO)COC4)C3)C2)CSC1,C[C@@H](CC(=O)NCC(C)(C)n1ccnc1)NC(=O)C(O)Cn1cncn1,CC1(NC(=O)C2CC3(CC(NC(=O)C4(CO)COC4)C3)C2)CSC1,26,27,24,27,10.719295,0.846988,9,8,9,8,1,0,0,1,0
250,218,518,9306769,1126877,NC(=O)C1CCCN(CCCNC(=O)NC(C2=CC=C(Cl)C=C2)C2=CC=C(Cl)C=C2)C1,O=C(COC(=O)C1=C(Br)C=NO1)NC1=CC=C2CCCC2=C1,NC(=O)C1CCCN(CCCNC(=O)NC(c2ccc(Cl)cc2)c2ccc(Cl)cc2)C1,O=C(COC(=O)c1oncc1Br)Nc1ccc2c(c1)CCC2,31,33,22,24,63.485973,0.947804,12,11,12,11,1,0,0,1,0
251,271,135,3835770,475938,CCC[C@H]1C[C@@H]1CN(CC1=CC=CC2=CC=NC=C21)C(=O)[C@H]1C[C@H]1C,O=C(NCC1CC(F)(F)CO1)NC12CCC(F)(CC1)C2,CCC[C@H]1C[C@@H]1CN(Cc1cccc2ccncc12)C(=O)[C@H]1C[C@H]1C,O=C(NCC1CC(F)(F)CO1)NC12CCC(F)(CC1)C2,25,28,20,22,16.040117,0.368221,10,9,10,9,1,0,0,1,0
252,955,357,1594940,7456443,O=C1NC2=CC=CC=C2N1CCCNC1(C2CCCOC2)CC1,COC1=CC=C2C(=C1)N=CN=C2N1CC(NC(=O)[C@H]2CCC(=O)N2)C(C)(C)C1,O=c1[nH]c2ccccc2n1CCCNC1(C2CCCOC2)CC1,COc1ccc2c(N3CC(NC(=O)[C@H]4CCC(=O)N4)C(C)(C)C3)ncnc2c1,23,26,28,31,113.696739,2.966293,19,18,19,18,1,0,0,1,0
253,902,70,2466100,4319416,CC1=C(C(=O)N2CC[C@H](C)C[C@@H]2C(=O)NC2(C(C)C)CC2)NC=C1,CCCCSCC(=O)N[C@H]1CC[C@@H](CC(=O)N2CC(CO)(OC)C2)CC1,Cc1cc[nH]c1C(=O)N1CC[C@H](C)C[C@@H]1C(=O)NC1(C(C)C)CC1,CCCCSCC(=O)N[C@H]1CC[C@@H](CC(=O)N2CC(CO)(OC)C2)CC1,24,26,26,27,61.004375,3.356742,16,15,16,15,1,0,0,1,0
254,900,250,3234087,970568,CCCCSCCC(=O)NC(C)C(C)C(=O)NC1CC2(C1)CN(C)C2,CC1=CC=C(F)C=C1NC(=O)CC(C1=CC=CC=C1)C(C)C,CCCCSCCC(=O)NC(C)C(C)C(=O)NC1CC2(C1)CN(C)C2,Cc1ccc(F)cc1NC(=O)CC(c1ccccc1)C(C)C,25,26,22,23,57.227211,2.336560,11,10,11,10,1,0,0,1,0
255,378,291,59800,9542854,CC1CN(S(=O)(=O)CC2(CF)CCC2)CCS1,CCC1=NC(C(=O)NC[C@H]2CC[C@H](C3=CN(C4=CC(C)=CC(C)=C4)N=N3)CC2)=C(C)S1,CC1CN(S(=O)(=O)CC2(CF)CCC2)CCS1,CCc1nc(C(=O)NC[C@H]2CC[C@H](c3cn(-c4cc(C)cc(C)c4)nn3)CC2)c(C)s1,17,18,31,34,4.597624,0.279237,7,6,7,6,1,0,0,1,0
256,161,448,1585167,8681379,CC1=CC(C(C)NC(=O)CNC(=O)C2=CC=CC=C2C)=C(C)S1,C=CN1C=C(CN(CC[C@@H]2CCC[C@H]2O)CC2=CC(C(=O)OC)=CC(O)=C2)C=N1,Cc1cc(C(C)NC(=O)CNC(=O)c2ccccc2C)c(C)s1,C=Cn1cc(CN(CC[C@@H]2CCC[C@H]2O)Cc2cc(O)cc(C(=O)OC)c2)cn1,23,24,29,31,23.190765,0.886892,10,10,10,10,1,0,0,1,0
257,853,556,573979,4622436,CC(CC#N)C(=O)N[C@@H](C)CNC(=O)C[C@@H](C)N(C)C,CCCC(=O)C1=CN(CC2CN(C(=O)C3=CN=CN=C3C3CC3)C2)N=N1,CC(CC#N)C(=O)N[C@@H](C)CNC(=O)C[C@@H](C)N(C)C,CCCC(=O)c1cn(CC2CN(C(=O)c3cncnc3C3CC3)C2)nn1,20,19,26,29,9.232910,0.635479,11,10,11,10,1,0,0,1,0
258,720,309,2922648,6909057,CN(C)C(=O)C1=CC=C(CNC(=O)[C@H]2CCN3C[C@H]2N(C)C3=O)C=N1,CCC(C(=O)N1CCO[C@@H](C)[C@@H]1C(=O)N1C[C@H](OC)[C@H](OC)C1)N1C=NC=N1,CN(C)C(=O)c1ccc(CNC(=O)[C@H]2CCN3C[C@H]2N(C)C3=O)cn1,CCC(C(=O)N1CCO[C@@H](C)[C@@H]1C(=O)N1C[C@H](OC)[C@H](OC)C1)n1cncn1,25,27,28,30,46.291237,2.228498,12,11,12,11,1,0,0,1,0
259,626,826,8252304,4191891,CCN1N=C(C(=O)N[C@@H]2CCN(C(=O)CCNC(=O)CC(C)C)C[C@H]2F)C=C1O,CCC1=CC=CC(C2(CNC(=O)N3CCC4=C(C3)C(Br)=CC=C4)CC2)=C1,CCn1nc(C(=O)N[C@@H]2CCN(C(=O)CCNC(=O)CC(C)C)C[C@H]2F)cc1O,CCc1cccc(C2(CNC(=O)N3CCc4cccc(Br)c4C3)CC2)c1,29,30,26,29,35.362408,2.502390,9,8,9,8,1,0,0,1,0
260,669,541,3652938,6755460,C=C/C=C(\C)C(=O)N(C)C1CN(C(=O)CN2N=CC=C2C)CC12CC2,CC(C)C(CNC(=O)C(=O)N1CC(C(N)=O)CC2=CC=CC=C21)N1CCCC1,C=C/C=C(\C)C(=O)N(C)C1CN(C(=O)Cn2nccc2C)CC12CC2,CC(C)C(CNC(=O)C(=O)N1CC(C(N)=O)Cc2ccccc21)N1CCCC1,25,27,28,30,138.222092,5.270558,19,18,19,18,1,0,0,1,0
261,8,683,5894247,4203123,CC(CCNC(=O)C1=CC([N+](=O)[O-])=CC=N1)NC(=O)C1(C(F)F)CC(O)C1,O=C(NC1=CC=CC(C2=CN=CO2)=C1)C(=O)NC1(C2CCCOC2)CC1,CC(CCNC(=O)c1cc([N+](=O)[O-])ccn1)NC(=O)C1(C(F)F)CC(O)C1,O=C(Nc1cccc(-c2cnco2)c1)C(=O)NC1(C2CCCOC2)CC1,27,28,26,29,20.824373,0.841712,13,12,13,12,1,0,0,1,0
262,836,567,513658,10058109,CC(C)N1C=C2CCC(NCC3=CC=CN3C)CC2=N1,COC(=O)C1=CC=CC=C1CN1C=C([C@@H]2CCCN2C(=O)C2=CN=C(C)C(C(C)=O)=C2)N=N1,CC(C)n1cc2c(n1)CC(NCc1cccn1C)CC2,COC(=O)c1ccccc1Cn1cc([C@@H]2CCCN2C(=O)c2cnc(C)c(C(C)=O)c2)nn1,20,22,33,36,121.179138,3.919144,16,15,16,15,1,0,0,1,0
263,306,954,957487,1415176,CC1=CC=C(CN(CC2=CN=CO2)C[C@H]2CCO2)N=C1C,CCOC(=O)CC1(NC(=O)CC2=CN=CC(C#N)=C2)CCCC1,Cc1ccc(CN(Cc2cnco2)C[C@H]2CCO2)nc1C,CCOC(=O)CC1(NC(=O)Cc2cncc(C#N)c2)CCCC1,21,23,23,24,19.016737,1.263190,13,12,13,12,1,0,0,1,0
264,679,106,46259,9044121,COC(C)(C)CC(=O)NCC(C)N1C=CC=N1,CC1=CC=C(Cl)C(C(=O)NCC2=CC=CC(CNC3=NC(C(F)(F)F)=CC=N3)=N2)=C1,COC(C)(C)CC(=O)NCC(C)n1cccn1,Cc1ccc(Cl)c(C(=O)NCc2cccc(CNc3nccc(C(F)(F)F)n3)n2)c1,17,17,30,32,5.983458,0.339640,13,12,13,12,1,0,0,1,0
265,961,899,1954968,8215244,C=CCCCCC(N[C@H]1CCO[C@H]1C)C1=NN=NN1C1CCC1,O=C(N[C@H]1C[C@H]2CC[C@@H](C1)N2C(=O)C1=CC=C(CO)C=N1)C1CCC2=C1NN=C2,C=CCCCCC(N[C@H]1CCO[C@H]1C)c1nnnn1C1CCC1,O=C(N[C@H]1C[C@H]2CC[C@@H](C1)N2C(=O)c1ccc(CO)cn1)C1CCc2cn[nH]c21,23,25,29,33,68.532356,2.207924,14,13,14,13,1,0,0,1,0
266,137,270,3371616,4467697,CC1=CSN=C1C(=O)NC[C@H]1C[C@H]1CC(=O)N[C@H]1CCC(=O)NC1=O,CCC1=C(C(=O)N2CC(C)C2C(=O)NCC2CCCCCCC2)SC=N1,Cc1csnc1C(=O)NC[C@H]1C[C@H]1CC(=O)N[C@H]1CCC(=O)NC1=O,CCc1ncsc1C(=O)N1CC(C)C1C(=O)NCC1CCCCCCC1,25,27,26,28,137.919342,6.367330,14,13,14,13,1,0,0,1,0
267,118,911,8758240,4146591,COC(=O)C12CC(CN1CC1=CC=CC=C1)N(C(=O)C1=CC([N+](=O)[O-])=CC(Br)=C1)C2,O=C(NC1=NC(C2=CC(Cl)=CC=C2Cl)=CS1)NC(CO)CC1=CC=CO1,COC(=O)C12CC(CN1Cc1ccccc1)N(C(=O)c1cc(Br)cc([N+](=O)[O-])c1)C2,O=C(Nc1nc(-c2cc(Cl)ccc2Cl)cs1)NC(CO)Cc1ccco1,30,33,26,28,16.856009,0.546989,9,9,9,9,1,0,0,1,0
268,109,760,4573591,3882586,CC(=O)NC1CN(C(=O)[C@@H]2CN(C(=O)[C@H]3NC(=O)OC3(C)C)CCO2)C1,COC(=O)C(C)(C)C(=O)N(CC1=CSC(C)=C1)CC1OCCC12CC2,CC(=O)NC1CN(C(=O)[C@@H]2CN(C(=O)[C@H]3NC(=O)OC3(C)C)CCO2)C1,COC(=O)C(C)(C)C(=O)N(Cc1csc(C)c1)CC1OCCC12CC2,26,28,25,27,201.285904,7.025610,13,12,13,12,1,0,0,1,0
269,566,159,628570,9521402,C#CCC1(C(=O)N2CC3=CC=C(O)N=C3C2)CC=CCC1,C[C@H](CNC(=O)C1=CC=CC=C1OCC1=CN(C2=CC=C(Cl)C=C2)N=N1)OC(C)(C)C,C#CCC1(C(=O)N2Cc3ccc(O)nc3C2)CC=CCC1,C[C@H](CNC(=O)c1ccccc1OCc1cn(-c2ccc(Cl)cc2)nn1)OC(C)(C)C,21,23,31,33,99.816162,6.135330,12,11,12,11,1,0,0,1,0
270,278,288,1541030,4574463,COCC(COC)CS(=O)(=O)NNC(=O)C1=CC=C(C#N)C=N1,C#CC1=CN(CC(=O)N(CC(=O)N[C@H]2CCO[C@@H]2C2CC2)C(C)C)N=C1,COCC(COC)CS(=O)(=O)NNC(=O)c1ccc(C#N)cn1,C#Cc1cnn(CC(=O)N(CC(=O)N[C@H]2CCO[C@@H]2C2CC2)C(C)C)c1,23,23,26,28,5.781695,0.581041,9,8,9,8,1,0,0,1,0
271,619,215,6329828,6920235,CC1=CSC(CCCNC2=NC(N3CCC(CF)C3)=C3C=NN(C)C3=N2)=N1,C#CC1(C(=O)NCC(CCC)CCCC)CCN(C(=O)C2=NOC=C2C)CC1,Cc1csc(CCCNc2nc(N3CCC(CF)C3)c3cnn(C)c3n2)n1,C#CC1(C(=O)NCC(CCC)CCCC)CCN(C(=O)c2nocc2C)CC1,27,30,28,29,35.946323,2.726905,10,9,10,9,1,0,0,1,0
272,734,351,9671636,7127848,CC(C)(C)CNC(=O)C(C1=CN=C2C(F)=CC=CC2=C1)N1CCN(CCN=[N+]=[N-])CC1,CC1(C)CCC2(CCCN2C(=O)C2(N3C=C(C4(CCO)CC4)N=N3)CC2)CC1,CC(C)(C)CNC(=O)C(c1cnc2c(F)cccc2c1)N1CCN(CCN=[N+]=[N-])CC1,CC1(C)CCC2(CCCN2C(=O)C2(n3cc(C4(CCO)CC4)nn3)CC2)CC1,31,33,28,32,614.504700,30.335243,17,16,17,16,1,0,0,1,0
273,208,703,3149100,6291509,CC1CC2(C1)CC(CCNC(=O)C(=O)NC1=CC(N(C)C)=CN=C1)C2,CC(NCCNC(=O)C1=CN=CC=N1)(C1=NN=NN1CCC1CC1)C1CC1,CC1CC2(C1)CC(CCNC(=O)C(=O)Nc1cncc(N(C)C)c1)C2,CC(NCCNC(=O)c1cnccn1)(c1nnnn1CCC1CC1)C1CC1,25,27,27,30,58.737122,1.925512,17,16,17,16,1,0,0,1,0
274,649,873,883747,4690001,CC[C@@H](C)N(C)C(=O)/C=C/C(C)(C)NC(=O)C1=CCCC1,CN1CC(C(=O)NCCC2(O)CN(C(=O)C3=CC(C#N)=CS3)C2)CC1=O,CC[C@@H](C)N(C)C(=O)/C=C/C(C)(C)NC(=O)C1=CCCC1,CN1CC(C(=O)NCCC2(O)CN(C(=O)c3cc(C#N)cs3)C2)CC1=O,21,21,26,28,4.695644,0.358954,9,8,9,8,1,0,0,1,0
275,270,517,4467697,8356445,CCC1=C(C(=O)N2CC(C)C2C(=O)NCC2CCCCCCC2)SC=N1,CC1=C(C)C(C(=O)N2CCCN(C(=O)C3=CN=C4N=CC=CC4=C3)C[C@@H]2C)=CS1,CCc1ncsc1C(=O)N1CC(C)C1C(=O)NCC1CCCCCCC1,Cc1scc(C(=O)N2CCCN(C(=O)c3cnc4ncccc4c3)C[C@@H]2C)c1C,26,28,29,32,234.851471,4.054743,21,20,21,20,1,0,0,1,0
276,500,257,3656579,9402527,CCCC(=O)NC(CNC(=O)C1=CC(C)(CC)C1)C1=CC(C)=CC=C1,C=CCC1(NC(=O)CCC(=O)NCCC)CCN(C(=O)C2=CC=C3C=CC=NC3=C2)C1,CCCC(=O)NC(CNC(=O)C1=CC(C)(CC)C1)c1cccc(C)c1,C=CCC1(NC(=O)CCC(=O)NCCC)CCN(C(=O)c2ccc3cccnc3c2)C1,25,26,31,33,146.019638,2.840319,18,17,18,17,1,0,0,1,0
277,927,929,8635296,235085,CCCC1=C(C(=O)N(CC2=CC=C(C#N)C=C2C)CC2=NC=CC=C2C)C=CN1,FC(F)C1=NN=C(N2C[C@H]3CCC[C@@]3(C(F)F)C2)S1,CCCc1[nH]ccc1C(=O)N(Cc1ccc(C#N)cc1C)Cc1ncccc1C,FC(F)c1nnc(N2C[C@H]3CCC[C@@]3(C(F)F)C2)s1,29,31,19,21,21.885519,1.145246,10,9,10,9,1,0,0,1,0
278,866,52,297225,2354011,CC1=CC(C(=O)N(C)CC[C@@H](C)N)=CN=C1C(N)=O,NC1(C2CCN(CC3=CC(C(F)(F)C(F)(F)F)=CC=C3)CC2)CC1,Cc1cc(C(=O)N(C)CC[C@@H](C)N)cnc1C(N)=O,NC1(C2CCN(Cc3cccc(C(F)(F)C(F)(F)F)c3)CC2)CC1,19,19,24,26,15.800570,0.743390,14,13,14,13,1,0,0,1,0
279,94,649,4847972,883747,CS(=O)CCC(=O)N1CCC[C@@H]1CN1C=C(C2=CC=CC(F)=C2N)N=N1,CC[C@@H](C)N(C)C(=O)/C=C/C(C)(C)NC(=O)C1=CCCC1,CS(=O)CCC(=O)N1CCC[C@@H]1Cn1cc(-c2cccc(F)c2N)nn1,CC[C@@H](C)N(C)C(=O)/C=C/C(C)(C)NC(=O)C1=CCCC1,26,28,21,21,3.748651,0.381598,9,8,9,8,1,0,0,1,0
280,433,849,2831394,7821504,CC1=C(C)N(C)C(CN(CC2=CCCC2)CC2COCCC2C)=N1,CC1(C)OCC(CCN(CC2=CC=C3CCOC3=C2)CC2C3CCC2CC3)O1,Cc1nc(CN(CC2=CCCC2)CC2COCCC2C)n(C)c1C,CC1(C)OCC(CCN(Cc2ccc3c(c2)OCC3)CC2C3CCC2CC3)O1,24,26,28,32,35.134769,0.993631,16,15,16,15,1,0,0,1,0
281,283,45,4185089,8243543,CN(C)C1=CC=C(NC(=O)NNC(=O)NC2CCN(CCCO)C2)C=C1,C=C(F)C1(CC(=O)N2CCN(C(=O)C3=NNC4=CN=CC=C43)C(C)C2C)CCC1,CN(C)c1ccc(NC(=O)NNC(=O)NC2CCN(CCCO)C2)cc1,C=C(F)C1(CC(=O)N2CCN(C(=O)c3n[nH]c4cnccc34)C(C)C2C)CCC1,26,27,29,32,23.080227,1.228270,11,10,11,10,1,0,0,1,0
282,3,341,1692068,7596939,NCC1=CC=C(N)C(C(=O)NC2CCOC3=NC(Br)=CC=C32)=C1,CCC(C)(C)N1N=NN=C1C(C1=CN=C(C2CC2)O1)N1CCC(C)(CSC)C1,NCc1ccc(N)c(C(=O)NC2CCOc3nc(Br)ccc32)c1,CCC(C)(C)n1nnnc1C(c1cnc(C2CC2)o1)N1CCC(C)(CSC)C1,23,25,28,31,51.656384,2.188825,14,13,14,13,1,0,0,1,0
283,789,133,4285362,559175,CC[C@@H](NC(=O)C12CC(C)(CN1C(=O)C1=C(C)NN=C1C)C2)C(=O)OC,CC=CCC(=O)N1CC=CC1C(=O)NC(CO)C1CC1,CC[C@@H](NC(=O)C12CC(C)(CN1C(=O)c1c(C)n[nH]c1C)C2)C(=O)OC,CC=CCC(=O)N1CC=CC1C(=O)NC(CO)C1CC1,26,28,20,21,90.045906,0.799080,17,16,17,16,1,0,0,1,0
284,652,268,205531,2423747,CCC(NC(=O)C1=C(C)C=C(C#N)S1)C1=NN=CN1,CCS(=O)(=O)CCNC(=O)[C@H]1CCCN1C(=O)[C@@H]1CC[C@H]1COC,CCC(NC(=O)c1sc(C#N)cc1C)c1nnc[nH]1,CCS(=O)(=O)CCNC(=O)[C@H]1CCCN1C(=O)[C@@H]1CC[C@H]1COC,19,20,24,25,34.298374,0.994309,14,13,14,13,1,0,0,1,0
285,165,759,9767523,8626595,CC1=CC(F)=CN=C1C1=CN(C2=CN=CC(C(=O)NNC(=O)C3CC4CCC3O4)=C2)N=N1,CC1=CC(C(=O)N(CC2=C3C=CN(C)C3=CC=C2)C[C@@H]2CCCC[C@H]2O)=CC=N1,Cc1cc(F)cnc1-c1cn(-c2cncc(C(=O)NNC(=O)C3CC4CCC3O4)c2)nn1,Cc1cc(C(=O)N(Cc2cccc3c2ccn3C)C[C@@H]2CCCC[C@H]2O)ccn1,32,36,29,32,152.874725,4.818790,15,14,15,14,1,0,0,1,0
286,452,564,4615591,7531033,CN(CCOCCC(=O)NCC(F)C1=CC=CC=C1)C(=O)[C@@H]1CCOC1,CCC1=CC(C(=O)NCC2(C3=CN(CC4=CC=NC=N4)N=N3)CC2)=CC=C1C,CN(CCOCCC(=O)NCC(F)c1ccccc1)C(=O)[C@@H]1CCOC1,CCc1cc(C(=O)NCC2(c3cn(Cc4ccncn4)nn3)CC2)ccc1C,26,27,28,31,12.429352,0.505609,12,11,12,11,1,0,0,1,0
287,722,437,5837062,7409183,[N-]=[N+]=NCCCCC(=O)N[C@H](CC(=O)N1CCC(=C(F)F)CC1)CC1CC1,O=C(N[C@H]1C[C@H]2C[C@@H]1CN(C(=O)C1CC3CC3C1)C2)C1=CC2=CC=CN2C=C1,[N-]=[N+]=NCCCCC(=O)N[C@H](CC(=O)N1CCC(=C(F)F)CC1)CC1CC1,O=C(N[C@H]1C[C@H]2C[C@@H]1CN(C(=O)C1CC3CC3C1)C2)c1ccn2cccc2c1,27,28,28,33,105.023666,1.511240,20,19,20,19,1,0,0,1,0
288,574,9,5611587,4471919,CCC1=C(C(=O)N2CC3(C(=O)NCCC4=CSC=C4)CC2CCO3)N=CO1,CC1=CSC(C(=O)NCC2=CC=CC(C(=O)NC(C)C3=NC=CN3)=N2)=C1,CCc1ocnc1C(=O)N1CC2(C(=O)NCCc3ccsc3)CC1CCO2,Cc1csc(C(=O)NCc2cccc(C(=O)NC(C)c3ncc[nH]3)n2)c1,27,30,26,28,77.234421,3.190501,13,12,13,12,1,0,0,1,0
289,114,77,5937853,5195946,CCN1N=CC(C)=C1C(=O)NCC(C)CN(C)C(=O)C1=CSC(C(C)=O)=N1,CC(C)(C)OC(=O)N1CCCC1CCC(=O)NCC1=CC=C2OC=CC2=C1,CCn1ncc(C)c1C(=O)NCC(C)CN(C)C(=O)c1csc(C(C)=O)n1,CC(C)(C)OC(=O)N1CCCC1CCC(=O)NCc1ccc2occc2c1,27,28,27,29,15.371882,1.177937,11,10,11,10,1,0,0,1,0
290,967,904,10252318,223527,CCOC(=O)C1=CC=C(NC(=O)C(C2=CC(OCC)=CC=C2)N2CCOC(C)(C)C2(C)C)C=C1,C#CC1(C)CCN(C(=O)C2=C(F)C=C(N)C(Cl)=C2)C1,CCOC(=O)c1ccc(NC(=O)C(c2cccc(OCC)c2)N2CCOC(C)(C)C2(C)C)cc1,C#CC1(C)CCN(C(=O)c2cc(Cl)c(N)cc2F)C1,34,36,19,20,45.100243,1.261936,14,14,14,14,1,0,0,1,0
291,707,925,8176720,6553962,CN(C[C@@H]1CCCCN1C(=O)C1=CN2C=CN=C2S1)C(=O)CCOCC(F)(F)F,CCN(CC)C(C(=O)NC1CCC(F)(F)CC1)C1=CN(C2CC2(F)F)N=C1,CN(C[C@@H]1CCCCN1C(=O)c1cn2ccnc2s1)C(=O)CCOCC(F)(F)F,CCN(CC)C(C(=O)NC1CCC(F)(F)CC1)c1cnn(C2CC2(F)F)c1,29,31,27,29,84.024200,3.237778,13,12,13,12,1,0,0,1,0
292,152,558,2237266,2672686,COC1=CC(S(C)(=O)=O)=CC=C1NC(=O)NC1(CO)CC(C)(C)C1,O=C1CC(C(=O)NC/C=C\CNC(=O)[C@H]2C[C@@H]2C2CCCO2)=NN1,COc1cc(S(C)(=O)=O)ccc1NC(=O)NC1(CO)CC(C)(C)C1,O=C1CC(C(=O)NC/C=C\CNC(=O)[C@H]2C[C@@H]2C2CCCO2)=NN1,24,25,24,26,15.372704,0.828512,8,7,8,7,1,0,0,1,0
293,36,854,3149125,3570458,COC1=CC=C(NC(=O)C(=O)NC2=C(C)C=C(C)N=C2Cl)C(F)=C1F,C[C@H]1CCO[C@H]1C(=O)NC[C@H]1CCCCN1C(=O)/C=C/C1=CNC=N1,COc1ccc(NC(=O)C(=O)Nc2c(C)cc(C)nc2Cl)c(F)c1F,C[C@H]1CCO[C@H]1C(=O)NC[C@H]1CCCCN1C(=O)/C=C/c1c[nH]cn1,25,26,25,27,35.903248,1.740777,13,12,13,12,1,0,0,1,0
294,378,596,59800,10070462,CC1CN(S(=O)(=O)CC2(CF)CCC2)CCS1,CC1=NN(C)C2=C(N3CCC(C)(CCNC(=O)C4=C(C)C5=C(CCCC5=O)N4)C3)N=CN=C12,CC1CN(S(=O)(=O)CC2(CF)CCC2)CCS1,Cc1c(C(=O)NCCC2(C)CCN(c3ncnc4c(C)nn(C)c34)C2)[nH]c2c1C(=O)CCC2,17,18,33,37,3.450073,0.254219,6,5,6,5,1,0,0,1,0
295,565,151,1184618,6361710,CCC(O)(CC)CNC(=O)C(=O)NC1=NC(COC)=CC=C1,CSCCCN(CC1=NN(C)C2=CC=CC=C21)C(=O)C1=C(C2CC2)C=CO1,CCC(O)(CC)CNC(=O)C(=O)Nc1cccc(COC)n1,CSCCCN(Cc1nn(C)c2ccccc12)C(=O)c1occc1C1CC1,22,22,27,30,16.781733,1.006607,10,9,10,9,1,0,0,1,0
296,440,130,3107984,7266784,CC1=NC(CNC(=O)N2CCC(N3C=CN=N3)CC2)=C2CCCCN12,C[C@H](O)[C@H](C(=O)N1CCC(C)(CNC(=O)CCC2=CC=CC=C2F)C1)N(C)C,Cc1nc(CNC(=O)N2CCC(n3ccnn3)CC2)c2n1CCCC2,C[C@H](O)[C@H](C(=O)N1CCC(C)(CNC(=O)CCc2ccccc2F)C1)N(C)C,25,28,28,29,23.297430,1.013639,13,12,13,12,1,0,0,1,0
297,42,315,1415851,4706838,O=C(NC1=NN2C=CC=CC2=C1)C1=C2OCCCC2=CC(Br)=C1,CCN1CCC(C(=O)N[C@H]2CC[C@@H](N(C)C(=O)C(O)C3CC3)CC2)CC1,O=C(Nc1cc2ccccn2n1)c1cc(Br)cc2c1OCCC2,CCN1CCC(C(=O)N[C@H]2CC[C@@H](N(C)C(=O)C(O)C3CC3)CC2)CC1,23,26,26,28,60.887718,1.570643,14,13,14,13,1,0,0,1,0
298,373,920,4205027,298234,O=C(NC1=CC=C(N2CCCCCC2)C=C1)C(=O)N1CCCCC(O)C1,CCNC1=CC=C(C(=O)NC2(C)CC(CN)C2)C=N1,O=C(Nc1ccc(N2CCCCCC2)cc1)C(=O)N1CCCCC(O)C1,CCNc1ccc(C(=O)NC2(C)CC(CN)C2)cn1,26,28,19,20,15.018072,0.717958,12,11,12,11,1,0,0,1,0
299,955,815,1594940,3432128,O=C1NC2=CC=CC=C2N1CCCNC1(C2CCCOC2)CC1,C[C@@H]1C[C@@H](C(=O)NCC2=CC=CC=C2O)N(C(=O)CC2CC=CC2)C1,O=c1[nH]c2ccccc2n1CCCNC1(C2CCCOC2)CC1,C[C@@H]1C[C@@H](C(=O)NCc2ccccc2O)N(C(=O)CC2CC=CC2)C1,23,26,25,27,45.493526,2.180418,12,11,12,11,1,0,0,1,0
300,995,881,9218208,2480057,COC1=NSC=C1CN(CCCC1CCOC1)CC1=CC=C(N2C=NC=N2)C(F)=C1,COC1(C(=O)NC(C)CSC)CCN(C(=O)CCC2OCCO2)C1,COc1nscc1CN(CCCC1CCOC1)Cc1ccc(-n2cncn2)c(F)c1,COC1(C(=O)NC(C)CSC)CCN(C(=O)CCC2OCCO2)C1,30,33,24,25,39.723316,1.678472,11,10,11,10,1,0,0,1,0
301,40,920,1255781,298234,COC1=CC=C(C2=C3NC=C(CC(=O)O)C3=CC=C2)C=C1O,CCNC1=CC=C(C(=O)NC2(C)CC(CN)C2)C=N1,COc1ccc(-c2cccc3c(CC(=O)O)c[nH]c23)cc1O,CCNc1ccc(C(=O)NC2(C)CC(CN)C2)cn1,22,24,19,20,31.809681,1.078420,12,11,12,11,1,0,0,1,0
302,366,215,3927678,6920235,CCCN1C=NC=C1C(C(=O)NC1CCOC1)N(C)C1CCCCC1,C#CC1(C(=O)NCC(CCC)CCCC)CCN(C(=O)C2=NOC=C2C)CC1,CCCn1cncc1C(C(=O)NC1CCOC1)N(C)C1CCCCC1,C#CC1(C(=O)NCC(CCC)CCCC)CCN(C(=O)c2nocc2C)CC1,25,27,28,29,31.877188,1.618385,11,10,11,10,1,0,0,1,0
303,698,255,1177986,27530,CO[C@@H]1CC[C@H]1CCNC(=O)N[C@H]1CCC2=C(C1)SC(Br)=N2,CC1=C(CNCCNS(C)(=O)=O)C(Cl)=NN1,CO[C@@H]1CC[C@H]1CCNC(=O)N[C@H]1CCc2nc(Br)sc2C1,Cc1[nH]nc(Cl)c1CNCCNS(C)(=O)=O,22,24,16,16,2.152862,0.271203,6,5,6,5,1,0,0,1,0
304,682,105,9171056,1448313,CC(=O)NC1CCN(C2=NC(NC(CC(C)C)CC(C)C)=C3C(=N2)C=NN3C)CC1,CC1=CN(C)N=C1C(=O)N[C@H]1C2=CC=CC=C2CC[C@@H]1N(C)C,CC(=O)NC1CCN(c2nc(NC(CC(C)C)CC(C)C)c3c(cnn3C)n2)CC1,Cc1cn(C)nc1C(=O)N[C@H]1c2ccccc2CC[C@@H]1N(C)C,30,32,23,25,271.558685,8.601742,14,14,14,14,1,0,0,1,0
305,362,798,7931347,5163086,CC(C(=O)NCC1=CC=CC(OCC#N)=C1)C1=CC=C2C(=C1)CC1=CC=CC=C12,CCN1N=NC=C1C(C(=O)NC1CCC1)N(C)CC1=CN=CN1C(C)C,CC(C(=O)NCc1cccc(OCC#N)c1)c1ccc2c(c1)Cc1ccccc1-2,CCn1nncc1C(C(=O)NC1CCC1)N(C)Cc1cncn1C(C)C,29,32,26,28,10.518692,0.672921,10,9,10,9,1,0,0,1,0
306,573,905,4871520,1828959,CC1=CC(C(=O)NCC(C2CC2)N(C)C2=C(Br)C(C)=NC=N2)=CC=C1F,CC1=C(C(=O)N[C@H]2C[C@H](CC(=O)N[C@H](CO)C3CC3)C2)NC=C1,Cc1cc(C(=O)NCC(C2CC2)N(C)c2ncnc(C)c2Br)ccc1F,Cc1cc[nH]c1C(=O)N[C@H]1C[C@H](CC(=O)N[C@H](CO)C2CC2)C1,26,28,23,25,74.977188,4.063632,13,12,13,12,1,0,0,1,0
307,895,416,5132325,7847536,COC1=CC(C)=NC(CN(CC[C@@H]2COC[C@H]2O)CC2=CC=CC=C2)=C1,CC1(C)C[C@@H]1C(C(=O)NCCC#N)N1CCN(C2=CC(C(F)F)=CC=C2)CC1,COc1cc(C)nc(CN(CC[C@@H]2COC[C@H]2O)Cc2ccccc2)c1,CC1(C)C[C@@H]1C(C(=O)NCCC#N)N1CCN(c2cccc(C(F)F)c2)CC1,26,28,28,30,117.190430,2.279601,17,16,17,16,1,0,0,1,0
308,997,635,7264068,7258865,CN1C=CC(CCC(=O)N2CC[C@@H](CNC(=O)C3=CC=CC4=CN=CN43)C2)=N1,CC1=CC(=O)NC=C1C(=O)N1CC[C@@H](NC(=O)C(C)OC2CCCC2)[C@H](O)C1,Cn1ccc(CCC(=O)N2CC[C@@H](CNC(=O)c3cccc4cncn34)C2)n1,Cc1cc(=O)[nH]cc1C(=O)N1CC[C@@H](NC(=O)C(C)OC2CCCC2)[C@H](O)C1,28,31,28,30,63.210884,3.454795,17,16,17,16,1,0,0,1,0
309,767,158,5752683,3115192,CC1=NOC(CCCNC(=O)CC(C)(C)N(C)C(=O)CC2CC(F)(F)C2)=N1,COC(=O)CC1=CSC(CNC(=O)N2CCC(C)(N3CCCC3)C2)=N1,Cc1noc(CCCNC(=O)CC(C)(C)N(C)C(=O)CC2CC(F)(F)C2)n1,COC(=O)Cc1csc(CNC(=O)N2CCC(C)(N3CCCC3)C2)n1,27,28,25,27,19.953182,0.878109,12,11,12,11,1,0,0,1,0
310,947,952,1899745,1836878,CCCC1=CC(C(=O)NC(C)(C)CNC(=O)C2=CNN=C2)=NO1,CC[C@H](CC(=O)NCCCC1=NC=NN1C)NC(=O)C[C@@H](C)O,CCCc1cc(C(=O)NC(C)(C)CNC(=O)c2cn[nH]c2)no1,CC[C@H](CC(=O)NCCCc1ncnn1C)NC(=O)C[C@@H](C)O,23,24,23,23,9.573009,0.619567,9,8,9,8,1,0,0,1,0
311,242,885,963457,8269833,O=C(NC(C1=CC=CC=C1)C1CCNC1)C1=C(Cl)C=CS1,CC(C)C1=CC(C(=O)NC2CN(C(=O)[C@H]3C[C@H]4C=C[C@@H]3O4)C3(CCCC3)C2)=NO1,O=C(NC(c1ccccc1)C1CCNC1)c1sccc1Cl,CC(C)c1cc(C(=O)NC2CN(C(=O)[C@H]3C[C@H]4C=C[C@@H]3O4)C3(CCCC3)C2)no1,21,23,29,33,83.588554,1.390649,17,16,17,16,1,0,0,1,0
312,166,999,9224839,3289751,CN1N=C(CN(CCC2CCOC2(C)C)CC2=CN=C(C3=CC=CN=C3)S2)C=C1Cl,COC(CNC(=O)[C@H]1[C@@H]2CN(C(=O)C3CCCCC3)C[C@@H]21)C(C)(C)C,Cn1nc(CN(CCC2CCOC2(C)C)Cc2cnc(-c3cccnc3)s2)cc1Cl,COC(CNC(=O)[C@H]1[C@@H]2CN(C(=O)C3CCCCC3)C[C@@H]21)C(C)(C)C,30,33,25,27,118.646599,4.381698,14,13,14,13,1,0,0,1,0
313,819,830,965724,9121256,NC[C@H]1C[C@H]1C(=O)NC1=NN(CC2=CC=C(Cl)C=C2)C=N1,CCC1=CN=CC(C(=O)N2CC(C(=O)O)(C3=CN(C[C@@H]4C[C@H]5CC[C@@H]4O5)N=N3)C2)=C1,NC[C@H]1C[C@H]1C(=O)Nc1ncn(Cc2ccc(Cl)cc2)n1,CCc1cncc(C(=O)N2CC(C(=O)O)(c3cn(C[C@@H]4C[C@H]5CC[C@@H]4O5)nn3)C2)c1,21,23,30,34,24.617348,1.166907,10,10,10,10,1,0,0,1,0
314,181,902,6526259,2466100,CC1=CC(CN(CC2=CC=CC3=C(C)N(C)N=C23)CC2(C)CC=CC2)=NO1,CC1=C(C(=O)N2CC[C@H](C)C[C@@H]2C(=O)NC2(C(C)C)CC2)NC=C1,Cc1cc(CN(Cc2cccc3c(C)n(C)nc23)CC2(C)CC=CC2)no1,Cc1cc[nH]c1C(=O)N1CC[C@H](C)C[C@@H]1C(=O)NC1(C(C)C)CC1,27,30,24,26,60.227787,2.951842,14,13,14,13,1,0,0,1,0
315,422,25,6393556,7637054,CC1=C(F)C=CC=C1CN(CCCC1CCCCO1)C(=O)CSCC1CC1,C=C1CC2CC1CN2C1=NC(N2CCOC(C3=CC=C(C)S3)C2)=NC(NC)=N1,Cc1c(F)cccc1CN(CCCC1CCCCO1)C(=O)CSCC1CC1,C=C1CC2CC1CN2c1nc(NC)nc(N2CCOC(c3ccc(C)s3)C2)n1,27,29,28,32,37.074337,1.989183,11,10,11,10,1,0,0,1,0
316,183,754,1632171,9496029,O=C(NCC1CCC(F)C1)N1CC2(CCC2)C2=C1C=CC=C2F,CC1=NC(NC[C@]23CCC[C@H]2CN(C(=O)[C@@H](CCC(N)=O)N(C)C)C3)=C2C=NNC2=N1,O=C(NCC1CCC(F)C1)N1CC2(CCC2)c2c(F)cccc21,Cc1nc(NC[C@]23CCC[C@H]2CN(C(=O)[C@@H](CCC(N)=O)N(C)C)C3)c2cn[nH]c2n1,23,26,31,34,324.568878,9.791721,13,12,13,12,1,0,0,1,0
317,946,340,6109539,2339548,COCC1(CNC(=O)C2=CC(F)=CN2)CCN(C(=O)CC2=CSC(C)=N2)C1,C[C@H](O)C1=CC=CC(NCC(C)(C)C(=O)OCC2=CC=CC=C2)=C1,COCC1(CNC(=O)c2cc(F)c[nH]2)CCN(C(=O)Cc2csc(C)n2)C1,C[C@H](O)c1cccc(NCC(C)(C)C(=O)OCc2ccccc2)c1,27,29,24,25,38.890026,2.319676,13,12,13,12,1,0,0,1,0
318,801,953,6389538,7111646,C=CCC(OC)C(=O)N(CC1=CC=NN1COC)CC1CCCOC1(C)C,CC1CC(CO)CCN1C(=O)C1=CN(CCNC(=O)C2=CC=C(N)N=C2)C=C1,C=CCC(OC)C(=O)N(Cc1ccnn1COC)CC1CCCOC1(C)C,CC1CC(CO)CCN1C(=O)c1ccn(CCNC(=O)c2ccc(N)nc2)c1,27,28,28,30,94.880516,3.705822,13,12,13,12,1,0,0,1,0
319,421,821,6676599,6077910,C=CCOC(=O)N1CCC(CC(=O)N2CCN(C3=CC=NC=C3)CC2C)CC1,CC1=CC(CC(=O)N2CC3(CCN3C(=O)CCCC3=CC=CC=C3)C2)=NO1,C=CCOC(=O)N1CCC(CC(=O)N2CCN(c3ccncc3)CC2C)CC1,Cc1cc(CC(=O)N2CC3(CCN3C(=O)CCCc3ccccc3)C2)no1,28,30,27,30,430.278961,11.049501,17,16,17,16,1,0,0,1,0
320,685,884,8759367,7734203,O=C(N1CCN(CC2=CC=C(N3C=CN=C3)C=C2)CC1)C(F)(F)CCN1C=CN=N1,CCC1=C(C(=O)N(CCC2=NC(C)=CC=N2)CC(C)CCC=C(C)C)C=NN1,O=C(N1CCN(Cc2ccc(-n3ccnc3)cc2)CC1)C(F)(F)CCn1ccnn1,CCc1[nH]ncc1C(=O)N(CCc1nccc(C)n1)CC(C)CCC=C(C)C,30,33,28,29,43.841476,1.786836,11,10,11,10,1,0,0,1,0
321,752,830,7186989,9121256,CCC1=CC(C(=O)N2CCCC[C@H]2CNC(=O)C2=CC=C(Cl)C=C2N)=NC=N1,CCC1=CN=CC(C(=O)N2CC(C(=O)O)(C3=CN(C[C@@H]4C[C@H]5CC[C@@H]4O5)N=N3)C2)=C1,CCc1cc(C(=O)N2CCCC[C@H]2CNC(=O)c2ccc(Cl)cc2N)ncn1,CCc1cncc(C(=O)N2CC(C(=O)O)(c3cn(C[C@@H]4C[C@H]5CC[C@@H]4O5)nn3)C2)c1,28,30,30,34,83.048950,3.306042,14,13,14,13,1,0,0,1,0
322,254,273,8813492,7258588,CC(C)(C)OC(=O)N1CC(F)(F)CC1CNC(=O)NCC1=CC=C([N+](=O)[O-])C=C1F,CCC(CC(=O)NCC1CN(C(=O)C2=NC=CN=C2OC)CC12CCC2)OC,CC(C)(C)OC(=O)N1CC(F)(F)CC1CNC(=O)NCc1ccc([N+](=O)[O-])cc1F,CCC(CC(=O)NCC1CN(C(=O)c2nccnc2OC)CC12CCC2)OC,30,31,28,30,49.294170,2.493848,10,9,10,9,1,0,0,1,0
323,163,806,3471882,542253,CCC1(C(=O)NCC(O)C(=O)OC)CCN(C(=O)[C@H](C)C2CC2)CC1,C=CCN(OC)C(=O)CCNC(=O)C1=CN=NN1C=C,CCC1(C(=O)NCC(O)C(=O)OC)CCN(C(=O)[C@H](C)C2CC2)CC1,C=CCN(OC)C(=O)CCNC(=O)c1cnnn1C=C,25,26,20,20,4.405097,0.336558,9,8,9,8,1,0,0,1,0
324,718,110,1002008,9332415,CC1=NN=C(CNC(=O)C2=C(C)C(C)(C)OC2=O)N1C1CC1,COC(=O)C1=CC=C2CCCC(NC(=O)NCC3=CC=C(CNS(C)(=O)=O)C=C3)C2=C1,CC1=C(C(=O)NCc2nnc(C)n2C2CC2)C(=O)OC1(C)C,COC(=O)c1ccc2c(c1)C(NC(=O)NCc1ccc(CNS(C)(=O)=O)cc1)CCC2,22,24,31,33,6.294044,0.497958,6,5,6,5,1,0,0,1,0
325,391,893,920791,9480951,CC#CCCC(=O)NCCN(C(=O)[C@@H]1CCCO1)C(C)C,C=C[C@H]1CN(C(=O)CC2=C(C)N(CC)N=C2C)C[C@H]1NC1=NC(C(=O)OC)=NC=C1Cl,CC#CCCC(=O)NCCN(C(=O)[C@@H]1CCCO1)C(C)C,C=C[C@H]1CN(C(=O)Cc2c(C)nn(CC)c2C)C[C@H]1Nc1nc(C(=O)OC)ncc1Cl,21,21,31,33,30.598925,0.908899,15,14,15,14,1,0,0,1,0
326,39,879,5133091,7519501,COC1=C(C)C=CC=C1CN(CCCCCF)CC1=C(F)C=NC=C1F,O=C(NC1CC(CF)C1)C1=CC=C(C2=CN(CCOCC3CCCC3)N=N2)O1,COc1c(C)cccc1CN(CCCCCF)Cc1c(F)cncc1F,O=C(NC1CC(CF)C1)c1ccc(-c2cn(CCOCC3CCCC3)nn2)o1,26,27,28,31,46.480988,2.426121,12,11,12,11,1,0,0,1,0
327,481,227,3500280,170051,CSCC[C@H](NC(=O)CC1CCCO1)C(=O)NCC1=CN=CC=C1C,CN(CC1=NC=C(N)N=C1)[C@@H]1CCCCC[C@H]1O,CSCC[C@H](NC(=O)CC1CCCO1)C(=O)NCc1cnccc1C,CN(Cc1cnc(N)cn1)[C@@H]1CCCCC[C@H]1O,25,26,18,19,22.666178,0.985360,12,11,12,11,1,0,0,1,0
328,204,836,10319003,513658,CCOC(=O)CCNC(=O)C(C1=CN(C)C2=C(C#N)C=NN12)N1CCCC1C1=CC=CC(C#N)=C1,CC(C)N1C=C2CCC(NCC3=CC=CN3C)CC2=N1,CCOC(=O)CCNC(=O)C(c1cn(C)c2c(C#N)cnn12)N1CCCC1c1cccc(C#N)c1,CC(C)n1cc2c(n1)CC(NCc1cccn1C)CC2,35,38,20,22,139.105408,5.000297,14,13,14,13,1,0,0,1,0
329,940,471,3403060,627881,CN1C=CC(C=CC(=O)N[C@H]2C=CCC[C@H]2C(=O)N2CC(C)(C)C2)=C1,CC1(C)CC(NC(=O)C2=CC=CC(N3C=CN=N3)=C2)CS1,Cn1ccc(C=CC(=O)N[C@H]2C=CCC[C@H]2C(=O)N2CC(C)(C)C2)c1,CC1(C)CC(NC(=O)c2cccc(-n3ccnn3)c2)CS1,25,27,21,23,41.202740,1.845901,12,11,12,11,1,0,0,1,0
330,358,312,2463404,3410328,CC#CCCC(=O)N1CC2=C(C1)C(C(=O)N1CC[Si](C)(C)C1)=CO2,COCC(O)CNC(=O)C(NC(=O)C1CC=CC1)C1(O)CCCCC1,CC#CCCC(=O)N1Cc2occ(C(=O)N3CC[Si](C)(C)C3)c2C1,COCC(O)CNC(=O)C(NC(=O)C1CC=CC1)C1(O)CCCCC1,24,26,25,26,64.000374,3.127628,12,11,12,11,1,0,0,1,0
331,840,814,7897823,3498671,COC1=CC=CC2=C1C(C1NC(=O)N(C)C3=C1C(=O)NC1(CCOCC1)C3)=CN2,CC(C)(CC(=O)NCC1=CC=NC=C1)NC(=O)COCC1CCOC1,COc1cccc2[nH]cc(C3NC(=O)N(C)C4=C3C(=O)NC3(CCOCC3)C4)c12,CC(C)(CC(=O)NCc1ccncc1)NC(=O)COCC1CCOC1,29,33,25,26,48.824528,2.214562,12,11,12,11,1,0,0,1,0
332,892,233,2106226,5376646,CC1=C(C(=O)NCC(=O)C2=CC=C(OC(F)(F)F)C=C2)NC(=O)N1,COCC(NC(=O)NC(C)CS(=O)(=O)C1=CC=C(C)C=C1)C1=CN(C)N=C1,Cc1[nH]c(=O)[nH]c1C(=O)NCC(=O)c1ccc(OC(F)(F)F)cc1,COCC(NC(=O)NC(C)CS(=O)(=O)c1ccc(C)cc1)c1cnn(C)c1,24,25,27,28,13.852520,0.842479,10,9,10,9,1,0,0,1,0
333,228,24,4759077,3430246,CON=CC(=O)N1CCC(OCCNC(=O)[C@H]2CCC[C@H]2C(=O)OC)C1,CCNC(=O)[C@@H](CC)NC(=O)C(CC)(CC)CNC(=O)C1=CCCC1,CON=CC(=O)N1CCC(OCCNC(=O)[C@H]2CCC[C@H]2C(=O)OC)C1,CCNC(=O)[C@@H](CC)NC(=O)C(CC)(CC)CNC(=O)C1=CCCC1,26,27,25,25,14.392354,1.051082,10,9,10,9,1,0,0,1,0
334,675,197,6756127,5252633,CC(C)C(=O)NCC1CCCN(C(=O)C(=O)NC2=CC=CC3=CC=NC=C32)C1,COC(=O)C1(CNC(=O)C2=C3OC(=O)NC3=CC(Br)=C2)CC12CCOCC2,CC(C)C(=O)NCC1CCCN(C(=O)C(=O)Nc2cccc3ccncc23)C1,COC(=O)C1(CNC(=O)c2cc(Br)cc3[nH]c(=O)oc23)CC12CCOCC2,28,30,27,30,93.314941,3.270445,12,11,12,11,1,0,0,1,0
335,408,336,1386324,264655,COCCN(CC1=CN=NN1C)CC1=C(C)C(C#N)=CC=C1,CC1=CN(CCN2CCN(C)C3(CCOC3)C2)N=C1,COCCN(Cc1cccc(C#N)c1C)Cc1cnnn1C,Cc1cnn(CCN2CCN(C)C3(CCOC3)C2)c1,22,23,19,21,33.059032,1.801566,13,12,13,12,1,0,0,1,0
336,285,885,7929346,8269833,COC1=CC=C2C=C(CNCC3N(C(=O)OC(C)(C)C)CCC34CCC4)NC2=C1,CC(C)C1=CC(C(=O)NC2CN(C(=O)[C@H]3C[C@H]4C=C[C@@H]3O4)C3(CCCC3)C2)=NO1,COc1ccc2cc(CNCC3N(C(=O)OC(C)(C)C)CCC34CCC4)[nH]c2c1,CC(C)c1cc(C(=O)NC2CN(C(=O)[C@H]3C[C@H]4C=C[C@@H]3O4)C3(CCCC3)C2)no1,29,32,29,33,598.342896,18.603755,18,17,18,17,1,0,0,1,0
337,71,990,4769611,2377779,CC(C)(C)CCCCC(=O)N1CC(CCNC(=O)C2=CC=NC=C2F)C1,NC(=O)N1CCCN(C(=O)[C@@H]2C[C@@H](O)CN2C(=O)C=CCF)CC1,CC(C)(C)CCCCC(=O)N1CC(CCNC(=O)c2ccncc2F)C1,NC(=O)N1CCCN(C(=O)[C@@H]2C[C@@H](O)CN2C(=O)C=CCF)CC1,26,27,24,25,14.135839,1.411664,11,10,11,10,1,0,0,1,0
338,791,285,9428881,7929346,CC1=CC(C(=O)N2[C@H](CNC(=O)C3=CC=C(N=[N+]=[N-])C=C3)C[C@@H]3CCC[C@@H]32)=NN=C1C,COC1=CC=C2C=C(CNCC3N(C(=O)OC(C)(C)C)CCC34CCC4)NC2=C1,Cc1cc(C(=O)N2[C@H](CNC(=O)c3ccc(N=[N+]=[N-])cc3)C[C@@H]3CCC[C@@H]32)nnc1C,COc1ccc2cc(CNCC3N(C(=O)OC(C)(C)C)CCC34CCC4)[nH]c2c1,31,34,29,32,530.164429,17.536716,20,19,20,19,1,0,0,1,0
339,359,656,2937391,6904192,CS(=O)(=O)C1=CC=C(F)C=C1C(=O)NC1=CN(C2=CC=CC=N2)N=C1,CC1=CC=CC(CNC(=O)CCC2(C)CN(C(=O)C=CC3=COC=N3)C2)=C1C,CS(=O)(=O)c1ccc(F)cc1C(=O)Nc1cnn(-c2ccccn2)c1,Cc1cccc(CNC(=O)CCC2(C)CN(C(=O)C=Cc3cocn3)C2)c1C,25,27,28,30,25.114145,1.800404,10,10,10,10,1,0,0,1,0
340,521,409,2868885,265056,COC1=C(C)C(C(=O)N(C)CC(=O)NC2=CC=C(F)C=C2)=CC=C1Br,COCC1=NC=CC(CN2CC[C@H](O)[C@@H]2C2CC2)=N1,COc1c(Br)ccc(C(=O)N(C)CC(=O)Nc2ccc(F)cc2)c1C,COCc1nccc(CN2CC[C@H](O)[C@@H]2C2CC2)n1,25,26,19,21,28.346918,0.965320,13,12,13,12,1,0,0,1,0
341,695,863,296716,8302184,COCC1(CF)CN(C(=O)C2(F)CNCC23CC3)C1,CCC(C)=C(C)C(=O)N(C)CCOCCCN(C)C(=O)C1=C2N(C)C=CN2N=C1,COCC1(CF)CN(C(=O)C2(F)CNCC23CC3)C1,CCC(C)=C(C)C(=O)N(C)CCOCCCN(C)C(=O)c1cnn2ccn(C)c12,19,21,29,30,174.516739,4.646433,14,13,14,13,1,0,0,1,0
342,549,339,2397574,4402122,CC1CC(C(=O)N2CCOC(CC(=O)NCC3(F)CCC3)C2)=NO1,C#CCC1(C(=O)N2CC(F)(C3CC3)C2)CCN(C(=O)[C@H]2C[C@@H]2C(C)C)C1,CC1CC(C(=O)N2CCOC(CC(=O)NCC3(F)CCC3)C2)=NO1,C#CCC1(C(=O)N2CC(F)(C3CC3)C2)CCN(C(=O)[C@H]2C[C@@H]2C(C)C)C1,24,26,26,29,69.976028,0.679171,20,19,20,19,1,0,0,1,0
343,961,28,1954968,5153574,C=CCCCCC(N[C@H]1CCO[C@H]1C)C1=NN=NN1C1CCC1,CN(C)C(=O)CC1CCCCN1C(C(=O)NCC(C)(C)C)C1=NSC=C1,C=CCCCCC(N[C@H]1CCO[C@H]1C)c1nnnn1C1CCC1,CN(C)C(=O)CC1CCCCN1C(C(=O)NCC(C)(C)C)c1ccsn1,23,25,26,27,12.631014,0.704081,15,14,15,14,1,0,0,1,0
344,118,898,8758240,1171159,COC(=O)C12CC(CN1CC1=CC=CC=C1)N(C(=O)C1=CC([N+](=O)[O-])=CC(Br)=C1)C2,CN(C(=O)NC1CC2(CC(F)C2)C1)[C@H]1CO[C@@H](C(F)(F)F)C1,COC(=O)C12CC(CN1Cc1ccccc1)N(C(=O)c1cc(Br)cc([N+](=O)[O-])c1)C2,CN(C(=O)NC1CC2(CC(F)C2)C1)[C@H]1CO[C@@H](C(F)(F)F)C1,30,33,22,24,35.255760,1.054341,9,8,9,8,1,0,0,1,0
345,993,267,5130606,8577160,FC(F)OC1=CC=C(CN(CC2=CC=CN=C2)CC2=CC(Cl)=NO2)C=N1,CC1=CC=CC(F)=C1CN(CC1=NC2=C(CCCC2)N1)C(=O)C1=CN=CN=C1N,FC(F)Oc1ccc(CN(Cc2cccnc2)Cc2cc(Cl)no2)cn1,Cc1cccc(F)c1CN(Cc1nc2c([nH]1)CCCC2)C(=O)c1cncnc1N,26,28,29,32,68.124382,1.882794,15,14,15,14,1,0,0,1,0
346,182,594,2086819,5551531,CC1=C(NC(=O)C(=O)C2=CSC(N)=N2)C=CC=C1N1CCCC1=O,COC(C)(C)CC(C)NC(=O)C(NC(=O)CCC(C)(C)F)C1=CC=CC=C1,Cc1c(NC(=O)C(=O)c2csc(N)n2)cccc1N1CCCC1=O,COC(C)(C)CC(C)NC(=O)C(NC(=O)CCC(C)(C)F)c1ccccc1,24,26,27,27,44.533974,2.236844,13,12,13,12,1,0,0,1,0
347,985,271,7493995,3835770,O=C1CC2=C(C=CC=C2C(=O)NCC(CO)NC2=CC=C(C(F)(F)F)N=N2)N1,CCC[C@H]1C[C@@H]1CN(CC1=CC=CC2=CC=NC=C21)C(=O)[C@H]1C[C@H]1C,O=C1Cc2c(cccc2C(=O)NCC(CO)Nc2ccc(C(F)(F)F)nn2)N1,CCC[C@H]1C[C@@H]1CN(Cc1cccc2ccncc12)C(=O)[C@H]1C[C@H]1C,28,30,25,28,236.534470,8.439817,14,13,14,13,1,0,0,1,0
348,39,111,5133091,6419974,COC1=C(C)C=CC=C1CN(CCCCCF)CC1=C(F)C=NC=C1F,CCC1=CC(C)=CC(CN(C[C@@H]2CC=CCC2)C(=O)C2(O)CC(F)(F)C2)=C1,COc1c(C)cccc1CN(CCCCCF)Cc1c(F)cncc1F,CCc1cc(C)cc(CN(C[C@@H]2CC=CCC2)C(=O)C2(O)CC(F)(F)C2)c1,26,27,27,29,906.373474,13.989290,20,20,20,20,1,0,0,1,0
349,610,444,9252596,48293,CN(CCC1=CC=CC=C1F)C(C(=O)NC1CC(F)(F)C1)C1=NN2C=CC=CC2=C1,C=CCC(CC(F)F)C(=O)N[C@H]1CCC[C@H]1O,CN(CCc1ccccc1F)C(C(=O)NC1CC(F)(F)C1)c1cc2ccccn2n1,C=CCC(CC(F)F)C(=O)N[C@H]1CCC[C@H]1O,30,33,17,17,14.714554,0.912156,11,10,11,10,1,0,0,1,0
350,353,746,5603307,6746942,COC(C(=O)NCCOC1CCCC1)C1CN(C(=O)C2=NOC(C)(C)C2)C1,CC(C)[C@@H](NC(=O)NCC1=NN(C)C2=C1COCC2)C1=NN=C2C=CC=CN21,COC(C(=O)NCCOC1CCCC1)C1CN(C(=O)C2=NOC(C)(C)C2)C1,CC(C)[C@@H](NC(=O)NCc1nn(C)c2c1COCC2)c1nnc2ccccn12,27,29,28,31,27.634575,1.617380,10,9,10,9,1,0,0,1,0
351,805,321,10189248,8779376,CN(CC1=CC=CC=C1)C(=O)CNC(=O)CNCC1CCCN(C(=O)OCC2=CC=CC=C2)C1,CC(C)(C)OC(=O)NC1CN(S(=O)(=O)C2=CNC3=C2C=CC=C3[N+](=O)[O-])C(C)(C)C1,CN(Cc1ccccc1)C(=O)CNC(=O)CNCC1CCCN(C(=O)OCc2ccccc2)C1,CC(C)(C)OC(=O)NC1CN(S(=O)(=O)c2c[nH]c3c([N+](=O)[O-])cccc23)C(C)(C)C1,34,36,30,32,21.637596,0.982927,11,10,11,10,1,0,0,1,0
352,446,620,3959197,2339736,CCC(C)OC1=CC=CC(NC(=O)C2=C3C=CC=CC3=NC(OC)=C2)=C1,CN1C=C(CNCC2=CC3=CC(Br)=CC=C3OC2)C2=CC=CC=C21,CCC(C)Oc1cccc(NC(=O)c2cc(OC)nc3ccccc23)c1,Cn1cc(CNCC2=Cc3cc(Br)ccc3OC2)c2ccccc21,26,28,24,27,592.593994,12.276007,20,20,20,20,1,0,0,1,0
353,523,118,9042743,8758240,COCCCC(=O)NCC(=O)N1CCC(NC2=CC=C([N+](=O)[O-])C(C(F)F)=C2)CC1,COC(=O)C12CC(CN1CC1=CC=CC=C1)N(C(=O)C1=CC([N+](=O)[O-])=CC(Br)=C1)C2,COCCCC(=O)NCC(=O)N1CCC(Nc2ccc([N+](=O)[O-])c(C(F)F)c2)CC1,COC(=O)C12CC(CN1Cc1ccccc1)N(C(=O)c1cc(Br)cc([N+](=O)[O-])c1)C2,30,31,30,33,180.003555,6.357732,17,16,17,16,1,0,0,1,0
354,394,921,9186114,103322,CC1=C(F)C(F)=CC=C1CN(CC1CCC2(CC2)CO1)C(=O)CC1=CC=CC=C1O,C[C@@H](NC(=O)C1=CC2=C(C=CO2)N1C)C(C)(C)O,Cc1c(CN(CC2CCC3(CC3)CO2)C(=O)Cc2ccccc2O)ccc(F)c1F,C[C@@H](NC(=O)c1cc2occc2n1C)C(C)(C)O,30,33,18,19,40.876175,1.615170,14,13,14,13,1,0,0,1,0
355,590,194,10231444,28582,CCCCN1N=NN=C1C1(NC2=C(C)N(C3=CC=CC(Cl)=C3)N=C2)CCN(C2CCCC2)CC1,CCC=C(C)C(=O)NCCN1CCCC1C,CCCCn1nnnc1C1(Nc2cnn(-c3cccc(Cl)c3)c2C)CCN(C2CCCC2)CC1,CCC=C(C)C(=O)NCCN1CCCC1C,34,38,16,16,7.948142,0.310724,12,11,12,11,1,0,0,1,0
356,260,45,6177611,8243543,CC1=NC(N[C@@H](C)CNC(=O)C2=CC=C(F)C(CC#N)=C2)=CC(C(F)F)=N1,C=C(F)C1(CC(=O)N2CCN(C(=O)C3=NNC4=CN=CC=C43)C(C)C2C)CCC1,Cc1nc(N[C@@H](C)CNC(=O)c2ccc(F)c(CC#N)c2)cc(C(F)F)n1,C=C(F)C1(CC(=O)N2CCN(C(=O)c3n[nH]c4cnccc34)C(C)C2C)CCC1,27,28,29,32,102.772987,2.760020,16,15,16,15,1,0,0,1,0
357,725,446,9142561,3959197,CCN1N=NN=C1C(NC1=CC=C(N2C=C(C)C=N2)C=C1)C1=CC2=NC=CC=C2S1,CCC(C)OC1=CC=CC(NC(=O)C2=C3C=CC=CC3=NC(OC)=C2)=C1,CCn1nnnc1C(Nc1ccc(-n2cc(C)cn2)cc1)c1cc2ncccc2s1,CCC(C)Oc1cccc(NC(=O)c2cc(OC)nc3ccccc23)c1,30,34,26,28,184.957642,4.957855,16,16,16,16,1,0,0,1,0
358,1,532,10338086,2975870,CC1=CC=C(F)C(N2C=C(CC3(C(=O)O)CCN(C(=O)[C@@H](CCC4=CC=CC=C4)N(C)C)C3)N=N2)=C1,CC1=CC2=C(C=C1CNC(=O)C1=C(F)C(C(F)(F)F)=NC=C1)N=CN2,Cc1ccc(F)c(-n2cc(CC3(C(=O)O)CCN(C(=O)[C@@H](CCc4ccccc4)N(C)C)C3)nn2)c1,Cc1cc2[nH]cnc2cc1CNC(=O)c1ccnc(C(F)(F)F)c1F,36,39,25,27,605.907410,15.871943,17,16,17,16,1,0,0,1,0
359,947,825,1899745,6852006,CCCC1=CC(C(=O)NC(C)(C)CNC(=O)C2=CNN=C2)=NO1,CC1=NOC(CC(=O)N2CC(OCCC(=O)NCC3=CC=C(F)N=C3C)C2)=C1,CCCc1cc(C(=O)NC(C)(C)CNC(=O)c2cn[nH]c2)no1,Cc1cc(CC(=O)N2CC(OCCC(=O)NCc3ccc(F)nc3C)C2)on1,23,24,28,30,20.084837,1.598694,10,9,10,9,1,0,0,1,0
360,551,703,3108760,6291509,CC1=C(CCNC(=O)NCC(=O)N2CCCO2)C2=CC(Cl)=CC=C2N1,CC(NCCNC(=O)C1=CN=CC=N1)(C1=NN=NN1CCC1CC1)C1CC1,Cc1[nH]c2ccc(Cl)cc2c1CCNC(=O)NCC(=O)N1CCCO1,CC(NCCNC(=O)c1cnccn1)(c1nnnn1CCC1CC1)C1CC1,25,27,27,30,32.196930,1.548711,11,10,11,10,1,0,0,1,0
361,736,962,3920092,9950067,CCCCCCNC(=O)C(N1CCCC(C)(C)C1C#N)C1(CC)CC1,COC1=CC=C(CN(CC2=NNC3=CC(C#N)=CC=C32)CC2CCCC(F)(F)C2)N=C1C,CCCCCCNC(=O)C(N1CCCC(C)(C)C1C#N)C1(CC)CC1,COc1ccc(CN(Cc2n[nH]c3cc(C#N)ccc23)CC2CCCC(F)(F)C2)nc1C,25,26,32,35,255.337234,8.523626,15,14,15,14,1,0,0,1,0
362,759,754,8626595,9496029,CC1=CC(C(=O)N(CC2=C3C=CN(C)C3=CC=C2)C[C@@H]2CCCC[C@H]2O)=CC=N1,CC1=NC(NC[C@]23CCC[C@H]2CN(C(=O)[C@@H](CCC(N)=O)N(C)C)C3)=C2C=NNC2=N1,Cc1cc(C(=O)N(Cc2cccc3c2ccn3C)C[C@@H]2CCCC[C@H]2O)ccn1,Cc1nc(NC[C@]23CCC[C@H]2CN(C(=O)[C@@H](CCC(N)=O)N(C)C)C3)c2cn[nH]c2n1,29,32,31,34,1409.270142,33.011528,18,17,18,17,1,0,0,1,0
363,686,201,2090176,6436717,CC1=CC(O)=CC(C)=C1CC(=O)NCCCC1=CC=C(Cl)C=C1Cl,CCC1=NC(CN(CC(=O)NC2CCCC2)C(=O)CC(C)(C)C(C)C)=CS1,Cc1cc(O)cc(C)c1CC(=O)NCCCc1ccc(Cl)cc1Cl,CCc1nc(CN(CC(=O)NC2CCCC2)C(=O)CC(C)(C)C(C)C)cs1,24,25,27,28,25.339579,1.987075,12,11,12,11,1,0,0,1,0
364,372,441,6101868,4468789,C#CC1=CC=C(C(=O)N2CC[C@@H](N(C)C(=O)[C@H](C)C3=CC=CC=C3)C2)C=N1,COC1=CN=NC(C(=O)NCC2=C(C(=O)N3CCC[C@H]3CO)C=CO2)=C1,C#Cc1ccc(C(=O)N2CC[C@@H](N(C)C(=O)[C@H](C)c3ccccc3)C2)cn1,COc1cnnc(C(=O)NCc2occc2C(=O)N2CCC[C@H]2CO)c1,27,29,26,28,28.579224,1.527153,12,11,12,11,1,0,0,1,0
365,71,971,4769611,7431360,CC(C)(C)CCCCC(=O)N1CC(CCNC(=O)C2=CC=NC=C2F)C1,CCN1C(C)=CC(C(=O)N2CCC(N3C=C(CCC4CCOC4)N=N3)C2)=C1C,CC(C)(C)CCCCC(=O)N1CC(CCNC(=O)c2ccncc2F)C1,CCn1c(C)cc(C(=O)N2CCC(n3cc(CCC4CCOC4)nn3)C2)c1C,26,27,28,31,75.490097,4.001387,13,12,13,12,1,0,0,1,0
366,680,942,1599510,3345666,OC1(CC2CC2)CCN(CC2=C(F)C(C(F)(F)F)=CC=C2Br)C1,CC(C)C1=NC(C(=O)N[C@]2(C(=O)NCCN3C=NN=C3)C[C@H]2C)=CO1,OC1(CC2CC2)CCN(Cc2c(Br)ccc(C(F)(F)F)c2F)C1,CC(C)c1nc(C(=O)N[C@]2(C(=O)NCCn3cnnc3)C[C@H]2C)co1,23,25,25,27,31.416813,1.725290,9,8,9,8,1,0,0,1,0
367,338,638,9637513,9415663,CC1=C2C=C(CN(CC3=CN(C4=CC=CC=C4)N=C3)CC3[C@H](C)[C@H]3C)C=CC2=NN1C,C#CCC1(C(=O)NC[C@@H]2CCC[C@H](CNC(=O)C=C(C)C3=CC=CO3)C2)CCOCC1,Cc1c2cc(CN(Cc3cnn(-c4ccccc4)c3)CC3[C@H](C)[C@H]3C)ccc2nn1C,C#CCC1(C(=O)NC[C@@H]2CCC[C@H](CNC(=O)C=C(C)c3ccco3)C2)CCOCC1,31,35,31,33,122.292458,1.865672,17,17,17,17,1,0,0,1,0
368,321,679,8779376,46259,CC(C)(C)OC(=O)NC1CN(S(=O)(=O)C2=CNC3=C2C=CC=C3[N+](=O)[O-])C(C)(C)C1,COC(C)(C)CC(=O)NCC(C)N1C=CC=N1,CC(C)(C)OC(=O)NC1CN(S(=O)(=O)c2c[nH]c3c([N+](=O)[O-])cccc23)C(C)(C)C1,COC(C)(C)CC(=O)NCC(C)n1cccn1,30,32,17,17,6.098347,0.503527,9,8,9,8,1,0,0,1,0
369,868,127,7961506,2363158,CN(C1=CC=C(CNC(=O)NC2=NC=CC=C2OCCF)C=C1)C1CCCCC1,CN(CC1(C#N)CCC1)C(=O)C(=O)NCC1=CC=C(C2CC2)C=C1,CN(c1ccc(CNC(=O)Nc2ncccc2OCCF)cc1)C1CCCCC1,CN(CC1(C#N)CCC1)C(=O)C(=O)NCc1ccc(C2CC2)cc1,29,31,24,26,34.123257,1.235131,10,10,10,10,1,0,0,1,0
370,737,921,1780029,103322,CSCC(=O)N[C@H](CC(=O)N1C[C@@H](C)[C@H](C(N)=O)C1)CC(C)C,C[C@@H](NC(=O)C1=CC2=C(C=CO2)N1C)C(C)(C)O,CSCC(=O)N[C@H](CC(=O)N1C[C@@H](C)[C@H](C(N)=O)C1)CC(C)C,C[C@@H](NC(=O)c1cc2occc2n1C)C(C)(C)O,23,23,18,19,12.800645,0.747551,12,11,12,11,1,0,0,1,0
371,307,519,5958515,8176671,CC[C@H]1CC[C@H](C(=O)N2CCC(CF)(NC(=O)C3CCCCCC3)C2)CC1,CCC1=CC=C(C(=O)N2CCCC[C@H]2CN(C)C(=O)CCNC2=CC=CC=N2)N1,CC[C@H]1CC[C@H](C(=O)N2CCC(CF)(NC(=O)C3CCCCCC3)C2)CC1,CCc1ccc(C(=O)N2CCCC[C@H]2CN(C)C(=O)CCNc2ccccn2)[nH]1,27,29,29,31,378.964783,24.366012,18,17,18,17,1,0,0,1,0
372,316,682,8497143,9171056,CC(C)(C)CCN1C=C(C2=CC=NC(C(=O)N3CC(CN4C=CC=N4)C3)=C2)N=N1,CC(=O)NC1CCN(C2=NC(NC(CC(C)C)CC(C)C)=C3C(=N2)C=NN3C)CC1,CC(C)(C)CCn1cc(-c2ccnc(C(=O)N3CC(Cn4cccn4)C3)c2)nn1,CC(=O)NC1CCN(c2nc(NC(CC(C)C)CC(C)C)c3c(cnn3C)n2)CC1,29,32,30,32,77.164238,5.671679,12,11,12,11,1,0,0,1,0
373,418,334,5513770,9829448,C#CCCCCCNC(=O)[C@H]1CCC[C@H](NC(=O)C23CCC(C)(C2)OC3)C1,CC1=NC(NCCCO[C@@H]2CCN(C(=O)C3=CC=C([C@H](O)C4CC4)C=C3)C2)=NC(C)=C1C,C#CCCCCCNC(=O)[C@H]1CCC[C@H](NC(=O)C23CCC(C)(C2)OC3)C1,Cc1nc(NCCCO[C@@H]2CCN(C(=O)c3ccc([C@H](O)C4CC4)cc3)C2)nc(C)c1C,27,29,32,35,163.633041,5.782556,15,14,15,14,1,0,0,1,0
374,412,713,1294583,1020902,CC[C@H](O)C(=O)NCC1=C(C(=O)N[C@H](C)CCOC)OC=C1,CCCCC1=NC(C)=C(C(=O)N(C)C2CN(C)S(=O)(=O)C2)S1,CC[C@H](O)C(=O)NCc1ccoc1C(=O)N[C@H](C)CCOC,CCCCc1nc(C)c(C(=O)N(C)C2CN(C)S(=O)(=O)C2)s1,22,22,22,23,5.030292,0.601590,10,9,10,9,1,0,0,1,0
375,302,567,5897791,10058109,CCC1=NNC(C(=O)N2C[C@@H]3C[C@H]2CN3C(=O)CCCN2C=CN=C2)=C1C,COC(=O)C1=CC=CC=C1CN1C=C([C@@H]2CCCN2C(=O)C2=CN=C(C)C(C(C)=O)=C2)N=N1,CCc1n[nH]c(C(=O)N2C[C@@H]3C[C@H]2CN3C(=O)CCCn2ccnc2)c1C,COC(=O)c1ccccc1Cn1cc([C@@H]2CCCN2C(=O)c2cnc(C)c(C(C)=O)c2)nn1,27,30,33,36,390.258179,18.216845,19,18,19,18,1,0,0,1,0
376,130,196,7266784,9156181,C[C@H](O)[C@H](C(=O)N1CCC(C)(CNC(=O)CCC2=CC=CC=C2F)C1)N(C)C,C[C@H]1CN(C2=NC3=CC=CC=C3N=C2NCCC2=CC=CC(C3CC3)=C2)C[C@H](C)O1,C[C@H](O)[C@H](C(=O)N1CCC(C)(CNC(=O)CCc2ccccc2F)C1)N(C)C,C[C@H]1CN(c2nc3ccccc3nc2NCCc2cccc(C3CC3)c2)C[C@H](C)O1,28,29,30,34,42.938629,2.981950,12,11,12,11,1,0,0,1,0
377,430,680,4050179,1599510,CN1C=CN=C1SCC1=CC=C(C(=O)N2CCC3=C(C=CN=C3N)C2)O1,OC1(CC2CC2)CCN(CC2=C(F)C(C(F)(F)F)=CC=C2Br)C1,Cn1ccnc1SCc1ccc(C(=O)N2CCc3c(ccnc3N)C2)o1,OC1(CC2CC2)CCN(Cc2c(Br)ccc(C(F)(F)F)c2F)C1,26,29,23,25,151.611664,6.471959,16,15,16,15,1,0,0,1,0
378,962,388,9950067,9410350,COC1=CC=C(CN(CC2=NNC3=CC(C#N)=CC=C32)CC2CCCC(F)(F)C2)N=C1C,CCC1=CNC(=O)C(C(=O)N2CCN(C(=O)C3=CC(Cl)=CC=N3)CC3CCCCC32)=C1,COc1ccc(CN(Cc2n[nH]c3cc(C#N)ccc23)CC2CCCC(F)(F)C2)nc1C,CCc1c[nH]c(=O)c(C(=O)N2CCN(C(=O)c3cc(Cl)ccn3)CC3CCCCC32)c1,32,35,31,34,408.208008,13.451744,22,22,22,22,1,0,0,1,0
379,693,766,867295,2760909,CCC(CC)CCC(=O)NC(CC1CC1)C(=O)N(C)CC,CC1=C(C)CN(C2=NC=CC(NCC3=CC=CC4=C3C=NN4)=N2)C1,CCC(CC)CCC(=O)NC(CC1CC1)C(=O)N(C)CC,CC1=C(C)CN(c2nccc(NCc3cccc4[nH]ncc34)n2)C1,21,21,24,27,12.254896,0.853419,10,9,10,9,1,0,0,1,0
380,924,178,9497594,2897124,CC(CC(=O)NC[C@H]1C[C@H]1NC1=NC=NC2=CC([N+](=O)[O-])=CC=C21)C1=CC=CC(F)=C1,CCC(C)(CCCNC(=O)C1=CC=C(C#N)C=C1OC)C1OCCO1,CC(CC(=O)NC[C@H]1C[C@H]1Nc1ncnc2cc([N+](=O)[O-])ccc12)c1cccc(F)c1,CCC(C)(CCCNC(=O)c1ccc(C#N)cc1OC)C1OCCO1,31,34,25,26,48.102226,1.775949,13,12,13,12,1,0,0,1,0
381,630,582,4381149,8551964,C[C@H]1[C@H](CNC(=O)[C@@H]2C[C@@H](F)CN2C(=O)C2=CC=C(C(N)=O)O2)C1(F)F,C[C@H]1CCN(C2=NC3=C(CCCCC3)C(N3CCC4(CC3)COC(CO)C4)=N2)C1,C[C@H]1[C@H](CNC(=O)[C@@H]2C[C@@H](F)CN2C(=O)c2ccc(C(N)=O)o2)C1(F)F,C[C@H]1CCN(c2nc3c(c(N4CCC5(CC4)COC(CO)C5)n2)CCCCC3)C1,26,28,29,33,43.314648,1.720550,13,12,13,12,1,0,0,1,0
382,308,415,2580761,4561994,CC1=CC(NC(=O)C(C)NC(=O)C2CCC(=O)NC2)=CC(C)=C1O,O=C(CCCN1C=CC=N1)NC(CC1CCC1)C(=O)NCCC#CCO,Cc1cc(NC(=O)C(C)NC(=O)C2CCC(=O)NC2)cc(C)c1O,O=C(CCCn1cccn1)NC(CC1CCC1)C(=O)NCCC#CCO,24,25,26,27,65.689980,3.797873,14,13,14,13,1,0,0,1,0
383,561,853,499562,573979,CC(C)CCCCCNC(=O)C1=CN=C2CNCCN12,CC(CC#N)C(=O)N[C@@H](C)CNC(=O)C[C@@H](C)N(C)C,CC(C)CCCCCNC(=O)c1cnc2n1CCNC2,CC(CC#N)C(=O)N[C@@H](C)CNC(=O)C[C@@H](C)N(C)C,20,21,20,19,9.592643,0.733780,11,10,11,10,1,0,0,1,0
384,0,311,9321037,5615921,CC(NC(=O)NC1=CC=C(C2(C)NC(=O)N(C)C2=O)C=C1)C1=CC=C(S(C)(=O)=O)C=C1,COC(=O)NC1CN(C(=O)C2=CC(CNC(=O)C3(CC(C)=O)CC3)=CS2)C1,CC(NC(=O)Nc1ccc(C2(C)NC(=O)N(C)C2=O)cc1)c1ccc(S(C)(=O)=O)cc1,COC(=O)NC1CN(C(=O)c2cc(CNC(=O)C3(CC(C)=O)CC3)cs2)C1,31,33,27,29,32.730957,1.674259,11,10,11,10,1,0,0,1,0
385,293,215,7830326,6920235,CCCN1C=C(NC(=O)N(CC2=NN(CC)N=C2)CC2CCC23CCC3)C=N1,C#CC1(C(=O)NCC(CCC)CCCC)CCN(C(=O)C2=NOC=C2C)CC1,CCCn1cc(NC(=O)N(Cc2cnn(CC)n2)CC2CCC23CCC3)cn1,C#CC1(C(=O)NCC(CCC)CCCC)CCN(C(=O)c2nocc2C)CC1,28,31,28,29,45.348537,2.455149,12,11,12,11,1,0,0,1,0
386,440,804,3107984,9544173,CC1=NC(CNC(=O)N2CCC(N3C=CN=N3)CC2)=C2CCCCN12,CC(=O)NC1=CN=C(C)C(C(=O)N(CC2=CN(C3=CC=C(Cl)C(F)=C3)N=N2)C2CC2)=C1,Cc1nc(CNC(=O)N2CCC(n3ccnn3)CC2)c2n1CCCC2,CC(=O)Nc1cnc(C)c(C(=O)N(Cc2cn(-c3ccc(Cl)c(F)c3)nn2)C2CC2)c1,25,28,31,34,52.629971,2.263672,13,12,13,12,1,0,0,1,0
387,593,621,247809,1945448,CN1N=CC(CNCCC2=CNN=N2)=C1S(N)(=O)=O,COCC(C)N1C=C(COCC(=O)N(C)CC2CCCC2)N=N1,Cn1ncc(CNCCc2c[nH]nn2)c1S(N)(=O)=O,COCC(C)n1cc(COCC(=O)N(C)CC2CCCC2)nn1,19,20,23,24,4.819998,0.460287,7,6,7,6,1,0,0,1,0
388,670,329,1785915,2878372,C=CC(CC)C(=O)N[C@@H](CC(=C)C)C(=O)N[C@@H](C)C1=CSC=N1,CC(C)C(=O)C1=CN=CC=C1NC(=O)COC1=CC=C(C#N)C=C1Cl,C=CC(CC)C(=O)N[C@@H](CC(=C)C)C(=O)N[C@@H](C)c1cscn1,CC(C)C(=O)c1cnccc1NC(=O)COc1ccc(C#N)cc1Cl,23,23,25,26,9.472069,0.772334,9,8,9,8,1,0,0,1,0
389,476,452,1462587,4615591,CC(C)(NC(=O)C1=CC2=CC=CC=C2C=N1)C1=CC(Br)=CC=N1,CN(CCOCCC(=O)NCC(F)C1=CC=CC=C1)C(=O)[C@@H]1CCOC1,CC(C)(NC(=O)c1cc2ccccc2cn1)c1cc(Br)ccn1,CN(CCOCCC(=O)NCC(F)c1ccccc1)C(=O)[C@@H]1CCOC1,23,25,26,27,28.039139,1.216660,12,11,12,11,1,0,0,1,0
390,452,691,4615591,1837898,CN(CCOCCC(=O)NCC(F)C1=CC=CC=C1)C(=O)[C@@H]1CCOC1,CC(F)CC(=O)NCCC(C)(C)C(=O)N1CCC12CCSCC2,CN(CCOCCC(=O)NCC(F)c1ccccc1)C(=O)[C@@H]1CCOC1,CC(F)CC(=O)NCCC(C)(C)C(=O)N1CCC12CCSCC2,26,27,23,24,29.644888,2.369734,12,11,12,11,1,0,0,1,0
391,218,523,9306769,9042743,NC(=O)C1CCCN(CCCNC(=O)NC(C2=CC=C(Cl)C=C2)C2=CC=C(Cl)C=C2)C1,COCCCC(=O)NCC(=O)N1CCC(NC2=CC=C([N+](=O)[O-])C(C(F)F)=C2)CC1,NC(=O)C1CCCN(CCCNC(=O)NC(c2ccc(Cl)cc2)c2ccc(Cl)cc2)C1,COCCCC(=O)NCC(=O)N1CCC(Nc2ccc([N+](=O)[O-])c(C(F)F)c2)CC1,31,33,30,31,45.905567,1.879280,12,11,12,11,1,0,0,1,0
392,484,812,2194018,7391471,CCOC(=O)[C@H]1C[C@@H]1C(=O)OCCN1C2=CC=C(Br)C=C2N=C1N,C=C1CCC(C(=O)N2CC3CN(C(=O)C4=C(F)C=NC=C4C)CC(C2)O3)CC1,CCOC(=O)[C@H]1C[C@@H]1C(=O)OCCn1c(N)nc2cc(Br)ccc21,C=C1CCC(C(=O)N2CC3CN(C(=O)c4c(C)cncc4F)CC(C2)O3)CC1,24,26,28,31,30.793905,1.234427,13,12,13,12,1,0,0,1,0
393,922,982,7781499,1527277,CCCCCCN(CC1=CC=C2NC(=O)OC2=C1)CC1=CC=C(OC)N=C1C,CCC1CN(C2=NC=C(C3=CC(OC)=CC=C3)S2)CCC1(F)F,CCCCCCN(Cc1ccc2[nH]c(=O)oc2c1)Cc1ccc(OC)nc1C,CCC1CN(c2ncc(-c3cccc(OC)c3)s2)CCC1(F)F,28,30,23,25,15.761319,1.123807,9,9,9,9,1,0,0,1,0
394,815,753,3432128,3617621,C[C@@H]1C[C@@H](C(=O)NCC2=CC=CC=C2O)N(C(=O)CC2CC=CC2)C1,CCN(C(=O)C1=NC=CC=N1)C1CCN(C(=O)C2=CC(C)(C)C2)CC1,C[C@@H]1C[C@@H](C(=O)NCc2ccccc2O)N(C(=O)CC2CC=CC2)C1,CCN(C(=O)c1ncccn1)C1CCN(C(=O)C2=CC(C)(C)C2)CC1,25,27,25,27,75.066513,3.717922,13,12,13,12,1,0,0,1,0
395,173,674,4765778,1957771,COCC1(CC(=O)N(CCNC(=O)C2=CN(C)C(=O)N2C)C(C)C)CC1,CC1=CN=C(NCCC2=CNN=N2)N=C1N1CCC(CF)CC1,COCC1(CC(=O)N(CCNC(=O)c2cn(C)c(=O)n2C)C(C)C)CC1,Cc1cnc(NCCc2c[nH]nn2)nc1N1CCC(CF)CC1,26,27,23,25,21.418142,1.254692,10,9,10,9,1,0,0,1,0
396,86,290,2966459,7838366,COC(=O)[C@@H]1CCC[C@@H]1NC(=O)C1CCC2=CC=CC=C2N(C)C1=O,C[C@@H]1CN(C)C(=O)CN1C(C(=O)NCCOCC1=CC=CC=C1)C1=CSN=N1,COC(=O)[C@@H]1CCC[C@@H]1NC(=O)C1CCc2ccccc2N(C)C1=O,C[C@@H]1CN(C)C(=O)CN1C(C(=O)NCCOCc1ccccc1)c1csnn1,25,27,28,30,45.211876,3.293510,8,7,8,7,1,0,0,1,0
397,527,679,416008,46259,COC1(CNC2=NC=C(C#N)N2C)CC(C)CC(C)C1,COC(C)(C)CC(=O)NCC(C)N1C=CC=N1,COC1(CNc2ncc(C#N)n2C)CC(C)CC(C)C1,COC(C)(C)CC(=O)NCC(C)n1cccn1,20,21,17,17,2.667346,0.477270,7,6,7,6,1,0,0,1,0
398,648,634,7753473,8570018,CC1C(CN(CC2=CC=C(CF)C=C2)C(=O)CNC(=O)CN(C)C)CC1(C)C,C1=NC=NC(N2CC(NC3=NC(N4CCCN(C5CCCC5)CC4)=NC=N3)C2)=C1,CC1C(CN(Cc2ccc(CF)cc2)C(=O)CNC(=O)CN(C)C)CC1(C)C,c1cc(N2CC(Nc3ncnc(N4CCCN(C5CCCC5)CC4)n3)C2)ncn1,28,29,29,33,101.456764,4.167446,13,12,13,12,1,0,0,1,0
399,343,95,748696,9309198,CC(C)C1=CC=C2OCC[C@H](NCCN3C=CN=N3)C2=C1,COC1=CC=C(CC2CCN(C(=O)C3=CC=C(N4C=NC5=CC=CC=C54)C=C3)C2)C=C1,CC(C)c1ccc2c(c1)[C@@H](NCCn1ccnn1)CCO2,COc1ccc(CC2CCN(C(=O)c3ccc(-n4cnc5ccccc54)cc3)C2)cc1,21,23,31,35,168.272141,5.379077,14,13,14,13,1,0,0,1,0
400,838,974,5886891,3767260,COC1(C)CN(CC(=O)N(C)C2CCN(C(=O)C3=CC(C#N)=CN3)CC2)C1,CN(CC1=CN(CCC(=O)O)N=N1)C(=O)CCCN1C=CC=CC1=O,COC1(C)CN(CC(=O)N(C)C2CCN(C(=O)c3cc(C#N)c[nH]3)CC2)C1,CN(Cc1cn(CCC(=O)O)nn1)C(=O)CCCn1ccccc1=O,27,29,25,26,25.678368,1.033139,13,12,13,12,1,0,0,1,0
401,769,240,2464715,7246223,CCCOCC(=O)N1CCC2CC2(C(=O)NCC2(O)CSC2)CC1,CC(C)C(F)C(=O)N1CCN(C(=O)C2=COC3=CC=CC=C32)CC1C1CCC1,CCCOCC(=O)N1CCC2CC2(C(=O)NCC2(O)CSC2)CC1,CC(C)C(F)C(=O)N1CCN(C(=O)c2coc3ccccc23)CC1C1CCC1,24,26,28,31,102.230324,5.044932,12,11,12,11,1,0,0,1,0
402,688,317,5365216,5061301,CCN(CC)CC1CCN(C(=O)NC2=CC(C(=O)OC)=CN3C=CN=C23)C1,CC1(C(=O)N(CC2=CC(F)=CC=C2O)C[C@@H]2CCC(=O)N2)CCCCC1,CCN(CC)CC1CCN(C(=O)Nc2cc(C(=O)OC)cn3ccnc23)C1,CC1(C(=O)N(Cc2cc(F)ccc2O)C[C@@H]2CCC(=O)N2)CCCCC1,27,29,26,28,133.077026,4.561291,13,12,13,12,1,0,0,1,0
403,230,825,980564,6852006,COC1=CC2=NC=C(C(=O)NC3=CC(Cl)=CC(Cl)=N3)N2C=C1,CC1=NOC(CC(=O)N2CC(OCCC(=O)NCC3=CC=C(F)N=C3C)C2)=C1,COc1ccn2c(C(=O)Nc3cc(Cl)cc(Cl)n3)cnc2c1,Cc1cc(CC(=O)N2CC(OCCC(=O)NCc3ccc(F)nc3C)C2)on1,22,24,28,30,37.424465,1.909455,13,12,13,12,1,0,0,1,0
404,203,150,5641571,6358870,C=CCC(CNC(=O)CCC1=NN(C)C=C1)C(=O)N1CCC2(CCCC2)C1,CCC1=NNC(C(=O)N(CCCNC(N)=O)CC2=CC(C)=CC(F)=C2)=C1C,C=CCC(CNC(=O)CCc1ccn(C)n1)C(=O)N1CCC2(CCCC2)C1,CCc1n[nH]c(C(=O)N(CCCNC(N)=O)Cc2cc(C)cc(F)c2)c1C,27,29,27,28,162.007156,5.993228,15,14,15,14,1,0,0,1,0
405,25,47,7637054,3282808,C=C1CC2CC1CN2C1=NC(N2CCOC(C3=CC=C(C)S3)C2)=NC(NC)=N1,CCO[C@@H]1CCC[C@H]1NC(=O)C1CCCN1C(=O)C12CCC(CC1)C2,C=C1CC2CC1CN2c1nc(NC)nc(N2CCOC(c3ccc(C)s3)C2)n1,CCO[C@@H]1CCC[C@H]1NC(=O)C1CCCN1C(=O)C12CCC(CC1)C2,28,32,25,28,68.171257,3.603774,11,10,11,10,1,0,0,1,0
406,250,486,970568,5472619,CC1=CC=C(F)C=C1NC(=O)CC(C1=CC=CC=C1)C(C)C,C#CCOC1=CC(CNC(=O)C(=O)N2CCCCCC2C(=O)NC)=CC=C1,Cc1ccc(F)cc1NC(=O)CC(c1ccccc1)C(C)C,C#CCOc1cccc(CNC(=O)C(=O)N2CCCCCC2C(=O)NC)c1,22,23,27,28,33.726685,2.403266,11,10,11,10,1,0,0,1,0
407,625,870,5436299,1277142,CCC(C)C(NC(=O)C1=CC=C(NS(=O)(=O)C2=CC=CC=C2)C=C1)C(=O)O,CC/C=C/CC(=O)N[C@@H](COC)C(=O)NC1=CC(O)=CC=C1,CCC(C)C(NC(=O)c1ccc(NS(=O)(=O)c2ccccc2)cc1)C(=O)O,CC/C=C/CC(=O)N[C@@H](COC)C(=O)Nc1cccc(O)c1,27,28,22,22,14.358441,1.448044,10,9,10,9,1,0,0,1,0
408,786,74,8429886,7720307,CC(F)(CNC(=O)[C@H]1CC[C@H](C2=CC=CC=C2)C1)CNC1=NC=C2SC=CC2=N1,O=C1CCC(CC(=O)N(CCN2C=CC=CC2=O)CC2=CC(F)=CC(F)=C2)N1,CC(F)(CNC(=O)[C@H]1CC[C@H](c2ccccc2)C1)CNc1ncc2sccc2n1,O=C1CCC(CC(=O)N(CCn2ccccc2=O)Cc2cc(F)cc(F)c2)N1,29,32,28,30,87.686493,3.006008,13,12,13,12,1,0,0,1,0
409,466,424,3997278,6107964,O=C(/C=C/C1=CC=CC=C1)C(=O)NC1=CC=CC2=C(C3CC3)C=CC=C12,O=C(CCC1=CN=CO1)NC[C@H]1CCCN(C(=O)CN2CCOCC2=O)C1,O=C(/C=C/c1ccccc1)C(=O)Nc1cccc2c(C3CC3)cccc12,O=C(CCc1cnco1)NC[C@H]1CCCN(C(=O)CN2CCOCC2=O)C1,26,29,27,29,49.209839,2.005171,11,10,11,10,1,0,0,1,0
410,907,644,6101477,7872633,CN(C(=O)C1=CC(C(N)=O)=CO1)[C@H]1CCN(C(=O)CCC2CCOCC2)C1,CC1=CC=C(CCN(CC2CCCO2)C(=O)CSC2=CC=C([N+](=O)[O-])C=C2)C=C1,CN(C(=O)c1cc(C(N)=O)co1)[C@H]1CCN(C(=O)CCC2CCOCC2)C1,Cc1ccc(CCN(CC2CCCO2)C(=O)CSc2ccc([N+](=O)[O-])cc2)cc1,27,29,29,31,40.356285,2.241593,11,11,11,11,1,0,0,1,0
411,589,199,6811291,4455554,CCCC1(CO)CCCN1C(=O)C(=O)NC(CSC)CC1=CC=C(F)C=C1F,CCOCC1(C(=O)N[C@H]2CC[C@H](CC(=O)N(C)[C@H]3CCOC3=O)C2)CC1,CCCC1(CO)CCCN1C(=O)C(=O)NC(CSC)Cc1ccc(F)cc1F,CCOCC1(C(=O)N[C@H]2CC[C@H](CC(=O)N(C)[C@H]3CCOC3=O)C2)CC1,28,29,26,28,65.789185,3.389741,11,10,11,10,1,0,0,1,0
412,735,713,8858626,1020902,COC[C@H]1CC[C@@H]1C(=O)N[C@H](CC1CCOCC1)C(=O)N(C)CC1(OC)CCCC1,CCCCC1=NC(C)=C(C(=O)N(C)C2CN(C)S(=O)(=O)C2)S1,COC[C@H]1CC[C@@H]1C(=O)N[C@H](CC1CCOCC1)C(=O)N(C)CC1(OC)CCCC1,CCCCc1nc(C)c(C(=O)N(C)C2CN(C)S(=O)(=O)C2)s1,30,32,22,23,10.046460,0.674414,11,10,11,10,1,0,0,1,0
413,393,506,789945,3999241,COC1=CSC(C(=O)NCC2=CN=C(C(=O)O)C=C2C)=C1,COC(=O)[C@@H](CC1=NNC=C1)NC(=O)C1CCCN(C(=O)C(C)(C)C)C1,COc1csc(C(=O)NCc2cnc(C(=O)O)cc2C)c1,COC(=O)[C@@H](Cc1cc[nH]n1)NC(=O)C1CCCN(C(=O)C(C)(C)C)C1,21,22,26,27,34.906616,0.985085,16,15,16,15,1,0,0,1,0
414,409,249,265056,4332357,COCC1=NC=CC(CN2CC[C@H](O)[C@@H]2C2CC2)=N1,CC(CC(=O)NC1(C(=O)NC(C)CCN(C)C)CCCCC1)CN(C)C,COCc1nccc(CN2CC[C@H](O)[C@@H]2C2CC2)n1,CC(CC(=O)NC1(C(=O)NC(C)CCN(C)C)CCCCC1)CN(C)C,19,21,26,26,38.141159,1.463162,13,12,13,12,1,0,0,1,0
415,151,671,6361710,6371504,CSCCCN(CC1=NN(C)C2=CC=CC=C21)C(=O)C1=C(C2CC2)C=CO1,CC1=CC=CC=C1CN(CC[C@H]1CCO[C@H]1C)C(=O)COC1CCCOC1,CSCCCN(Cc1nn(C)c2ccccc12)C(=O)c1occc1C1CC1,Cc1ccccc1CN(CC[C@H]1CCO[C@H]1C)C(=O)COC1CCCOC1,27,30,27,29,275.963928,7.086580,20,19,20,19,1,0,0,1,0
416,704,5,5775328,2557616,CC(C)(CNC(=O)[C@H]1C[C@H](N=[N+]=[N-])CN1C(=O)CC1(C#N)CC1)CC(F)F,CC1=COC(CNC(=O)[C@H]2CC=CC[C@H]2NC(=O)C=CC2CC2)=N1,CC(C)(CNC(=O)[C@H]1C[C@H](N=[N+]=[N-])CN1C(=O)CC1(C#N)CC1)CC(F)F,Cc1coc(CNC(=O)[C@H]2CC=CC[C@H]2NC(=O)C=CC2CC2)n1,27,28,24,26,15.110929,0.804206,12,11,12,11,1,0,0,1,0
417,914,768,7709021,5597798,C#CC1=CC=C(CN(CCCOCC2CCC2)C(=O)C2CCCOC2C)C=C1,CC1(CCC(=O)N2CCS(=N)(=O)CC2)CN(C(=O)[C@@H]2CC[C@H](C(N)=O)C2)C1,C#Cc1ccc(CN(CCCOCC2CCC2)C(=O)C2CCCOC2C)cc1,CC1(CCC(=O)N2CCS(=N)(=O)CC2)CN(C(=O)[C@@H]2CC[C@H](C(N)=O)C2)C1,28,30,27,29,165.909515,5.495787,16,15,16,15,1,0,0,1,0
418,881,788,2480057,3169914,COC1(C(=O)NC(C)CSC)CCN(C(=O)CCC2OCCO2)C1,CC(C)(C)C1=CC=C(NC(=O)[C@H]2CNC[C@@H]2C(C)(C)C)C=C1[N+](=O)[O-],COC1(C(=O)NC(C)CSC)CCN(C(=O)CCC2OCCO2)C1,CC(C)(C)c1ccc(NC(=O)[C@H]2CNC[C@@H]2C(C)(C)C)cc1[N+](=O)[O-],24,25,25,26,23.680807,1.562479,13,12,13,12,1,0,0,1,0
419,906,109,80879,4573591,CC(C)(NCC1=CC(O)=CC=C1)C1=NC=CS1,CC(=O)NC1CN(C(=O)[C@@H]2CN(C(=O)[C@H]3NC(=O)OC3(C)C)CCO2)C1,CC(C)(NCc1cccc(O)c1)c1nccs1,CC(=O)NC1CN(C(=O)[C@@H]2CN(C(=O)[C@H]3NC(=O)OC3(C)C)CCO2)C1,17,18,26,28,12.112377,0.940357,9,8,9,8,1,0,0,1,0
420,797,435,4460729,8099950,CCC(C)ONC(=O)[C@@H]1C[C@H](CC)CCN1C(=O)C1=CC=C(OC)N=C1,COC1=CC(NC(=O)C2CC3(CCC3)CN2C(=O)C2CCCOCC2)=CC=C1C,CCC(C)ONC(=O)[C@@H]1C[C@H](CC)CCN1C(=O)c1ccc(OC)nc1,COc1cc(NC(=O)C2CC3(CCC3)CN2C(=O)C2CCCOCC2)ccc1C,26,27,29,32,269.944153,5.951441,20,19,20,19,1,0,0,1,0
421,224,180,3745793,5029912,CS(=O)(=O)CC1(CCN2C(=O)CCN(CC3CC4CC4C3)C2=O)CC1,NC(=O)[C@H]1C[C@H]1C(=O)N(CC1=NNC2=CC=CC=C21)C[C@H]1COCCO1,CS(=O)(=O)CC1(CCN2C(=O)CCN(CC3CC4CC4C3)C2=O)CC1,NC(=O)[C@H]1C[C@H]1C(=O)N(Cc1n[nH]c2ccccc12)C[C@H]1COCCO1,25,28,26,29,58.963112,2.801332,13,12,13,12,1,0,0,1,0
422,823,980,208121,5308922,CCN1C=CC(C(=O)NC(C)C2(C)CCC2)=CC1=O,O=C(CCN1N=NC2=CC=CC=C2C1=O)N1CCC2(CCCCCC2)CC1,CCn1ccc(C(=O)NC(C)C2(C)CCC2)cc1=O,O=C(CCn1nnc2ccccc2c1=O)N1CCC2(CCCCCC2)CC1,19,20,27,30,42.524303,2.425320,11,10,11,10,1,0,0,1,0
423,712,530,4406000,4785432,CN1CCC(C(=O)N2CCOCCC2C(=O)NC2CC(=O)NC2=O)CC1,CCC(CC(=O)N[C@H](CO)[C@H](C)NC(=O)C1=CC=NNC1=O)CN(C)C,CN1CCC(C(=O)N2CCOCCC2C(=O)NC2CC(=O)NC2=O)CC1,CCC(CC(=O)N[C@H](CO)[C@H](C)NC(=O)c1ccn[nH]c1=O)CN(C)C,26,28,26,26,63.413315,2.005510,18,17,18,17,1,0,0,1,0
424,475,51,553233,1637007,C=C1CCCN(C(=O)[C@@H]2CCN2C(=O)C2C=CCC2)C1,CCC1CN2CCCC2CN1C(=O)NCCOC1=CC=NC=C1,C=C1CCCN(C(=O)[C@@H]2CCN2C(=O)C2C=CCC2)C1,CCC1CN2CCCC2CN1C(=O)NCCOc1ccncc1,20,22,23,25,79.527863,3.525001,13,12,13,12,1,0,0,1,0
425,570,255,3634174,27530,O=C(C1CSC1)N1CC2CC(C1)N(C(=O)C1=CN3C=NN=C3C=C1)C2,CC1=C(CNCCNS(C)(=O)=O)C(Cl)=NN1,O=C(C1CSC1)N1CC2CC(C1)N(C(=O)c1ccc3nncn3c1)C2,Cc1[nH]nc(Cl)c1CNCCNS(C)(=O)=O,25,29,16,16,4.892659,0.351390,10,9,10,9,1,0,0,1,0
426,939,868,8477057,7961506,CN1N=CC2=CC(C(=O)N[C@H]3CCC[C@H]3C3=CN([C@H]4CC[C@H](N)C4)N=N3)=CN=C21,CN(C1=CC=C(CNC(=O)NC2=NC=CC=C2OCCF)C=C1)C1CCCCC1,Cn1ncc2cc(C(=O)N[C@H]3CCC[C@H]3c3cn([C@H]4CC[C@H](N)C4)nn3)cnc21,CN(c1ccc(CNC(=O)Nc2ncccc2OCCF)cc1)C1CCCCC1,29,33,29,31,203.117188,5.035214,15,14,15,14,1,0,0,1,0
427,124,467,10006801,4755768,CC(C)(C)OC(=O)N1CCC2=CC(COC(=O)COC3=CC=C4CCCCC4=C3)=CC=C2C1,CC1=CC(C)=C(C(=O)N[C@H](CNC(=O)/C=C/C2=COC=C2)CC(C)C)O1,CC(C)(C)OC(=O)N1CCc2cc(COC(=O)COc3ccc4c(c3)CCCC4)ccc2C1,Cc1cc(C)c(C(=O)N[C@H](CNC(=O)/C=C/c2ccoc2)CC(C)C)o1,33,36,26,27,24.387598,1.337591,11,10,11,10,1,0,0,1,0
428,136,820,5829771,1378260,CN1CC[C@H]2CN(C(=O)CNC(=O)CNC(=O)C3(N4C=CC=N4)CC3)C[C@H]21,CCOC1=CC=C(CN(CC(C)CC)C(=O)[C@H]2C[C@H]2C)C=C1,CN1CC[C@H]2CN(C(=O)CNC(=O)CNC(=O)C3(n4cccn4)CC3)C[C@H]21,CCOc1ccc(CN(CC(C)CC)C(=O)[C@H]2C[C@H]2C)cc1,27,30,22,23,49.720531,2.102993,10,9,10,9,1,0,0,1,0
429,475,683,553233,4203123,C=C1CCCN(C(=O)[C@@H]2CCN2C(=O)C2C=CCC2)C1,O=C(NC1=CC=CC(C2=CN=CO2)=C1)C(=O)NC1(C2CCCOC2)CC1,C=C1CCCN(C(=O)[C@@H]2CCN2C(=O)C2C=CCC2)C1,O=C(Nc1cccc(-c2cnco2)c1)C(=O)NC1(C2CCCOC2)CC1,20,22,26,29,22.669426,0.857417,16,15,16,15,1,0,0,1,0
430,543,572,4382667,6831905,CCN1C=C(NC(=O)[C@@H]2CCCN2C(=O)C2=CC=CC=C2O)C(C#N)=N1,CC(=O)N1C[C@@H]2C[C@H]1CN2C(=O)CN1CCN(C(=O)CN2CCSCC2)CC1,CCn1cc(NC(=O)[C@@H]2CCCN2C(=O)c2ccccc2O)c(C#N)n1,CC(=O)N1C[C@@H]2C[C@H]1CN2C(=O)CN1CCN(C(=O)CN2CCSCC2)CC1,26,28,28,31,364.144287,9.073705,16,15,16,15,1,0,0,1,0
431,609,324,4351004,7283187,O=C(NCC(O)C(=O)NC1=CC=C(F)C(CO)=C1)C1=CC(O)=CC(F)=C1,CC1=CC=CN=C1C(=O)N[C@@H]1COC[C@H]1CNC(=O)C1CC2CCC(C1)N2C,O=C(NCC(O)C(=O)Nc1ccc(F)c(CO)c1)c1cc(O)cc(F)c1,Cc1cccnc1C(=O)N[C@@H]1COC[C@H]1CNC(=O)C1CC2CCC(C1)N2C,26,27,28,31,124.733177,2.986927,20,19,20,19,1,0,0,1,0
432,972,773,4070462,5332740,CCC(CC)N1CC[C@@H](NS(=O)(=O)C2=CN=C(C3=CC=C(Br)C=C3)S2)C1,O=C(NC1=NN=C(C2CCCCC2)O1)C1CC(=O)N(C2=CC(F)=CC=C2)C1,CCC(CC)N1CC[C@@H](NS(=O)(=O)c2cnc(-c3ccc(Br)cc3)s2)C1,O=C(Nc1nnc(C2CCCCC2)o1)C1CC(=O)N(c2cccc(F)c2)C1,26,28,27,30,10.641334,0.552333,11,10,11,10,1,0,0,1,0
433,912,453,8238602,1371765,O=C(NC1COCCN(C(=O)C2=NN3C=CC=NC3=C2)C1)[C@H]1C[C@H]2O[C@@H]1[C@@H]1C[C@H]21,CCC1=C(CNC2=NC(NC3CCSCC3)=NC=C2)C=NN1,O=C(NC1COCCN(C(=O)c2cc3ncccn3n2)C1)[C@H]1C[C@H]2O[C@@H]1[C@@H]1C[C@@H]12,CCc1[nH]ncc1CNc1ccnc(NC2CCSCC2)n1,29,34,22,24,26.238188,1.446656,10,9,10,9,1,0,0,1,0
434,627,834,6195180,800527,CCC1=CC=C(O)C=C1C(=O)NC[C@@H](CO)NC1=NC=C(OC)C(SC)=N1,NC1=CC=C(CC(=O)NC2=CC=C(C3CC3)N=C2)C(F)=C1,CCc1ccc(O)cc1C(=O)NC[C@@H](CO)Nc1ncc(OC)c(SC)n1,Nc1ccc(CC(=O)Nc2ccc(C3CC3)nc2)c(F)c1,27,28,21,23,73.769333,3.370413,14,13,14,13,1,0,0,1,0
435,736,913,3920092,9854679,CCCCCCNC(=O)C(N1CCCC(C)(C)C1C#N)C1(CC)CC1,CCC(C)(CC1=CN(C2CCCCNC2=O)N=N1)C(=O)N1CCC(C)=C(C2=CC=CO2)C1,CCCCCCNC(=O)C(N1CCCC(C)(C)C1C#N)C1(CC)CC1,CCC(C)(Cc1cn(C2CCCCNC2=O)nn1)C(=O)N1CCC(C)=C(c2ccco2)C1,25,26,32,35,154.764023,2.937219,17,16,17,16,1,0,0,1,0
436,516,436,10102962,5343171,CC1=CC(N2CC(CCO)OC(C)(C)C2)=NC=C1S(=O)(=O)NC1CCC(C(=O)N(C)C)CC1,COCCN(C(=O)NC1=CC(C2=NC(C)=NO2)=CC=C1)C1CCCC(C)C1,Cc1cc(N2CC(CCO)OC(C)(C)C2)ncc1S(=O)(=O)NC1CCC(C(=O)N(C)C)CC1,COCCN(C(=O)Nc1cccc(-c2nc(C)no2)c1)C1CCCC(C)C1,33,35,27,29,115.796669,4.147719,15,14,15,14,1,0,0,1,0
437,850,928,8234603,8694168,CC1CC(NC(=O)CCC2=NN(C)C=C2)CN1C(=O)CC/C=C/C1=CC=CC=C1,CN1N=C(C2CC2)C=C1CN(CC1=C(Cl)SC=C1)C[C@H]1CO[C@@H]2CCCC[C@H]2O1,CC1CC(NC(=O)CCc2ccn(C)n2)CN1C(=O)CC/C=C/c1ccccc1,Cn1nc(C2CC2)cc1CN(Cc1ccsc1Cl)C[C@H]1CO[C@@H]2CCCC[C@H]2O1,29,31,29,33,33.099026,1.374604,14,13,14,13,1,0,0,1,0
438,561,456,499562,3254747,CC(C)CCCCCNC(=O)C1=CN=C2CNCCN12,CC1=C(C)SC(CNC(=O)CC(C)(C)CNC(=O)CC2OCCO2)=C1,CC(C)CCCCCNC(=O)c1cnc2n1CCNC2,Cc1cc(CNC(=O)CC(C)(C)CNC(=O)CC2OCCO2)sc1C,20,21,25,26,8.454746,0.668930,11,10,11,10,1,0,0,1,0
439,918,162,987717,2108996,COC(=O)C12CC(C(=O)N[C@@H](C)C3=CC=CO3)(C1)OC2(C)C,CC(C)[C@@H](C(=O)N1CCC2=CC=C(F)C=C2C1)C1=CC=C(Cl)C=C1,COC(=O)C12CC(C(=O)N[C@@H](C)c3ccco3)(C1)OC2(C)C,CC(C)[C@@H](C(=O)N1CCc2ccc(F)cc2C1)c1ccc(Cl)cc1,22,24,24,26,28.494648,1.718074,14,13,14,13,1,0,0,1,0
440,761,882,10150633,9656200,CN1CCC2(CCN(C(C(=O)NCCN3C=CN=C3)C3=CC=C(C(F)(F)C(F)(F)F)S3)C2)C1,COC1=C(C)C=CC=C1CN(CC1=CC=C(N2C=CN=C2)C=C1)CC1OCCC12CC2,CN1CCC2(CCN(C(C(=O)NCCn3ccnc3)c3ccc(C(F)(F)C(F)(F)F)s3)C2)C1,COc1c(C)cccc1CN(Cc1ccc(-n2ccnc2)cc1)CC1OCCC12CC2,33,36,31,35,433.985596,10.962815,17,16,17,16,1,0,0,1,0
441,486,460,5472619,2206695,C#CCOC1=CC(CNC(=O)C(=O)N2CCCCCC2C(=O)NC)=CC=C1,CC(C)N1C=CC(CS(=O)(=O)C(C)C(=O)N(C)C2=CC=CC=C2)=N1,C#CCOc1cccc(CNC(=O)C(=O)N2CCCCCC2C(=O)NC)c1,CC(C)n1ccc(CS(=O)(=O)C(C)C(=O)N(C)c2ccccc2)n1,27,28,24,25,10.010344,0.677337,11,10,11,10,1,0,0,1,0
442,265,769,4857791,2464715,O=C(OC1=CC=CC=C1C1=CC=C2OCCC2=C1)[C@H]1CCO[C@@H]1C1CC1,CCCOCC(=O)N1CCC2CC2(C(=O)NCC2(O)CSC2)CC1,O=C(Oc1ccccc1-c1ccc2c(c1)CCO2)[C@H]1CCO[C@@H]1C1CC1,CCCOCC(=O)N1CCC2CC2(C(=O)NCC2(O)CSC2)CC1,26,30,24,26,5.319788,0.434072,9,8,9,8,1,0,0,1,0
443,253,860,1231139,4985995,COC1=CC=C(C(=O)C2CCCN2CC2=CC=C(Br)O2)C=C1,CN1N=C(CN(CCCOCC2CC2)C(=O)C2=CN=CC=C2O)C=C1Cl,COc1ccc(C(=O)C2CCCN2Cc2ccc(Br)o2)cc1,Cn1nc(CN(CCCOCC2CC2)C(=O)c2cnccc2O)cc1Cl,22,24,26,28,30.943254,1.324366,13,12,13,12,1,0,0,1,0
444,652,283,205531,4185089,CCC(NC(=O)C1=C(C)C=C(C#N)S1)C1=NN=CN1,CN(C)C1=CC=C(NC(=O)NNC(=O)NC2CCN(CCCO)C2)C=C1,CCC(NC(=O)c1sc(C#N)cc1C)c1nnc[nH]1,CN(C)c1ccc(NC(=O)NNC(=O)NC2CCN(CCCO)C2)cc1,19,20,26,27,7.976034,0.545367,10,9,10,9,1,0,0,1,0
445,784,796,1426711,7840005,CC(C(=O)NC1=NN(C)C(=O)N1C)N1C=NC2=C(N)N=CN=C21,CNC(=O)C(C1=C2COCCN2N=N1)N1CCC(OC2=CC=CC=C2C#N)C1,CC(C(=O)Nc1nn(C)c(=O)n1C)n1cnc2c(N)ncnc21,CNC(=O)C(c1nnn2c1COCC2)N1CCC(Oc2ccccc2C#N)C1,23,25,28,31,35.415100,2.080234,11,10,11,10,1,0,0,1,0
446,533,496,4112943,5028808,CCCC(NC(=O)C(C)S(=O)(=O)CC1=CC=C(Cl)C=N1)C1=CC=CC=C1,CO[C@H]1C[C@H](CN(CC2=NC3=C(CCC3)S2)C(=O)C(F)(F)C(C)(C)O)C1,CCCC(NC(=O)C(C)S(=O)(=O)Cc1ccc(Cl)cn1)c1ccccc1,CO[C@H]1C[C@H](CN(Cc2nc3c(s2)CCC3)C(=O)C(F)(F)C(C)(C)O)C1,26,27,26,28,31.791962,1.774005,15,14,15,14,1,0,0,1,0
447,641,244,9019778,5315419,CCOCC1=CN(C[C@H]2C[C@H](O)CN2C(=O)C2=CC(C3=CC=C(Br)C=C3)=NO2)N=N1,CC1=CC(C)=C(C(=O)OCC(=O)NN(C2=CC=CC=C2)C2=CC=CC=C2)N1,CCOCc1cn(C[C@H]2C[C@H](O)CN2C(=O)c2cc(-c3ccc(Br)cc3)no2)nn1,Cc1cc(C)c(C(=O)OCC(=O)NN(c2ccccc2)c2ccccc2)[nH]1,30,33,27,29,36.088348,2.387843,12,11,12,11,1,0,0,1,0
448,281,450,7360629,3479660,CCC1=NC(C)=C(C(=O)N2CCN(C(=O)C=CC3=CSC=C3)CC23CCC3)O1,CC(C)CCC(NC(=O)C1COCCO1)C(=O)NC1CCCCCC1,CCc1nc(C)c(C(=O)N2CCN(C(=O)C=Cc3ccsc3)CC23CCC3)o1,CC(C)CCC(NC(=O)C1COCCO1)C(=O)NC1CCCCCC1,28,31,25,26,64.236633,3.193237,16,15,16,15,1,0,0,1,0
449,79,730,483871,3192510,CN1N=CC(F)=C1CNC(=O)N1CCN2N=CC=C2C1,CC1(C)CCC(CC(=O)N(CC2CC2)C2=CC=C(C(=O)O)C=C2)CC1,Cn1ncc(F)c1CNC(=O)N1CCn2nccc2C1,CC1(C)CCC(CC(=O)N(CC2CC2)c2ccc(C(=O)O)cc2)CC1,20,22,25,27,5.942041,0.779049,9,8,9,8,1,0,0,1,0
450,292,240,9663046,7246223,CCCC1=CC=C(CN(CC2=NC(CC)=CO2)C(=O)NC2=C3N=CC=CN3N=C2)C=C1,CC(C)C(F)C(=O)N1CCN(C(=O)C2=COC3=CC=CC=C32)CC1C1CCC1,CCCc1ccc(CN(Cc2nc(CC)co2)C(=O)Nc2cnn3cccnc23)cc1,CC(C)C(F)C(=O)N1CCN(C(=O)c2coc3ccccc23)CC1C1CCC1,31,34,28,31,212.035355,10.187828,17,16,17,16,1,0,0,1,0
451,278,343,1541030,748696,COCC(COC)CS(=O)(=O)NNC(=O)C1=CC=C(C#N)C=N1,CC(C)C1=CC=C2OCC[C@H](NCCN3C=CN=N3)C2=C1,COCC(COC)CS(=O)(=O)NNC(=O)c1ccc(C#N)cn1,CC(C)c1ccc2c(c1)[C@@H](NCCn1ccnn1)CCO2,23,23,21,23,3.953992,0.411092,10,9,10,9,1,0,0,1,0
452,327,914,6018529,7709021,CCC1=NC=CC=C1C(=O)N1CC(NC(=O)C2=C(C)OCC2)CC12CCC2,C#CC1=CC=C(CN(CCCOCC2CCC2)C(=O)C2CCCOC2C)C=C1,CCc1ncccc1C(=O)N1CC(NC(=O)C2=C(C)OCC2)CC12CCC2,C#Cc1ccc(CN(CCCOCC2CCC2)C(=O)C2CCCOC2C)cc1,27,30,28,30,170.453476,9.964908,16,15,16,15,1,0,0,1,0
453,553,82,4693304,2083033,C/C=C/CC(CC)C(=O)NCC12CC1CN(C(=O)CC1=C(C)C=CS1)C2,COCC1CCCCC1NC(=O)C1=CC=C(OC)C2=CN=CC=C12,C/C=C/CC(CC)C(=O)NCC12CC1CN(C(=O)Cc1sccc1C)C2,COCC1CCCCC1NC(=O)c1ccc(OC)c2cnccc12,26,28,24,26,195.414871,6.457870,17,16,17,16,1,0,0,1,0
454,141,154,359532,10276769,CC[C@@H]1[C@H](C(=O)NC2=CN=C(OC)C(C)=C2)CCN1C,COC1=CC(OC)=C(C(=O)O)C=C1CNC1=CC=C(N2CCN(C(=O)OC(C)(C)C)CC2)C(F)=C1,CC[C@@H]1[C@H](C(=O)Nc2cnc(OC)c(C)c2)CCN1C,COc1cc(OC)c(C(=O)O)cc1CNc1ccc(N2CCN(C(=O)OC(C)(C)C)CC2)c(F)c1,20,21,35,37,53.889637,2.124986,15,14,15,14,1,0,0,1,0
455,236,392,687930,5671171,CS(=N)(=O)C1=CC=C(N2CCCC3(C=CCO3)CC2)N=C1,CC1(C)CC=C(C(=O)N[C@H]2C[C@@](C)(C(=O)N[C@H]3CCC[C@H]3N=[N+]=[N-])C2)CC1,CS(=N)(=O)c1ccc(N2CCCC3(C=CCO3)CC2)nc1,CC1(C)CC=C(C(=O)N[C@H]2C[C@@](C)(C(=O)N[C@H]3CCC[C@H]3N=[N+]=[N-])C2)CC1,21,23,27,29,19.846506,0.843209,12,11,12,11,1,0,0,1,0
456,710,156,198201,2819811,C#CC1CC(NC(=O)C2=CC3=C(Br)N=CN3C=C2)C1,CCC1(C(=O)N(CCC(F)CO)CC2=CN(CC(C)C)N=C2)CC1,C#CC1CC(NC(=O)c2ccn3cnc(Br)c3c2)C1,CCC1(C(=O)N(CCC(F)CO)Cc2cnn(CC(C)C)c2)CC1,19,21,24,25,62.884823,2.510254,12,11,12,11,1,0,0,1,0
457,723,219,2735746,6861264,CC[C@@H](CNC(=O)CC1=C(F)C=C(F)C(F)=N1)NS(=O)(=O)C(F)Cl,CC1(C#CC(=O)N2CCCC(C(=O)NC3=CN=C(C4CC4)N=C3)C2)CCCO1,CC[C@@H](CNC(=O)Cc1nc(F)c(F)cc1F)NS(=O)(=O)C(F)Cl,CC1(C#CC(=O)N2CCCC(C(=O)Nc3cnc(C4CC4)nc3)C2)CCCO1,24,24,28,31,11.551394,0.625651,12,11,12,11,1,0,0,1,0
458,65,424,1298607,6107964,C#CCN(C)C(=O)CC1(C)CCN(C(=O)CCCN(C)C)C1,O=C(CCC1=CN=CO1)NC[C@H]1CCCN(C(=O)CN2CCOCC2=O)C1,C#CCN(C)C(=O)CC1(C)CCN(C(=O)CCCN(C)C)C1,O=C(CCc1cnco1)NC[C@H]1CCCN(C(=O)CN2CCOCC2=O)C1,22,22,27,29,41.943729,1.365505,15,14,15,14,1,0,0,1,0
459,417,338,6853801,9637513,CCC(CNC(=O)C[C@H]1CC[C@H](NC(=O)C2CCC3(CC3)C2)CC1)C(C)(F)F,CC1=C2C=C(CN(CC3=CN(C4=CC=CC=C4)N=C3)CC3[C@H](C)[C@H]3C)C=CC2=NN1C,CCC(CNC(=O)C[C@H]1CC[C@H](NC(=O)C2CCC3(CC3)C2)CC1)C(C)(F)F,Cc1c2cc(CN(Cc3cnn(-c4ccccc4)c3)CC3[C@H](C)[C@H]3C)ccc2nn1C,28,30,31,35,266.217255,6.960530,15,14,15,14,1,0,0,1,0
460,555,477,4745780,9197540,CSC1(C(=O)N[C@H]2CN(C(=O)[C@@H]3CCC[C@H](O)C3)C[C@@H]2C(F)F)CCC1,CC1=CON=C1CC(=O)N(CC1=CC(C(C)C)=CC=C1)CC1=CC(C2CC2)=NN1C,CSC1(C(=O)N[C@H]2CN(C(=O)[C@@H]3CCC[C@H](O)C3)C[C@@H]2C(F)F)CCC1,Cc1conc1CC(=O)N(Cc1cccc(C(C)C)c1)Cc1cc(C2CC2)nn1C,26,28,30,33,107.498238,3.342271,15,15,15,15,1,0,0,1,0
461,425,63,9958200,6635203,COC1=CN=CC(NC(=O)N(CCC2=CNC3=CC=CC=C23)CC(C)C2CCOCC2)=C1,CCCCC1=NC=C(NC(=O)C(C)(O)C2CN(C(=O)OC(C)(C)C)C2)C(C)=N1,COc1cncc(NC(=O)N(CCc2c[nH]c3ccccc23)CC(C)C2CCOCC2)c1,CCCCc1ncc(NC(=O)C(C)(O)C2CN(C(=O)OC(C)(C)C)C2)c(C)n1,32,35,28,29,84.936058,4.083292,13,12,13,12,1,0,0,1,0
462,211,852,7225292,3728846,CC=CCCC(=O)NC[C@H]1C[C@H]2CC[C@@H](C1)N2C(=O)CCCC1=CC=NC=C1,CC[C@@H]1CN(C(=O)C2CCNC(=O)C2)C[C@@H]1NC1=CC=NC=C1C#N,CC=CCCC(=O)NC[C@H]1C[C@H]2CC[C@@H](C1)N2C(=O)CCCc1ccncc1,CC[C@@H]1CN(C(=O)C2CCNC(=O)C2)C[C@@H]1Nc1ccncc1C#N,28,30,25,27,56.658436,3.062662,15,14,15,14,1,0,0,1,0
463,430,398,4050179,7103894,CN1C=CN=C1SCC1=CC=C(C(=O)N2CCC3=C(C=CN=C3N)C2)O1,CCC1=CON=C1CC(=O)NCC1=C(C(=O)N2CCC(C(C)O)CC2)NC=C1,Cn1ccnc1SCc1ccc(C(=O)N2CCc3c(ccnc3N)C2)o1,CCc1conc1CC(=O)NCc1cc[nH]c1C(=O)N1CCC(C(C)O)CC1,26,29,28,30,202.811066,3.109013,17,16,17,16,1,0,0,1,0
464,926,788,1194359,3169914,CCC1=CC=C(CNC(=O)C2=CN=C(C(=O)O)C(Cl)=C2)N=C1,CC(C)(C)C1=CC=C(NC(=O)[C@H]2CNC[C@@H]2C(C)(C)C)C=C1[N+](=O)[O-],CCc1ccc(CNC(=O)c2cnc(C(=O)O)c(Cl)c2)nc1,CC(C)(C)c1ccc(NC(=O)[C@H]2CNC[C@@H]2C(C)(C)C)cc1[N+](=O)[O-],22,23,25,26,109.631218,2.422194,16,15,16,15,1,0,0,1,0
465,598,968,5494392,9459574,C=CCN(CC(=O)NC)C(=O)C1CN(C(=O)C2=CC=NC(CO)=C2)CCO1,COC[C@H](O)CN1C=C(C2CC23CCN(C(=O)CC2=CC=C(OC)C(Cl)=C2)CC3)N=N1,C=CCN(CC(=O)NC)C(=O)C1CN(C(=O)c2ccnc(CO)c2)CCO1,COC[C@H](O)Cn1cc(C2CC23CCN(C(=O)Cc2ccc(OC)c(Cl)c2)CC3)nn1,27,28,31,34,46.963955,2.249776,12,11,12,11,1,0,0,1,0
466,712,20,4406000,4572575,CN1CCC(C(=O)N2CCOCCC2C(=O)NC2CC(=O)NC2=O)CC1,CC1=C(CCNC(=O)C(NC(=O)[C@@H]2CC=C[C@H](O)C2)C2CCC2)N=CO1,CN1CCC(C(=O)N2CCOCCC2C(=O)NC2CC(=O)NC2=O)CC1,Cc1ocnc1CCNC(=O)C(NC(=O)[C@@H]1CC=C[C@H](O)C1)C1CCC1,26,28,26,28,152.909515,3.324531,19,18,19,18,1,0,0,1,0
467,877,901,1634311,8616169,C=C[C@H]1C[C@@H]1CNC(=O)NCC1=CC=C(C2=CC=CC=C2)C=C1,CCCC1=NNC(C(=O)N(CC[C@H]2CCC(=O)N2)CC2=NNC(C3CCC3)=C2)=C1,C=C[C@H]1C[C@@H]1CNC(=O)NCc1ccc(-c2ccccc2)cc1,CCCc1cc(C(=O)N(CC[C@H]2CCC(=O)N2)Cc2cc(C3CCC3)[nH]n2)[nH]n1,23,25,29,32,60.885532,1.906451,11,10,11,10,1,0,0,1,0
468,783,589,9628048,6811291,CC1=CN(CCN(CC2=CC=C(C)C3=C2CCC3)C(=O)C2=CC=CC(C#N)=C2O)N=C1,CCCC1(CO)CCCN1C(=O)C(=O)NC(CSC)CC1=CC=C(F)C=C1F,Cc1cnn(CCN(Cc2ccc(C)c3c2CCC3)C(=O)c2cccc(C#N)c2O)c1,CCCC1(CO)CCCN1C(=O)C(=O)NC(CSC)Cc1ccc(F)cc1F,31,34,28,29,114.215919,4.373101,15,14,15,14,1,0,0,1,0
469,389,488,7130093,2669399,CCCC1=CN=NC(C(=O)N[C@H]2COC[C@H]2N2C=C(CC(OC)OC)N=N2)=C1,CC1=CC=C(C(=O)N2CCN(C(=O)C3CCCN(C)C3)CC2C)O1,CCCc1cnnc(C(=O)N[C@H]2COC[C@H]2n2cc(CC(OC)OC)nn2)c1,Cc1ccc(C(=O)N2CCN(C(=O)C3CCCN(C)C3)CC2C)o1,28,30,24,26,83.304291,4.348178,16,15,16,15,1,0,0,1,0
470,6,965,9819790,9227748,CC1=CC=C(C(C)C)C(C(=O)NC[C@H]2CC[C@H](CN3C=C(CN4C=CN=C4)N=N3)CC2)=C1,CCC1=C(CN(CC2=CN(CC3CCOC3)N=N2)CC2(C)CSCCO2)C=NN1C,Cc1ccc(C(C)C)c(C(=O)NC[C@H]2CC[C@H](Cn3cc(Cn4ccnc4)nn3)CC2)c1,CCc1c(CN(Cc2cn(CC3CCOC3)nn2)CC2(C)CSCCO2)cnn1C,32,35,30,33,47.103012,2.595751,15,15,15,15,1,0,0,1,0
471,360,305,7542303,10117801,CC(C)[C@H](NC(=O)C1CCN1C1CCCC1)C1=CN([C@H]2CC[C@H](N)CC2)N=N1,C#CCCC1CCN(C(C2=CN(C3=CC=CC(F)=C3)N=C2C)C2=NN=NN2CCC2CC2)C1,CC(C)[C@H](NC(=O)C1CCN1C1CCCC1)c1cn([C@H]2CC[C@H](N)CC2)nn1,C#CCCC1CCN(C(c2cn(-c3cccc(F)c3)nc2C)c2nnnn2CCC2CC2)C1,28,31,33,37,62.782593,2.799797,17,17,17,17,1,0,0,1,0
472,771,399,2346134,4889020,CN1N=CC=C1N1CCN(CC2=C(F)C3=CC=CC=C3C=C2)CC1,CCC1=CC=C(C(=O)N[C@H]2C[C@H]2NC2=NC(C)=CC=C2[N+](=O)[O-])C(C)=N1,Cn1nccc1N1CCN(Cc2ccc3ccccc3c2F)CC1,CCc1ccc(C(=O)N[C@H]2C[C@H]2Nc2nc(C)ccc2[N+](=O)[O-])c(C)n1,24,27,26,28,230.768387,6.933286,18,17,18,17,1,0,0,1,0
473,873,913,4690001,9854679,CN1CC(C(=O)NCCC2(O)CN(C(=O)C3=CC(C#N)=CS3)C2)CC1=O,CCC(C)(CC1=CN(C2CCCCNC2=O)N=N1)C(=O)N1CCC(C)=C(C2=CC=CO2)C1,CN1CC(C(=O)NCCC2(O)CN(C(=O)c3cc(C#N)cs3)C2)CC1=O,CCC(C)(Cc1cn(C2CCCCNC2=O)nn1)C(=O)N1CCC(C)=C(c2ccco2)C1,26,28,32,35,62.200466,2.703756,13,12,13,12,1,0,0,1,0
474,976,855,4398596,809260,CCC(CC)C(OC)C(=O)N1CCO[C@@H](C)[C@@H]1C(=O)NCC1=CN=CS1,CC(C)C1(C)CCC(NC(=O)C2=C3CNCC3=NN2C)C1,CCC(CC)C(OC)C(=O)N1CCO[C@@H](C)[C@@H]1C(=O)NCc1cncs1,CC(C)C1(C)CCC(NC(=O)c2c3c(nn2C)CNC3)C1,26,27,21,23,63.103210,3.008181,12,11,12,11,1,0,0,1,0
475,429,551,2046013,3108760,O=C(C1=CC=NC2=NC=NN12)N1CCC(COCC(F)(F)F)CC1,CC1=C(CCNC(=O)NCC(=O)N2CCCO2)C2=CC(Cl)=CC=C2N1,O=C(c1ccnc2ncnn12)N1CCC(COCC(F)(F)F)CC1,Cc1[nH]c2ccc(Cl)cc2c1CCNC(=O)NCC(=O)N1CCCO1,24,26,25,27,27.769297,1.625091,14,13,14,13,1,0,0,1,0
476,765,752,1085713,7186989,CN(CCC(O)C1=CC=CC=C1)S(=O)(=O)N1CCCC1(C)C,CCC1=CC(C(=O)N2CCCC[C@H]2CNC(=O)C2=CC=C(Cl)C=C2N)=NC=N1,CN(CCC(O)c1ccccc1)S(=O)(=O)N1CCCC1(C)C,CCc1cc(C(=O)N2CCCC[C@H]2CNC(=O)c2ccc(Cl)cc2N)ncn1,22,23,28,30,8.100850,0.632456,9,8,9,8,1,0,0,1,0
477,559,819,3629384,965724,CC(=O)NCC(=O)NC[C@H]1C[C@@](F)(CNC(=O)C(C)(C)CCCF)C1,NC[C@H]1C[C@H]1C(=O)NC1=NN(CC2=CC=C(Cl)C=C2)C=N1,CC(=O)NCC(=O)NC[C@H]1C[C@@](F)(CNC(=O)C(C)(C)CCCF)C1,NC[C@H]1C[C@H]1C(=O)Nc1ncn(Cc2ccc(Cl)cc2)n1,25,25,21,23,12.776611,1.360552,8,7,8,7,1,0,0,1,0
478,617,919,6120154,5243094,CCC(C(=O)NC[C@@H]1C[C@@H](F)CN1C(=O)C1=CC=C(F)C=C1)N1C=CC=N1,CC(CC(C)(C)O)C(=O)NC1CCCN(C2=CC=C(OC(F)F)C=C2)C1=O,CCC(C(=O)NC[C@@H]1C[C@@H](F)CN1C(=O)c1ccc(F)cc1)n1cccn1,CC(CC(C)(C)O)C(=O)NC1CCCN(c2ccc(OC(F)F)cc2)C1=O,27,29,27,28,136.035309,6.645157,18,17,18,17,1,0,0,1,0
479,225,499,9996204,5522744,CCOC(=O)C1=C(C2=CN=CO2)N(C2=CC(C)=CC(C)=C2)C(=S)NC1C1=CC(C2CC2)=NO1,CC(C)(CNC(=O)C(C)(C)C(C)(C)O)CC(=O)NCC1CC/C=C\CCC1,CCOC(=O)C1=C(c2cnco2)N(c2cc(C)cc(C)c2)C(=S)NC1c1cc(C2CC2)no1,CC(C)(CNC(=O)C(C)(C)C(C)(C)O)CC(=O)NCC1CC/C=C\CCC1,33,37,27,27,33.255558,1.385174,10,9,10,9,1,0,0,1,0
480,224,279,3745793,4764529,CS(=O)(=O)CC1(CCN2C(=O)CCN(CC3CC4CC4C3)C2=O)CC1,CCN(CC)CCC(=O)NC1CCC12CCN(C(=O)C1=CNC=C1)CC2,CS(=O)(=O)CC1(CCN2C(=O)CCN(CC3CC4CC4C3)C2=O)CC1,CCN(CC)CCC(=O)NC1CCC12CCN(C(=O)c1cc[nH]c1)CC2,25,28,26,28,185.379501,7.190226,15,14,15,14,1,0,0,1,0
481,446,497,3959197,5645193,CCC(C)OC1=CC=CC(NC(=O)C2=C3C=CC=CC3=NC(OC)=C2)=C1,CC(=O)N1CCCC1CNC(=O)C1=C(CNC(=O)[C@H]2CCN(C)C2)C=CS1,CCC(C)Oc1cccc(NC(=O)c2cc(OC)nc3ccccc23)c1,CC(=O)N1CCCC1CNC(=O)c1sccc1CNC(=O)[C@H]1CCN(C)C1,26,28,27,29,129.738739,4.374695,16,15,16,15,1,0,0,1,0
482,29,398,5500785,7103894,CCN(C(=O)CC1CC(NC(=O)C2=C(C)OC(CO)=C2)C1)C(C)C1CCC1,CCC1=CON=C1CC(=O)NCC1=C(C(=O)N2CCC(C(C)O)CC2)NC=C1,CCN(C(=O)CC1CC(NC(=O)c2cc(CO)oc2C)C1)C(C)C1CCC1,CCc1conc1CC(=O)NCc1cc[nH]c1C(=O)N1CCC(C(C)O)CC1,27,29,28,30,225.698761,9.564063,16,15,16,15,1,0,0,1,0
483,344,684,9516268,3714033,N#CC[C@@H](O)CN1C=C(C2=CC=CC(OCC(=O)NC3CCC4=NC=CN4C3)=C2)N=N1,CC(C)(C)OC(=O)NC12CC(CCOC(=O)CCC3=COC=N3)(C1)C2,N#CC[C@@H](O)Cn1cc(-c2cccc(OCC(=O)NC3CCc4nccn4C3)c2)nn1,CC(C)(C)OC(=O)NC12CC(CCOC(=O)CCc3cocn3)(C1)C2,31,34,25,27,45.464737,3.703887,11,10,11,10,1,0,0,1,0
484,695,817,296716,1288058,COCC1(CF)CN(C(=O)C2(F)CNCC23CC3)C1,CCC[C@H](NC(=O)[C@H]1C[C@@H](O)C1)C(O)C(=O)NCC(=O)OC,COCC1(CF)CN(C(=O)C2(F)CNCC23CC3)C1,CCC[C@H](NC(=O)[C@H]1C[C@@H](O)C1)C(O)C(=O)NCC(=O)OC,19,21,22,22,63.469086,3.539120,12,11,12,11,1,0,0,1,0
485,414,741,7851635,974333,CN1C(=O)SC2=CC(C3=C(NC4CC(F)(F)C4)N4C=C(Br)C=CC4=N3)=CC=C21,CCCN(C(=O)C1=CC=C(OC2CC2)C=N1)C1CCCCC1,Cn1c(=O)sc2cc(-c3nc4ccc(Br)cn4c3NC3CC(F)(F)C3)ccc21,CCCN(C(=O)c1ccc(OC2CC2)cn1)C1CCCCC1,28,32,22,24,42.120232,2.393186,13,12,13,12,1,0,0,1,0
486,169,860,1102655,4985995,CC1=NN=C(CNC(=O)C2=NN=C(C3=CC=CC=C3)O2)N1C,CN1N=C(CN(CCCOCC2CC2)C(=O)C2=CN=CC=C2O)C=C1Cl,Cc1nnc(CNC(=O)c2nnc(-c3ccccc3)o2)n1C,Cn1nc(CN(CCCOCC2CC2)C(=O)c2cnccc2O)cc1Cl,22,24,26,28,19.703419,1.104222,10,9,10,9,1,0,0,1,0
487,478,941,7298707,3762436,CCC1=CC(C(=O)N2CC3CC(C2)N(C(=O)C2=CC(C)=CC=C2C)C3)=CC=N1,CC(NC(=O)C1=CN(CC(F)F)C=N1)C1=CN(C[C@H]2C[C@H](N)C2)N=N1,CCc1cc(C(=O)N2CC3CC(C2)N(C(=O)c2cc(C)ccc2C)C3)ccn1,CC(NC(=O)c1cn(CC(F)F)cn1)c1cn(C[C@H]2C[C@H](N)C2)nn1,28,31,25,27,28.989571,1.446060,15,14,15,14,1,0,0,1,0
488,130,637,7266784,6933994,C[C@H](O)[C@H](C(=O)N1CCC(C)(CNC(=O)CCC2=CC=CC=C2F)C1)N(C)C,CCCCC(=O)C(=O)N1CCC2(C=C(C(=O)NC(C)C3=C(C)NN=C3C)C2)C1,C[C@H](O)[C@H](C(=O)N1CCC(C)(CNC(=O)CCc2ccccc2F)C1)N(C)C,CCCCC(=O)C(=O)N1CCC2(C=C(C(=O)NC(C)c3c(C)n[nH]c3C)C2)C1,28,29,28,30,119.002586,7.172010,15,14,15,14,1,0,0,1,0
489,546,27,3100926,6857256,O=C(NCCC1=COC=C1)NC12CC(CN(CC3=CC=CC=C3)C1)C2,CC(=O)N[C@@H](C(=O)N1CCC(C(=O)NC2CCN3N=NN=C3C2)CC1)C(C)C,O=C(NCCc1ccoc1)NC12CC(CN(Cc3ccccc3)C1)C2,CC(=O)N[C@@H](C(=O)N1CCC(C(=O)NC2CCn3nnnc3C2)CC1)C(C)C,25,28,28,30,135.171951,7.778344,13,12,13,12,1,0,0,1,0
490,928,403,8694168,3279471,CN1N=C(C2CC2)C=C1CN(CC1=C(Cl)SC=C1)C[C@H]1CO[C@@H]2CCCC[C@H]2O1,CC[C@H](NC(=O)C1=COC(SC)=C1)C(=O)NCC1=CC(C)=CC(C)=N1,Cn1nc(C2CC2)cc1CN(Cc1ccsc1Cl)C[C@H]1CO[C@@H]2CCCC[C@H]2O1,CC[C@H](NC(=O)c1coc(SC)c1)C(=O)NCc1cc(C)cc(C)n1,29,33,25,26,41.544186,1.973719,13,12,13,12,1,0,0,1,0
491,606,577,633273,4218303,CN1N=CC=C1C1(C(=O)NCC2=CN=CO2)CCOCC1,C[C@@H]1CC2(C[C@H](C)O1)CN(C(=O)C(=O)NC1=NOC(C3CCCC3)=C1)C2,Cn1nccc1C1(C(=O)NCc2cnco2)CCOCC1,C[C@@H]1CC2(C[C@H](C)O1)CN(C(=O)C(=O)Nc1cc(C3CCCC3)on1)C2,21,23,26,29,52.324394,3.818903,12,11,12,11,1,0,0,1,0
492,678,27,4318056,6857256,N#CC1(CCC(=O)NCCC2(C(=O)NCC3CC3(F)F)CCC2)CCC1,CC(=O)N[C@@H](C(=O)N1CCC(C(=O)NC2CCN3N=NN=C3C2)CC1)C(C)C,N#CC1(CCC(=O)NCCC2(C(=O)NCC3CC3(F)F)CCC2)CCC1,CC(=O)N[C@@H](C(=O)N1CCC(C(=O)NC2CCn3nnnc3C2)CC1)C(C)C,26,28,28,30,65.969414,3.007194,17,16,17,16,1,0,0,1,0
493,85,658,3367573,3484017,CCN(C(=O)[C@H]1COC[C@H]1NC(=O)C1CCC(=O)N1)C1CCCCC1,CC1=CC=C(F)C=C1CNC(=O)CN(C(=O)C1=C(C)CCC1)C1CC1,CCN(C(=O)[C@H]1COC[C@H]1NC(=O)C1CCC(=O)N1)C1CCCCC1,CC1=C(C(=O)N(CC(=O)NCc2cc(F)ccc2C)C2CC2)CCC1,25,27,25,27,28.685879,2.367225,13,12,13,12,1,0,0,1,0
494,438,138,6760261,4247004,CN(CC1=NN=CN1)C(=O)C(=O)NC1=CC=CC(NC(=O)C2=CC=NC=C2)=C1,OCCCN(CC1=CC=NC=C1Cl)C(C1=CC=CC=C1)C1=CC=CC=C1,CN(Cc1nnc[nH]1)C(=O)C(=O)Nc1cccc(NC(=O)c2ccncc2)c1,OCCCN(Cc1ccncc1Cl)C(c1ccccc1)c1ccccc1,28,30,26,28,125.867050,7.430049,14,14,14,14,1,0,0,1,0
495,887,472,3833951,3485370,CCC1=CC=C(C(=O)N(CCC2(C)OCCO2)CC2=CSC(Cl)=C2)N1,CC1=CC=C(NC(=O)C(C)CNC(=O)CCOCC(C)C)C(CO)=C1,CCc1ccc(C(=O)N(CCC2(C)OCCO2)Cc2csc(Cl)c2)[nH]1,Cc1ccc(NC(=O)C(C)CNC(=O)CCOCC(C)C)c(CO)c1,25,27,25,25,25.949043,2.423586,12,11,12,11,1,0,0,1,0
496,186,51,1420794,1637007,COC(=O)C1CN(C)C(=O)CN1C(=O)CCC1=CC=C(F)N=C1,CCC1CN2CCCC2CN1C(=O)NCCOC1=CC=NC=C1,COC(=O)C1CN(C)C(=O)CN1C(=O)CCc1ccc(F)nc1,CCC1CN2CCCC2CN1C(=O)NCCOc1ccncc1,23,24,23,25,69.230789,4.460011,12,11,12,11,1,0,0,1,0
497,266,388,5626801,9410350,COC1=CC=C(NC(=O)CC2(C)CCN2C(=O)[C@@H]2C[C@H]3CC[C@@H]2C3)C(O)=C1,CCC1=CNC(=O)C(C(=O)N2CCN(C(=O)C3=CC(Cl)=CC=N3)CC3CCCCC32)=C1,COc1ccc(NC(=O)CC2(C)CCN2C(=O)[C@@H]2C[C@H]3CC[C@@H]2C3)c(O)c1,CCc1c[nH]c(=O)c(C(=O)N2CCN(C(=O)c3cc(Cl)ccn3)CC3CCCCC32)c1,27,30,31,34,1076.015381,18.154048,23,22,23,22,1,0,0,1,0
498,335,216,1746059,7320354,O=C(/C=C/C1=CC=CO1)NCCOCC(=O)NCC1=NSC=N1,NC1=CC=NC(C(=O)N2C[C@@H]3C[C@@H](C[C@H](NC(=O)CCN4C=CC=N4)C3)C2)=C1,O=C(/C=C/c1ccco1)NCCOCC(=O)NCc1ncsn1,Nc1ccnc(C(=O)N2C[C@@H]3C[C@@H](C[C@H](NC(=O)CCn4cccn4)C3)C2)c1,23,24,28,31,2.644080,0.419321,7,6,7,6,1,0,0,1,0
499,465,334,2159572,9829448,CN(C1CCC2(CC1)COC2)S(=O)(=O)C1=CC=C([N+](=O)[O-])C(Cl)=C1,CC1=NC(NCCCO[C@@H]2CCN(C(=O)C3=CC=C([C@H](O)C4CC4)C=C3)C2)=NC(C)=C1C,CN(C1CCC2(CC1)COC2)S(=O)(=O)c1ccc([N+](=O)[O-])c(Cl)c1,Cc1nc(NCCCO[C@@H]2CCN(C(=O)c3ccc([C@H](O)C4CC4)cc3)C2)nc(C)c1C,24,26,32,35,25.369276,1.039271,8,8,8,8,1,0,0,1,0
500,345,779,5723901,433542,COC(=O)C[C@H]1C[C@H](NC(=O)[C@H]2C[C@H](CNC(=O)C3COCCC3C)C2)C1,CNS(=O)(=O)NCCCNCC1=CC=C(Cl)C(Cl)=C1F,COC(=O)C[C@H]1C[C@H](NC(=O)[C@H]2C[C@H](CNC(=O)C3COCCC3C)C2)C1,CNS(=O)(=O)NCCCNCc1ccc(Cl)c(Cl)c1F,27,29,20,20,10.010225,0.380188,10,9,10,9,1,0,0,1,0
501,900,388,3234087,9410350,CCCCSCCC(=O)NC(C)C(C)C(=O)NC1CC2(C1)CN(C)C2,CCC1=CNC(=O)C(C(=O)N2CCN(C(=O)C3=CC(Cl)=CC=N3)CC3CCCCC32)=C1,CCCCSCCC(=O)NC(C)C(C)C(=O)NC1CC2(C1)CN(C)C2,CCc1c[nH]c(=O)c(C(=O)N2CCN(C(=O)c3cc(Cl)ccn3)CC3CCCCC32)c1,25,26,31,34,235.020981,6.930893,15,14,15,14,1,0,0,1,0
502,284,770,8276759,9498109,CCCC1=CC=C(C(=O)N2CC[C@H](CO)[C@@H](NC(=O)C3C[C@H]4CC[C@H]4C3)C2)C=C1,CC1=C2C=NC(NCCCN3CCC(NC(=O)CC4=CCN(C)CC4)C3)=NC2=NN1C,CCCc1ccc(C(=O)N2CC[C@H](CO)[C@@H](NC(=O)C3C[C@H]4CC[C@H]4C3)C2)cc1,Cc1c2cnc(NCCCN3CCC(NC(=O)CC4=CCN(C)CC4)C3)nc2nn1C,29,32,31,34,281.125885,11.304651,15,14,15,14,1,0,0,1,0
503,974,851,3767260,1749296,CN(CC1=CN(CCC(=O)O)N=N1)C(=O)CCCN1C=CC=CC1=O,C=C1CCN(C(=O)CC2(NC(=O)CC34CCC(CC3)C4)CC2)C1,CN(Cc1cn(CCC(=O)O)nn1)C(=O)CCCn1ccccc1=O,C=C1CCN(C(=O)CC2(NC(=O)CC34CCC(CC3)C4)CC2)C1,25,26,23,26,17.772392,0.777991,13,12,13,12,1,0,0,1,0
504,431,258,8201981,7726940,CC1=CN(CC(=O)N2CCC(O)(CNC(=O)C3=C(C)N=C(N)N=C3C)CC2)N=C1,CCOC(CN(CCC1=CC=CC=C1C#N)C(=O)C1=NC(N)=CN=C1)C1CC1,Cc1cnn(CC(=O)N2CCC(O)(CNC(=O)c3c(C)nc(N)nc3C)CC2)c1,CCOC(CN(CCc1ccccc1C#N)C(=O)c1cncc(N)n1)C1CC1,29,31,28,30,102.256340,4.486137,13,12,13,12,1,0,0,1,0
505,854,83,3570458,3458125,C[C@H]1CCO[C@H]1C(=O)NC[C@H]1CCCCN1C(=O)/C=C/C1=CNC=N1,C#CCN(CC(=O)NCC1=NC(C)=NC=C1)C(=O)CC1CCCCC1,C[C@H]1CCO[C@H]1C(=O)NC[C@H]1CCCCN1C(=O)/C=C/c1c[nH]cn1,C#CCN(CC(=O)NCc1ccnc(C)n1)C(=O)CC1CCCCC1,25,27,25,26,42.877678,1.795480,15,14,15,14,1,0,0,1,0
506,481,19,3500280,5862849,CSCC[C@H](NC(=O)CC1CCCO1)C(=O)NCC1=CN=CC=C1C,CCOCC1=CN([C@H](C(=O)NCC(C)(C)C2=NNC(C)=N2)C(C)(C)C)N=N1,CSCC[C@H](NC(=O)CC1CCCO1)C(=O)NCc1cnccc1C,CCOCc1cn([C@H](C(=O)NCC(C)(C)c2n[nH]c(C)n2)C(C)(C)C)nn1,25,26,27,28,77.666924,1.603600,20,19,20,19,1,0,0,1,0
507,767,552,5752683,3688653,CC1=NOC(CCCNC(=O)CC(C)(C)N(C)C(=O)CC2CC(F)(F)C2)=N1,CC(=O)OCCC(=O)NC1CC(C(C)NC(=O)C2=CN(C)C=C2C)C1,Cc1noc(CCCNC(=O)CC(C)(C)N(C)C(=O)CC2CC(F)(F)C2)n1,CC(=O)OCCC(=O)NC1CC(C(C)NC(=O)c2cn(C)cc2C)C1,27,28,25,26,47.912350,1.429779,17,16,17,16,1,0,0,1,0
508,53,974,8457323,3767260,CN1N=C(C2=CN([C@H]3CCNC3)N=N2)C=C1C(=O)NC1CC(CN2C=CC=N2)C1,CN(CC1=CN(CCC(=O)O)N=N1)C(=O)CCCN1C=CC=CC1=O,Cn1nc(-c2cn([C@H]3CCNC3)nn2)cc1C(=O)NC1CC(Cn2cccn2)C1,CN(Cc1cn(CCC(=O)O)nn1)C(=O)CCCn1ccccc1=O,29,33,25,26,21.926229,1.101856,16,15,16,15,1,0,0,1,0
509,358,229,2463404,2179347,CC#CCCC(=O)N1CC2=C(C1)C(C(=O)N1CC[Si](C)(C)C1)=CO2,COC1=CC=C(C(=O)N2CCN(CCO)C(C)C2)C(C(F)(F)F)=C1,CC#CCCC(=O)N1Cc2occ(C(=O)N3CC[Si](C)(C)C3)c2C1,COc1ccc(C(=O)N2CCN(CCO)C(C)C2)c(C(F)(F)F)c1,24,26,24,25,66.901779,3.916858,12,11,12,11,1,0,0,1,0
510,665,70,7440053,4319416,O=C(CC1=CC=CC=C1OC1CCCC1)OC/C=C/C1=CC=C2OCOC2=C1,CCCCSCC(=O)N[C@H]1CC[C@@H](CC(=O)N2CC(CO)(OC)C2)CC1,O=C(Cc1ccccc1OC1CCCC1)OC/C=C/c1ccc2c(c1)OCO2,CCCCSCC(=O)N[C@H]1CC[C@@H](CC(=O)N2CC(CO)(OC)C2)CC1,28,31,26,27,3.792395,0.320401,9,9,9,9,1,0,0,1,0
511,799,980,7651720,5308922,C#CCOC(C)C(=O)N(CC1=CC=CC2=CN=CC=C21)CC1(C)CC(C)(C)C1,O=C(CCN1N=NC2=CC=CC=C2C1=O)N1CCC2(CCCCCC2)CC1,C#CCOC(C)C(=O)N(Cc1cccc2cnccc12)CC1(C)CC(C)(C)C1,O=C(CCn1nnc2ccccc2c1=O)N1CCC2(CCCCCC2)CC1,28,30,27,30,215.291107,5.262786,16,15,16,15,1,0,0,1,0
512,667,41,4170183,2214787,COC1=CC=C(C(CF)NC(=O)NCC2=CC=C(C)C(C3CC3)=C2)C=C1,CC(C)C(=O)CN1CCC(CN2C(=O)C3=CC=CC=C3C2=O)CC1,COc1ccc(C(CF)NC(=O)NCc2ccc(C)c(C3CC3)c2)cc1,CC(C)C(=O)CN1CCC(CN2C(=O)c3ccccc3C2=O)CC1,26,28,24,26,20.904173,1.461093,10,10,10,10,1,0,0,1,0
513,772,31,5110604,10065918,C=CCCC(C)CN(CC1=C(C)N=C(CC)N1)C(=O)C1=C(C=C)SC=N1,CC1=NC(N(C)CC2=CC=CC3=C2CN(C(=O)CN2N=NN=C2C2CC2)C3)=NC=C1[N+](=O)[O-],C=CCCC(C)CN(Cc1[nH]c(CC)nc1C)C(=O)c1ncsc1C=C,Cc1nc(N(C)Cc2cccc3c2CN(C(=O)Cn2nnnc2C2CC2)C3)ncc1[N+](=O)[O-],26,27,33,37,94.959534,2.085546,17,16,17,16,1,0,0,1,0
514,972,253,4070462,1231139,CCC(CC)N1CC[C@@H](NS(=O)(=O)C2=CN=C(C3=CC=C(Br)C=C3)S2)C1,COC1=CC=C(C(=O)C2CCCN2CC2=CC=C(Br)O2)C=C1,CCC(CC)N1CC[C@@H](NS(=O)(=O)c2cnc(-c3ccc(Br)cc3)s2)C1,COc1ccc(C(=O)C2CCCN2Cc2ccc(Br)o2)cc1,26,28,22,24,27.648550,1.523123,10,9,10,9,1,0,0,1,0
515,204,859,10319003,3765625,CCOC(=O)CCNC(=O)C(C1=CN(C)C2=C(C#N)C=NN12)N1CCCC1C1=CC=CC(C#N)=C1,CCN1C=C(C2=CC=C(C(=O)NCCSC3=CC=CC=C3Cl)O2)N=N1,CCOC(=O)CCNC(=O)C(c1cn(C)c2c(C#N)cnn12)N1CCCC1c1cccc(C#N)c1,CCn1cc(-c2ccc(C(=O)NCCSc3ccccc3Cl)o2)nn1,35,38,25,27,28.028357,1.229383,10,9,10,9,1,0,0,1,0
516,20,636,4572575,4951544,CC1=C(CCNC(=O)C(NC(=O)[C@@H]2CC=C[C@H](O)C2)C2CCC2)N=CO1,COC(=O)C1=CC(NC2(C3=NN=NN3C(C)C)CC[C@@H](C)C2)=CN=C1Br,Cc1ocnc1CCNC(=O)C(NC(=O)[C@@H]1CC=C[C@H](O)C1)C1CCC1,COC(=O)c1cc(NC2(c3nnnn3C(C)C)CC[C@@H](C)C2)cnc1Br,26,28,26,28,34.847538,1.506912,15,14,15,14,1,0,0,1,0
517,156,244,2819811,5315419,CCC1(C(=O)N(CCC(F)CO)CC2=CN(CC(C)C)N=C2)CC1,CC1=CC(C)=C(C(=O)OCC(=O)NN(C2=CC=CC=C2)C2=CC=CC=C2)N1,CCC1(C(=O)N(CCC(F)CO)Cc2cnn(CC(C)C)c2)CC1,Cc1cc(C)c(C(=O)OCC(=O)NN(c2ccccc2)c2ccccc2)[nH]1,24,25,27,29,17.078867,1.236598,9,8,9,8,1,0,0,1,0
518,129,484,6394273,2194018,CC1=CC=C(CCN(CC2=CC(C)=CN=C2O)C(=O)C2=CN=C(C)O2)C=C1,CCOC(=O)[C@H]1C[C@@H]1C(=O)OCCN1C2=CC=C(Br)C=C2N=C1N,Cc1ccc(CCN(Cc2cc(C)cnc2O)C(=O)c2cnc(C)o2)cc1,CCOC(=O)[C@H]1C[C@@H]1C(=O)OCCn1c(N)nc2cc(Br)ccc21,27,29,24,26,26.056070,1.131969,13,12,13,12,1,0,0,1,0
519,685,117,8759367,438266,O=C(N1CCN(CC2=CC=C(N3C=CN=C3)C=C2)CC1)C(F)(F)CCN1C=CN=N1,COCCN1CCC(NC(=O)C2=NNC3=C2CCC3)C1,O=C(N1CCN(Cc2ccc(-n3ccnc3)cc2)CC1)C(F)(F)CCn1ccnn1,COCCN1CCC(NC(=O)c2n[nH]c3c2CCC3)C1,30,33,20,22,67.053513,1.841551,15,14,15,14,1,0,0,1,0
520,577,970,4218303,617020,C[C@@H]1CC2(C[C@H](C)O1)CN(C(=O)C(=O)NC1=NOC(C3CCCC3)=C1)C2,CCSC1=CC=C(NC(=O)[C@H]2CN(C)CCN2C)C=C1Cl,C[C@@H]1CC2(C[C@H](C)O1)CN(C(=O)C(=O)Nc1cc(C3CCCC3)on1)C2,CCSc1ccc(NC(=O)[C@H]2CN(C)CCN2C)cc1Cl,26,29,21,22,25.814579,1.238281,14,13,14,13,1,0,0,1,0
521,223,476,4544882,1462587,CC(=O)OCC1CN(C(=O)[C@@H]2[C@@H](C)OCCN2C(=O)CC2=NOC=C2)C1,CC(C)(NC(=O)C1=CC2=CC=CC=C2C=N1)C1=CC(Br)=CC=N1,CC(=O)OCC1CN(C(=O)[C@@H]2[C@@H](C)OCCN2C(=O)Cc2ccon2)C1,CC(C)(NC(=O)c1cc2ccccc2cn1)c1cc(Br)ccn1,26,28,23,25,113.668579,4.775294,15,14,15,14,1,0,0,1,0
522,716,262,2618020,9258102,CC1=C(C)C(C(=O)NCCN(C(=O)C2CC2(F)Cl)C2CC2)=C(C)O1,CC1=CC=C(NC(=O)C(C2=CC=C(C(C)(C)C)O2)N2CCC(C(C)CO)CC2)C=N1,Cc1oc(C)c(C(=O)NCCN(C(=O)C2CC2(F)Cl)C2CC2)c1C,Cc1ccc(NC(=O)C(c2ccc(C(C)(C)C)o2)N2CCC(C(C)CO)CC2)cn1,24,26,30,32,97.253128,4.033620,17,16,17,16,1,0,0,1,0
523,785,377,6568211,1277356,NC(CC(=O)NC1=CC=CC2=C1CN(C1CC1)C2=O)C1CCC(F)(F)CC1,CONC(=O)CNC(=O)CCOCCNC(=O)C1=CC=CS1,NC(CC(=O)Nc1cccc2c1CN(C1CC1)C2=O)C1CCC(F)(F)CC1,CONC(=O)CNC(=O)CCOCCNC(=O)c1cccs1,27,30,22,22,1.767809,0.317412,9,8,9,8,1,0,0,1,0
524,171,620,1539034,2339736,CC1(CS(=O)(=O)NC2(C3=CC=C(F)C=C3Br)CC2)CC(F)(F)C1,CN1C=C(CNCC2=CC3=CC(Br)=CC=C3OC2)C2=CC=CC=C21,CC1(CS(=O)(=O)NC2(c3ccc(F)cc3Br)CC2)CC(F)(F)C1,Cn1cc(CNCC2=Cc3cc(Br)ccc3OC2)c2ccccc21,23,25,24,27,16.335682,1.214663,9,9,9,9,1,0,0,1,0
525,621,986,1945448,6080779,COCC(C)N1C=C(COCC(=O)N(C)CC2CCCC2)N=N1,CN1C(=O)C=CC=C1C(=O)N1CC2CCC(C1)N(C(=O)CCC1CCC1)C2,COCC(C)n1cc(COCC(=O)N(C)CC2CCCC2)nn1,Cn1c(C(=O)N2CC3CCC(C2)N(C(=O)CCC2CCC2)C3)cccc1=O,23,24,27,30,11.428829,0.336416,11,10,11,10,1,0,0,1,0
526,765,735,1085713,8858626,CN(CCC(O)C1=CC=CC=C1)S(=O)(=O)N1CCCC1(C)C,COC[C@H]1CC[C@@H]1C(=O)N[C@H](CC1CCOCC1)C(=O)N(C)CC1(OC)CCCC1,CN(CCC(O)c1ccccc1)S(=O)(=O)N1CCCC1(C)C,COC[C@H]1CC[C@@H]1C(=O)N[C@H](CC1CCOCC1)C(=O)N(C)CC1(OC)CCCC1,22,23,30,32,16.345665,0.364562,10,9,10,9,1,0,0,1,0
527,117,796,438266,7840005,COCCN1CCC(NC(=O)C2=NNC3=C2CCC3)C1,CNC(=O)C(C1=C2COCCN2N=N1)N1CCC(OC2=CC=CC=C2C#N)C1,COCCN1CCC(NC(=O)c2n[nH]c3c2CCC3)C1,CNC(=O)C(c1nnn2c1COCC2)N1CCC(Oc2ccccc2C#N)C1,20,22,28,31,75.288963,2.619897,14,13,14,13,1,0,0,1,0
528,838,167,5886891,6662504,COC1(C)CN(CC(=O)N(C)C2CCN(C(=O)C3=CC(C#N)=CN3)CC2)C1,COC1=CC2=C(C=C1S(=O)(=O)N1CCC(C)(C3=CC=C(Cl)C=C3)CC1)CCC2,COC1(C)CN(CC(=O)N(C)C2CCN(C(=O)c3cc(C#N)c[nH]3)CC2)C1,COc1cc2c(cc1S(=O)(=O)N1CCC(C)(c3ccc(Cl)cc3)CC1)CCC2,27,29,28,31,14.398660,1.095505,9,8,9,8,1,0,0,1,0
529,987,318,4093080,6665413,CC(C)(C)OC(=O)NC1(CNC(=O)CC2=CSC=N2)CCC(F)(F)CC1,CCCCN1C2=CC=CC=C2N=C1CNS(=O)(=O)C1=CC(C(F)(F)F)=CC=N1,CC(C)(C)OC(=O)NC1(CNC(=O)Cc2cscn2)CCC(F)(F)CC1,CCCCn1c(CNS(=O)(=O)c2cc(C(F)(F)F)ccn2)nc2ccccc21,26,27,28,30,36.014843,1.312900,13,12,13,12,1,0,0,1,0
530,110,592,9332415,3401358,COC(=O)C1=CC=C2CCCC(NC(=O)NCC3=CC=C(CNS(C)(=O)=O)C=C3)C2=C1,CC1(C)CC1(NC(=O)C=CC1=CC=CN=C1)C(=O)NCC1=CC=CO1,COC(=O)c1ccc2c(c1)C(NC(=O)NCc1ccc(CNS(C)(=O)=O)cc1)CCC2,CC1(C)CC1(NC(=O)C=Cc1cccnc1)C(=O)NCc1ccco1,31,33,25,27,18.900257,1.444550,9,8,9,8,1,0,0,1,0
531,26,951,1325871,2058576,CC(=CC1CC1)C(=O)N[C@@H]1CN(C(=O)C2=COCC2)C[C@H]1O,CN1C=C(S(=O)(=O)N2CC(NC(=O)C3=CC4=C(CCC4)S3)C2)C=N1,CC(=CC1CC1)C(=O)N[C@@H]1CN(C(=O)C2=COCC2)C[C@H]1O,Cn1cc(S(=O)(=O)N2CC(NC(=O)c3cc4c(s3)CCC4)C2)cn1,22,24,24,27,9.572176,1.028206,10,9,10,9,1,0,0,1,0
532,319,589,4194139,6811291,O=C(NC1=NN(C2=CC=NC(C(F)F)=C2)C=C1)C(=O)N1CCCC(O)C1,CCCC1(CO)CCCN1C(=O)C(=O)NC(CSC)CC1=CC=C(F)C=C1F,O=C(Nc1ccn(-c2ccnc(C(F)F)c2)n1)C(=O)N1CCCC(O)C1,CCCC1(CO)CCCN1C(=O)C(=O)NC(CSC)Cc1ccc(F)cc1F,26,28,28,29,36.353085,1.325875,15,14,15,14,1,0,0,1,0
533,693,929,867295,235085,CCC(CC)CCC(=O)NC(CC1CC1)C(=O)N(C)CC,FC(F)C1=NN=C(N2C[C@H]3CCC[C@@]3(C(F)F)C2)S1,CCC(CC)CCC(=O)NC(CC1CC1)C(=O)N(C)CC,FC(F)c1nnc(N2C[C@H]3CCC[C@@]3(C(F)F)C2)s1,21,21,19,21,11.854078,0.843884,9,8,9,8,1,0,0,1,0
534,981,384,7098766,3903101,CS[C@H]1C[C@H](CC(=O)N(C)[C@@H](CC(C)C)C(=O)NCC2CCN2C(C)(C)C)C1,CC1=C(CN(CC2=CC(F)=CN=C2)CC2(C)CC2(C)C)NC=C1C#N,CS[C@H]1C[C@H](CC(=O)N(C)[C@@H](CC(C)C)C(=O)NCC2CCN2C(C)(C)C)C1,Cc1c(C#N)c[nH]c1CN(Cc1cncc(F)c1)CC1(C)CC1(C)C,28,29,25,27,102.835449,4.577237,14,13,14,13,1,0,0,1,0
535,406,964,9037698,3383014,CC(C(=O)N[C@H]1C[C@H]2CC[C@@H]1CN(C1=NC=C3C=CC=NC3=N1)C2)C1CCOCC1,CC(C)(C)CC(O)C(=O)NC(CC(=O)N1CCCNC(=O)C1)C(F)F,CC(C(=O)N[C@H]1C[C@H]2CC[C@@H]1CN(c1ncc3cccnc3n1)C2)C1CCOCC1,CC(C)(C)CC(O)C(=O)NC(CC(=O)N1CCCNC(=O)C1)C(F)F,30,34,25,25,109.090309,3.493457,16,15,16,15,1,0,0,1,0
536,732,203,1118423,5641571,CC(F)(F)C(F)(F)CCOC(=O)C1CCC2=NN=CN2CC1,C=CCC(CNC(=O)CCC1=NN(C)C=C1)C(=O)N1CCC2(CCCC2)C1,CC(F)(F)C(F)(F)CCOC(=O)C1CCc2nncn2CC1,C=CCC(CNC(=O)CCc1ccn(C)n1)C(=O)N1CCC2(CCCC2)C1,22,23,27,29,17.420519,1.246376,10,9,10,9,1,0,0,1,0
537,77,606,5195946,633273,CC(C)(C)OC(=O)N1CCCC1CCC(=O)NCC1=CC=C2OC=CC2=C1,CN1N=CC=C1C1(C(=O)NCC2=CN=CO2)CCOCC1,CC(C)(C)OC(=O)N1CCCC1CCC(=O)NCc1ccc2occc2c1,Cn1nccc1C1(C(=O)NCc2cnco2)CCOCC1,27,29,21,23,31.150089,2.152663,11,10,11,10,1,0,0,1,0
538,707,850,8176720,8234603,CN(C[C@@H]1CCCCN1C(=O)C1=CN2C=CN=C2S1)C(=O)CCOCC(F)(F)F,CC1CC(NC(=O)CCC2=NN(C)C=C2)CN1C(=O)CC/C=C/C1=CC=CC=C1,CN(C[C@@H]1CCCCN1C(=O)c1cn2ccnc2s1)C(=O)CCOCC(F)(F)F,CC1CC(NC(=O)CCc2ccn(C)n2)CN1C(=O)CC/C=C/c1ccccc1,29,31,29,31,75.518318,4.507617,16,15,16,15,1,0,0,1,0
539,642,248,3685140,1499937,O=C(NC[C@@H]1C[C@@H](F)CN1C(=O)CC1=CC=CS1)C1CC(F)(CF)C1,O=C(CCC1=NC(C2CCCC2)=NO1)NC(CO)C1=CC=CS1,O=C(NC[C@@H]1C[C@@H](F)CN1C(=O)Cc1cccs1)C1CC(F)(CF)C1,O=C(CCc1nc(C2CCCC2)no1)NC(CO)c1cccs1,25,27,23,25,12.153020,1.098153,11,10,11,10,1,0,0,1,0
540,104,713,6937058,1020902,CC1=CN=C(O)C(NC(=O)C2CCN(C(=O)C(F)C3(O)CCCC3)CCO2)=C1,CCCCC1=NC(C)=C(C(=O)N(C)C2CN(C)S(=O)(=O)C2)S1,Cc1cnc(O)c(NC(=O)C2CCN(C(=O)C(F)C3(O)CCCC3)CCO2)c1,CCCCc1nc(C)c(C(=O)N(C)C2CN(C)S(=O)(=O)C2)s1,28,30,22,23,8.800114,0.783432,11,10,11,10,1,0,0,1,0
541,791,308,9428881,2580761,CC1=CC(C(=O)N2[C@H](CNC(=O)C3=CC=C(N=[N+]=[N-])C=C3)C[C@@H]3CCC[C@@H]32)=NN=C1C,CC1=CC(NC(=O)C(C)NC(=O)C2CCC(=O)NC2)=CC(C)=C1O,Cc1cc(C(=O)N2[C@H](CNC(=O)c3ccc(N=[N+]=[N-])cc3)C[C@@H]3CCC[C@@H]32)nnc1C,Cc1cc(NC(=O)C(C)NC(=O)C2CCC(=O)NC2)cc(C)c1O,31,34,24,25,270.991577,10.483205,18,17,18,17,1,0,0,1,0
542,870,700,1277142,2480793,CC/C=C/CC(=O)N[C@@H](COC)C(=O)NC1=CC(O)=CC=C1,CC(=O)OC(C)(C)C(=O)NC1CC2(C1)CC2C(=O)NCC1(F)CC1,CC/C=C/CC(=O)N[C@@H](COC)C(=O)Nc1cccc(O)c1,CC(=O)OC(C)(C)C(=O)NC1CC2(C1)CC2C(=O)NCC1(F)CC1,22,22,24,26,20.977600,1.303469,11,10,11,10,1,0,0,1,0
543,614,824,6934516,1881865,C[C@H]1COC(C)(C)CN1C(=O)C1CN(C(=O)C=CC2=CC=CC=C2)C(C)(C)C1,CCC(COC)C(=O)NCC(NC(=O)C1(C)CC=CC1)C(C)C,C[C@H]1COC(C)(C)CN1C(=O)C1CN(C(=O)C=Cc2ccccc2)C(C)(C)C1,CCC(COC)C(=O)NCC(NC(=O)C1(C)CC=CC1)C(C)C,28,30,23,23,31.598522,2.438748,11,10,11,10,1,0,0,1,0
544,123,815,2996567,3432128,CC[C@@H](NS(=O)(=O)CC1CC2(CCOCC2)C(=O)O1)C1=CC=CC=N1,C[C@@H]1C[C@@H](C(=O)NCC2=CC=CC=C2O)N(C(=O)CC2CC=CC2)C1,CC[C@@H](NS(=O)(=O)CC1CC2(CCOCC2)C(=O)O1)c1ccccn1,C[C@@H]1C[C@@H](C(=O)NCc2ccccc2O)N(C(=O)CC2CC=CC2)C1,25,27,25,27,21.673241,0.981057,10,9,10,9,1,0,0,1,0
545,579,801,5792433,6389538,C=CCOCC(=O)N1CCCCC1CCC(=O)NCC(C)(O)C1CCCC1,C=CCC(OC)C(=O)N(CC1=CC=NN1COC)CC1CCCOC1(C)C,C=CCOCC(=O)N1CCCCC1CCC(=O)NCC(C)(O)C1CCCC1,C=CCC(OC)C(=O)N(Cc1ccnn1COC)CC1CCCOC1(C)C,27,28,27,28,73.976631,3.466828,15,14,15,14,1,0,0,1,0
546,42,355,1415851,1599064,O=C(NC1=NN2C=CC=CC2=C1)C1=C2OCCCC2=CC(Br)=C1,O=[N+]([O-])C1=CC=C(CNC(CO)C2=CC=C(Br)C(Cl)=C2)C=C1F,O=C(Nc1cc2ccccn2n1)c1cc(Br)cc2c1OCCC2,O=[N+]([O-])c1ccc(CNC(CO)c2ccc(Br)c(Cl)c2)cc1F,23,26,23,24,45.851086,2.866967,15,15,15,15,1,0,0,1,0
547,545,438,5030749,6760261,CCC(CC(=O)N(CCC1CCC1)CC1=CC=C2C=CC=NN21)C(F)F,CN(CC1=NN=CN1)C(=O)C(=O)NC1=CC=CC(NC(=O)C2=CC=NC=C2)=C1,CCC(CC(=O)N(CCC1CCC1)Cc1ccc2cccnn12)C(F)F,CN(Cc1nnc[nH]1)C(=O)C(=O)Nc1cccc(NC(=O)c2ccncc2)c1,26,28,28,30,67.001259,4.080504,13,12,13,12,1,0,0,1,0
548,677,379,4192068,1962038,O=C(NCC1=NOC(C2CCOCC2)=N1)NC[C@@]12CCCC[C@]1(CO)C2,C=C(Br)CNC1=NC(N(C)CCN2C=NC=N2)=NC2=C1CSC2,O=C(NCc1noc(C2CCOCC2)n1)NC[C@@]12CCCC[C@]1(CO)C2,C=C(Br)CNc1nc(N(C)CCn2cncn2)nc2c1CSC2,26,29,23,25,11.701356,1.133763,12,11,12,11,1,0,0,1,0
549,70,518,4319416,1126877,CCCCSCC(=O)N[C@H]1CC[C@@H](CC(=O)N2CC(CO)(OC)C2)CC1,O=C(COC(=O)C1=C(Br)C=NO1)NC1=CC=C2CCCC2=C1,CCCCSCC(=O)N[C@H]1CC[C@@H](CC(=O)N2CC(CO)(OC)C2)CC1,O=C(COC(=O)c1oncc1Br)Nc1ccc2c(c1)CCC2,26,27,22,24,50.932552,2.400974,13,12,13,12,1,0,0,1,0
550,663,349,5891057,9128830,COC1=CC(C(=O)N2C[C@@H]3[C@H](C2)[C@H]3NC(=O)C2=NN(C)C(C)=C2)=CC=C1C,CCC(CNS(=O)(=O)C1=CC=C(NC[C@@H](O)C2=CC=C(F)C=C2)N=C1)N1C=CC=N1,COc1cc(C(=O)N2C[C@@H]3[C@H](C2)[C@H]3NC(=O)c2cc(C)n(C)n2)ccc1C,CCC(CNS(=O)(=O)c1ccc(NC[C@@H](O)c2ccc(F)cc2)nc1)n1cccn1,27,30,30,32,65.616615,5.140913,13,12,13,12,1,0,0,1,0
551,12,869,1143739,8948212,FC(F)C1(CN2CCCCC(C3=CC=C(Cl)C=C3)C2)COC1,CCC(CC)C(C)C(=O)NC1(C2CCCCN2C(=O)C(F)=CC2=CN(C)N=N2)CC1,FC(F)C1(CN2CCCCC(c3ccc(Cl)cc3)C2)COC1,CCC(CC)C(C)C(=O)NC1(C2CCCCN2C(=O)C(F)=Cc2cn(C)nn2)CC1,22,24,30,32,100.803421,5.208016,12,11,12,11,1,0,0,1,0
552,430,842,4050179,3050571,CN1C=CN=C1SCC1=CC=C(C(=O)N2CCC3=C(C=CN=C3N)C2)O1,CSC1=NC=C(Br)C(NC(=O)CNC(=O)C2=CC3=C(CCCC3)S2)=N1,Cn1ccnc1SCc1ccc(C(=O)N2CCc3c(ccnc3N)C2)o1,CSc1ncc(Br)c(NC(=O)CNC(=O)c2cc3c(s2)CCCC3)n1,26,29,25,27,26.562389,1.824155,10,9,10,9,1,0,0,1,0
553,501,108,4499785,10299613,C#CCOC(=O)CNC(=O)C(F)C1CC(NC(=O)CC2CC3(CC3)C2)C1,COCC1CCN(C2=CC=C(S(=O)(=O)NCC3CN(CC4=CC(C)=CC=C4)CCO3)C=C2C#N)C1,C#CCOC(=O)CNC(=O)C(F)C1CC(NC(=O)CC2CC3(CC3)C2)C1,COCC1CCN(c2ccc(S(=O)(=O)NCC3CN(Cc4cccc(C)c4)CCO3)cc2C#N)C1,26,28,35,38,86.363373,3.279992,13,12,13,12,1,0,0,1,0
554,443,983,4553163,2980854,C#CCN(CC(=O)N[C@@H](CCC)C(F)(F)F)C(=O)CCN1CCCC1=O,CCOC(=O)C1=C(C(F)F)N=C(NCC2=CC(C(=O)OC)=CC=C2)S1,C#CCN(CC(=O)N[C@@H](CCC)C(F)(F)F)C(=O)CCN1CCCC1=O,CCOC(=O)c1sc(NCc2cccc(C(=O)OC)c2)nc1C(F)F,26,26,25,26,6.281634,0.611956,8,7,8,7,1,0,0,1,0
555,370,650,9041022,2369078,CC1=CC=C([N+](=O)[O-])C(NC2COCCCN(C(=O)C[C@@H](C)C3=CC=CC=C3)C2)=N1,CC1(C(=O)O)CCC2=CC(C3=CC=C(F)C(C(F)(F)F)=C3)=CC=C21,Cc1ccc([N+](=O)[O-])c(NC2COCCCN(C(=O)C[C@@H](C)c3ccccc3)C2)n1,CC1(C(=O)O)CCc2cc(-c3ccc(F)c(C(F)(F)F)c3)ccc21,30,32,24,26,262.031586,14.475281,11,10,11,10,1,0,0,1,0
556,912,848,8238602,852893,O=C(NC1COCCN(C(=O)C2=NN3C=CC=NC3=C2)C1)[C@H]1C[C@H]2O[C@@H]1[C@@H]1C[C@H]21,CC1=C(C(=O)N2C[C@@H](O)C[C@H]2C(=O)NC2CC2)CCCO1,O=C(NC1COCCN(C(=O)c2cc3ncccn3n2)C1)[C@H]1C[C@H]2O[C@@H]1[C@@H]1C[C@@H]12,CC1=C(C(=O)N2C[C@@H](O)C[C@H]2C(=O)NC2CC2)CCCO1,29,34,21,23,49.344654,2.060875,15,14,15,14,1,0,0,1,0
557,470,724,3166266,374384,N[C@@H](CC1=CC=CC(NC(=O)C2=C(F)C=C(CO)C=C2F)=C1)C(=O)O,CC[C@H]1C[C@@H]1C(=O)N(C)CC1=CC2=C(C=C1Br)OCO2,N[C@@H](Cc1cccc(NC(=O)c2c(F)cc(CO)cc2F)c1)C(=O)O,CC[C@H]1C[C@@H]1C(=O)N(C)Cc1cc2c(cc1Br)OCO2,25,26,20,22,122.340385,7.401444,15,14,15,14,1,0,0,1,0
558,156,445,2819811,8869065,CCC1(C(=O)N(CCC(F)CO)CC2=CN(CC(C)C)N=C2)CC1,CC1(C)CC(CNC(=O)/C=C/C2=CC=CC=C2)(C(=O)N2CCC(N3CCCC3)C2)C1,CCC1(C(=O)N(CCC(F)CO)Cc2cnn(CC(C)C)c2)CC1,CC1(C)CC(CNC(=O)/C=C/c2ccccc2)(C(=O)N2CCC(N3CCCC3)C2)C1,24,25,30,33,70.444710,3.402984,16,15,16,15,1,0,0,1,0
559,180,751,5029912,4375377,NC(=O)[C@H]1C[C@H]1C(=O)N(CC1=NNC2=CC=CC=C21)C[C@H]1COCCO1,CC(C)C[C@@H](CC(=O)N1C2CSCC1C2)NC(=O)C1=NN2CCCC2=C1,NC(=O)[C@H]1C[C@H]1C(=O)N(Cc1n[nH]c2ccccc12)C[C@H]1COCCO1,CC(C)C[C@@H](CC(=O)N1C2CSCC1C2)NC(=O)c1cc2n(n1)CCC2,26,29,26,29,152.788513,5.485505,15,15,15,15,1,0,0,1,0
560,534,988,9236964,6019508,OCCOC1=CC=CC(CN(CC2=CC=C(C(F)(F)F)O2)CC2OCCC23CC3)=C1,O=C(CNC1=CC=NC=C1)NCC1CC(CNC(=O)CN2C=CN=N2)CO1,OCCOc1cccc(CN(Cc2ccc(C(F)(F)F)o2)CC2OCCC23CC3)c1,O=C(CNc1ccncc1)NCC1CC(CNC(=O)Cn2ccnn2)CO1,30,33,27,29,17.199087,1.530887,10,9,10,9,1,0,0,1,0
561,666,276,2410406,6286911,CCCN1C=CC(NC(=O)CC2CCN(C(=O)[C@H]3C[C@H]3C)CC2)=N1,CCC(C)(C)CCNC(C1=NN=NN1CCC#N)C1=C(F)C=C(F)C(F)=C1,CCCn1ccc(NC(=O)CC2CCN(C(=O)[C@H]3C[C@H]3C)CC2)n1,CCC(C)(C)CCNC(c1cc(F)c(F)cc1F)c1nnnn1CCC#N,24,26,27,28,30.384129,2.331216,12,11,12,11,1,0,0,1,0
562,630,827,4381149,10017841,C[C@H]1[C@H](CNC(=O)[C@@H]2C[C@@H](F)CN2C(=O)C2=CC=C(C(N)=O)O2)C1(F)F,CC(C)(C)OC(=O)N1CCN(C(=O)NCC2=CC3=CN=NC=C3O2)C(C2=CC=CC=C2F)C1,C[C@H]1[C@H](CNC(=O)[C@@H]2C[C@@H](F)CN2C(=O)c2ccc(C(N)=O)o2)C1(F)F,CC(C)(C)OC(=O)N1CCN(C(=O)NCc2cc3cnncc3o2)C(c2ccccc2F)C1,26,28,33,36,112.812378,6.453348,13,12,13,12,1,0,0,1,0
563,941,551,3762436,3108760,CC(NC(=O)C1=CN(CC(F)F)C=N1)C1=CN(C[C@H]2C[C@H](N)C2)N=N1,CC1=C(CCNC(=O)NCC(=O)N2CCCO2)C2=CC(Cl)=CC=C2N1,CC(NC(=O)c1cn(CC(F)F)cn1)c1cn(C[C@H]2C[C@H](N)C2)nn1,Cc1[nH]c2ccc(Cl)cc2c1CCNC(=O)NCC(=O)N1CCCO1,25,27,25,27,12.942053,1.120227,12,11,12,11,1,0,0,1,0
564,793,495,1506852,224835,O=C(NC12CCC(C(F)F)(CC1)OC2)C1=CC2=NC=CN2C=C1,C=CC(C)(O)CNC(=O)C1=CC2=C(N=CN2)C(F)=C1,O=C(NC12CCC(C(F)F)(CC1)OC2)c1ccn2ccnc2c1,C=CC(C)(O)CNC(=O)c1cc(F)c2nc[nH]c2c1,23,26,19,20,93.281250,3.178928,15,14,15,14,1,0,0,1,0
565,476,446,1462587,3959197,CC(C)(NC(=O)C1=CC2=CC=CC=C2C=N1)C1=CC(Br)=CC=N1,CCC(C)OC1=CC=CC(NC(=O)C2=C3C=CC=CC3=NC(OC)=C2)=C1,CC(C)(NC(=O)c1cc2ccccc2cn1)c1cc(Br)ccn1,CCC(C)Oc1cccc(NC(=O)c2cc(OC)nc3ccccc23)c1,23,25,26,28,84.083961,3.317925,16,15,16,15,1,0,0,1,0
566,845,748,2726269,3675863,CSC1=NC=CC(NC2CC(CCNC(=O)[C@H](O)C3CCC3)C2)=N1,CN1CCC[C@H]1CC(=O)N1C[C@H](NC(=O)C(=O)NCC2CC2)[C@@H](O)C1,CSc1nccc(NC2CC(CCNC(=O)[C@H](O)C3CCC3)C2)n1,CN1CCC[C@H]1CC(=O)N1C[C@H](NC(=O)C(=O)NCC2CC2)[C@@H](O)C1,24,26,25,27,24.238049,1.988643,12,11,12,11,1,0,0,1,0
567,606,274,633273,2157471,CN1N=CC=C1C1(C(=O)NCC2=CN=CO2)CCOCC1,C=CC1CCCN1S(=O)(=O)C1=CC=C(NS(=O)(=O)CCCC)C=C1,Cn1nccc1C1(C(=O)NCc2cnco2)CCOCC1,C=CC1CCCN1S(=O)(=O)c1ccc(NS(=O)(=O)CCCC)cc1,21,23,24,25,6.682437,0.711271,7,6,7,6,1,0,0,1,0
568,330,872,10117466,5919239,CCC1=CC=CC=C1N1N=NN=C1C(C1=CC=C2C=CN=CC2=C1)N1CC(O)CC(C)(C)C1,CC1=CC(C(=O)NC2(CNC(=O)CCOC3CC3)CCOCC2)=CC=C1F,CCc1ccccc1-n1nnnc1C(c1ccc2ccncc2c1)N1CC(O)CC(C)(C)C1,Cc1cc(C(=O)NC2(CNC(=O)CCOC3CC3)CCOCC2)ccc1F,33,37,27,29,180.396271,10.064820,15,14,15,14,1,0,0,1,0
569,251,850,5013558,8234603,CCCN1C=CC(CN(CCC(C)(C)CC)C(=O)CC2COCCO2)=N1,CC1CC(NC(=O)CCC2=NN(C)C=C2)CN1C(=O)CC/C=C/C1=CC=CC=C1,CCCn1ccc(CN(CCC(C)(C)CC)C(=O)CC2COCCO2)n1,CC1CC(NC(=O)CCc2ccn(C)n2)CN1C(=O)CC/C=C/c1ccccc1,26,27,29,31,24.493696,1.614577,12,11,12,11,1,0,0,1,0
570,957,88,6383091,420211,CC1CCC(CCN(CC2=C(F)C=CC=C2F)C(=O)C2=CC=CN=C2O)C1,NC(COCCO)=NOC[C@H]1C[C@H]1CC1=CC=CC=C1,CC1CCC(CCN(Cc2c(F)cccc2F)C(=O)c2cccnc2O)C1,NC(COCCO)=NOC[C@H]1C[C@H]1Cc1ccccc1,27,29,20,21,24.573917,1.071082,8,7,8,7,1,0,0,1,0
571,285,902,7929346,2466100,COC1=CC=C2C=C(CNCC3N(C(=O)OC(C)(C)C)CCC34CCC4)NC2=C1,CC1=C(C(=O)N2CC[C@H](C)C[C@@H]2C(=O)NC2(C(C)C)CC2)NC=C1,COc1ccc2cc(CNCC3N(C(=O)OC(C)(C)C)CCC34CCC4)[nH]c2c1,Cc1cc[nH]c1C(=O)N1CC[C@H](C)C[C@@H]1C(=O)NC1(C(C)C)CC1,29,32,24,26,188.610535,6.081597,17,17,17,17,1,0,0,1,0
572,461,249,6469213,4332357,CC(=O)NC(C)C(=O)N(CC1=C(C)C=CC=C1C)CC1(CF)CCCOC1,CC(CC(=O)NC1(C(=O)NC(C)CCN(C)C)CCCCC1)CN(C)C,CC(=O)NC(C)C(=O)N(Cc1c(C)cccc1C)CC1(CF)CCCOC1,CC(CC(=O)NC1(C(=O)NC(C)CCN(C)C)CCCCC1)CN(C)C,27,28,26,26,31.310478,2.183117,12,11,12,11,1,0,0,1,0
573,768,475,5597798,553233,CC1(CCC(=O)N2CCS(=N)(=O)CC2)CN(C(=O)[C@@H]2CC[C@H](C(N)=O)C2)C1,C=C1CCCN(C(=O)[C@@H]2CCN2C(=O)C2C=CCC2)C1,CC1(CCC(=O)N2CCS(=N)(=O)CC2)CN(C(=O)[C@@H]2CC[C@H](C(N)=O)C2)C1,C=C1CCCN(C(=O)[C@@H]2CCN2C(=O)C2C=CCC2)C1,27,29,20,22,26.581917,1.753896,12,11,12,11,1,0,0,1,0
574,583,624,1681719,1850926,O=C(NCC(O)C1=CC=CC=C1Br)[C@@H]1CCC2=CC=CC=C2N1,CC1=CC(CC(=O)N(C)C(C)C(=O)N(C)CC2=CN=CO2)=CS1,O=C(NCC(O)c1ccccc1Br)[C@@H]1CCc2ccccc2N1,Cc1cc(CC(=O)N(C)C(C)C(=O)N(C)Cc2cnco2)cs1,23,25,23,24,42.099663,1.928529,16,15,16,15,1,0,0,1,0
575,684,388,3714033,9410350,CC(C)(C)OC(=O)NC12CC(CCOC(=O)CCC3=COC=N3)(C1)C2,CCC1=CNC(=O)C(C(=O)N2CCN(C(=O)C3=CC(Cl)=CC=N3)CC3CCCCC32)=C1,CC(C)(C)OC(=O)NC12CC(CCOC(=O)CCc3cocn3)(C1)C2,CCc1c[nH]c(=O)c(C(=O)N2CCN(C(=O)c3cc(Cl)ccn3)CC3CCCCC32)c1,25,27,31,34,14.518842,0.787350,9,8,9,8,1,0,0,1,0
576,344,29,9516268,5500785,N#CC[C@@H](O)CN1C=C(C2=CC=CC(OCC(=O)NC3CCC4=NC=CN4C3)=C2)N=N1,CCN(C(=O)CC1CC(NC(=O)C2=C(C)OC(CO)=C2)C1)C(C)C1CCC1,N#CC[C@@H](O)Cn1cc(-c2cccc(OCC(=O)NC3CCc4nccn4C3)c2)nn1,CCN(C(=O)CC1CC(NC(=O)c2cc(CO)oc2C)C1)C(C)C1CCC1,31,34,27,29,70.629768,3.254878,11,10,11,10,1,0,0,1,0
577,506,871,3999241,882010,COC(=O)[C@@H](CC1=NNC=C1)NC(=O)C1CCCN(C(=O)C(C)(C)C)C1,C=CCCC(C)(C)NC(=O)C1=CCC(NC(=O)C(C)O)C1,COC(=O)[C@@H](Cc1cc[nH]n1)NC(=O)C1CCCN(C(=O)C(C)(C)C)C1,C=CCCC(C)(C)NC(=O)C1=CCC(NC(=O)C(C)O)C1,26,27,21,21,16.353588,0.993185,12,11,12,11,1,0,0,1,0
578,332,186,4169540,1420794,COC1=CC=C([C@H](C)NC(=O)N2CC(S(N)(=O)=O)CC23CCCC3)C=C1,COC(=O)C1CN(C)C(=O)CN1C(=O)CCC1=CC=C(F)N=C1,COc1ccc([C@H](C)NC(=O)N2CC(S(N)(=O)=O)CC23CCCC3)cc1,COC(=O)C1CN(C)C(=O)CN1C(=O)CCc1ccc(F)nc1,26,28,23,24,21.220280,1.124784,10,9,10,9,1,0,0,1,0
579,499,217,5522744,3764730,CC(C)(CNC(=O)C(C)(C)C(C)(C)O)CC(=O)NCC1CC/C=C\CCC1,CC(C)C(F)(F)C(=O)N1CC(C2=CN(CCCOC3CCC3)N=N2)C1,CC(C)(CNC(=O)C(C)(C)C(C)(C)O)CC(=O)NCC1CC/C=C\CCC1,CC(C)C(F)(F)C(=O)N1CC(c2cn(CCCOC3CCC3)nn2)C1,27,27,25,27,57.215424,1.835124,16,15,16,15,1,0,0,1,0
580,363,816,8246786,7636364,CCN(C(=O)CC1=CC(C)=CC=C1C)C1CCC(NC(=O)C2=CC=CN=N2)CC1,CN1C=NC=C1CNC1=NC(NCC(C)(C)C2=CC=NC=C2)=NC2=C1SC=C2,CCN(C(=O)Cc1cc(C)ccc1C)C1CCC(NC(=O)c2cccnn2)CC1,Cn1cncc1CNc1nc(NCC(C)(C)c2ccncc2)nc2ccsc12,29,31,28,31,33.442875,2.000488,10,9,10,9,1,0,0,1,0
581,264,348,6289492,2791183,C[C@H]1C[C@H]1CCC(NCCC1=CC=NN1C)C1=NN=NN1CC1=CC=CS1,CCC1=CC=C(CN(CC(Cl)(Cl)Cl)C(=O)CNC(=O)CC(C)C)O1,C[C@H]1C[C@H]1CCC(NCCc1ccnn1C)c1nnnn1Cc1cccs1,CCc1ccc(CN(CC(Cl)(Cl)Cl)C(=O)CNC(=O)CC(C)C)o1,27,30,24,24,6.652946,0.419788,13,12,13,12,1,0,0,1,0
582,286,901,7707730,8616169,CCC(C(=O)N(CC1=CC=C(OC)C(C)=C1)C[C@H]1CCCO1)C1=CC=CN=C1,CCCC1=NNC(C(=O)N(CC[C@H]2CCC(=O)N2)CC2=NNC(C3CCC3)=C2)=C1,CCC(C(=O)N(Cc1ccc(OC)c(C)c1)C[C@H]1CCCO1)c1cccnc1,CCCc1cc(C(=O)N(CC[C@H]2CCC(=O)N2)Cc2cc(C3CCC3)[nH]n2)[nH]n1,28,30,29,32,52.981918,2.318306,20,19,20,19,1,0,0,1,0
583,610,718,9252596,1002008,CN(CCC1=CC=CC=C1F)C(C(=O)NC1CC(F)(F)C1)C1=NN2C=CC=CC2=C1,CC1=NN=C(CNC(=O)C2=C(C)C(C)(C)OC2=O)N1C1CC1,CN(CCc1ccccc1F)C(C(=O)NC1CC(F)(F)C1)c1cc2ccccn2n1,CC1=C(C(=O)NCc2nnc(C)n2C2CC2)C(=O)OC1(C)C,30,33,22,24,11.042588,0.723879,11,10,11,10,1,0,0,1,0
584,901,282,8616169,9846240,CCCC1=NNC(C(=O)N(CC[C@H]2CCC(=O)N2)CC2=NNC(C3CCC3)=C2)=C1,CCC1=C(C(=O)NC(C)C2CCN(S(=O)(=O)C3=CC=CC4=CC=CN=C43)C2)N=NN1CC,CCCc1cc(C(=O)N(CC[C@H]2CCC(=O)N2)Cc2cc(C3CCC3)[nH]n2)[nH]n1,CCc1c(C(=O)NC(C)C2CCN(S(=O)(=O)c3cccc4cccnc34)C2)nnn1CC,29,32,32,35,135.500336,3.662576,15,14,15,14,1,0,0,1,0
585,569,10,5065409,975947,CC1=CC=C(C(=O)N(CCCCCO)CC2=CC=CC(C#N)=C2)C(C)=C1,CCN1N=NC2=CC=C(C(=O)NC3=C(Cl)C=CC=C3C)C=C21,Cc1ccc(C(=O)N(CCCCCO)Cc2cccc(C#N)c2)c(C)c1,CCn1nnc2ccc(C(=O)Nc3c(C)cccc3Cl)cc21,26,27,22,24,34.566158,1.266820,16,16,16,16,1,0,0,1,0
586,529,970,7258167,617020,CN(C[C@@H]1C[C@H](F)CN1C(=O)CCC1=NN=CS1)C(=O)CCC1=NC=NN1C,CCSC1=CC=C(NC(=O)[C@H]2CN(C)CCN2C)C=C1Cl,CN(C[C@@H]1C[C@H](F)CN1C(=O)CCc1nncs1)C(=O)CCc1ncnn1C,CCSc1ccc(NC(=O)[C@H]2CN(C)CCN2C)cc1Cl,28,30,21,22,27.670427,1.444882,13,12,13,12,1,0,0,1,0
587,195,87,9276851,2472285,CC1CN(C(=O)C2=CC=C(NC(=O)C3=NC(C4=CN(C)N=C4)=CC=C3)C=C2)CC(C)O1,C#CC(C)N(C)C(=O)CC(C)C(C)(C)NC(=O)C1=C(Cl)N(C)N=C1,CC1CN(C(=O)c2ccc(NC(=O)c3cccc(-c4cnn(C)c4)n3)cc2)CC(C)O1,C#CC(C)N(C)C(=O)CC(C)C(C)(C)NC(=O)c1cnn(C)c1Cl,31,34,24,24,24.828678,1.147711,13,13,13,13,1,0,0,1,0
588,247,737,10070741,1780029,CC(C)C1=NC(O)=CC(N2CC(N3CCN(C(=O)C4=CC=CC(N5C=CC=C5)=N4)CC3)C2)=N1,CSCC(=O)N[C@H](CC(=O)N1C[C@@H](C)[C@H](C(N)=O)C1)CC(C)C,CC(C)c1nc(O)cc(N2CC(N3CCN(C(=O)c4cccc(-n5cccc5)n4)CC3)C2)n1,CSCC(=O)N[C@H](CC(=O)N1C[C@@H](C)[C@H](C(N)=O)C1)CC(C)C,33,37,23,23,74.333244,2.366010,12,11,12,11,1,0,0,1,0
589,416,500,7847536,3656579,CC1(C)C[C@@H]1C(C(=O)NCCC#N)N1CCN(C2=CC(C(F)F)=CC=C2)CC1,CCCC(=O)NC(CNC(=O)C1=CC(C)(CC)C1)C1=CC(C)=CC=C1,CC1(C)C[C@@H]1C(C(=O)NCCC#N)N1CCN(c2cccc(C(F)F)c2)CC1,CCCC(=O)NC(CNC(=O)C1=CC(C)(CC)C1)c1cccc(C)c1,28,30,25,26,59.222446,2.202389,14,13,14,13,1,0,0,1,0
590,568,776,7777937,5858712,CCN1C=NC(Cl)=C1CN(CC1=NSC=N1)C[C@H]1CCO[C@@H]1C1=CC=CC=C1,CC(C)(F)CNC(=O)[C@@H](N1C=C(C2=CSC(C(C)(F)F)=N2)N=N1)C(C)(C)C,CCn1cnc(Cl)c1CN(Cc1ncsn1)C[C@H]1CCO[C@@H]1c1ccccc1,CC(C)(F)CNC(=O)[C@@H](n1cc(-c2csc(C(C)(F)F)n2)nn1)C(C)(C)C,28,31,27,28,42.505630,1.840775,11,10,11,10,1,0,0,1,0
591,246,707,9626254,8176720,COC1=CC(O)=CC(CN(CC2CCC3(CC3)CO2)C(=O)C2=CN=C3OCCC3=C2)=C1,CN(C[C@@H]1CCCCN1C(=O)C1=CN2C=CN=C2S1)C(=O)CCOCC(F)(F)F,COc1cc(O)cc(CN(CC2CCC3(CC3)CO2)C(=O)c2cnc3c(c2)CCO3)c1,CN(C[C@@H]1CCCCN1C(=O)c1cn2ccnc2s1)C(=O)CCOCC(F)(F)F,31,35,29,31,48.588528,2.350142,14,13,14,13,1,0,0,1,0
592,487,661,1254773,2104959,OC1(C2=CC=C(C3=CN=C4C(Cl)=CC=CC4=N3)C=C2)CNC1,O=C(C1=NC(O)=CC(C(F)(F)F)=C1)N1CC(C2=CC(Cl)=CC=C2)C1,OC1(c2ccc(-c3cnc4c(Cl)cccc4n3)cc2)CNC1,O=C(c1cc(C(F)(F)F)cc(O)n1)N1CC(c2cccc(Cl)c2)C1,22,25,24,26,272.260071,9.664759,16,16,16,16,1,0,0,1,0
593,728,502,8463940,8415573,CC1=C(C2=CN(C[C@H]3C[C@H]3CO)N=N2)C=CC=C1C(=O)NC(C)(C)C(=O)N(C)C,CCC1=C(C(=O)N2CCC(CN3CCN(C4=NC(C)=NC(N)=N4)CC3)C2)NC=N1,Cc1c(C(=O)NC(C)(C)C(=O)N(C)C)cccc1-c1cn(C[C@H]2C[C@H]2CO)nn1,CCc1nc[nH]c1C(=O)N1CCC(CN2CCN(c3nc(C)nc(N)n3)CC2)C1,29,31,29,32,25.755926,1.428302,12,11,12,11,1,0,0,1,0
594,458,811,5830393,4686255,CC(C)C(NC(=O)C(F)=C1CCCCC1)C(=O)NCC1(N2C=CC=N2)CC1,C=CCCOC(C)C(=O)NCC1CN(C(=O)CC2CC2)CCC12CCC2,CC(C)C(NC(=O)C(F)=C1CCCCC1)C(=O)NCC1(n2cccn2)CC1,C=CCCOC(C)C(=O)NCC1CN(C(=O)CC2CC2)CCC12CCC2,27,29,26,28,40.452755,2.355973,11,10,11,10,1,0,0,1,0
595,17,95,3039572,9309198,CC(OC(=O)CC1=C2CCCCN2C=N1)C1=CC=C(S(C)(=O)=O)C=C1,COC1=CC=C(CC2CCN(C(=O)C3=CC=C(N4C=NC5=CC=CC=C54)C=C3)C2)C=C1,CC(OC(=O)Cc1ncn2c1CCCC2)c1ccc(S(C)(=O)=O)cc1,COc1ccc(CC2CCN(C(=O)c3ccc(-n4cnc5ccccc54)cc3)C2)cc1,25,27,31,35,29.053259,1.117924,12,11,12,11,1,0,0,1,0
596,301,226,6652483,6509040,O=C(C1=CC=C([N+](=O)[O-])C(N2C=CN=C2)=C1)N1CC2(CC(CC(F)(F)F)C2)C1,COC1=CC=CC=C1CN(CC1=CC2=CN=CC=C2N1)CC1(C(N)=O)CC1,O=C(c1ccc([N+](=O)[O-])c(-n2ccnc2)c1)N1CC2(CC(CC(F)(F)F)C2)C1,COc1ccccc1CN(Cc1cc2cnccc2[nH]1)CC1(C(N)=O)CC1,28,31,27,30,409.461945,9.863442,17,16,17,16,1,0,0,1,0
597,414,708,7851635,3943261,CN1C(=O)SC2=CC(C3=C(NC4CC(F)(F)C4)N4C=C(Br)C=CC4=N3)=CC=C21,CCN1C(CC2=CC=CC=C2)=NN=C1SCC1CC2(CCCCC2)CO1,Cn1c(=O)sc2cc(-c3nc4ccc(Br)cn4c3NC3CC(F)(F)C3)ccc21,CCn1c(Cc2ccccc2)nnc1SCC1CC2(CCCCC2)CO1,28,32,26,29,38.055840,1.775398,14,14,14,14,1,0,0,1,0
598,249,313,4332357,9758730,CC(CC(=O)NC1(C(=O)NC(C)CCN(C)C)CCCCC1)CN(C)C,CC1=CSC(CC2CCCN(C(=O)C(=O)N3CCCC3C3=CC=CC=C3C(F)(F)F)C2)=N1,CC(CC(=O)NC1(C(=O)NC(C)CCN(C)C)CCCCC1)CN(C)C,Cc1csc(CC2CCCN(C(=O)C(=O)N3CCCC3c3ccccc3C(F)(F)F)C2)n1,26,26,32,35,66.266487,3.326286,15,14,15,14,1,0,0,1,0
599,679,595,46259,5446227,COC(C)(C)CC(=O)NCC(C)N1C=CC=N1,CC(C)(C1=CC=CC(NC(=O)C(O)[C@@H](N)CC2=CC=CC=C2)=C1)C(F)(F)F,COC(C)(C)CC(=O)NCC(C)n1cccn1,CC(C)(c1cccc(NC(=O)C(O)[C@@H](N)Cc2ccccc2)c1)C(F)(F)F,17,17,27,28,5.638874,0.573006,9,8,9,8,1,0,0,1,0
600,377,484,1277356,2194018,CONC(=O)CNC(=O)CCOCCNC(=O)C1=CC=CS1,CCOC(=O)[C@H]1C[C@@H]1C(=O)OCCN1C2=CC=C(Br)C=C2N=C1N,CONC(=O)CNC(=O)CCOCCNC(=O)c1cccs1,CCOC(=O)[C@H]1C[C@@H]1C(=O)OCCn1c(N)nc2cc(Br)ccc21,22,22,24,26,4.432210,0.311642,12,11,12,11,1,0,0,1,0
601,566,543,628570,4382667,C#CCC1(C(=O)N2CC3=CC=C(O)N=C3C2)CC=CCC1,CCN1C=C(NC(=O)[C@@H]2CCCN2C(=O)C2=CC=CC=C2O)C(C#N)=N1,C#CCC1(C(=O)N2Cc3ccc(O)nc3C2)CC=CCC1,CCn1cc(NC(=O)[C@@H]2CCCN2C(=O)c2ccccc2O)c(C#N)n1,21,23,26,28,269.512543,6.108895,17,16,17,16,1,0,0,1,0
602,352,435,4876269,8099950,CCC1=NSC(N2CCC[C@H]2CNC(=O)CC2=CC=C3OCCC3=C2)=N1,COC1=CC(NC(=O)C2CC3(CCC3)CN2C(=O)C2CCCOCC2)=CC=C1C,CCc1nsc(N2CCC[C@H]2CNC(=O)Cc2ccc3c(c2)CCO3)n1,COc1cc(NC(=O)C2CC3(CCC3)CN2C(=O)C2CCCOCC2)ccc1C,26,29,29,32,194.157593,5.948570,14,14,14,14,1,0,0,1,0
603,763,563,1215499,6337144,NCC1=CC(Cl)=CC=C1NC(=O)CNC1=NC(Br)=CC=C1Br,CC1=CC=CC(C)=C1CNC1=NC(C)=NC(NC2CCN3CCCCC23)=N1,NCc1cc(Cl)ccc1NC(=O)CNc1nc(Br)ccc1Br,Cc1nc(NCc2c(C)cccc2C)nc(NC2CCN3CCCCC23)n1,22,23,27,30,23.256605,1.408205,12,11,12,11,1,0,0,1,0
604,338,360,9637513,7542303,CC1=C2C=C(CN(CC3=CN(C4=CC=CC=C4)N=C3)CC3[C@H](C)[C@H]3C)C=CC2=NN1C,CC(C)[C@H](NC(=O)C1CCN1C1CCCC1)C1=CN([C@H]2CC[C@H](N)CC2)N=N1,Cc1c2cc(CN(Cc3cnn(-c4ccccc4)c3)CC3[C@H](C)[C@H]3C)ccc2nn1C,CC(C)[C@H](NC(=O)C1CCN1C1CCCC1)c1cn([C@H]2CC[C@H](N)CC2)nn1,31,35,28,31,32.331470,2.259184,16,16,16,16,1,0,0,1,0
605,719,464,6464583,5336484,COCC(F)(F)CN(CC1=NC(OC)=CC=C1C)C(=O)C(F)C1CCCC1,O=C(CN1CCC(OCC2=CN=CS2)C1)NCCN1CCC2=CC=CC=C21,COCC(F)(F)CN(Cc1nc(OC)ccc1C)C(=O)C(F)C1CCCC1,O=C(CN1CCC(OCc2cncs2)C1)NCCN1CCc2ccccc21,27,28,27,30,51.930565,2.088124,14,13,14,13,1,0,0,1,0
606,277,313,10321920,9758730,CC(C)COC1=CC=C(C2=NN(C3=CC=CC=C3)C=C2C(=O)N2CCCC(C3=NNC(=O)O3)C2)C=C1,CC1=CSC(CC2CCCN(C(=O)C(=O)N3CCCC3C3=CC=CC=C3C(F)(F)F)C2)=N1,CC(C)COc1ccc(-c2nn(-c3ccccc3)cc2C(=O)N2CCCC(c3n[nH]c(=O)o3)C2)cc1,Cc1csc(CC2CCCN(C(=O)C(=O)N3CCCC3c3ccccc3C(F)(F)F)C2)n1,36,40,32,35,94.925919,4.362613,14,13,14,13,1,0,0,1,0
607,257,236,9402527,687930,C=CCC1(NC(=O)CCC(=O)NCCC)CCN(C(=O)C2=CC=C3C=CC=NC3=C2)C1,CS(=N)(=O)C1=CC=C(N2CCCC3(C=CCO3)CC2)N=C1,C=CCC1(NC(=O)CCC(=O)NCCC)CCN(C(=O)c2ccc3cccnc3c2)C1,CS(=N)(=O)c1ccc(N2CCCC3(C=CCO3)CC2)nc1,31,33,21,23,29.500578,1.050956,13,12,13,12,1,0,0,1,0
608,123,738,2996567,7849061,CC[C@@H](NS(=O)(=O)CC1CC2(CCOCC2)C(=O)O1)C1=CC=CC=N1,COC1=CN=CC(C(C(=O)NC2CC2)N2CCOC(CNS(C)(=O)=O)C2)=C1C,CC[C@@H](NS(=O)(=O)CC1CC2(CCOCC2)C(=O)O1)c1ccccn1,COc1cncc(C(C(=O)NC2CC2)N2CCOC(CNS(C)(=O)=O)C2)c1C,25,27,28,30,27.379210,1.624742,9,8,9,8,1,0,0,1,0
609,197,323,5252633,5659988,COC(=O)C1(CNC(=O)C2=C3OC(=O)NC3=CC(Br)=C2)CC12CCOCC2,CN(C(=O)CC(NC(=O)C1=C2COCC2=NN1)C(F)(F)F)C1CC(CO)C1,COC(=O)C1(CNC(=O)c2cc(Br)cc3[nH]c(=O)oc23)CC12CCOCC2,CN(C(=O)CC(NC(=O)c1[nH]nc2c1COC2)C(F)(F)F)C1CC(CO)C1,27,30,27,29,34.280666,1.086037,12,11,12,11,1,0,0,1,0
610,122,760,8324929,3882586,CCOC1=CC(C(=O)N2C[C@H]3CCN(C(=O)C4=CC(COC)=NN4)[C@H]3[C@@H]2C)=NN1,COC(=O)C(C)(C)C(=O)N(CC1=CSC(C)=C1)CC1OCCC12CC2,CCOc1cc(C(=O)N2C[C@H]3CCN(C(=O)c4cc(COC)n[nH]4)[C@H]3[C@@H]2C)n[nH]1,COC(=O)C(C)(C)C(=O)N(Cc1csc(C)c1)CC1OCCC12CC2,29,32,25,27,124.195450,4.090024,14,13,14,13,1,0,0,1,0
611,548,973,1456545,2845154,CCOC(=O)C1=NC=CN1NC(=O)C1=CN2C=CC(Cl)=CC2=C1,CC(C)CNC(=O)C(C(C)C(C)(C)C)N1CCC2=CC(Br)=CC=C21,CCOC(=O)c1nccn1NC(=O)c1cc2cc(Cl)ccn2c1,CC(C)CNC(=O)C(C(C)C(C)(C)C)N1CCc2cc(Br)ccc21,23,25,24,25,25.750668,1.027948,10,10,10,10,1,0,0,1,0
612,780,706,6893206,3749861,CCN1CCC[C@H](NC(=O)C[C@H](CC(C)C)NC(=O)C(C)(C)N2C=CN=N2)C1,CCCCN1C=C(CCC(=O)N2CCN3C(=NN=C3C3CC3)C2)N=N1,CCN1CCC[C@H](NC(=O)C[C@H](CC(C)C)NC(=O)C(C)(C)n2ccnn2)C1,CCCCn1cc(CCC(=O)N2CCn3c(nnc3C3CC3)C2)nn1,28,29,25,28,94.733459,3.426641,15,14,15,14,1,0,0,1,0
613,189,196,2551630,9156181,CC(NC=O)C(=O)NC(C(=O)NC[C@H]1C[C@H](CF)C1)C1=CC=CS1,C[C@H]1CN(C2=NC3=CC=CC=C3N=C2NCCC2=CC=CC(C3CC3)=C2)C[C@H](C)O1,CC(NC=O)C(=O)NC(C(=O)NC[C@H]1C[C@H](CF)C1)c1cccs1,C[C@H]1CN(c2nc3ccccc3nc2NCCc2cccc(C3CC3)c2)C[C@H](C)O1,24,25,30,34,27.316080,0.797107,13,12,13,12,1,0,0,1,0
614,221,756,5336157,10140077,O=C(CN1C[C@@H]2OCO[C@@H]2C1)N1CCN(CC2=CC=CC=C2)C2(CCC2)C1,COC1=CC=CC=C1[C@H](O)CN(CC1=CC=C2C(=C1)C=CN2C)CC1=CN(C2CC2)N=C1C,O=C(CN1C[C@@H]2OCO[C@@H]2C1)N1CCN(Cc2ccccc2)C2(CCC2)C1,COc1ccccc1[C@H](O)CN(Cc1ccc2c(ccn2C)c1)Cc1cn(C2CC2)nc1C,27,31,33,37,27.034674,1.656057,14,14,14,14,1,0,0,1,0
615,495,283,224835,4185089,C=CC(C)(O)CNC(=O)C1=CC2=C(N=CN2)C(F)=C1,CN(C)C1=CC=C(NC(=O)NNC(=O)NC2CCN(CCCO)C2)C=C1,C=CC(C)(O)CNC(=O)c1cc(F)c2nc[nH]c2c1,CN(C)c1ccc(NC(=O)NNC(=O)NC2CCN(CCCO)C2)cc1,19,20,26,27,14.677419,0.781798,11,10,11,10,1,0,0,1,0
616,741,603,974333,2234872,CCCN(C(=O)C1=CC=C(OC2CC2)C=N1)C1CCCCC1,CC1=CC(CN(C)C(=O)NC2=CN(C(C)(C)C)N=C2C(N)=O)=NO1,CCCN(C(=O)c1ccc(OC2CC2)cn1)C1CCCCC1,Cc1cc(CN(C)C(=O)Nc2cn(C(C)(C)C)nc2C(N)=O)no1,22,24,24,25,22.864964,1.421416,10,9,10,9,1,0,0,1,0
617,778,537,7256219,5116604,CC1(C(=O)NCC2(CNC(=O)C[C@@H]3CC[C@H](O)C3)CCCC2)CCC(=O)NC1,CC(CC1CCC1)CN(CCC1OCCO1)CC1=C2C=CC=CN2N=N1,CC1(C(=O)NCC2(CNC(=O)C[C@@H]3CC[C@H](O)C3)CCCC2)CCC(=O)NC1,CC(CC1CCC1)CN(CCC1OCCO1)Cc1nnn2ccccc12,28,30,26,29,33.721264,1.447282,16,15,16,15,1,0,0,1,0
618,611,289,6791116,8174796,O=C(N1CCCN(C2=CC=C(C(F)(F)F)C=N2)CC1)C1(C2CC2)CCNCC1,CC(CC1=CC=CN=C1)C(=O)NC[C@H]1C[C@H](NC(=O)CC2OCCCC2(C)C)C1,O=C(N1CCCN(c2ccc(C(F)(F)F)cn2)CC1)C1(C2CC2)CCNCC1,CC(Cc1cccnc1)C(=O)NC[C@H]1C[C@H](NC(=O)CC2OCCCC2(C)C)C1,28,31,29,31,57.544949,2.284778,12,11,12,11,1,0,0,1,0
619,102,852,7027068,3728846,O=C(CCC1=CC=CN1)NCC1=CC(C(=O)N2CC(N3C=NN=C3)C2)=CC=N1,CC[C@@H]1CN(C(=O)C2CCNC(=O)C2)C[C@@H]1NC1=CC=NC=C1C#N,O=C(CCc1ccc[nH]1)NCc1cc(C(=O)N2CC(n3cnnc3)C2)ccn1,CC[C@@H]1CN(C(=O)C2CCNC(=O)C2)C[C@@H]1Nc1ccncc1C#N,28,31,25,27,135.535858,5.258036,17,16,17,16,1,0,0,1,0
620,198,303,5367121,5874559,CCCC1=CC=CN=C1NC(=O)N1CCC(N2C=NC3=CC=CN=C32)CC1,CC(C)(C)C(C)(C)C(=O)NC[C@H]1C[C@@H](NC(=O)CC2(N3C=CC=N3)CC2)C1,CCCc1cccnc1NC(=O)N1CCC(n2cnc3cccnc32)CC1,CC(C)(C)C(C)(C)C(=O)NC[C@H]1C[C@@H](NC(=O)CC2(n3cccn3)CC2)C1,27,30,27,29,44.127716,2.372718,11,10,11,10,1,0,0,1,0
621,232,369,9827247,1952099,CC(C)C1=NC=CC(N2CC34CCCC3(CN(C(=O)C3=C5C(=CC=C3)N=NN5C)C4)C2)=N1,CC(C)(NC(=O)CCC1=CN(CC2CCCOC2)N=N1)C(=O)O,CC(C)c1nccc(N2CC34CCCC3(CN(C(=O)c3cccc5nnn(C)c35)C4)C2)n1,CC(C)(NC(=O)CCc1cn(CC2CCCOC2)nn1)C(=O)O,32,37,23,24,41.683468,1.921527,13,12,13,12,1,0,0,1,0
622,183,309,1632171,6909057,O=C(NCC1CCC(F)C1)N1CC2(CCC2)C2=C1C=CC=C2F,CCC(C(=O)N1CCO[C@@H](C)[C@@H]1C(=O)N1C[C@H](OC)[C@H](OC)C1)N1C=NC=N1,O=C(NCC1CCC(F)C1)N1CC2(CCC2)c2c(F)cccc21,CCC(C(=O)N1CCO[C@@H](C)[C@@H]1C(=O)N1C[C@H](OC)[C@H](OC)C1)n1cncn1,23,26,28,30,59.728050,2.655648,10,9,10,9,1,0,0,1,0
623,14,725,1256714,9142561,CCCCC(C)(NS(=O)(=O)C1=C(C(=O)OC)OC=C1)C(=O)O,CCN1N=NN=C1C(NC1=CC=C(N2C=C(C)C=N2)C=C1)C1=CC2=NC=CC=C2S1,CCCCC(C)(NS(=O)(=O)c1ccoc1C(=O)OC)C(=O)O,CCn1nnnc1C(Nc1ccc(-n2cc(C)cn2)cc1)c1cc2ncccc2s1,22,22,30,34,1.634707,0.267667,7,6,7,6,1,0,0,1,0
624,546,129,3100926,6394273,O=C(NCCC1=COC=C1)NC12CC(CN(CC3=CC=CC=C3)C1)C2,CC1=CC=C(CCN(CC2=CC(C)=CN=C2O)C(=O)C2=CN=C(C)O2)C=C1,O=C(NCCc1ccoc1)NC12CC(CN(Cc3ccccc3)C1)C2,Cc1ccc(CCN(Cc2cc(C)cnc2O)C(=O)c2cnc(C)o2)cc1,25,28,27,29,58.439541,3.218002,14,13,14,13,1,0,0,1,0
625,280,46,4926357,4193236,CCN1CCC(C(=O)NCC2(C3=CN([C@@H]4CCC[C@H]4O)N=N3)CCC2)C1,COC(=O)[C@H]1CC[C@@H](CNC(=O)NCC2=CC=C3NCCOC3=C2)CC1,CCN1CCC(C(=O)NCC2(c3cn([C@@H]4CCC[C@H]4O)nn3)CCC2)C1,COC(=O)[C@H]1CC[C@@H](CNC(=O)NCc2ccc3c(c2)OCCN3)CC1,26,29,26,28,47.792561,2.402944,10,9,10,9,1,0,0,1,0
626,997,55,7264068,866099,CN1C=CC(CCC(=O)N2CC[C@@H](CNC(=O)C3=CC=CC4=CN=CN43)C2)=N1,C[C@H](NC(=O)C1=CC=NN1C)C(=O)N1CCCC(O)CC1,Cn1ccc(CCC(=O)N2CC[C@@H](CNC(=O)c3cccc4cncn34)C2)n1,C[C@H](NC(=O)c1ccnn1C)C(=O)N1CCCC(O)CC1,28,31,21,22,38.503967,1.479493,14,13,14,13,1,0,0,1,0
627,566,299,628570,4236566,C#CCC1(C(=O)N2CC3=CC=C(O)N=C3C2)CC=CCC1,CN1C=C(O[C@@H]2CN(C(=O)[C@H]3C[C@](O)(C4CCNCC4)C3)C[C@H]2O)C=N1,C#CCC1(C(=O)N2Cc3ccc(O)nc3C2)CC=CCC1,Cn1cc(O[C@@H]2CN(C(=O)[C@H]3C[C@](O)(C4CCNCC4)C3)C[C@H]2O)cn1,21,23,26,29,156.948853,8.314315,12,12,12,12,1,0,0,1,0
628,714,966,7488944,5497199,CCC(C)C1=NC=CC(NC[C@H]2CCC[C@@H](NC(=O)CN3N=CC=C3C)C2)=N1,CC1(C)CC(NC(=O)C2(CNC(=O)[C@@H]3CCCC[C@H]3O)CCC2)C(C)(C)O1,CCC(C)c1nccc(NC[C@H]2CCC[C@@H](NC(=O)Cn3nccc3C)C2)n1,CC1(C)CC(NC(=O)C2(CNC(=O)[C@@H]3CCCC[C@H]3O)CCC2)C(C)(C)O1,28,30,27,29,35.578201,1.900362,16,16,16,16,1,0,0,1,0
629,129,653,6394273,5185318,CC1=CC=C(CCN(CC2=CC(C)=CN=C2O)C(=O)C2=CN=C(C)O2)C=C1,CC1=CC(Br)=C(C(=O)NCC2=CC=C(S(=O)(=O)N3CCCC(C)C3)C=C2)S1,Cc1ccc(CCN(Cc2cc(C)cnc2O)C(=O)c2cnc(C)o2)cc1,Cc1cc(Br)c(C(=O)NCc2ccc(S(=O)(=O)N3CCCC(C)C3)cc2)s1,27,29,27,29,38.025436,1.991666,13,12,13,12,1,0,0,1,0
630,889,770,6513757,9498109,COCC1=CC=C(CN(CC2=CC(CF)=NN2C)CC(C)(C)C2CCC2)O1,CC1=C2C=NC(NCCCN3CCC(NC(=O)CC4=CCN(C)CC4)C3)=NC2=NN1C,COCc1ccc(CN(Cc2cc(CF)nn2C)CC(C)(C)C2CCC2)o1,Cc1c2cnc(NCCCN3CCC(NC(=O)CC4=CCN(C)CC4)C3)nc2nn1C,27,29,31,34,59.957634,2.508640,10,9,10,9,1,0,0,1,0
631,502,105,8415573,1448313,CCC1=C(C(=O)N2CCC(CN3CCN(C4=NC(C)=NC(N)=N4)CC3)C2)NC=N1,CC1=CN(C)N=C1C(=O)N[C@H]1C2=CC=CC=C2CC[C@@H]1N(C)C,CCc1nc[nH]c1C(=O)N1CCC(CN2CCN(c3nc(C)nc(N)n3)CC2)C1,Cc1cn(C)nc1C(=O)N[C@H]1c2ccccc2CC[C@@H]1N(C)C,29,32,23,25,119.132683,4.490531,15,14,15,14,1,0,0,1,0
632,893,12,9480951,1143739,C=C[C@H]1CN(C(=O)CC2=C(C)N(CC)N=C2C)C[C@H]1NC1=NC(C(=O)OC)=NC=C1Cl,FC(F)C1(CN2CCCCC(C3=CC=C(Cl)C=C3)C2)COC1,C=C[C@H]1CN(C(=O)Cc2c(C)nn(CC)c2C)C[C@H]1Nc1nc(C(=O)OC)ncc1Cl,FC(F)C1(CN2CCCCC(c3ccc(Cl)cc3)C2)COC1,31,33,22,24,118.104660,4.099437,13,12,13,12,1,0,0,1,0
633,587,291,10199232,9542854,CC(=CN1C=CN=N1)C(=O)N1CCCCC1CC[C@H]1CCCN1C(=O)CC1=C(F)C=CC=C1F,CCC1=NC(C(=O)NC[C@H]2CC[C@H](C3=CN(C4=CC(C)=CC(C)=C4)N=N3)CC2)=C(C)S1,CC(=Cn1ccnn1)C(=O)N1CCCCC1CC[C@H]1CCCN1C(=O)Cc1c(F)cccc1F,CCc1nc(C(=O)NC[C@H]2CC[C@H](c3cn(-c4cc(C)cc(C)c4)nn3)CC2)c(C)s1,34,37,31,34,259.276520,3.920446,20,19,20,19,1,0,0,1,0
634,480,490,9541253,7273608,COC(=O)C1(CC2=CN(C3C(=O)OCC3(C)C)N=N2)CCN(C(=O)CC2=NC=CN2)C1,C#CCCN(C)CC(=O)N[C@H]1CC[C@@H](NC(=O)CC2=CC=C(F)C(F)=C2)CC1,COC(=O)C1(Cc2cn(C3C(=O)OCC3(C)C)nn2)CCN(C(=O)Cc2ncc[nH]2)C1,C#CCCN(C)CC(=O)N[C@H]1CC[C@@H](NC(=O)Cc2ccc(F)c(F)c2)CC1,31,34,28,29,66.288254,2.577454,11,10,11,10,1,0,0,1,0
635,451,348,4620690,2791183,CC(C(=O)N1CCC(CC(=O)N(C)CCC2=CN=CC=N2)C1)C(C)(C)C,CCC1=CC=C(CN(CC(Cl)(Cl)Cl)C(=O)CNC(=O)CC(C)C)O1,CC(C(=O)N1CCC(CC(=O)N(C)CCc2cnccn2)C1)C(C)(C)C,CCc1ccc(CN(CC(Cl)(Cl)Cl)C(=O)CNC(=O)CC(C)C)o1,26,27,24,24,9.938239,0.764135,10,9,10,9,1,0,0,1,0
636,188,988,8673493,6019508,CCN1C=CC(CCN(CC2=CC=C(COC)C=C2)CC2=C(F)C(F)=CC=C2)=N1,O=C(CNC1=CC=NC=C1)NCC1CC(CNC(=O)CN2C=CN=N2)CO1,CCn1ccc(CCN(Cc2ccc(COC)cc2)Cc2cccc(F)c2F)n1,O=C(CNc1ccncc1)NCC1CC(CNC(=O)Cn2ccnn2)CO1,29,31,27,29,10.871360,0.642208,11,10,11,10,1,0,0,1,0
637,52,258,2354011,7726940,NC1(C2CCN(CC3=CC(C(F)(F)C(F)(F)F)=CC=C3)CC2)CC1,CCOC(CN(CCC1=CC=CC=C1C#N)C(=O)C1=NC(N)=CN=C1)C1CC1,NC1(C2CCN(Cc3cccc(C(F)(F)C(F)(F)F)c3)CC2)CC1,CCOC(CN(CCc1ccccc1C#N)C(=O)c1cncc(N)n1)C1CC1,24,26,28,30,139.194183,6.454870,16,15,16,15,1,0,0,1,0
638,963,882,8676093,9656200,CCOC1CCC(CN(CC2=CC3=NC=CN3C=C2)CC2=NN(C)C(C)=N2)CC1,COC1=C(C)C=CC=C1CN(CC1=CC=C(N2C=CN=C2)C=C1)CC1OCCC12CC2,CCOC1CCC(CN(Cc2ccn3ccnc3c2)Cc2nc(C)n(C)n2)CC1,COc1c(C)cccc1CN(Cc1ccc(-n2ccnc2)cc1)CC1OCCC12CC2,29,32,31,35,764.549072,15.813389,16,16,16,16,1,0,0,1,0
639,489,116,5841099,6693676,CCC=CC=CC(=O)NC(C)(C)CC(F)C(=O)NC(C)C1=CC=C(C)C=N1,CCOC1=CC=C(C=CC(=O)NCC2=CC=C(COC)C(F)=C2)C=C1OCC,CCC=CC=CC(=O)NC(C)(C)CC(F)C(=O)NC(C)c1ccc(C)cn1,CCOc1ccc(C=CC(=O)NCc2ccc(COC)c(F)c2)cc1OCC,27,27,28,29,21.125605,1.290265,11,10,11,10,1,0,0,1,0
640,841,66,8019379,1150763,O=C(C1=CC(Cl)=CC=C1Cl)N1CCCC1C1=NC(C2=CN3C=CC=CC3=N2)=NO1,CNS(=O)(=O)CCCNC(=O)NC1=C(F)C=C(Br)C=C1OC,O=C(c1cc(Cl)ccc1Cl)N1CCCC1c1nc(-c2cn3ccccc3n2)no1,CNS(=O)(=O)CCCNC(=O)Nc1c(F)cc(Br)cc1OC,29,33,22,22,18.342587,0.818504,9,8,9,8,1,0,0,1,0
641,410,503,9748132,3347191,CN1N=C(NC(=O)C(=O)N(C)C2(CNC(=O)OC(C)(C)C)CC2)C=C1CN1CCOCC1,CC1CC(CO)(NC(=O)C2CCN(C(=O)C3(C)CCCC3)CCO2)C1,CN(C(=O)C(=O)Nc1cc(CN2CCOCC2)n(C)n1)C1(CNC(=O)OC(C)(C)C)CC1,CC1CC(CO)(NC(=O)C2CCN(C(=O)C3(C)CCCC3)CCO2)C1,32,34,25,27,80.206131,2.788620,13,12,13,12,1,0,0,1,0
642,75,590,4380174,10231444,C[C@@H](CC(=O)NCC(C)(C)N1C=CN=C1)NC(=O)C(O)CN1C=NC=N1,CCCCN1N=NN=C1C1(NC2=C(C)N(C3=CC=CC(Cl)=C3)N=C2)CCN(C2CCCC2)CC1,C[C@@H](CC(=O)NCC(C)(C)n1ccnc1)NC(=O)C(O)Cn1cncn1,CCCCn1nnnc1C1(Nc2cnn(-c3cccc(Cl)c3)c2C)CCN(C2CCCC2)CC1,26,27,34,38,34.163376,1.109359,14,13,14,13,1,0,0,1,0
643,644,702,7872633,2979898,CC1=CC=C(CCN(CC2CCCO2)C(=O)CSC2=CC=C([N+](=O)[O-])C=C2)C=C1,CC(C)COC1CCN(C2=C(Cl)C(=O)N(C3=CC=CC=C3)N=C2)CC1,Cc1ccc(CCN(CC2CCCO2)C(=O)CSc2ccc([N+](=O)[O-])cc2)cc1,CC(C)COC1CCN(c2cnn(-c3ccccc3)c(=O)c2Cl)CC1,29,31,25,27,17.369715,1.374464,11,10,11,10,1,0,0,1,0
644,54,155,4571397,9673052,CCC[C@@H](CC(=O)N1CC(SC(F)F)C1)NC(=O)C1CCC(C)(C)OC1,O=C(NCCC1CC1)C(C1=CN(CCF)N=C1)N1CCN(CC2=CC(F)=CC=C2)CC1,CCC[C@@H](CC(=O)N1CC(SC(F)F)C1)NC(=O)C1CCC(C)(C)OC1,O=C(NCCC1CC1)C(c1cnn(CCF)c1)N1CCN(Cc2cccc(F)c2)CC1,26,27,31,34,24.743973,1.203226,10,9,10,9,1,0,0,1,0
645,152,830,2237266,9121256,COC1=CC(S(C)(=O)=O)=CC=C1NC(=O)NC1(CO)CC(C)(C)C1,CCC1=CN=CC(C(=O)N2CC(C(=O)O)(C3=CN(C[C@@H]4C[C@H]5CC[C@@H]4O5)N=N3)C2)=C1,COc1cc(S(C)(=O)=O)ccc1NC(=O)NC1(CO)CC(C)(C)C1,CCc1cncc(C(=O)N2CC(C(=O)O)(c3cn(C[C@@H]4C[C@H]5CC[C@@H]4O5)nn3)C2)c1,24,25,30,34,20.731857,0.819050,9,8,9,8,1,0,0,1,0
646,576,971,8922616,7431360,CCOC1=CC=C(C(=O)N2[C@@H]3CC[C@H]2C[C@@H](NC(=O)C2=CC(OCC)=NO2)C3)C=N1,CCN1C(C)=CC(C(=O)N2CCC(N3C=C(CCC4CCOC4)N=N3)C2)=C1C,CCOc1ccc(C(=O)N2[C@@H]3CC[C@H]2C[C@@H](NC(=O)c2cc(OCC)no2)C3)cn1,CCn1c(C)cc(C(=O)N2CCC(n3cc(CCC4CCOC4)nn3)C2)c1C,30,33,28,31,480.781219,17.773523,18,17,18,17,1,0,0,1,0
647,311,87,5615921,2472285,COC(=O)NC1CN(C(=O)C2=CC(CNC(=O)C3(CC(C)=O)CC3)=CS2)C1,C#CC(C)N(C)C(=O)CC(C)C(C)(C)NC(=O)C1=C(Cl)N(C)N=C1,COC(=O)NC1CN(C(=O)c2cc(CNC(=O)C3(CC(C)=O)CC3)cs2)C1,C#CC(C)N(C)C(=O)CC(C)C(C)(C)NC(=O)c1cnn(C)c1Cl,27,29,24,24,28.124630,1.797552,11,10,11,10,1,0,0,1,0
648,254,121,8813492,8523030,CC(C)(C)OC(=O)N1CC(F)(F)CC1CNC(=O)NCC1=CC=C([N+](=O)[O-])C=C1F,CC1=CC(NC(C2=CSC=C2)C2=NN=NN2CC2=CC=CC=C2)=NN1CCC#N,CC(C)(C)OC(=O)N1CC(F)(F)CC1CNC(=O)NCc1ccc([N+](=O)[O-])cc1F,Cc1cc(NC(c2ccsc2)c2nnnn2Cc2ccccc2)nn1CCC#N,30,31,29,32,18.415554,0.921700,10,10,10,10,1,0,0,1,0
649,571,782,7161113,4753759,CC1=CC(C(=O)N2CCC[C@H](NC(=O)C3CC4(C3)OCCO4)C2)=CC(C)=C1F,CNC1=CC=C(C(=O)N[C@@H]2CCN(C(=O)C3=CSC=C3)C[C@H]2CO)N=C1,Cc1cc(C(=O)N2CCC[C@H](NC(=O)C3CC4(C3)OCCO4)C2)cc(C)c1F,CNc1ccc(C(=O)N[C@@H]2CCN(C(=O)c3ccsc3)C[C@H]2CO)nc1,28,31,26,28,64.705170,3.702943,12,12,12,12,1,0,0,1,0
650,426,620,3997114,2339736,CN1C=C(C(=O)N2CCC3=C(C2)NC(C(F)(F)F)=C3)C2=C(NC=C2)C1=O,CN1C=C(CNCC2=CC3=CC(Br)=CC=C3OC2)C2=CC=CC=C21,Cn1cc(C(=O)N2CCc3cc(C(F)(F)F)[nH]c3C2)c2cc[nH]c2c1=O,Cn1cc(CNCC2=Cc3cc(Br)ccc3OC2)c2ccccc21,26,29,24,27,45.789639,1.447236,15,14,15,14,1,0,0,1,0
651,610,809,9252596,1815971,CN(CCC1=CC=CC=C1F)C(C(=O)NC1CC(F)(F)C1)C1=NN2C=CC=CC2=C1,CN(CC1=COC=C1)C(=O)/C=C/C1CCN(C(=O)CC#N)CC1,CN(CCc1ccccc1F)C(C(=O)NC1CC(F)(F)C1)c1cc2ccccn2n1,CN(Cc1ccoc1)C(=O)/C=C/C1CCN(C(=O)CC#N)CC1,30,33,23,24,9.344144,0.640922,10,9,10,9,1,0,0,1,0
652,633,231,3234345,8073256,CC(C)C1=C(C(=O)N2CCOC(C(=O)NCC3(CO)CC3)C2)N=CO1,C#C[C@H]1CC[C@H](CNC(=O)C[C@H]2C[C@H](F)CN2C(=O)C2=C(C)C(C)=CC=C2)CC1,CC(C)c1ocnc1C(=O)N1CCOC(C(=O)NCC2(CO)CC2)C1,C#C[C@H]1CC[C@H](CNC(=O)C[C@H]2C[C@H](F)CN2C(=O)c2cccc(C)c2C)CC1,25,27,29,31,19.507835,0.580167,20,19,20,19,1,0,0,1,0
653,794,535,6228162,3042370,CC1=CC=NC=C1S(=O)(=O)NCC(O)CCNC(=O)/C=C/C1=CN=CC=N1,CC1=C(O)C=CC2=C1OC(=O)C=C2COC(=O)C1=CC(=O)N(C)N=C1,Cc1ccncc1S(=O)(=O)NCC(O)CCNC(=O)/C=C/c1cnccn1,Cc1c(O)ccc2c(COC(=O)c3cnn(C)c(=O)c3)cc(=O)oc12,27,28,25,27,15.777063,0.959008,7,6,7,6,1,0,0,1,0
654,389,461,7130093,6469213,CCCC1=CN=NC(C(=O)N[C@H]2COC[C@H]2N2C=C(CC(OC)OC)N=N2)=C1,CC(=O)NC(C)C(=O)N(CC1=C(C)C=CC=C1C)CC1(CF)CCCOC1,CCCc1cnnc(C(=O)N[C@H]2COC[C@H]2n2cc(CC(OC)OC)nn2)c1,CC(=O)NC(C)C(=O)N(Cc1c(C)cccc1C)CC1(CF)CCCOC1,28,30,27,28,49.617195,1.716872,14,13,14,13,1,0,0,1,0
655,930,453,2596144,1371765,CC(C)CC(CNC(=O)CC1C=NN(C)C1=O)C(=O)N(C)CCF,CCC1=C(CNC2=NC(NC3CCSCC3)=NC=C2)C=NN1,CC(C)CC(CNC(=O)CC1C=NN(C)C1=O)C(=O)N(C)CCF,CCc1[nH]ncc1CNc1ccnc(NC2CCSCC2)n1,24,24,22,24,12.370952,0.836416,11,10,11,10,1,0,0,1,0
656,304,880,5749390,3711333,CCC1=NC=C(C(=O)N2C[C@H](C(=O)NCCNS(C)(=O)=O)[C@@H](C(C)C)C2)S1,CC1(C)CC(=O)CC1C(=O)OCC1=CC=C(C2(C(F)(F)F)N=N2)C=C1,CCc1ncc(C(=O)N2C[C@H](C(=O)NCCNS(C)(=O)=O)[C@@H](C(C)C)C2)s1,CC1(C)CC(=O)CC1C(=O)OCc1ccc(C2(C(F)(F)F)N=N2)cc1,27,28,25,27,16.862133,0.909690,8,7,8,7,1,0,0,1,0
657,602,439,1073129,4011897,FC1=CC=C(N2CCC(C3=CC(F)=C(F)C(F)=C3)CC2)N=N1,CC(C)(C)OC(=O)NCCCNC(=O)C(O)CC1=CC=C([N+](=O)[O-])C=C1,Fc1ccc(N2CCC(c3cc(F)c(F)c(F)c3)CC2)nn1,CC(C)(C)OC(=O)NCCCNC(=O)C(O)Cc1ccc([N+](=O)[O-])cc1,22,24,26,26,9.000720,0.451974,13,13,13,13,1,0,0,1,0
658,312,582,3410328,8551964,COCC(O)CNC(=O)C(NC(=O)C1CC=CC1)C1(O)CCCCC1,C[C@H]1CCN(C2=NC3=C(CCCCC3)C(N3CCC4(CC3)COC(CO)C4)=N2)C1,COCC(O)CNC(=O)C(NC(=O)C1CC=CC1)C1(O)CCCCC1,C[C@H]1CCN(c2nc3c(c(N4CCC5(CC4)COC(CO)C5)n2)CCCCC3)C1,25,26,29,33,28.889820,0.978988,13,12,13,12,1,0,0,1,0
659,635,61,7258865,5763808,CC1=CC(=O)NC=C1C(=O)N1CC[C@@H](NC(=O)C(C)OC2CCCC2)[C@H](O)C1,C[C@@H]1CC[C@H](C(=O)NCC2CCCSC2)CN1C(=O)C1=CC(F)=CC(F)=C1,Cc1cc(=O)[nH]cc1C(=O)N1CC[C@@H](NC(=O)C(C)OC2CCCC2)[C@H](O)C1,C[C@@H]1CC[C@H](C(=O)NCC2CCCSC2)CN1C(=O)c1cc(F)cc(F)c1,28,30,27,29,147.010330,5.284908,17,16,17,16,1,0,0,1,0
660,624,983,1850926,2980854,CC1=CC(CC(=O)N(C)C(C)C(=O)N(C)CC2=CN=CO2)=CS1,CCOC(=O)C1=C(C(F)F)N=C(NCC2=CC(C(=O)OC)=CC=C2)S1,Cc1cc(CC(=O)N(C)C(C)C(=O)N(C)Cc2cnco2)cs1,CCOC(=O)c1sc(NCc2cccc(C(=O)OC)c2)nc1C(F)F,23,24,25,26,10.762375,0.784645,8,7,8,7,1,0,0,1,0
661,757,101,9393866,5024803,COC1=NC=C(C(=O)N2CC[C@@H]3CN(C(=O)CCC4=CSC(C)=N4)C[C@@H]3CC2)C(C)=N1,CC(C)OCCN(CC1=CC=C2CCCOC2=C1)C(=O)C1=CN(C)C=C1,COc1ncc(C(=O)N2CC[C@@H]3CN(C(=O)CCc4csc(C)n4)C[C@@H]3CC2)c(C)n1,CC(C)OCCN(Cc1ccc2c(c1)OCCC2)C(=O)c1ccn(C)c1,31,34,26,28,367.135742,10.792905,16,15,16,15,1,0,0,1,0
662,970,781,617020,9990567,CCSC1=CC=C(NC(=O)[C@H]2CN(C)CCN2C)C=C1Cl,COC(=O)C1=CC=C(NC(=O)C2CCN(C(=O)C3=CC=C(F)C=C3F)CC2)C2=CC=NC=C12,CCSc1ccc(NC(=O)[C@H]2CN(C)CCN2C)cc1Cl,COC(=O)c1ccc(NC(=O)C2CCN(C(=O)c3ccc(F)cc3F)CC2)c2ccncc12,21,22,33,36,38.360092,2.254939,11,11,11,11,1,0,0,1,0
663,212,640,7369947,9709085,CCC1=C(C(=O)N2CC3CCC(C2)C3NC(=O)C2=NC=CN2C(C)C)N=NN1,CC(C)(C)N1CCC(NC(=O)C(CC2=CC=C(O)C=C2)NC(=O)OCC2=CC=CC=C2)C1,CCc1[nH]nnc1C(=O)N1CC2CCC(C1)C2NC(=O)c1nccn1C(C)C,CC(C)(C)N1CCC(NC(=O)C(Cc2ccc(O)cc2)NC(=O)OCc2ccccc2)C1,28,31,32,34,136.544922,8.021198,15,14,15,14,1,0,0,1,0
664,216,270,7320354,4467697,NC1=CC=NC(C(=O)N2C[C@@H]3C[C@@H](C[C@H](NC(=O)CCN4C=CC=N4)C3)C2)=C1,CCC1=C(C(=O)N2CC(C)C2C(=O)NCC2CCCCCCC2)SC=N1,Nc1ccnc(C(=O)N2C[C@@H]3C[C@@H](C[C@H](NC(=O)CCn4cccn4)C3)C2)c1,CCc1ncsc1C(=O)N1CC(C)C1C(=O)NCC1CCCCCCC1,28,31,26,28,263.896606,7.309069,18,17,18,17,1,0,0,1,0
665,676,83,6649760,3458125,CC(C)(C)OC(=O)N(CCNC(=O)C1=C(Br)C(O)=CC=C1)CC1=CC=CC=C1,C#CCN(CC(=O)NCC1=NC(C)=NC=C1)C(=O)CC1CCCCC1,CC(C)(C)OC(=O)N(CCNC(=O)c1cccc(O)c1Br)Cc1ccccc1,C#CCN(CC(=O)NCc1ccnc(C)n1)C(=O)CC1CCCCC1,28,29,25,26,27.658781,1.577676,16,15,16,15,1,0,0,1,0
666,160,245,5176555,9700358,CC(C)[C@@H](NC(=O)CN1C=NC(Cl)=C1Cl)C1=CSC(C2=NC=CN2C)=N1,COC1=CC=C(C[C@H](NC(=O)OC(C)(C)C)C(=O)NCC2=CC=NC3=CC=CC=C23)C=C1,CC(C)[C@@H](NC(=O)Cn1cnc(Cl)c1Cl)c1csc(-c2nccn2C)n1,COc1ccc(C[C@H](NC(=O)OC(C)(C)C)C(=O)NCc2ccnc3ccccc23)cc1,26,28,32,34,33.861729,1.983594,10,9,10,9,1,0,0,1,0
667,177,565,9001892,1184618,CC1=CC(F)=CC(C(=O)N2C[C@H](CNC(=O)C3=CC=C([N+](=O)[O-])N3)[C@](F)(CO)C2)=C1,CCC(O)(CC)CNC(=O)C(=O)NC1=NC(COC)=CC=C1,Cc1cc(F)cc(C(=O)N2C[C@H](CNC(=O)c3ccc([N+](=O)[O-])[nH]3)[C@](F)(CO)C2)c1,CCC(O)(CC)CNC(=O)C(=O)Nc1cccc(COC)n1,30,32,22,22,48.971931,2.200931,14,13,14,13,1,0,0,1,0
668,76,160,2495255,5176555,CCCCCC(=O)NCC1=C(C(=O)N[C@H](CO)C(C)(C)C)C=CO1,CC(C)[C@@H](NC(=O)CN1C=NC(Cl)=C1Cl)C1=CSC(C2=NC=CN2C)=N1,CCCCCC(=O)NCc1occc1C(=O)N[C@H](CO)C(C)(C)C,CC(C)[C@@H](NC(=O)Cn1cnc(Cl)c1Cl)c1csc(-c2nccn2C)n1,24,24,26,28,9.541107,0.669078,9,8,9,8,1,0,0,1,0
669,2,418,66768,5513770,CC(C)[C@H](C)C(=O)OCC1=CC=C(Cl)C(F)=C1,C#CCCCCCNC(=O)[C@H]1CCC[C@H](NC(=O)C23CCC(C)(C2)OC3)C1,CC(C)[C@H](C)C(=O)OCc1ccc(Cl)c(F)c1,C#CCCCCCNC(=O)[C@H]1CCC[C@H](NC(=O)C23CCC(C)(C2)OC3)C1,17,17,27,29,16.049753,0.785833,8,7,8,7,1,0,0,1,0
670,461,705,6469213,2397220,CC(=O)NC(C)C(=O)N(CC1=C(C)C=CC=C1C)CC1(CF)CCCOC1,CN1CCN(C(=O)C2=COCC2)CC1C(=O)N1C[C@H]2C[C@@]2(CO)C1,CC(=O)NC(C)C(=O)N(Cc1c(C)cccc1C)CC1(CF)CCCOC1,CN1CCN(C(=O)C2=COCC2)CC1C(=O)N1C[C@H]2C[C@@]2(CO)C1,27,28,24,27,95.105148,4.324261,15,14,15,14,1,0,0,1,0
671,608,481,8889911,3500280,CC(C)N1CCN(C2CCN(C(=O)C(C)N3C=C(C4=CC=C(Cl)C=N4)N=N3)C2)CC1,CSCC[C@H](NC(=O)CC1CCCO1)C(=O)NCC1=CN=CC=C1C,CC(C)N1CCN(C2CCN(C(=O)C(C)n3cc(-c4ccc(Cl)cn4)nn3)C2)CC1,CSCC[C@H](NC(=O)CC1CCCO1)C(=O)NCc1cnccc1C,30,33,25,26,30.757872,1.276415,18,17,18,17,1,0,0,1,0
672,298,33,1594986,4859545,CC1CN(C[C@@H](O)CCOCC2=CC=CC=C2)CCN1C1CC1,CC(C)[C@@H](CC(=O)OCC1(C)CCN2C=CN=C21)NC(=O)OC(C)(C)C,CC1CN(C[C@@H](O)CCOCc2ccccc2)CCN1C1CC1,CC(C)[C@@H](CC(=O)OCC1(C)CCn2ccnc21)NC(=O)OC(C)(C)C,23,25,26,27,31.978186,2.291853,15,14,15,14,1,0,0,1,0
673,237,295,3242096,5237297,CC1=CC(C(=O)N2CCN(C)C(C(=O)NC(C)CCO)C2)=NC=C1N,O=C1C=CC=CN1CC1=CC(NS(=O)(=O)C2=CC(Cl)=C(Br)C=C2F)=CC=C1,Cc1cc(C(=O)N2CCN(C)C(C(=O)NC(C)CCO)C2)ncc1N,O=c1ccccn1Cc1cccc(NS(=O)(=O)c2cc(Cl)c(Br)cc2F)c1,25,26,27,29,44.159912,2.634307,13,12,13,12,1,0,0,1,0
674,723,289,2735746,8174796,CC[C@@H](CNC(=O)CC1=C(F)C=C(F)C(F)=N1)NS(=O)(=O)C(F)Cl,CC(CC1=CC=CN=C1)C(=O)NC[C@H]1C[C@H](NC(=O)CC2OCCCC2(C)C)C1,CC[C@@H](CNC(=O)Cc1nc(F)c(F)cc1F)NS(=O)(=O)C(F)Cl,CC(Cc1cccnc1)C(=O)NC[C@H]1C[C@H](NC(=O)CC2OCCCC2(C)C)C1,24,24,29,31,10.964055,0.346629,14,13,14,13,1,0,0,1,0
675,719,880,6464583,3711333,COCC(F)(F)CN(CC1=NC(OC)=CC=C1C)C(=O)C(F)C1CCCC1,CC1(C)CC(=O)CC1C(=O)OCC1=CC=C(C2(C(F)(F)F)N=N2)C=C1,COCC(F)(F)CN(Cc1nc(OC)ccc1C)C(=O)C(F)C1CCCC1,CC1(C)CC(=O)CC1C(=O)OCc1ccc(C2(C(F)(F)F)N=N2)cc1,27,28,25,27,48.025379,2.315665,9,8,9,8,1,0,0,1,0
676,464,72,5336484,7466727,O=C(CN1CCC(OCC2=CN=CS2)C1)NCCN1CCC2=CC=CC=C21,CC1=NOC(CC(=O)N[C@@H]2C[C@H](CO)CC[C@@H]2CNC2=NC=C(F)C=N2)=C1C,O=C(CN1CCC(OCc2cncs2)C1)NCCN1CCc2ccccc21,Cc1noc(CC(=O)N[C@@H]2C[C@H](CO)CC[C@@H]2CNc2ncc(F)cn2)c1C,27,30,28,30,20.160727,1.610948,11,10,11,10,1,0,0,1,0
677,703,239,6291509,9025322,CC(NCCNC(=O)C1=CN=CC=N1)(C1=NN=NN1CCC1CC1)C1CC1,NC1=NC(N2CCCC(NC(=O)/C=C/C3=CC=C4OCOC4=C3)C2)=NC(C2CC2)=N1,CC(NCCNC(=O)c1cnccn1)(c1nnnn1CCC1CC1)C1CC1,Nc1nc(C2CC2)nc(N2CCCC(NC(=O)/C=C/c3ccc4c(c3)OCO4)C2)n1,27,30,30,34,40.791462,2.442618,10,9,10,9,1,0,0,1,0
678,946,270,6109539,4467697,COCC1(CNC(=O)C2=CC(F)=CN2)CCN(C(=O)CC2=CSC(C)=N2)C1,CCC1=C(C(=O)N2CC(C)C2C(=O)NCC2CCCCCCC2)SC=N1,COCC1(CNC(=O)c2cc(F)c[nH]2)CCN(C(=O)Cc2csc(C)n2)C1,CCc1ncsc1C(=O)N1CC(C)C1C(=O)NCC1CCCCCCC1,27,29,26,28,156.693222,8.375224,19,18,19,18,1,0,0,1,0
679,806,810,542253,2056724,C=CCN(OC)C(=O)CCNC(=O)C1=CN=NN1C=C,CC1=CC(C)=C(OCC(=O)NCC2=CC=CN=C2N(C)C)C(C)=C1,C=CCN(OC)C(=O)CCNC(=O)c1cnnn1C=C,Cc1cc(C)c(OCC(=O)NCc2cccnc2N(C)C)c(C)c1,20,20,24,25,7.025424,0.693773,10,9,10,9,1,0,0,1,0
680,640,603,9709085,2234872,CC(C)(C)N1CCC(NC(=O)C(CC2=CC=C(O)C=C2)NC(=O)OCC2=CC=CC=C2)C1,CC1=CC(CN(C)C(=O)NC2=CN(C(C)(C)C)N=C2C(N)=O)=NO1,CC(C)(C)N1CCC(NC(=O)C(Cc2ccc(O)cc2)NC(=O)OCc2ccccc2)C1,Cc1cc(CN(C)C(=O)Nc2cn(C(C)(C)C)nc2C(N)=O)no1,32,34,24,25,16.726645,0.873712,12,11,12,11,1,0,0,1,0
681,677,823,4192068,208121,O=C(NCC1=NOC(C2CCOCC2)=N1)NC[C@@]12CCCC[C@]1(CO)C2,CCN1C=CC(C(=O)NC(C)C2(C)CCC2)=CC1=O,O=C(NCc1noc(C2CCOCC2)n1)NC[C@@]12CCCC[C@]1(CO)C2,CCn1ccc(C(=O)NC(C)C2(C)CCC2)cc1=O,26,29,19,20,24.268808,1.213094,9,8,9,8,1,0,0,1,0
682,956,202,6083509,1802632,CCN1C=CC(CC(=O)NCC2CN(C(=O)CCOC(C)=O)CC2(F)F)=N1,CC(C)NC(=O)C1CCN(C(=O)C2=NOC(CO)=C2)CC1(C)C,CCn1ccc(CC(=O)NCC2CN(C(=O)CCOC(C)=O)CC2(F)F)n1,CC(C)NC(=O)C1CCN(C(=O)c2cc(CO)on2)CC1(C)C,27,28,23,24,89.566856,4.100656,15,14,15,14,1,0,0,1,0
683,435,117,8099950,438266,COC1=CC(NC(=O)C2CC3(CCC3)CN2C(=O)C2CCCOCC2)=CC=C1C,COCCN1CCC(NC(=O)C2=NNC3=C2CCC3)C1,COc1cc(NC(=O)C2CC3(CCC3)CN2C(=O)C2CCCOCC2)ccc1C,COCCN1CCC(NC(=O)c2n[nH]c3c2CCC3)C1,29,32,20,22,61.544792,3.892257,14,13,14,13,1,0,0,1,0
684,557,230,3798566,980564,COC(=O)NC1CCN(C2=NC(N3CCC(C#N)CC3)=NC=C2)CC1,COC1=CC2=NC=C(C(=O)NC3=CC(Cl)=CC(Cl)=N3)N2C=C1,COC(=O)NC1CCN(c2ccnc(N3CCC(C#N)CC3)n2)CC1,COc1ccn2c(C(=O)Nc3cc(Cl)cc(Cl)n3)cnc2c1,25,27,22,24,36.139347,2.229835,16,15,16,15,1,0,0,1,0
685,663,152,5891057,2237266,COC1=CC(C(=O)N2C[C@@H]3[C@H](C2)[C@H]3NC(=O)C2=NN(C)C(C)=C2)=CC=C1C,COC1=CC(S(C)(=O)=O)=CC=C1NC(=O)NC1(CO)CC(C)(C)C1,COc1cc(C(=O)N2C[C@@H]3[C@H](C2)[C@H]3NC(=O)c2cc(C)n(C)n2)ccc1C,COc1cc(S(C)(=O)=O)ccc1NC(=O)NC1(CO)CC(C)(C)C1,27,30,24,25,18.827162,1.297644,10,9,10,9,1,0,0,1,0
686,930,272,2596144,5955960,CC(C)CC(CNC(=O)CC1C=NN(C)C1=O)C(=O)N(C)CCF,CO[C@H]1C[C@@H](C(=O)N2CC3(CN(C(=O)C=CC4=CN(C)C=N4)CCO3)C2)C1,CC(C)CC(CNC(=O)CC1C=NN(C)C1=O)C(=O)N(C)CCF,CO[C@H]1C[C@@H](C(=O)N2CC3(CN(C(=O)C=Cc4cn(C)cn4)CCO3)C2)C1,24,24,27,30,23.663996,1.609360,14,13,14,13,1,0,0,1,0
687,846,145,5791452,6128949,CC[C@H](CC(=O)N[C@@H]1CCCCN(C)C1=O)NC(=O)C(NC(C)=O)C(C)C,COC[C@@H](CNC(=O)C1CN2CCC1CC2)NC(=O)[C@@H]1CC(=O)CC(=O)N1,CC[C@H](CC(=O)N[C@@H]1CCCCN(C)C1=O)NC(=O)C(NC(C)=O)C(C)C,COC[C@@H](CNC(=O)C1CN2CCC1CC2)NC(=O)[C@@H]1CC(=O)CC(=O)N1,27,27,27,29,36.031708,2.519982,17,16,17,16,1,0,0,1,0
688,73,61,4206817,5763808,CC(=O)C1=CC2=C(C=C1NC(=O)C(=O)N1CCOC(C)(C)C1C)OCO2,C[C@@H]1CC[C@H](C(=O)NCC2CCCSC2)CN1C(=O)C1=CC(F)=CC(F)=C1,CC(=O)c1cc2c(cc1NC(=O)C(=O)N1CCOC(C)(C)C1C)OCO2,C[C@@H]1CC[C@H](C(=O)NCC2CCCSC2)CN1C(=O)c1cc(F)cc(F)c1,26,28,27,29,40.521091,3.518343,12,11,12,11,1,0,0,1,0
689,169,811,1102655,4686255,CC1=NN=C(CNC(=O)C2=NN=C(C3=CC=CC=C3)O2)N1C,C=CCCOC(C)C(=O)NCC1CN(C(=O)CC2CC2)CCC12CCC2,Cc1nnc(CNC(=O)c2nnc(-c3ccccc3)o2)n1C,C=CCCOC(C)C(=O)NCC1CN(C(=O)CC2CC2)CCC12CCC2,22,24,26,28,14.377880,1.082035,10,9,10,9,1,0,0,1,0
690,314,609,7030770,4351004,C=C(Cl)CC(NC(=O)C1=CC=C(O)C(C)=C1)C(=O)N[C@@H]1COC[C@H]1CN(C)C,O=C(NCC(O)C(=O)NC1=CC=C(F)C(CO)=C1)C1=CC(O)=CC(F)=C1,C=C(Cl)CC(NC(=O)c1ccc(O)c(C)c1)C(=O)N[C@@H]1COC[C@H]1CN(C)C,O=C(NCC(O)C(=O)Nc1ccc(F)c(CO)c1)c1cc(O)cc(F)c1,28,29,26,27,52.679008,2.255545,12,12,12,12,1,0,0,1,0
691,766,844,2760909,3117112,CC1=C(C)CN(C2=NC=CC(NCC3=CC=CC4=C3C=NN4)=N2)C1,CCOC(CCNC(=O)NCC1=CC=C(F)C(F)=C1Br)C1CCCC1,CC1=C(C)CN(c2nccc(NCc3cccc4[nH]ncc34)n2)C1,CCOC(CCNC(=O)NCc1ccc(F)c(F)c1Br)C1CCCC1,24,27,25,26,13.047347,0.856793,12,11,12,11,1,0,0,1,0
692,582,943,8551964,2359342,C[C@H]1CCN(C2=NC3=C(CCCCC3)C(N3CCC4(CC3)COC(CO)C4)=N2)C1,O=C(NCCNC(=O)C1=CC(Br)=CC=C1)C(=O)N1C2CCC1CC2,C[C@H]1CCN(c2nc3c(c(N4CCC5(CC4)COC(CO)C5)n2)CCCCC3)C1,O=C(NCCNC(=O)c1cccc(Br)c1)C(=O)N1C2CCC1CC2,29,33,24,26,26.233747,0.790305,10,9,10,9,1,0,0,1,0
693,295,449,5237297,5518045,O=C1C=CC=CN1CC1=CC(NS(=O)(=O)C2=CC(Cl)=C(Br)C=C2F)=CC=C1,CC(CCC(=O)N1CCC(C(=O)NCC2=CN(C)N=C2)C12CCC2)N(C)C,O=c1ccccn1Cc1cccc(NS(=O)(=O)c2cc(Cl)c(Br)cc2F)c1,CC(CCC(=O)N1CCC(C(=O)NCc2cnn(C)c2)C12CCC2)N(C)C,27,29,27,29,62.001308,2.582980,14,13,14,13,1,0,0,1,0
694,127,479,2363158,1510011,CN(CC1(C#N)CCC1)C(=O)C(=O)NCC1=CC=C(C2CC2)C=C1,CN(CC1=CC=CC(CO)=C1)C(=O)C1=CC2=CN=CN2C(O)=N1,CN(CC1(C#N)CCC1)C(=O)C(=O)NCc1ccc(C2CC2)cc1,CN(Cc1cccc(CO)c1)C(=O)c1cc2cncn2c(O)n1,24,26,23,25,44.580566,2.621915,14,13,14,13,1,0,0,1,0
695,705,311,2397220,5615921,CN1CCN(C(=O)C2=COCC2)CC1C(=O)N1C[C@H]2C[C@@]2(CO)C1,COC(=O)NC1CN(C(=O)C2=CC(CNC(=O)C3(CC(C)=O)CC3)=CS2)C1,CN1CCN(C(=O)C2=COCC2)CC1C(=O)N1C[C@H]2C[C@@]2(CO)C1,COC(=O)NC1CN(C(=O)c2cc(CNC(=O)C3(CC(C)=O)CC3)cs2)C1,24,27,27,29,62.634373,4.445320,12,11,12,11,1,0,0,1,0
696,716,412,2618020,1294583,CC1=C(C)C(C(=O)NCCN(C(=O)C2CC2(F)Cl)C2CC2)=C(C)O1,CC[C@H](O)C(=O)NCC1=C(C(=O)N[C@H](C)CCOC)OC=C1,Cc1oc(C)c(C(=O)NCCN(C(=O)C2CC2(F)Cl)C2CC2)c1C,CC[C@H](O)C(=O)NCc1ccoc1C(=O)N[C@H](C)CCOC,24,26,22,22,29.237869,2.368206,10,10,10,10,1,0,0,1,0
697,965,278,9227748,1541030,CCC1=C(CN(CC2=CN(CC3CCOC3)N=N2)CC2(C)CSCCO2)C=NN1C,COCC(COC)CS(=O)(=O)NNC(=O)C1=CC=C(C#N)C=N1,CCc1c(CN(Cc2cn(CC3CCOC3)nn2)CC2(C)CSCCO2)cnn1C,COCC(COC)CS(=O)(=O)NNC(=O)c1ccc(C#N)cn1,30,33,23,23,6.476109,0.509990,10,9,10,9,1,0,0,1,0
698,512,552,6791459,3688653,COC1=CC(C(=O)N2CCCCC2CNC(=O)CCN)=CC=C1OCC(N)=O,CC(=O)OCCC(=O)NC1CC(C(C)NC(=O)C2=CN(C)C=C2C)C1,COc1cc(C(=O)N2CCCCC2CNC(=O)CCN)ccc1OCC(N)=O,CC(=O)OCCC(=O)NC1CC(C(C)NC(=O)c2cn(C)cc2C)C1,28,29,25,26,60.422184,4.465717,13,12,13,12,1,0,0,1,0
699,505,448,2926318,8681379,O=C(NC1=NN(CCC2=CC=CC=C2)C=C1)C1=C2C=CC=CN2C=N1,C=CN1C=C(CN(CC[C@@H]2CCC[C@H]2O)CC2=CC(C(=O)OC)=CC(O)=C2)C=N1,O=C(Nc1ccn(CCc2ccccc2)n1)c1ncn2ccccc12,C=Cn1cc(CN(CC[C@@H]2CCC[C@H]2O)Cc2cc(O)cc(C(=O)OC)c2)cn1,25,28,29,31,35.487534,1.350149,14,13,14,13,1,0,0,1,0
700,82,612,2083033,9388609,COCC1CCCCC1NC(=O)C1=CC=C(OC)C2=CN=CC=C12,CC1=NN2C=CC=CC2=C1C(=O)NCCC1=CC=C(CNC(=O)C2=CSC(Cl)=N2)C=C1,COCC1CCCCC1NC(=O)c1ccc(OC)c2cnccc12,Cc1nn2ccccc2c1C(=O)NCCc1ccc(CNC(=O)c2csc(Cl)n2)cc1,24,26,31,34,285.228760,7.082834,19,18,19,18,1,0,0,1,0
701,40,910,1255781,7959757,COC1=CC=C(C2=C3NC=C(CC(=O)O)C3=CC=C2)C=C1O,CCCN(CCN(CC)CC)C(=O)NC1=C(C2=CC=CC=C2)N=C2N=CC=CN21,COc1ccc(-c2cccc3c(CC(=O)O)c[nH]c23)cc1O,CCCN(CCN(CC)CC)C(=O)Nc1c(-c2ccccc2)nc2ncccn12,22,24,29,31,95.341576,6.244300,12,12,12,12,1,0,0,1,0
702,442,752,2222483,7186989,COC(=O)C1CCN(CC2=CC(C#N)=CC=C2Br)C12CCCCC2,CCC1=CC(C(=O)N2CCCC[C@H]2CNC(=O)C2=CC=C(Cl)C=C2N)=NC=N1,COC(=O)C1CCN(Cc2cc(C#N)ccc2Br)C12CCCCC2,CCc1cc(C(=O)N2CCCC[C@H]2CNC(=O)c2ccc(Cl)cc2N)ncn1,24,26,28,30,79.220322,8.041540,14,14,14,14,1,0,0,1,0
703,330,618,10117466,5085485,CCC1=CC=CC=C1N1N=NN=C1C(C1=CC=C2C=CN=CC2=C1)N1CC(O)CC(C)(C)C1,CCC1=CN=C(C(=O)N(CCC2(CO)CCC2)C[C@@H]2COC[C@H]2C)N=C1,CCc1ccccc1-n1nnnc1C(c1ccc2ccncc2c1)N1CC(O)CC(C)(C)C1,CCc1cnc(C(=O)N(CCC2(CO)CCC2)C[C@@H]2COC[C@H]2C)nc1,33,37,26,28,539.662109,21.866489,17,16,17,16,1,0,0,1,0
704,256,26,5798555,1325871,CNC(=O)NCC(=O)NC1CC2(C1)CC(C(=O)NCC(C(C)C)C(C)C)C2,CC(=CC1CC1)C(=O)N[C@@H]1CN(C(=O)C2=COCC2)C[C@H]1O,CNC(=O)NCC(=O)NC1CC2(C1)CC(C(=O)NCC(C(C)C)C(C)C)C2,CC(=CC1CC1)C(=O)N[C@@H]1CN(C(=O)C2=COCC2)C[C@H]1O,27,28,22,24,6.676509,1.152623,10,9,10,9,1,0,0,1,0
705,93,234,7173889,5046189,CC(C)C(C#N)C(=O)NCC(NC(=O)C1=CN(C2CCC2)N=N1)C1CCCC1,CC(C)C(C)(C)CN(CC1=CN2C=NC=C2C=C1)C(=O)COCCCF,CC(C)C(C#N)C(=O)NCC(NC(=O)c1cn(C2CCC2)nn1)C1CCCC1,CC(C)C(C)(C)CN(Cc1ccc2cncn2c1)C(=O)COCCCF,28,30,26,27,71.874794,3.215452,15,14,15,14,1,0,0,1,0
706,984,690,4318055,6237758,CN(C)C1CN(C(=O)C2(CCNC(=O)CCCOC(C)(C)C)CCC2)C1,CC(C)C1=NN=C(CCN2CCC(=O)N(CCCC(=O)NC3CC3)C2=O)S1,CN(C)C1CN(C(=O)C2(CCNC(=O)CCCOC(C)(C)C)CCC2)C1,CC(C)c1nnc(CCN2CCC(=O)N(CCCC(=O)NC3CC3)C2=O)s1,26,27,27,29,13.662716,1.325504,14,13,14,13,1,0,0,1,0
707,856,881,4563398,2480057,CCCN(CC(=O)NCC1(OC)CN(C)C1)C(=O)[C@@H]1C[C@H](C)CC(=O)N1,COC1(C(=O)NC(C)CSC)CCN(C(=O)CCC2OCCO2)C1,CCCN(CC(=O)NCC1(OC)CN(C)C1)C(=O)[C@@H]1C[C@H](C)CC(=O)N1,COC1(C(=O)NC(C)CSC)CCN(C(=O)CCC2OCCO2)C1,26,27,24,25,58.200474,3.718379,12,11,12,11,1,0,0,1,0
708,589,601,6811291,7965965,CCCC1(CO)CCCN1C(=O)C(=O)NC(CSC)CC1=CC=C(F)C=C1F,CNC(=O)CN1C=CC2=CC=C(NC(=O)NC3=C4OC(=O)NC4=CC(Cl)=C3)C=C21,CCCC1(CO)CCCN1C(=O)C(=O)NC(CSC)Cc1ccc(F)cc1F,CNC(=O)Cn1ccc2ccc(NC(=O)Nc3cc(Cl)cc4[nH]c(=O)oc34)cc21,28,29,29,32,122.858788,8.275188,14,14,14,14,1,0,0,1,0
709,973,21,2845154,6114384,CC(C)CNC(=O)C(C(C)C(C)(C)C)N1CCC2=CC(Br)=CC=C21,CC1CC(C(=O)N2CCN(C(=O)C3=C(F)C=NC(O)=C3)CC2C(C)(C)C)C1,CC(C)CNC(=O)C(C(C)C(C)(C)C)N1CCc2cc(Br)ccc21,CC1CC(C(=O)N2CCN(C(=O)c3cc(O)ncc3F)CC2C(C)(C)C)C1,24,25,27,29,655.495239,14.516199,18,17,18,17,1,0,0,1,0
710,783,688,9628048,5365216,CC1=CN(CCN(CC2=CC=C(C)C3=C2CCC3)C(=O)C2=CC=CC(C#N)=C2O)N=C1,CCN(CC)CC1CCN(C(=O)NC2=CC(C(=O)OC)=CN3C=CN=C23)C1,Cc1cnn(CCN(Cc2ccc(C)c3c2CCC3)C(=O)c2cccc(C#N)c2O)c1,CCN(CC)CC1CCN(C(=O)Nc2cc(C(=O)OC)cn3ccnc23)C1,31,34,27,29,62.474392,3.875975,12,11,12,11,1,0,0,1,0
711,841,275,8019379,2091376,O=C(C1=CC(Cl)=CC=C1Cl)N1CCCC1C1=NC(C2=CN3C=CC=CC3=N2)=NO1,CC(C)(C)OC(=O)NCC(C)(O)C(=O)NNC1=CC=C(Cl)C=C1Cl,O=C(c1cc(Cl)ccc1Cl)N1CCCC1c1nc(-c2cn3ccccc3n2)no1,CC(C)(C)OC(=O)NCC(C)(O)C(=O)NNc1ccc(Cl)cc1Cl,29,33,24,24,8.229283,0.850629,8,7,8,7,1,0,0,1,0
712,590,41,10231444,2214787,CCCCN1N=NN=C1C1(NC2=C(C)N(C3=CC=CC(Cl)=C3)N=C2)CCN(C2CCCC2)CC1,CC(C)C(=O)CN1CCC(CN2C(=O)C3=CC=CC=C3C2=O)CC1,CCCCn1nnnc1C1(Nc2cnn(-c3cccc(Cl)c3)c2C)CCN(C2CCCC2)CC1,CC(C)C(=O)CN1CCC(CN2C(=O)c3ccccc3C2=O)CC1,34,38,24,26,534.164734,22.576753,17,16,17,16,1,0,0,1,0
713,781,774,9990567,6610078,COC(=O)C1=CC=C(NC(=O)C2CCN(C(=O)C3=CC=C(F)C=C3F)CC2)C2=CC=NC=C12,CO[C@H]1CN(C(=O)C2=COC(C3=CSC(C)=N3)=C2)C[C@H]1NC(=O)OC(C)(C)C,COC(=O)c1ccc(NC(=O)C2CCN(C(=O)c3ccc(F)cc3F)CC2)c2ccncc12,CO[C@H]1CN(C(=O)c2coc(-c3csc(C)n3)c2)C[C@H]1NC(=O)OC(C)(C)C,33,36,28,30,71.611710,4.499798,13,12,13,12,1,0,0,1,0
714,179,481,3940154,3500280,CC(=O)NC1=NC(C[C@@H](NC(=O)C(C)N2N=CC=C2C)C(C)C)=CS1,CSCC[C@H](NC(=O)CC1CCCO1)C(=O)NCC1=CN=CC=C1C,CC(=O)Nc1nc(C[C@@H](NC(=O)C(C)n2nccc2C)C(C)C)cs1,CSCC[C@H](NC(=O)CC1CCCO1)C(=O)NCc1cnccc1C,25,26,25,26,20.016577,0.999704,14,13,14,13,1,0,0,1,0
715,531,667,9109685,4170183,COC1=CC=CC(CN2C=C(CCN(C(=O)CCC3=CC=CS3)C(C)(C)C)N=N2)=C1,COC1=CC=C(C(CF)NC(=O)NCC2=CC=C(C)C(C3CC3)=C2)C=C1,COc1cccc(Cn2cc(CCN(C(=O)CCc3cccs3)C(C)(C)C)nn2)c1,COc1ccc(C(CF)NC(=O)NCc2ccc(C)c(C3CC3)c2)cc1,30,32,26,28,50.822411,2.843473,9,9,9,9,1,0,0,1,0
716,452,938,4615591,5112381,CN(CCOCCC(=O)NCC(F)C1=CC=CC=C1)C(=O)[C@@H]1CCOC1,C/C=C/CCN(CC1CCOCC1)C(=O)NC1=CC=C2OCCOC2=C1,CN(CCOCCC(=O)NCC(F)c1ccccc1)C(=O)[C@@H]1CCOC1,C/C=C/CCN(CC1CCOCC1)C(=O)Nc1ccc2c(c1)OCCO2,26,27,26,28,13.208147,0.766201,10,9,10,9,1,0,0,1,0
717,284,185,8276759,2149036,CCCC1=CC=C(C(=O)N2CC[C@H](CO)[C@@H](NC(=O)C3C[C@H]4CC[C@H]4C3)C2)C=C1,O=C(C1=CC=CC=C1)C1=CC(NCCC2COCCO2)=CC=C1F,CCCc1ccc(C(=O)N2CC[C@H](CO)[C@@H](NC(=O)C3C[C@H]4CC[C@H]4C3)C2)cc1,O=C(c1ccccc1)c1cc(NCCC2COCCO2)ccc1F,29,32,24,26,135.798569,5.249325,16,15,16,15,1,0,0,1,0
718,599,446,6560591,3959197,CCC1(CN2C=C(CCN3CCOC(C)(C(C)(C)C)C3)N=N2)CCCCO1,CCC(C)OC1=CC=CC(NC(=O)C2=C3C=CC=CC3=NC(OC)=C2)=C1,CCC1(Cn2cc(CCN3CCOC(C)(C(C)(C)C)C3)nn2)CCCCO1,CCC(C)Oc1cccc(NC(=O)c2cc(OC)nc3ccccc23)c1,27,29,26,28,87.100555,5.177773,16,15,16,15,1,0,0,1,0
719,650,833,2369078,2527213,CC1(C(=O)O)CCC2=CC(C3=CC=C(F)C(C(F)(F)F)=C3)=CC=C21,CCC1(C)CN(C(=O)C(C)CN(C)C(=O)CCCC2CCCO2)C1,CC1(C(=O)O)CCc2cc(-c3ccc(F)c(C(F)(F)F)c3)ccc21,CCC1(C)CN(C(=O)C(C)CN(C)C(=O)CCCC2CCCO2)C1,24,26,24,25,10.214919,0.513366,9,8,9,8,1,0,0,1,0
720,503,992,3347191,6262055,CC1CC(CO)(NC(=O)C2CCN(C(=O)C3(C)CCCC3)CCO2)C1,CC(C)CN1C=C(C(C)(C)N2CCN(C(=O)CCCCCC#N)CC2)N=N1,CC1CC(CO)(NC(=O)C2CCN(C(=O)C3(C)CCCC3)CCO2)C1,CC(C)Cn1cc(C(C)(C)N2CCN(C(=O)CCCCCC#N)CC2)nn1,25,27,27,28,24.529694,1.952302,12,11,12,11,1,0,0,1,0
721,93,481,7173889,3500280,CC(C)C(C#N)C(=O)NCC(NC(=O)C1=CN(C2CCC2)N=N1)C1CCCC1,CSCC[C@H](NC(=O)CC1CCCO1)C(=O)NCC1=CN=CC=C1C,CC(C)C(C#N)C(=O)NCC(NC(=O)c1cn(C2CCC2)nn1)C1CCCC1,CSCC[C@H](NC(=O)CC1CCCO1)C(=O)NCc1cnccc1C,28,30,25,26,40.806732,1.733213,17,16,17,16,1,0,0,1,0
722,356,418,296035,5513770,CC(CNC(=O)C1=CC2(CNC2)OC1)OC(F)(F)F,C#CCCCCCNC(=O)[C@H]1CCC[C@H](NC(=O)C23CCC(C)(C2)OC3)C1,CC(CNC(=O)C1=CC2(CNC2)OC1)OC(F)(F)F,C#CCCCCCNC(=O)[C@H]1CCC[C@H](NC(=O)C23CCC(C)(C2)OC3)C1,19,20,27,29,14.305975,0.772120,13,12,13,12,1,0,0,1,0
723,341,328,7596939,494157,CCC(C)(C)N1N=NN=C1C(C1=CN=C(C2CC2)O1)N1CCC(C)(CSC)C1,COC1=CC=CC(NC(=O)C2(CN)CC2(F)F)=C1OC,CCC(C)(C)n1nnnc1C(c1cnc(C2CC2)o1)N1CCC(C)(CSC)C1,COc1cccc(NC(=O)C2(CN)CC2(F)F)c1OC,28,31,20,21,19.158310,1.577557,12,11,12,11,1,0,0,1,0
724,686,107,2090176,1352525,CC1=CC(O)=CC(C)=C1CC(=O)NCCCC1=CC=C(Cl)C=C1Cl,CC(CCN1C=CC=N1)OC(=O)C1=CC2=C(C=N1)OCCC2,Cc1cc(O)cc(C)c1CC(=O)NCCCc1ccc(Cl)cc1Cl,CC(CCn1cccn1)OC(=O)c1cc2c(cn1)OCCC2,24,25,22,24,21.881052,1.415796,11,10,11,10,1,0,0,1,0
725,878,164,9046219,3187396,CC1=CC=C(C(CNC2=CN=C(C#N)C=N2)NC(=O)CN2C=C(C(F)F)C=N2)C=C1,COC1=CC(CN2CCCCC2CCC2=CC=CC=C2)=CN=C1OC,Cc1ccc(C(CNc2cnc(C#N)cn2)NC(=O)Cn2cc(C(F)F)cn2)cc1,COc1cc(CN2CCCCC2CCc2ccccc2)cnc1OC,30,32,25,27,37.616402,2.580859,11,10,11,10,1,0,0,1,0
726,337,421,5535017,6676599,CC1=CC(C#N)=CN=C1C(=O)N1CCCC(C(=O)NCCC2=CSC=N2)C1,C=CCOC(=O)N1CCC(CC(=O)N2CCN(C3=CC=NC=C3)CC2C)CC1,Cc1cc(C#N)cnc1C(=O)N1CCCC(C(=O)NCCc2cscn2)C1,C=CCOC(=O)N1CCC(CC(=O)N2CCN(c3ccncc3)CC2C)CC1,27,29,28,30,137.757080,6.897493,18,17,18,17,1,0,0,1,0
727,710,507,198201,2423837,C#CC1CC(NC(=O)C2=CC3=C(Br)N=CN3C=C2)C1,CN(CCCCO)C(=O)[C@H]1CCCN1C(=O)C1CCCCNC1=O,C#CC1CC(NC(=O)c2ccn3cnc(Br)c3c2)C1,CN(CCCCO)C(=O)[C@H]1CCCN1C(=O)C1CCCCNC1=O,19,21,24,25,69.880470,4.531747,13,12,13,12,1,0,0,1,0
728,295,678,5237297,4318056,O=C1C=CC=CN1CC1=CC(NS(=O)(=O)C2=CC(Cl)=C(Br)C=C2F)=CC=C1,N#CC1(CCC(=O)NCCC2(C(=O)NCC3CC3(F)F)CCC2)CCC1,O=c1ccccn1Cc1cccc(NS(=O)(=O)c2cc(Cl)c(Br)cc2F)c1,N#CC1(CCC(=O)NCCC2(C(=O)NCC3CC3(F)F)CCC2)CCC1,27,29,26,28,81.744186,3.591534,13,12,13,12,1,0,0,1,0
729,967,410,10252318,9748132,CCOC(=O)C1=CC=C(NC(=O)C(C2=CC(OCC)=CC=C2)N2CCOC(C)(C)C2(C)C)C=C1,CN1N=C(NC(=O)C(=O)N(C)C2(CNC(=O)OC(C)(C)C)CC2)C=C1CN1CCOCC1,CCOC(=O)c1ccc(NC(=O)C(c2cccc(OCC)c2)N2CCOC(C)(C)C2(C)C)cc1,CN(C(=O)C(=O)Nc1cc(CN2CCOCC2)n(C)n1)C1(CNC(=O)OC(C)(C)C)CC1,34,36,32,34,62.818981,2.925375,14,13,14,13,1,0,0,1,0
730,833,778,2527213,7256219,CCC1(C)CN(C(=O)C(C)CN(C)C(=O)CCCC2CCCO2)C1,CC1(C(=O)NCC2(CNC(=O)C[C@@H]3CC[C@H](O)C3)CCCC2)CCC(=O)NC1,CCC1(C)CN(C(=O)C(C)CN(C)C(=O)CCCC2CCCO2)C1,CC1(C(=O)NCC2(CNC(=O)C[C@@H]3CC[C@H](O)C3)CCCC2)CCC(=O)NC1,24,25,28,30,195.161392,6.591779,21,20,21,20,1,0,0,1,0
731,563,37,6337144,1607588,CC1=CC=CC(C)=C1CNC1=NC(C)=NC(NC2CCN3CCCCC23)=N1,CC1=CC(NC(=O)NC2=CC3=CC=NN3C=C2)=CC=C1C1CC1,Cc1nc(NCc2c(C)cccc2C)nc(NC2CCN3CCCCC23)n1,Cc1cc(NC(=O)Nc2ccn3nccc3c2)ccc1C1CC1,27,30,23,26,74.402489,3.795449,13,12,13,12,1,0,0,1,0
732,465,90,2159572,5413039,CN(C1CCC2(CC1)COC2)S(=O)(=O)C1=CC=C([N+](=O)[O-])C(Cl)=C1,COCCC1=CC=C(NC(=O)C(=O)NC2=CC=CC(Cl)=C2C(F)(F)F)C=C1,CN(C1CCC2(CC1)COC2)S(=O)(=O)c1ccc([N+](=O)[O-])c(Cl)c1,COCCc1ccc(NC(=O)C(=O)Nc2cccc(Cl)c2C(F)(F)F)cc1,24,26,27,28,25.760109,1.047123,9,9,9,9,1,0,0,1,0
733,322,258,9662440,7726940,CCOC1=CC=C(NC(=O)N(CCC(C)(C)CO)CC2=CC(CC)=CC(F)=C2)N=C1C,CCOC(CN(CCC1=CC=CC=C1C#N)C(=O)C1=NC(N)=CN=C1)C1CC1,CCOc1ccc(NC(=O)N(CCC(C)(C)CO)Cc2cc(F)cc(CC)c2)nc1C,CCOC(CN(CCc1ccccc1C#N)C(=O)c1cncc(N)n1)C1CC1,31,32,28,30,68.281700,2.203623,16,15,16,15,1,0,0,1,0
734,331,118,7357466,8758240,CCN(C)[C@H]1C[C@@H](C(=O)NCCC(C)(C)NC(=O)C2=CC(F)=CC(F)=C2N)C1,COC(=O)C12CC(CN1CC1=CC=CC=C1)N(C(=O)C1=CC([N+](=O)[O-])=CC(Br)=C1)C2,CCN(C)[C@H]1C[C@@H](C(=O)NCCC(C)(C)NC(=O)c2cc(F)cc(F)c2N)C1,COC(=O)C12CC(CN1Cc1ccccc1)N(C(=O)c1cc(Br)cc([N+](=O)[O-])c1)C2,28,29,30,33,147.241592,2.606124,21,21,21,21,1,0,0,1,0
735,993,791,5130606,9428881,FC(F)OC1=CC=C(CN(CC2=CC=CN=C2)CC2=CC(Cl)=NO2)C=N1,CC1=CC(C(=O)N2[C@H](CNC(=O)C3=CC=C(N=[N+]=[N-])C=C3)C[C@@H]3CCC[C@@H]32)=NN=C1C,FC(F)Oc1ccc(CN(Cc2cccnc2)Cc2cc(Cl)no2)cn1,Cc1cc(C(=O)N2[C@H](CNC(=O)c3ccc(N=[N+]=[N-])cc3)C[C@@H]3CCC[C@@H]32)nnc1C,26,28,31,34,73.613327,2.076989,15,14,15,14,1,0,0,1,0
736,413,885,5351304,8269833,CC(C)(C)OC(=O)NC[C@H]1CC[C@H]1CNC(=O)NC1=CC=NC2=CC=NN21,CC(C)C1=CC(C(=O)NC2CN(C(=O)[C@H]3C[C@H]4C=C[C@@H]3O4)C3(CCCC3)C2)=NO1,CC(C)(C)OC(=O)NC[C@H]1CC[C@H]1CNC(=O)Nc1ccnc2ccnn12,CC(C)c1cc(C(=O)NC2CN(C(=O)[C@H]3C[C@H]4C=C[C@@H]3O4)C3(CCCC3)C2)no1,27,29,29,33,26.133104,1.282013,10,9,10,9,1,0,0,1,0
737,526,844,2184418,3117112,COCCOC1=CC=CC(C(=O)NNC2=NC(C)=C(C)C(=O)N2)=C1,CCOC(CCNC(=O)NCC1=CC=C(F)C(F)=C1Br)C1CCCC1,COCCOc1cccc(C(=O)NNc2nc(C)c(C)c(=O)[nH]2)c1,CCOC(CCNC(=O)NCc1ccc(F)c(F)c1Br)C1CCCC1,24,25,25,26,14.759981,0.625196,10,9,10,9,1,0,0,1,0
738,1,673,10338086,8997505,CC1=CC=C(F)C(N2C=C(CC3(C(=O)O)CCN(C(=O)[C@@H](CCC4=CC=CC=C4)N(C)C)C3)N=N2)=C1,CCN1C=NC(C(=O)N(CC)CC2CCCCN2C(=O)CC2=C(F)C(C)=CC=C2)=N1,Cc1ccc(F)c(-n2cc(CC3(C(=O)O)CCN(C(=O)[C@@H](CCc4ccccc4)N(C)C)C3)nn2)c1,CCN(CC1CCCCN1C(=O)Cc1cccc(C)c1F)C(=O)c1ncn(CC)n1,36,39,30,32,337.622620,5.950283,21,20,21,20,1,0,0,1,0
739,890,555,302330,4745780,NC1=CN=C(Br)C=C1CN1CCC(C(O)CO)CC1,CSC1(C(=O)N[C@H]2CN(C(=O)[C@@H]3CCC[C@H](O)C3)C[C@@H]2C(F)F)CCC1,Nc1cnc(Br)cc1CN1CCC(C(O)CO)CC1,CSC1(C(=O)N[C@H]2CN(C(=O)[C@@H]3CCC[C@H](O)C3)C[C@@H]2C(F)F)CCC1,19,20,26,28,76.347008,2.559624,13,12,13,12,1,0,0,1,0
740,473,423,7018083,4149423,C=CCC1(C(=O)N2CCCC2CCC)CCN(C(=O)C2=COC(N(C)C)=N2)C1,CN(C)[C@H]1C[C@@](C)(NC(=O)N2CCC(C(=O)OCC3=CC=CC=C3)C2)C1,C=CCC1(C(=O)N2CCCC2CCC)CCN(C(=O)c2coc(N(C)C)n2)C1,CN(C)[C@H]1C[C@@](C)(NC(=O)N2CCC(C(=O)OCc3ccccc3)C2)C1,28,30,26,28,36.256134,2.150325,9,9,9,9,1,0,0,1,0
741,55,192,866099,7683253,C[C@H](NC(=O)C1=CC=NN1C)C(=O)N1CCCC(O)CC1,COCCN1C=C(CN(CC2(OC)CCCOC2)C(=O)CSC(C)(C)C)C=N1,C[C@H](NC(=O)c1ccnn1C)C(=O)N1CCCC(O)CC1,COCCn1cc(CN(CC2(OC)CCCOC2)C(=O)CSC(C)(C)C)cn1,21,22,28,29,13.116403,0.639044,11,10,11,10,1,0,0,1,0
742,530,370,4785432,9041022,CCC(CC(=O)N[C@H](CO)[C@H](C)NC(=O)C1=CC=NNC1=O)CN(C)C,CC1=CC=C([N+](=O)[O-])C(NC2COCCCN(C(=O)C[C@@H](C)C3=CC=CC=C3)C2)=N1,CCC(CC(=O)N[C@H](CO)[C@H](C)NC(=O)c1ccn[nH]c1=O)CN(C)C,Cc1ccc([N+](=O)[O-])c(NC2COCCCN(C(=O)C[C@@H](C)c3ccccc3)C2)n1,26,26,30,32,44.938400,1.995560,16,15,16,15,1,0,0,1,0
743,637,774,6933994,6610078,CCCCC(=O)C(=O)N1CCC2(C=C(C(=O)NC(C)C3=C(C)NN=C3C)C2)C1,CO[C@H]1CN(C(=O)C2=COC(C3=CSC(C)=N3)=C2)C[C@H]1NC(=O)OC(C)(C)C,CCCCC(=O)C(=O)N1CCC2(C=C(C(=O)NC(C)c3c(C)n[nH]c3C)C2)C1,CO[C@H]1CN(C(=O)c2coc(-c3csc(C)n3)c2)C[C@H]1NC(=O)OC(C)(C)C,28,30,28,30,91.574173,4.840175,15,14,15,14,1,0,0,1,0
744,510,640,9152088,9709085,COCCC1CCN(C(C2=CC=C(C)O2)C2=NN=NN2CCSC)C2=CC=CC=C21,CC(C)(C)N1CCC(NC(=O)C(CC2=CC=C(O)C=C2)NC(=O)OCC2=CC=CC=C2)C1,COCCC1CCN(C(c2ccc(C)o2)c2nnnn2CCSC)c2ccccc21,CC(C)(C)N1CCC(NC(=O)C(Cc2ccc(O)cc2)NC(=O)OCc2ccccc2)C1,30,33,32,34,179.555984,6.519716,17,17,17,17,1,0,0,1,0
745,452,778,4615591,7256219,CN(CCOCCC(=O)NCC(F)C1=CC=CC=C1)C(=O)[C@@H]1CCOC1,CC1(C(=O)NCC2(CNC(=O)C[C@@H]3CC[C@H](O)C3)CCCC2)CCC(=O)NC1,CN(CCOCCC(=O)NCC(F)c1ccccc1)C(=O)[C@@H]1CCOC1,CC1(C(=O)NCC2(CNC(=O)C[C@@H]3CC[C@H](O)C3)CCCC2)CCC(=O)NC1,26,27,28,30,24.026293,0.994537,11,10,11,10,1,0,0,1,0
746,52,208,2354011,3149100,NC1(C2CCN(CC3=CC(C(F)(F)C(F)(F)F)=CC=C3)CC2)CC1,CC1CC2(C1)CC(CCNC(=O)C(=O)NC1=CC(N(C)C)=CN=C1)C2,NC1(C2CCN(Cc3cccc(C(F)(F)C(F)(F)F)c3)CC2)CC1,CC1CC2(C1)CC(CCNC(=O)C(=O)Nc1cncc(N(C)C)c1)C2,24,26,25,27,41.331264,2.505785,11,10,11,10,1,0,0,1,0
747,273,562,7258588,3285629,CCC(CC(=O)NCC1CN(C(=O)C2=NC=CN=C2OC)CC12CCC2)OC,CC=CCCC(=O)N1C[C@H]2C[C@@]2(C(=O)N2CC(C)(C)OCC2(C)C)C1,CCC(CC(=O)NCC1CN(C(=O)c2nccnc2OC)CC12CCC2)OC,CC=CCCC(=O)N1C[C@H]2C[C@@]2(C(=O)N2CC(C)(C)OCC2(C)C)C1,28,30,25,27,1129.463379,34.444389,17,16,17,16,1,0,0,1,0
748,134,949,8810698,712462,CCOC1=CC2=C(C=C1OCC)CN(C(=O)NC1C3=C(OC1C)C(F)=CC=C3)CC2,CCN1C=CC(CNCC2=CN=CC(N3C=CN=C3)=C2)=N1,CCOc1cc2c(cc1OCC)CN(C(=O)NC1c3cccc(F)c3OC1C)CC2,CCn1ccc(CNCc2cncc(-n3ccnc3)c2)n1,30,33,21,23,20.866335,1.470110,10,9,10,9,1,0,0,1,0
749,294,448,6002839,8681379,CC1=CN=C(C(=O)N2CC3CC(C2)CN(C(=O)C(CCO)N(C)C)C3)C=N1,C=CN1C=C(CN(CC[C@@H]2CCC[C@H]2O)CC2=CC(C(=O)OC)=CC(O)=C2)C=N1,Cc1cnc(C(=O)N2CC3CC(C2)CN(C(=O)C(CCO)N(C)C)C3)cn1,C=Cn1cc(CN(CC[C@@H]2CCC[C@H]2O)Cc2cc(O)cc(C(=O)OC)c2)cn1,27,29,29,31,174.789993,7.700844,15,14,15,14,1,0,0,1,0
750,901,715,8616169,9969763,CCCC1=NNC(C(=O)N(CC[C@H]2CCC(=O)N2)CC2=NNC(C3CCC3)=C2)=C1,CCN1N=C(C)C(NC(=O)N(C[C@H]2OCCC[C@H]2O)C[C@@H]2[C@H]3CC4=CC=CC=C4[C@H]32)=C1C,CCCc1cc(C(=O)N(CC[C@H]2CCC(=O)N2)Cc2cc(C3CCC3)[nH]n2)[nH]n1,CCn1nc(C)c(NC(=O)N(C[C@@H]2[C@H]3Cc4ccccc4[C@H]32)C[C@H]2OCCC[C@H]2O)c1C,29,32,32,36,116.214447,3.285875,17,16,17,16,1,0,0,1,0
751,496,124,5028808,10006801,CO[C@H]1C[C@H](CN(CC2=NC3=C(CCC3)S2)C(=O)C(F)(F)C(C)(C)O)C1,CC(C)(C)OC(=O)N1CCC2=CC(COC(=O)COC3=CC=C4CCCCC4=C3)=CC=C2C1,CO[C@H]1C[C@H](CN(Cc2nc3c(s2)CCC3)C(=O)C(F)(F)C(C)(C)O)C1,CC(C)(C)OC(=O)N1CCc2cc(COC(=O)COc3ccc4c(c3)CCCC4)ccc2C1,26,28,33,36,41.156662,1.822920,11,10,11,10,1,0,0,1,0
752,29,996,5500785,6242893,CCN(C(=O)CC1CC(NC(=O)C2=C(C)OC(CO)=C2)C1)C(C)C1CCC1,C[C@@H](N)CN1C=C(CCCCC(=O)N2CCC3=CC(F)=CC(Cl)=C3C2)N=N1,CCN(C(=O)CC1CC(NC(=O)c2cc(CO)oc2C)C1)C(C)C1CCC1,C[C@@H](N)Cn1cc(CCCCC(=O)N2CCc3cc(F)cc(Cl)c3C2)nn1,27,29,27,29,123.957634,5.232304,15,14,15,14,1,0,0,1,0
753,645,623,7579062,2844946,COC1CC(CNC2(C3=NN=NN3CC3(C)OCCO3)COC3(CCC3)C2)C1,COC(=O)[C@H]1[C@H]2C[C@H]2CN1C(C(=O)NCCC#N)C1=CC(Br)=CO1,COC1CC(CNC2(c3nnnn3CC3(C)OCCO3)COC3(CCC3)C2)C1,COC(=O)[C@H]1[C@H]2C[C@H]2CN1C(C(=O)NCCC#N)c1cc(Br)co1,28,32,24,26,33.570980,2.597637,17,16,17,16,1,0,0,1,0
754,818,245,10162931,9700358,CC(C)(C)OC(=O)N[C@H](C(=O)NC(CC1=CC=CC=C1)CN1CCOCC1)C1=CC=C(F)C=C1,COC1=CC=C(C[C@H](NC(=O)OC(C)(C)C)C(=O)NCC2=CC=NC3=CC=CC=C23)C=C1,CC(C)(C)OC(=O)N[C@H](C(=O)NC(Cc1ccccc1)CN1CCOCC1)c1ccc(F)cc1,COc1ccc(C[C@H](NC(=O)OC(C)(C)C)C(=O)NCc2ccnc3ccccc23)cc1,34,36,32,34,1497.304688,23.741707,26,26,26,26,1,0,0,1,0
755,726,162,10048139,2108996,O=C(NCC1CN(C(=O)CCC(=O)C2CC2)CCC12CCOCC2)C1=NC=CC=C1C1CC1,CC(C)[C@@H](C(=O)N1CCC2=CC=C(F)C=C2C1)C1=CC=C(Cl)C=C1,O=C(NCC1CN(C(=O)CCC(=O)C2CC2)CCC12CCOCC2)c1ncccc1C1CC1,CC(C)[C@@H](C(=O)N1CCc2ccc(F)cc2C1)c1ccc(Cl)cc1,33,37,24,26,664.764954,19.708150,18,17,18,17,1,0,0,1,0
756,318,564,6665413,7531033,CCCCN1C2=CC=CC=C2N=C1CNS(=O)(=O)C1=CC(C(F)(F)F)=CC=N1,CCC1=CC(C(=O)NCC2(C3=CN(CC4=CC=NC=N4)N=N3)CC2)=CC=C1C,CCCCn1c(CNS(=O)(=O)c2cc(C(F)(F)F)ccn2)nc2ccccc21,CCc1cc(C(=O)NCC2(c3cn(Cc4ccncn4)nn3)CC2)ccc1C,28,30,28,31,30.400587,1.479845,11,10,11,10,1,0,0,1,0
757,14,565,1256714,1184618,CCCCC(C)(NS(=O)(=O)C1=C(C(=O)OC)OC=C1)C(=O)O,CCC(O)(CC)CNC(=O)C(=O)NC1=NC(COC)=CC=C1,CCCCC(C)(NS(=O)(=O)c1ccoc1C(=O)OC)C(=O)O,CCC(O)(CC)CNC(=O)C(=O)Nc1cccc(COC)n1,22,22,22,22,4.302831,0.334500,8,7,8,7,1,0,0,1,0
758,417,95,6853801,9309198,CCC(CNC(=O)C[C@H]1CC[C@H](NC(=O)C2CCC3(CC3)C2)CC1)C(C)(F)F,COC1=CC=C(CC2CCN(C(=O)C3=CC=C(N4C=NC5=CC=CC=C54)C=C3)C2)C=C1,CCC(CNC(=O)C[C@H]1CC[C@H](NC(=O)C2CCC3(CC3)C2)CC1)C(C)(F)F,COc1ccc(CC2CCN(C(=O)c3ccc(-n4cnc5ccccc54)cc3)C2)cc1,28,30,31,35,430.625885,10.575128,17,16,17,16,1,0,0,1,0
759,230,861,980564,4587767,COC1=CC2=NC=C(C(=O)NC3=CC(Cl)=CC(Cl)=N3)N2C=C1,CC1=NC=C(C(=O)N[C@H]2C[C@@H](C(=O)N3CC(C4=NOCC4)C3)C2)C(N)=N1,COc1ccn2c(C(=O)Nc3cc(Cl)cc(Cl)n3)cnc2c1,Cc1ncc(C(=O)N[C@H]2C[C@@H](C(=O)N3CC(C4=NOCC4)C3)C2)c(N)n1,22,24,26,29,38.818020,1.923638,14,13,14,13,1,0,0,1,0
760,934,116,9655269,6693676,COC1=CC(CN(CC2=CC3=CC=NC=C3S2)CC2CCC3=NC=CN3C2)=CC(Cl)=N1,CCOC1=CC=C(C=CC(=O)NCC2=CC=C(COC)C(F)=C2)C=C1OCC,COc1cc(CN(Cc2cc3ccncc3s2)CC2CCc3nccn3C2)cc(Cl)n1,CCOc1ccc(C=CC(=O)NCc2ccc(COC)c(F)c2)cc1OCC,31,35,28,29,28.176611,1.249442,9,8,9,8,1,0,0,1,0
761,472,969,3485370,999951,CC1=CC=C(NC(=O)C(C)CNC(=O)CCOCC(C)C)C(CO)=C1,C#CC1=CC(CC(=O)N[C@H]2CC[C@@H](C(=O)OC)CC2)=CC=C1,Cc1ccc(NC(=O)C(C)CNC(=O)CCOCC(C)C)c(CO)c1,C#Cc1cccc(CC(=O)N[C@H]2CC[C@@H](C(=O)OC)CC2)c1,25,25,22,23,58.240868,2.477947,12,12,12,12,1,0,0,1,0
762,120,663,2127325,5891057,O=C([C@H]1[C@@H](C2=CC=CC=C2)C1(F)F)N1OCCC1C1=CC=CC=C1,COC1=CC(C(=O)N2C[C@@H]3[C@H](C2)[C@H]3NC(=O)C2=NN(C)C(C)=C2)=CC=C1C,O=C([C@H]1[C@@H](c2ccccc2)C1(F)F)N1OCCC1c1ccccc1,COc1cc(C(=O)N2C[C@@H]3[C@H](C2)[C@H]3NC(=O)c2cc(C)n(C)n2)ccc1C,24,27,27,30,217.980972,5.855555,15,14,15,14,1,0,0,1,0
763,852,157,3728846,7323505,CC[C@@H]1CN(C(=O)C2CCNC(=O)C2)C[C@@H]1NC1=CC=NC=C1C#N,CC(C)N1CCCC(C(=O)N[C@H](C)CCNC(=O)C2=CN3N=CC=CC3=C2)C1,CC[C@@H]1CN(C(=O)C2CCNC(=O)C2)C[C@@H]1Nc1ccncc1C#N,CC(C)N1CCCC(C(=O)N[C@H](C)CCNC(=O)c2cc3cccnn3c2)C1,25,27,28,30,210.551239,6.088259,20,19,20,19,1,0,0,1,0
764,510,955,9152088,1594940,COCCC1CCN(C(C2=CC=C(C)O2)C2=NN=NN2CCSC)C2=CC=CC=C21,O=C1NC2=CC=CC=C2N1CCCNC1(C2CCCOC2)CC1,COCCC1CCN(C(c2ccc(C)o2)c2nnnn2CCSC)c2ccccc21,O=c1[nH]c2ccccc2n1CCCNC1(C2CCCOC2)CC1,30,33,23,26,62.085991,2.594460,13,12,13,12,1,0,0,1,0
765,733,298,5747447,1594986,CC1=NON=C1CC(=O)N1C[C@H]2CCC[C@H]2[C@H]1C(=O)N(C)[C@@H]1CCC[C@H]1O,CC1CN(C[C@@H](O)CCOCC2=CC=CC=C2)CCN1C1CC1,Cc1nonc1CC(=O)N1C[C@H]2CCC[C@H]2[C@H]1C(=O)N(C)[C@@H]1CCC[C@H]1O,CC1CN(C[C@@H](O)CCOCc2ccccc2)CCN1C1CC1,27,30,23,25,139.365646,6.080101,15,14,15,14,1,0,0,1,0
766,521,722,2868885,5837062,COC1=C(C)C(C(=O)N(C)CC(=O)NC2=CC=C(F)C=C2)=CC=C1Br,[N-]=[N+]=NCCCCC(=O)N[C@H](CC(=O)N1CCC(=C(F)F)CC1)CC1CC1,COc1c(Br)ccc(C(=O)N(C)CC(=O)Nc2ccc(F)cc2)c1C,[N-]=[N+]=NCCCCC(=O)N[C@H](CC(=O)N1CCC(=C(F)F)CC1)CC1CC1,25,26,27,28,38.235935,1.832213,12,11,12,11,1,0,0,1,0
767,279,425,4764529,9958200,CCN(CC)CCC(=O)NC1CCC12CCN(C(=O)C1=CNC=C1)CC2,COC1=CN=CC(NC(=O)N(CCC2=CNC3=CC=CC=C23)CC(C)C2CCOCC2)=C1,CCN(CC)CCC(=O)NC1CCC12CCN(C(=O)c1cc[nH]c1)CC2,COc1cncc(NC(=O)N(CCc2c[nH]c3ccccc23)CC(C)C2CCOCC2)c1,26,28,32,35,262.992584,5.240366,17,16,17,16,1,0,0,1,0
768,854,494,3570458,2566066,C[C@H]1CCO[C@H]1C(=O)NC[C@H]1CCCCN1C(=O)/C=C/C1=CNC=N1,CCCCCC1CN(C(=O)[C@H]2C[C@H](NC(=O)[C@H](O)C(F)(F)F)C2)C1,C[C@H]1CCO[C@H]1C(=O)NC[C@H]1CCCCN1C(=O)/C=C/c1c[nH]cn1,CCCCCC1CN(C(=O)[C@H]2C[C@H](NC(=O)[C@H](O)C(F)(F)F)C2)C1,25,27,24,25,37.319378,2.319967,13,12,13,12,1,0,0,1,0
769,483,249,7811093,4332357,CN1C=NC=C1CN(CC1=CC=NN1CC(F)(F)F)CC1(CF)CCCCC1,CC(CC(=O)NC1(C(=O)NC(C)CCN(C)C)CCCCC1)CN(C)C,Cn1cncc1CN(Cc1ccnn1CC(F)(F)F)CC1(CF)CCCCC1,CC(CC(=O)NC1(C(=O)NC(C)CCN(C)C)CCCCC1)CN(C)C,28,30,26,26,18.277012,1.342022,13,13,13,13,1,0,0,1,0
770,467,564,4755768,7531033,CC1=CC(C)=C(C(=O)N[C@H](CNC(=O)/C=C/C2=COC=C2)CC(C)C)O1,CCC1=CC(C(=O)NCC2(C3=CN(CC4=CC=NC=N4)N=N3)CC2)=CC=C1C,Cc1cc(C)c(C(=O)N[C@H](CNC(=O)/C=C/c2ccoc2)CC(C)C)o1,CCc1cc(C(=O)NCC2(c3cn(Cc4ccncn4)nn3)CC2)ccc1C,26,27,28,31,15.758659,0.749810,12,11,12,11,1,0,0,1,0
771,148,392,5386831,5671171,O=C(NC[C@H]1C[C@@H]1C1=C(F)C=CC=C1F)N[C@H](C1=CC=CC=C1)C1CCC1,CC1(C)CC=C(C(=O)N[C@H]2C[C@@](C)(C(=O)N[C@H]3CCC[C@H]3N=[N+]=[N-])C2)CC1,O=C(NC[C@H]1C[C@@H]1c1c(F)cccc1F)N[C@H](c1ccccc1)C1CCC1,CC1(C)CC=C(C(=O)N[C@H]2C[C@@](C)(C(=O)N[C@H]3CCC[C@H]3N=[N+]=[N-])C2)CC1,27,30,27,29,56.854095,2.446446,10,9,10,9,1,0,0,1,0
772,195,943,9276851,2359342,CC1CN(C(=O)C2=CC=C(NC(=O)C3=NC(C4=CN(C)N=C4)=CC=C3)C=C2)CC(C)O1,O=C(NCCNC(=O)C1=CC(Br)=CC=C1)C(=O)N1C2CCC1CC2,CC1CN(C(=O)c2ccc(NC(=O)c3cccc(-c4cnn(C)c4)n3)cc2)CC(C)O1,O=C(NCCNC(=O)c1cccc(Br)c1)C(=O)N1C2CCC1CC2,31,34,24,26,31.037828,1.056253,13,13,13,13,1,0,0,1,0
773,613,520,7752066,4123390,COC(=O)C1=CC(CN(C[C@@H]2CCC[C@H]2O)C(=O)/C=C/C2=CC=CC=N2)=CN1,O=[N+]([O-])C1=CN(CC(O)CN2CC3CC2(C(O)C2=CC=CC=C2)C3)N=C1,COC(=O)c1cc(CN(C[C@@H]2CCC[C@H]2O)C(=O)/C=C/c2ccccn2)c[nH]1,O=[N+]([O-])c1cnn(CC(O)CN2CC3CC2(C(O)c2ccccc2)C3)c1,28,30,26,29,109.602753,3.892100,15,14,15,14,1,0,0,1,0
774,764,900,3570718,3234087,O=C(NCC1CN(C(=O)CCN2C=CN=C2)CCO1)C1=CSN=C1Cl,CCCCSCCC(=O)NC(C)C(C)C(=O)NC1CC2(C1)CN(C)C2,O=C(NCC1CN(C(=O)CCn2ccnc2)CCO1)c1csnc1Cl,CCCCSCCC(=O)NC(C)C(C)C(=O)NC1CC2(C1)CN(C)C2,25,27,25,26,34.505245,1.885260,13,12,13,12,1,0,0,1,0
775,139,884,8598954,7734203,COC1=CC=CC(CN(CC2=NOC(C3CC3)=C2C)C(=O)/C=C/C2=COC=C2)=C1,CCC1=C(C(=O)N(CCC2=NC(C)=CC=N2)CC(C)CCC=C(C)C)C=NN1,COc1cccc(CN(Cc2noc(C3CC3)c2C)C(=O)/C=C/c2ccoc2)c1,CCc1[nH]ncc1C(=O)N(CCc1nccc(C)n1)CC(C)CCC=C(C)C,29,32,28,29,68.996880,2.538021,14,13,14,13,1,0,0,1,0
776,71,282,4769611,9846240,CC(C)(C)CCCCC(=O)N1CC(CCNC(=O)C2=CC=NC=C2F)C1,CCC1=C(C(=O)NC(C)C2CCN(S(=O)(=O)C3=CC=CC4=CC=CN=C43)C2)N=NN1CC,CC(C)(C)CCCCC(=O)N1CC(CCNC(=O)c2ccncc2F)C1,CCc1c(C(=O)NC(C)C2CCN(S(=O)(=O)c3cccc4cccnc34)C2)nnn1CC,26,27,32,35,72.631317,2.949165,13,12,13,12,1,0,0,1,0
777,791,808,9428881,7721289,CC1=CC(C(=O)N2[C@H](CNC(=O)C3=CC=C(N=[N+]=[N-])C=C3)C[C@@H]3CCC[C@@H]32)=NN=C1C,CC(C)OC(C)(C)C(=O)N(CC1=CC=C(F)C=C1O)CC(O)C1=CC=CC=C1,Cc1cc(C(=O)N2[C@H](CNC(=O)c3ccc(N=[N+]=[N-])cc3)C[C@@H]3CCC[C@@H]32)nnc1C,CC(C)OC(C)(C)C(=O)N(Cc1ccc(F)cc1O)CC(O)c1ccccc1,31,34,28,29,78.605980,4.836684,16,16,16,16,1,0,0,1,0
778,874,424,7444830,6107964,COC(=O)C1=CC(NCCNC(=O)C2CCCCC2C2CC2)=NC(C2CC2)=N1,O=C(CCC1=CN=CO1)NC[C@H]1CCCN(C(=O)CN2CCOCC2=O)C1,COC(=O)c1cc(NCCNC(=O)C2CCCCC2C2CC2)nc(C2CC2)n1,O=C(CCc1cnco1)NC[C@H]1CCCN(C(=O)CN2CCOCC2=O)C1,28,31,27,29,40.322571,2.003472,15,14,15,14,1,0,0,1,0
779,348,956,2791183,6083509,CCC1=CC=C(CN(CC(Cl)(Cl)Cl)C(=O)CNC(=O)CC(C)C)O1,CCN1C=CC(CC(=O)NCC2CN(C(=O)CCOC(C)=O)CC2(F)F)=N1,CCc1ccc(CN(CC(Cl)(Cl)Cl)C(=O)CNC(=O)CC(C)C)o1,CCn1ccc(CC(=O)NCC2CN(C(=O)CCOC(C)=O)CC2(F)F)n1,24,24,27,28,7.939790,0.738765,9,8,9,8,1,0,0,1,0
780,806,519,542253,8176671,C=CCN(OC)C(=O)CCNC(=O)C1=CN=NN1C=C,CCC1=CC=C(C(=O)N2CCCC[C@H]2CN(C)C(=O)CCNC2=CC=CC=N2)N1,C=CCN(OC)C(=O)CCNC(=O)c1cnnn1C=C,CCc1ccc(C(=O)N2CCCC[C@H]2CN(C)C(=O)CCNc2ccccn2)[nH]1,20,20,29,31,9.576401,0.469143,12,11,12,11,1,0,0,1,0
781,273,840,7258588,7897823,CCC(CC(=O)NCC1CN(C(=O)C2=NC=CN=C2OC)CC12CCC2)OC,COC1=CC=CC2=C1C(C1NC(=O)N(C)C3=C1C(=O)NC1(CCOCC1)C3)=CN2,CCC(CC(=O)NCC1CN(C(=O)c2nccnc2OC)CC12CCC2)OC,COc1cccc2[nH]cc(C3NC(=O)N(C)C4=C3C(=O)NC3(CCOCC3)C4)c12,28,30,29,33,240.930817,8.841277,14,13,14,13,1,0,0,1,0
782,2,289,66768,8174796,CC(C)[C@H](C)C(=O)OCC1=CC=C(Cl)C(F)=C1,CC(CC1=CC=CN=C1)C(=O)NC[C@H]1C[C@H](NC(=O)CC2OCCCC2(C)C)C1,CC(C)[C@H](C)C(=O)OCc1ccc(Cl)c(F)c1,CC(Cc1cccnc1)C(=O)NC[C@H]1C[C@H](NC(=O)CC2OCCCC2(C)C)C1,17,17,29,31,13.459517,0.832540,9,8,9,8,1,0,0,1,0
783,743,305,7082654,10117801,CC1=NN(CC(=O)NC(CC(=O)NCC(C)C2=CC=NC=C2)CC(C)C)N=N1,C#CCCC1CCN(C(C2=CN(C3=CC=CC(F)=C3)N=C2C)C2=NN=NN2CCC2CC2)C1,Cc1nnn(CC(=O)NC(CC(=O)NCC(C)c2ccncc2)CC(C)C)n1,C#CCCC1CCN(C(c2cn(-c3cccc(F)c3)nc2C)c2nnnn2CCC2CC2)C1,28,29,33,37,60.490868,2.403656,13,12,13,12,1,0,0,1,0
784,857,601,2350705,7965965,N#CC1=CC=C(N2CCC(C(CN)C3=CC=CC=C3)CC2)C(F)=C1,CNC(=O)CN1C=CC2=CC=C(NC(=O)NC3=C4OC(=O)NC4=CC(Cl)=C3)C=C21,N#Cc1ccc(N2CCC(C(CN)c3ccccc3)CC2)c(F)c1,CNC(=O)Cn1ccc2ccc(NC(=O)Nc3cc(Cl)cc4[nH]c(=O)oc34)cc21,24,26,29,32,154.573700,7.301033,11,11,11,11,1,0,0,1,0
785,593,675,247809,6756127,CN1N=CC(CNCCC2=CNN=N2)=C1S(N)(=O)=O,CC(C)C(=O)NCC1CCCN(C(=O)C(=O)NC2=CC=CC3=CC=NC=C32)C1,Cn1ncc(CNCCc2c[nH]nn2)c1S(N)(=O)=O,CC(C)C(=O)NCC1CCCN(C(=O)C(=O)Nc2cccc3ccncc23)C1,19,20,28,30,11.359742,0.492855,10,9,10,9,1,0,0,1,0
786,501,886,4499785,7135267,C#CCOC(=O)CNC(=O)C(F)C1CC(NC(=O)CC2CC3(CC3)C2)C1,O=C(C1=CC=C(F)C=C1)N(CCN1C=NC(Br)=N1)CC1=CC2=NC=CC=C2S1,C#CCOC(=O)CNC(=O)C(F)C1CC(NC(=O)CC2CC3(CC3)C2)C1,O=C(c1ccc(F)cc1)N(CCn1cnc(Br)n1)Cc1cc2ncccc2s1,26,28,28,31,64.861382,2.514949,14,13,14,13,1,0,0,1,0
787,152,457,2237266,6812556,COC1=CC(S(C)(=O)=O)=CC=C1NC(=O)NC1(CO)CC(C)(C)C1,CCC1=NOC(CNC(=O)C(=O)N2CCN(C3=CC=C(C(C)=O)C=C3)CC2)=N1,COc1cc(S(C)(=O)=O)ccc1NC(=O)NC1(CO)CC(C)(C)C1,CCc1noc(CNC(=O)C(=O)N2CCN(c3ccc(C(C)=O)cc3)CC2)n1,24,25,28,30,14.983610,0.865265,8,8,8,8,1,0,0,1,0
788,551,495,3108760,224835,CC1=C(CCNC(=O)NCC(=O)N2CCCO2)C2=CC(Cl)=CC=C2N1,C=CC(C)(O)CNC(=O)C1=CC2=C(N=CN2)C(F)=C1,Cc1[nH]c2ccc(Cl)cc2c1CCNC(=O)NCC(=O)N1CCCO1,C=CC(C)(O)CNC(=O)c1cc(F)c2nc[nH]c2c1,25,27,19,20,64.444244,1.441612,14,13,14,13,1,0,0,1,0
789,353,340,5603307,2339548,COC(C(=O)NCCOC1CCCC1)C1CN(C(=O)C2=NOC(C)(C)C2)C1,C[C@H](O)C1=CC=CC(NCC(C)(C)C(=O)OCC2=CC=CC=C2)=C1,COC(C(=O)NCCOC1CCCC1)C1CN(C(=O)C2=NOC(C)(C)C2)C1,C[C@H](O)c1cccc(NCC(C)(C)C(=O)OCc2ccccc2)c1,27,29,24,25,38.158314,1.922198,13,12,13,12,1,0,0,1,0
790,565,781,1184618,9990567,CCC(O)(CC)CNC(=O)C(=O)NC1=NC(COC)=CC=C1,COC(=O)C1=CC=C(NC(=O)C2CCN(C(=O)C3=CC=C(F)C=C3F)CC2)C2=CC=NC=C12,CCC(O)(CC)CNC(=O)C(=O)Nc1cccc(COC)n1,COC(=O)c1ccc(NC(=O)C2CCN(C(=O)c3ccc(F)cc3F)CC2)c2ccncc12,22,22,33,36,30.258408,1.075805,10,9,10,9,1,0,0,1,0
791,556,386,4622436,2507309,CCCC(=O)C1=CN(CC2CN(C(=O)C3=CN=CN=C3C3CC3)C2)N=N1,CCONC(=O)C1=CC2(CN(C(=O)C3CCCC(=O)CC3)C2)OC1,CCCC(=O)c1cn(CC2CN(C(=O)c3cncnc3C3CC3)C2)nn1,CCONC(=O)C1=CC2(CN(C(=O)C3CCCC(=O)CC3)C2)OC1,26,29,24,26,114.737854,3.510744,13,13,13,13,1,0,0,1,0
792,466,955,3997278,1594940,O=C(/C=C/C1=CC=CC=C1)C(=O)NC1=CC=CC2=C(C3CC3)C=CC=C12,O=C1NC2=CC=CC=C2N1CCCNC1(C2CCCOC2)CC1,O=C(/C=C/c1ccccc1)C(=O)Nc1cccc2c(C3CC3)cccc12,O=c1[nH]c2ccccc2n1CCCNC1(C2CCCOC2)CC1,26,29,23,26,20.958927,1.537502,12,11,12,11,1,0,0,1,0
793,329,890,2878372,302330,CC(C)C(=O)C1=CN=CC=C1NC(=O)COC1=CC=C(C#N)C=C1Cl,NC1=CN=C(Br)C=C1CN1CCC(C(O)CO)CC1,CC(C)C(=O)c1cnccc1NC(=O)COc1ccc(C#N)cc1Cl,Nc1cnc(Br)cc1CN1CCC(C(O)CO)CC1,25,26,19,20,19.889898,1.164149,10,9,10,9,1,0,0,1,0
794,193,714,2352518,7488944,COC(=O)C(C)(C)CCC1=NC(C2=NC3=CC(Br)=CC=C3O2)=NO1,CCC(C)C1=NC=CC(NC[C@H]2CCC[C@@H](NC(=O)CN3N=CC=C3C)C2)=N1,COC(=O)C(C)(C)CCc1nc(-c2nc3cc(Br)ccc3o2)no1,CCC(C)c1nccc(NC[C@H]2CCC[C@@H](NC(=O)Cn3nccc3C)C2)n1,24,26,28,30,17.478411,0.827443,13,13,13,13,1,0,0,1,0
795,244,585,5315419,3609064,CC1=CC(C)=C(C(=O)OCC(=O)NN(C2=CC=CC=C2)C2=CC=CC=C2)N1,CCCOCCC(=O)NC[C@@H]1C[C@H]2CC[C@@H](C1)N2C(=O)C1=CN=CO1,Cc1cc(C)c(C(=O)OCC(=O)NN(c2ccccc2)c2ccccc2)[nH]1,CCCOCCC(=O)NC[C@@H]1C[C@H]2CC[C@@H](C1)N2C(=O)c1cnco1,27,29,25,27,60.721512,3.608186,10,9,10,9,1,0,0,1,0
796,392,239,5671171,9025322,CC1(C)CC=C(C(=O)N[C@H]2C[C@@](C)(C(=O)N[C@H]3CCC[C@H]3N=[N+]=[N-])C2)CC1,NC1=NC(N2CCCC(NC(=O)/C=C/C3=CC=C4OCOC4=C3)C2)=NC(C2CC2)=N1,CC1(C)CC=C(C(=O)N[C@H]2C[C@@](C)(C(=O)N[C@H]3CCC[C@H]3N=[N+]=[N-])C2)CC1,Nc1nc(C2CC2)nc(N2CCCC(NC(=O)/C=C/c3ccc4c(c3)OCO4)C2)n1,27,29,30,34,170.952438,5.672921,16,15,16,15,1,0,0,1,0
797,876,794,10304745,6228162,CC[C@H](NC(=O)OC(C)(C)C)C(C1=NN=NN1C1=CC(C(=O)OC)=CC=C1)N(C)C1CCN(C)C1,CC1=CC=NC=C1S(=O)(=O)NCC(O)CCNC(=O)/C=C/C1=CN=CC=N1,CC[C@H](NC(=O)OC(C)(C)C)C(c1nnnn1-c1cccc(C(=O)OC)c1)N(C)C1CCN(C)C1,Cc1ccncc1S(=O)(=O)NCC(O)CCNC(=O)/C=C/c1cnccn1,35,37,27,28,8.072111,0.593662,7,6,7,6,1,0,0,1,0
798,420,44,8672863,7233874,CC1=CC=C(CN(CCC2=CC=C(F)C=C2C)CC2=CN(C)C(C#N)=C2)C(O)=C1,C#CCC(CC(F)F)C(=O)NC1(C2CCCN2C(=O)CC2=CC=C(C)O2)CC1,Cc1ccc(CN(CCc2ccc(F)cc2C)Cc2cc(C#N)n(C)c2)c(O)c1,C#CCC(CC(F)F)C(=O)NC1(C2CCCN2C(=O)Cc2ccc(C)o2)CC1,29,31,28,30,51.758976,2.654342,16,15,16,15,1,0,0,1,0
799,325,762,5684693,4031768,C=CCC1(C(=O)N[C@H]2CCCCC2(F)F)CN(C(=O)C[C@@H]2CC=CCC2)C1,CC(C)C1(CNC(=O)CNC(=O)C2=CC=C(S(N)(=O)=O)C=C2)OCCO1,C=CCC1(C(=O)N[C@H]2CCCCC2(F)F)CN(C(=O)C[C@@H]2CC=CCC2)C1,CC(C)C1(CNC(=O)CNC(=O)c2ccc(S(N)(=O)=O)cc2)OCCO1,27,29,26,27,16.893446,0.758002,10,9,10,9,1,0,0,1,0
800,484,722,2194018,5837062,CCOC(=O)[C@H]1C[C@@H]1C(=O)OCCN1C2=CC=C(Br)C=C2N=C1N,[N-]=[N+]=NCCCCC(=O)N[C@H](CC(=O)N1CCC(=C(F)F)CC1)CC1CC1,CCOC(=O)[C@H]1C[C@@H]1C(=O)OCCn1c(N)nc2cc(Br)ccc21,[N-]=[N+]=NCCCCC(=O)N[C@H](CC(=O)N1CCC(=C(F)F)CC1)CC1CC1,24,26,27,28,16.858023,0.984784,10,9,10,9,1,0,0,1,0
801,935,830,1579789,9121256,CC1=CC=C(F)C=C1CCCC(=O)OCCC#CC[Si](C)(C)C,CCC1=CN=CC(C(=O)N2CC(C(=O)O)(C3=CN(C[C@@H]4C[C@H]5CC[C@@H]4O5)N=N3)C2)=C1,Cc1ccc(F)cc1CCCC(=O)OCCC#CC[Si](C)(C)C,CCc1cncc(C(=O)N2CC(C(=O)O)(c3cn(C[C@@H]4C[C@H]5CC[C@@H]4O5)nn3)C2)c1,23,23,30,34,24.797306,0.940570,8,7,8,7,1,0,0,1,0
802,390,395,364061,5105215,CC1(C)CC(CC(=O)NCCC2(C)N=N2)CC(C)(C)C1,CC1=CC=C(CN(CCCC2=COC=N2)C(=O)C2=NOC(C)=C2)C(F)=C1,CC1(C)CC(CC(=O)NCCC2(C)N=N2)CC(C)(C)C1,Cc1ccc(CN(CCCc2cocn2)C(=O)c2cc(C)on2)c(F)c1,20,21,26,28,41.295216,1.877115,13,12,13,12,1,0,0,1,0
803,679,811,46259,4686255,COC(C)(C)CC(=O)NCC(C)N1C=CC=N1,C=CCCOC(C)C(=O)NCC1CN(C(=O)CC2CC2)CCC12CCC2,COC(C)(C)CC(=O)NCC(C)n1cccn1,C=CCCOC(C)C(=O)NCC1CN(C(=O)CC2CC2)CCC12CCC2,17,17,26,28,6.105817,0.527374,10,9,10,9,1,0,0,1,0
804,840,667,7897823,4170183,COC1=CC=CC2=C1C(C1NC(=O)N(C)C3=C1C(=O)NC1(CCOCC1)C3)=CN2,COC1=CC=C(C(CF)NC(=O)NCC2=CC=C(C)C(C3CC3)=C2)C=C1,COc1cccc2[nH]cc(C3NC(=O)N(C)C4=C3C(=O)NC3(CCOCC3)C4)c12,COc1ccc(C(CF)NC(=O)NCc2ccc(C)c(C3CC3)c2)cc1,29,33,26,28,334.214630,8.778060,20,19,20,19,1,0,0,1,0
805,155,507,9673052,2423837,O=C(NCCC1CC1)C(C1=CN(CCF)N=C1)N1CCN(CC2=CC(F)=CC=C2)CC1,CN(CCCCO)C(=O)[C@H]1CCCN1C(=O)C1CCCCNC1=O,O=C(NCCC1CC1)C(c1cnn(CCF)c1)N1CCN(Cc2cccc(F)c2)CC1,CN(CCCCO)C(=O)[C@H]1CCCN1C(=O)C1CCCCNC1=O,31,34,24,25,210.651184,5.272375,17,16,17,16,1,0,0,1,0
806,987,37,4093080,1607588,CC(C)(C)OC(=O)NC1(CNC(=O)CC2=CSC=N2)CCC(F)(F)CC1,CC1=CC(NC(=O)NC2=CC3=CC=NN3C=C2)=CC=C1C1CC1,CC(C)(C)OC(=O)NC1(CNC(=O)Cc2cscn2)CCC(F)(F)CC1,Cc1cc(NC(=O)Nc2ccn3nccc3c2)ccc1C1CC1,26,27,23,26,34.736328,1.925794,10,9,10,9,1,0,0,1,0
807,129,514,6394273,9243210,CC1=CC=C(CCN(CC2=CC(C)=CN=C2O)C(=O)C2=CN=C(C)O2)C=C1,CCSC1=NN=C(CN(CC2=CC=C(C#N)C(Cl)=C2)C(=O)NC2=CC=CC=C2)N1C,Cc1ccc(CCN(Cc2cc(C)cnc2O)C(=O)c2cnc(C)o2)cc1,CCSc1nnc(CN(Cc2ccc(C#N)c(Cl)c2)C(=O)Nc2ccccc2)n1C,27,29,30,32,62.914497,2.768423,12,11,12,11,1,0,0,1,0
808,988,604,6019508,2155819,O=C(CNC1=CC=NC=C1)NCC1CC(CNC(=O)CN2C=CN=N2)CO1,CCOC1=CC=C(S(=O)(=O)N2CC(C(=O)OC)CC2(C)C)C=C1Cl,O=C(CNc1ccncc1)NCC1CC(CNC(=O)Cn2ccnn2)CO1,CCOc1ccc(S(=O)(=O)N2CC(C(=O)OC)CC2(C)C)cc1Cl,27,29,24,25,9.251096,0.687339,9,8,9,8,1,0,0,1,0
809,339,890,4402122,302330,C#CCC1(C(=O)N2CC(F)(C3CC3)C2)CCN(C(=O)[C@H]2C[C@@H]2C(C)C)C1,NC1=CN=C(Br)C=C1CN1CCC(C(O)CO)CC1,C#CCC1(C(=O)N2CC(F)(C3CC3)C2)CCN(C(=O)[C@H]2C[C@@H]2C(C)C)C1,Nc1cnc(Br)cc1CN1CCC(C(O)CO)CC1,26,29,19,20,60.721794,1.686026,15,14,15,14,1,0,0,1,0
810,102,895,7027068,5132325,O=C(CCC1=CC=CN1)NCC1=CC(C(=O)N2CC(N3C=NN=C3)C2)=CC=N1,COC1=CC(C)=NC(CN(CC[C@@H]2COC[C@H]2O)CC2=CC=CC=C2)=C1,O=C(CCc1ccc[nH]1)NCc1cc(C(=O)N2CC(n3cnnc3)C2)ccn1,COc1cc(C)nc(CN(CC[C@@H]2COC[C@H]2O)Cc2ccccc2)c1,28,31,26,28,36.279987,1.429029,16,15,16,15,1,0,0,1,0
811,865,450,9781908,3479660,COCC1(NC(=O)C2=CC=C3C=NOC3=C2)CCN(C(=O)CCCCN2CCCC2)CC1,CC(C)CCC(NC(=O)C1COCCO1)C(=O)NC1CCCCCC1,COCC1(NC(=O)c2ccc3cnoc3c2)CCN(C(=O)CCCCN2CCCC2)CC1,CC(C)CCC(NC(=O)C1COCCO1)C(=O)NC1CCCCCC1,32,35,25,26,70.422554,1.362220,14,13,14,13,1,0,0,1,0
812,102,538,7027068,461995,O=C(CCC1=CC=CN1)NCC1=CC(C(=O)N2CC(N3C=NN=C3)C2)=CC=N1,CSC1=C2CN(CCN3CCOC(C)C3)CCN2N=C1,O=C(CCc1ccc[nH]1)NCc1cc(C(=O)N2CC(n3cnnc3)C2)ccn1,CSc1cnn2c1CN(CCN1CCOC(C)C1)CC2,28,31,20,22,25.205194,1.111363,12,11,12,11,1,0,0,1,0
813,932,467,3724941,4755768,CSC1=NC=NC(N2CCC(F)(CNC(=O)[C@@H]3CCC(=O)O3)C2)=C1Cl,CC1=CC(C)=C(C(=O)N[C@H](CNC(=O)/C=C/C2=COC=C2)CC(C)C)O1,CSc1ncnc(N2CCC(F)(CNC(=O)[C@@H]3CCC(=O)O3)C2)c1Cl,Cc1cc(C)c(C(=O)N[C@H](CNC(=O)/C=C/c2ccoc2)CC(C)C)o1,25,27,26,27,13.814019,0.688261,12,12,12,12,1,0,0,1,0
814,15,739,2467240,2048329,C#CCCCOCCNC(=O)CC1CN(C(=O)CC=C)CC12CC2,COC1=CC(Br)=CC=C1OCC(=O)NCCN1C=NN=C1C(C)C,C#CCCCOCCNC(=O)CC1CN(C(=O)CC=C)CC12CC2,COc1cc(Br)ccc1OCC(=O)NCCn1cnnc1C(C)C,24,25,24,25,14.119916,0.757682,10,9,10,9,1,0,0,1,0
815,147,419,3267781,8489148,C=C1CC1C(=O)NC1(C(=O)N(C)CC2=CC=CC(C)=C2)CCCCC1,CC(C)CCN1C=C(CN2CCN(C(=O)C3=CN=CC4=CC=CN=C43)CC2)N=N1,C=C1CC1C(=O)NC1(C(=O)N(C)Cc2cccc(C)c2)CCCCC1,CC(C)CCn1cc(CN2CCN(C(=O)c3cncc4cccnc34)CC2)nn1,25,27,29,32,111.850952,2.689715,16,15,16,15,1,0,0,1,0
816,891,670,5113980,1785915,CCN1C=CC(CN(CC2=CC=C3NC(=O)OC3=C2)CC2[C@H](C)[C@H]2C)=N1,C=CC(CC)C(=O)N[C@@H](CC(=C)C)C(=O)N[C@@H](C)C1=CSC=N1,CCn1ccc(CN(Cc2ccc3[nH]c(=O)oc3c2)CC2[C@H](C)[C@H]2C)n1,C=CC(CC)C(=O)N[C@@H](CC(=C)C)C(=O)N[C@@H](C)c1cscn1,26,29,23,23,8.644225,0.745219,10,9,10,9,1,0,0,1,0
817,993,158,5130606,3115192,FC(F)OC1=CC=C(CN(CC2=CC=CN=C2)CC2=CC(Cl)=NO2)C=N1,COC(=O)CC1=CSC(CNC(=O)N2CCC(C)(N3CCCC3)C2)=N1,FC(F)Oc1ccc(CN(Cc2cccnc2)Cc2cc(Cl)no2)cn1,COC(=O)Cc1csc(CNC(=O)N2CCC(C)(N3CCCC3)C2)n1,26,28,25,27,10.971329,0.676611,10,9,10,9,1,0,0,1,0
818,76,480,2495255,9541253,CCCCCC(=O)NCC1=C(C(=O)N[C@H](CO)C(C)(C)C)C=CO1,COC(=O)C1(CC2=CN(C3C(=O)OCC3(C)C)N=N2)CCN(C(=O)CC2=NC=CN2)C1,CCCCCC(=O)NCc1occc1C(=O)N[C@H](CO)C(C)(C)C,COC(=O)C1(Cc2cn(C3C(=O)OCC3(C)C)nn2)CCN(C(=O)Cc2ncc[nH]2)C1,24,24,31,34,33.951927,1.416624,13,12,13,12,1,0,0,1,0
819,800,992,376818,6262055,CCOC1(C(=O)N[C@H]2C[C@@H]2C2=CNN=C2)CCOCC1,CC(C)CN1C=C(C(C)(C)N2CCN(C(=O)CCCCCC#N)CC2)N=N1,CCOC1(C(=O)N[C@H]2C[C@@H]2c2cn[nH]c2)CCOCC1,CC(C)Cn1cc(C(C)(C)N2CCN(C(=O)CCCCCC#N)CC2)nn1,20,22,27,28,20.671974,1.117412,10,9,10,9,1,0,0,1,0
820,271,346,3835770,2910405,CCC[C@H]1C[C@@H]1CN(CC1=CC=CC2=CC=NC=C21)C(=O)[C@H]1C[C@H]1C,CCSC1=CC=CC=C1CC(=O)NC1=C(F)C=C(Br)C=C1C(=O)OC,CCC[C@H]1C[C@@H]1CN(Cc1cccc2ccncc12)C(=O)[C@H]1C[C@H]1C,CCSc1ccccc1CC(=O)Nc1c(F)cc(Br)cc1C(=O)OC,25,28,25,26,68.997742,1.940233,16,15,16,15,1,0,0,1,0
821,638,709,9415663,1574480,C#CCC1(C(=O)NC[C@@H]2CCC[C@H](CNC(=O)C=C(C)C3=CC=CO3)C2)CCOCC1,COCCOCC(O)COC(=O)CC1=NN(C2CCCC2)C=C1,C#CCC1(C(=O)NC[C@@H]2CCC[C@H](CNC(=O)C=C(C)c3ccco3)C2)CCOCC1,COCCOCC(O)COC(=O)Cc1ccn(C2CCCC2)n1,31,33,23,24,13.112405,0.639344,10,9,10,9,1,0,0,1,0
822,407,665,913391,7440053,C#CCOCCC(=O)NCCN1CCC(NC(C)=O)CC1,O=C(CC1=CC=CC=C1OC1CCCC1)OC/C=C/C1=CC=C2OCOC2=C1,C#CCOCCC(=O)NCCN1CCC(NC(C)=O)CC1,O=C(Cc1ccccc1OC1CCCC1)OC/C=C/c1ccc2c(c1)OCO2,21,21,28,31,1.324983,0.205875,6,5,6,5,1,0,0,1,0
823,82,872,2083033,5919239,COCC1CCCCC1NC(=O)C1=CC=C(OC)C2=CN=CC=C12,CC1=CC(C(=O)NC2(CNC(=O)CCOC3CC3)CCOCC2)=CC=C1F,COCC1CCCCC1NC(=O)c1ccc(OC)c2cnccc12,Cc1cc(C(=O)NC2(CNC(=O)CCOC3CC3)CCOCC2)ccc1F,24,26,27,29,516.689453,14.541553,16,16,16,16,1,0,0,1,0
824,336,872,264655,5919239,CC1=CN(CCN2CCN(C)C3(CCOC3)C2)N=C1,CC1=CC(C(=O)NC2(CNC(=O)CCOC3CC3)CCOCC2)=CC=C1F,Cc1cnn(CCN2CCN(C)C3(CCOC3)C2)c1,Cc1cc(C(=O)NC2(CNC(=O)CCOC3CC3)CCOCC2)ccc1F,19,21,27,29,18.733372,0.877165,14,13,14,13,1,0,0,1,0
825,690,879,6237758,7519501,CC(C)C1=NN=C(CCN2CCC(=O)N(CCCC(=O)NC3CC3)C2=O)S1,O=C(NC1CC(CF)C1)C1=CC=C(C2=CN(CCOCC3CCCC3)N=N2)O1,CC(C)c1nnc(CCN2CCC(=O)N(CCCC(=O)NC3CC3)C2=O)s1,O=C(NC1CC(CF)C1)c1ccc(-c2cn(CCOCC3CCCC3)nn2)o1,27,29,28,31,12.526913,0.783009,9,8,9,8,1,0,0,1,0
826,546,389,3100926,7130093,O=C(NCCC1=COC=C1)NC12CC(CN(CC3=CC=CC=C3)C1)C2,CCCC1=CN=NC(C(=O)N[C@H]2COC[C@H]2N2C=C(CC(OC)OC)N=N2)=C1,O=C(NCCc1ccoc1)NC12CC(CN(Cc3ccccc3)C1)C2,CCCc1cnnc(C(=O)N[C@H]2COC[C@H]2n2cc(CC(OC)OC)nn2)c1,25,28,28,30,47.714630,2.343581,13,12,13,12,1,0,0,1,0
827,977,324,10046622,7283187,C#CC1=CC=C(CCC(=O)N2CCC3(CCCCN(C(=O)C4=C(C5CC5)C=CO4)C3)C2)C=C1,CC1=CC=CN=C1C(=O)N[C@@H]1COC[C@H]1CNC(=O)C1CC2CCC(C1)N2C,C#Cc1ccc(CCC(=O)N2CCC3(CCCCN(C(=O)c4occc4C4CC4)C3)C2)cc1,Cc1cccnc1C(=O)N[C@@H]1COC[C@H]1CNC(=O)C1CC2CCC(C1)N2C,33,37,28,31,464.660156,8.738941,23,22,23,22,1,0,0,1,0
828,641,735,9019778,8858626,CCOCC1=CN(C[C@H]2C[C@H](O)CN2C(=O)C2=CC(C3=CC=C(Br)C=C3)=NO2)N=N1,COC[C@H]1CC[C@@H]1C(=O)N[C@H](CC1CCOCC1)C(=O)N(C)CC1(OC)CCCC1,CCOCc1cn(C[C@H]2C[C@H](O)CN2C(=O)c2cc(-c3ccc(Br)cc3)no2)nn1,COC[C@H]1CC[C@@H]1C(=O)N[C@H](CC1CCOCC1)C(=O)N(C)CC1(OC)CCCC1,30,33,30,32,264.197388,8.620467,17,16,17,16,1,0,0,1,0
829,908,777,8163226,2724797,CC(C)C(CN1CCCC1)NC(=O)CCN1C=C(C(C)(C)C2=CC=CC=C2)N=N1,CCCCC1=CC(NCC[C@H](C)NC(=O)[C@H]2CCC[C@@H]2O)=NC=N1,CC(C)C(CN1CCCC1)NC(=O)CCn1cc(C(C)(C)c2ccccc2)nn1,CCCCc1cc(NCC[C@H](C)NC(=O)[C@H]2CCC[C@@H]2O)ncn1,29,31,24,25,34.919662,1.079184,16,15,16,15,1,0,0,1,0
830,499,893,5522744,9480951,CC(C)(CNC(=O)C(C)(C)C(C)(C)O)CC(=O)NCC1CC/C=C\CCC1,C=C[C@H]1CN(C(=O)CC2=C(C)N(CC)N=C2C)C[C@H]1NC1=NC(C(=O)OC)=NC=C1Cl,CC(C)(CNC(=O)C(C)(C)C(C)(C)O)CC(=O)NCC1CC/C=C\CCC1,C=C[C@H]1CN(C(=O)Cc2c(C)nn(CC)c2C)C[C@H]1Nc1nc(C(=O)OC)ncc1Cl,27,27,31,33,126.016846,3.354810,15,14,15,14,1,0,0,1,0
831,554,36,751354,3149125,CC1=C(C(=O)CN2CCC2C2CCC(C)(C)CC2)SN=C1,COC1=CC=C(NC(=O)C(=O)NC2=C(C)C=C(C)N=C2Cl)C(F)=C1F,Cc1cnsc1C(=O)CN1CCC1C1CCC(C)(C)CC1,COc1ccc(NC(=O)C(=O)Nc2c(C)cc(C)nc2Cl)c(F)c1F,21,23,25,26,43.877697,2.311960,11,10,11,10,1,0,0,1,0
832,632,70,8472175,4319416,CCC(=O)N1CCC(C(=O)NC2CC(C3=CN(CCN4CCOCC4)N=N3)C2)C1,CCCCSCC(=O)N[C@H]1CC[C@@H](CC(=O)N2CC(CO)(OC)C2)CC1,CCC(=O)N1CCC(C(=O)NC2CC(c3cn(CCN4CCOCC4)nn3)C2)C1,CCCCSCC(=O)N[C@H]1CC[C@@H](CC(=O)N2CC(CO)(OC)C2)CC1,29,32,26,27,41.479725,2.400421,11,10,11,10,1,0,0,1,0
833,240,646,7246223,3214063,CC(C)C(F)C(=O)N1CCN(C(=O)C2=COC3=CC=CC=C32)CC1C1CCC1,CN(CCCC1=NC2=CC=CC=C2N1)CC1=C(N)C(C(=O)O)=CC=C1,CC(C)C(F)C(=O)N1CCN(C(=O)c2coc3ccccc23)CC1C1CCC1,CN(CCCc1nc2ccccc2[nH]1)Cc1cccc(C(=O)O)c1N,28,31,25,27,73.325218,1.456993,14,13,14,13,1,0,0,1,0
834,700,943,2480793,2359342,CC(=O)OC(C)(C)C(=O)NC1CC2(C1)CC2C(=O)NCC1(F)CC1,O=C(NCCNC(=O)C1=CC(Br)=CC=C1)C(=O)N1C2CCC1CC2,CC(=O)OC(C)(C)C(=O)NC1CC2(C1)CC2C(=O)NCC1(F)CC1,O=C(NCCNC(=O)c1cccc(Br)c1)C(=O)N1C2CCC1CC2,24,26,24,26,67.898575,3.455429,11,10,11,10,1,0,0,1,0
835,294,232,6002839,9827247,CC1=CN=C(C(=O)N2CC3CC(C2)CN(C(=O)C(CCO)N(C)C)C3)C=N1,CC(C)C1=NC=CC(N2CC34CCCC3(CN(C(=O)C3=C5C(=CC=C3)N=NN5C)C4)C2)=N1,Cc1cnc(C(=O)N2CC3CC(C2)CN(C(=O)C(CCO)N(C)C)C3)cn1,CC(C)c1nccc(N2CC34CCCC3(CN(C(=O)c3cccc5nnn(C)c35)C4)C2)n1,27,29,32,37,1904.845337,30.657013,20,20,20,20,1,0,0,1,0
836,764,92,3570718,7892875,O=C(NCC1CN(C(=O)CCN2C=CN=C2)CCO1)C1=CSN=C1Cl,CCOP(=O)(OCC)[C@H](NC(=O)C1=C(F)C=C([N+](=O)[O-])C(F)=C1)C1=CC=CC=C1,O=C(NCC1CN(C(=O)CCn2ccnc2)CCO1)c1csnc1Cl,CCOP(=O)(OCC)[C@H](NC(=O)c1cc(F)c([N+](=O)[O-])cc1F)c1ccccc1,25,27,29,30,8.344121,0.960923,9,8,9,8,1,0,0,1,0
837,444,100,48293,8039705,C=CCC(CC(F)F)C(=O)N[C@H]1CCC[C@H]1O,CCCCC(C)CCC(=O)N1CCC2(CC(C(=O)NCC3=NC(C)=CC=C3)C2)C1,C=CCC(CC(F)F)C(=O)N[C@H]1CCC[C@H]1O,CCCCC(C)CCC(=O)N1CCC2(CC(C(=O)NCc3cccc(C)n3)C2)C1,17,17,29,31,9.958343,0.465343,12,11,12,11,1,0,0,1,0
838,778,648,7256219,7753473,CC1(C(=O)NCC2(CNC(=O)C[C@@H]3CC[C@H](O)C3)CCCC2)CCC(=O)NC1,CC1C(CN(CC2=CC=C(CF)C=C2)C(=O)CNC(=O)CN(C)C)CC1(C)C,CC1(C(=O)NCC2(CNC(=O)C[C@@H]3CC[C@H](O)C3)CCCC2)CCC(=O)NC1,CC1C(CN(Cc2ccc(CF)cc2)C(=O)CNC(=O)CN(C)C)CC1(C)C,28,30,28,29,131.317734,5.262126,14,13,14,13,1,0,0,1,0
839,720,893,2922648,9480951,CN(C)C(=O)C1=CC=C(CNC(=O)[C@H]2CCN3C[C@H]2N(C)C3=O)C=N1,C=C[C@H]1CN(C(=O)CC2=C(C)N(CC)N=C2C)C[C@H]1NC1=NC(C(=O)OC)=NC=C1Cl,CN(C)C(=O)c1ccc(CNC(=O)[C@H]2CCN3C[C@H]2N(C)C3=O)cn1,C=C[C@H]1CN(C(=O)Cc2c(C)nn(CC)c2C)C[C@H]1Nc1nc(C(=O)OC)ncc1Cl,25,27,31,33,277.592987,7.311741,16,15,16,15,1,0,0,1,0
840,102,454,7027068,8292127,O=C(CCC1=CC=CN1)NCC1=CC(C(=O)N2CC(N3C=NN=C3)C2)=CC=N1,C#CCNC(=O)[C@H]1C[C@H]1C(=O)NC1CN(C(=O)CC(C)(C)CC=C)CC12CCC2,O=C(CCc1ccc[nH]1)NCc1cc(C(=O)N2CC(n3cnnc3)C2)ccn1,C#CCNC(=O)[C@H]1C[C@H]1C(=O)NC1CN(C(=O)CC(C)(C)CC=C)CC12CCC2,28,31,29,31,298.559753,8.955353,19,18,19,18,1,0,0,1,0
841,170,710,4134008,198201,COC(=O)CCOCCNC(=O)NC1=CC=C(N2C=CC(=O)C=C2)N=C1,C#CC1CC(NC(=O)C2=CC3=C(Br)N=CN3C=C2)C1,COC(=O)CCOCCNC(=O)Nc1ccc(-n2ccc(=O)cc2)nc1,C#CC1CC(NC(=O)c2ccn3cnc(Br)c3c2)C1,26,27,19,21,47.480431,1.793914,14,13,14,13,1,0,0,1,0
842,306,925,957487,6553962,CC1=CC=C(CN(CC2=CN=CO2)C[C@H]2CCO2)N=C1C,CCN(CC)C(C(=O)NC1CCC(F)(F)CC1)C1=CN(C2CC2(F)F)N=C1,Cc1ccc(CN(Cc2cnco2)C[C@H]2CCO2)nc1C,CCN(CC)C(C(=O)NC1CCC(F)(F)CC1)c1cnn(C2CC2(F)F)c1,21,23,27,29,22.666941,1.396719,13,12,13,12,1,0,0,1,0
843,29,47,5500785,3282808,CCN(C(=O)CC1CC(NC(=O)C2=C(C)OC(CO)=C2)C1)C(C)C1CCC1,CCO[C@@H]1CCC[C@H]1NC(=O)C1CCCN1C(=O)C12CCC(CC1)C2,CCN(C(=O)CC1CC(NC(=O)c2cc(CO)oc2C)C1)C(C)C1CCC1,CCO[C@@H]1CCC[C@H]1NC(=O)C1CCCN1C(=O)C12CCC(CC1)C2,27,29,25,28,863.216919,15.418968,21,20,21,20,1,0,0,1,0
844,332,815,4169540,3432128,COC1=CC=C([C@H](C)NC(=O)N2CC(S(N)(=O)=O)CC23CCCC3)C=C1,C[C@@H]1C[C@@H](C(=O)NCC2=CC=CC=C2O)N(C(=O)CC2CC=CC2)C1,COc1ccc([C@H](C)NC(=O)N2CC(S(N)(=O)=O)CC23CCCC3)cc1,C[C@@H]1C[C@@H](C(=O)NCc2ccccc2O)N(C(=O)CC2CC=CC2)C1,26,28,25,27,37.864880,2.471536,10,10,10,10,1,0,0,1,0
845,57,300,1922535,2370681,CCCC=C(CC)C(=O)N[C@H]1CCC[C@]1(C)NC(=O)C(C)SC,O=C(N[C@@H](CC1=CC=C(F)C=C1)C(=O)O)C1=CN2C=CN=C2C=C1,CCCC=C(CC)C(=O)N[C@H]1CCC[C@]1(C)NC(=O)C(C)SC,O=C(N[C@@H](Cc1ccc(F)cc1)C(=O)O)c1ccc2nccn2c1,23,23,24,26,19.608784,1.130745,13,12,13,12,1,0,0,1,0
846,367,383,9447173,8510941,CN(CC1(O)CCN(C(=O)C2=CC=C([N+](=O)[O-])N2C)CC1)C(=O)[C@H](O)C1=CC=CC=C1,CNC1=NC(CNC2=NC=C(S(=O)(=O)N3CC4(CO)CCC3CC4)C(C)=C2)=CS1,CN(CC1(O)CCN(C(=O)c2ccc([N+](=O)[O-])n2C)CC1)C(=O)[C@H](O)c1ccccc1,CNc1nc(CNc2cc(C)c(S(=O)(=O)N3CC4(CO)CCC3CC4)cn2)cs1,31,33,29,32,28.086449,0.542155,13,12,13,12,1,0,0,1,0
847,441,149,4468789,1993116,COC1=CN=NC(C(=O)NCC2=C(C(=O)N3CCC[C@H]3CO)C=CO2)=C1,CCSCCN(CC1=CC(C)=NS1)CC1=CC=C2C=CC=NN21,COc1cnnc(C(=O)NCc2occc2C(=O)N2CCC[C@H]2CO)c1,CCSCCN(Cc1cc(C)ns1)Cc1ccc2cccnn12,26,28,23,25,36.018936,1.833038,13,12,13,12,1,0,0,1,0
848,250,543,970568,4382667,CC1=CC=C(F)C=C1NC(=O)CC(C1=CC=CC=C1)C(C)C,CCN1C=C(NC(=O)[C@@H]2CCCN2C(=O)C2=CC=CC=C2O)C(C#N)=N1,Cc1ccc(F)cc1NC(=O)CC(c1ccccc1)C(C)C,CCn1cc(NC(=O)[C@@H]2CCCN2C(=O)c2ccccc2O)c(C#N)n1,22,23,26,28,70.324028,2.789227,14,13,14,13,1,0,0,1,0
849,421,579,6676599,5792433,C=CCOC(=O)N1CCC(CC(=O)N2CCN(C3=CC=NC=C3)CC2C)CC1,C=CCOCC(=O)N1CCCCC1CCC(=O)NCC(C)(O)C1CCCC1,C=CCOC(=O)N1CCC(CC(=O)N2CCN(c3ccncc3)CC2C)CC1,C=CCOCC(=O)N1CCCCC1CCC(=O)NCC(C)(O)C1CCCC1,28,30,27,28,37.854946,1.979415,10,9,10,9,1,0,0,1,0
850,698,811,1177986,4686255,CO[C@@H]1CC[C@H]1CCNC(=O)N[C@H]1CCC2=C(C1)SC(Br)=N2,C=CCCOC(C)C(=O)NCC1CN(C(=O)CC2CC2)CCC12CCC2,CO[C@@H]1CC[C@H]1CCNC(=O)N[C@H]1CCc2nc(Br)sc2C1,C=CCCOC(C)C(=O)NCC1CN(C(=O)CC2CC2)CCC12CCC2,22,24,26,28,17.392950,0.856745,9,9,9,9,1,0,0,1,0
851,184,174,10051291,9397592,C[C@@]12CCC[C@H]1N(C(=O)C1=CC3=C(C=N1)NC=C3)CCN(C(=O)C1=CN=C3CCCCN13)C2,CON1CCC(C(=O)N2CC(N3CCN(C(=O)C45CCCCC4CCC5)CC3)C2)CC1,C[C@@]12CCC[C@H]1N(C(=O)c1cc3cc[nH]c3cn1)CCN(C(=O)c1cnc3n1CCCC3)C2,CON1CCC(C(=O)N2CC(N3CCN(C(=O)C45CCCCC4CCC5)CC3)C2)CC1,33,38,31,35,13987.898438,284.914956,21,20,21,20,1,0,0,1,0
852,179,80,3940154,36366,CC(=O)NC1=NC(C[C@@H](NC(=O)C(C)N2N=CC=C2C)C(C)C)=CS1,NC(=O)CCN1CCC(C2CCCNC2)C1,CC(=O)Nc1nc(C[C@@H](NC(=O)C(C)n2nccc2C)C(C)C)cs1,NC(=O)CCN1CCC(C2CCCNC2)C1,25,26,16,17,15.389911,4.134478,8,7,8,7,1,0,0,1,0
853,624,891,1850926,5113980,CC1=CC(CC(=O)N(C)C(C)C(=O)N(C)CC2=CN=CO2)=CS1,CCN1C=CC(CN(CC2=CC=C3NC(=O)OC3=C2)CC2[C@H](C)[C@H]2C)=N1,Cc1cc(CC(=O)N(C)C(C)C(=O)N(C)Cc2cnco2)cs1,CCn1ccc(CN(Cc2ccc3[nH]c(=O)oc3c2)CC2[C@H](C)[C@H]2C)n1,23,24,26,29,23.806166,1.437201,11,10,11,10,1,0,0,1,0
854,391,634,920791,8570018,CC#CCCC(=O)NCCN(C(=O)[C@@H]1CCCO1)C(C)C,C1=NC=NC(N2CC(NC3=NC(N4CCCN(C5CCCC5)CC4)=NC=N3)C2)=C1,CC#CCCC(=O)NCCN(C(=O)[C@@H]1CCCO1)C(C)C,c1cc(N2CC(Nc3ncnc(N4CCCN(C5CCCC5)CC4)n3)C2)ncn1,21,21,29,33,16.065622,0.526691,12,11,12,11,1,0,0,1,0
855,699,246,2927270,9626254,COC(=O)COC1=CC=C(C(=O)N(C)C2=C(C)C=C(C)C=C2C)C=C1,COC1=CC(O)=CC(CN(CC2CCC3(CC3)CO2)C(=O)C2=CN=C3OCCC3=C2)=C1,COC(=O)COc1ccc(C(=O)N(C)c2c(C)cc(C)cc2C)cc1,COc1cc(O)cc(CN(CC2CCC3(CC3)CO2)C(=O)c2cnc3c(c2)CCO3)c1,25,26,31,35,337.340607,4.469932,19,18,19,18,1,0,0,1,0
856,509,934,9370924,9655269,CC1(NC(=O)C[C@@H](CC2=CC=C([N+](=O)[O-])C=C2)NC(=O)C2=CC=C3CCC3=C2)CSC1,COC1=CC(CN(CC2=CC3=CC=NC=C3S2)CC2CCC3=NC=CN3C2)=CC(Cl)=N1,CC1(NC(=O)C[C@@H](Cc2ccc([N+](=O)[O-])cc2)NC(=O)c2ccc3c(c2)CC3)CSC1,COc1cc(CN(Cc2cc3ccncc3s2)CC2CCc3nccn3C2)cc(Cl)n1,31,34,31,35,185.700684,4.448313,15,14,15,14,1,0,0,1,0
857,597,146,2299080,6567263,N#CC1=CC(NC(=O)C(=O)N[C@H]2C=CCC[C@H]2C(N)=O)=NC=C1Cl,COC1=CC=C(N2CCN(C(=O)C3(N=[N+]=[N-])CCNCC3)CC2)C(OC)=C1,N#Cc1cc(NC(=O)C(=O)N[C@H]2C=CCC[C@H]2C(N)=O)ncc1Cl,COc1ccc(N2CCN(C(=O)C3(N=[N+]=[N-])CCNCC3)CC2)c(OC)c1,24,25,27,29,23.869009,0.979284,14,13,14,13,1,0,0,1,0
858,237,472,3242096,3485370,CC1=CC(C(=O)N2CCN(C)C(C(=O)NC(C)CCO)C2)=NC=C1N,CC1=CC=C(NC(=O)C(C)CNC(=O)CCOCC(C)C)C(CO)=C1,Cc1cc(C(=O)N2CCN(C)C(C(=O)NC(C)CCO)C2)ncc1N,Cc1ccc(NC(=O)C(C)CNC(=O)CCOCC(C)C)c(CO)c1,25,26,25,25,50.145962,2.650781,16,15,16,15,1,0,0,1,0
859,653,260,5185318,6177611,CC1=CC(Br)=C(C(=O)NCC2=CC=C(S(=O)(=O)N3CCCC(C)C3)C=C2)S1,CC1=NC(N[C@@H](C)CNC(=O)C2=CC=C(F)C(CC#N)=C2)=CC(C(F)F)=N1,Cc1cc(Br)c(C(=O)NCc2ccc(S(=O)(=O)N3CCCC(C)C3)cc2)s1,Cc1nc(N[C@@H](C)CNC(=O)c2ccc(F)c(CC#N)c2)cc(C(F)F)n1,27,29,27,28,22.548515,0.892117,11,11,11,11,1,0,0,1,0
860,470,261,3166266,1815133,N[C@@H](CC1=CC=CC(NC(=O)C2=C(F)C=C(CO)C=C2F)=C1)C(=O)O,O=C(NC[C@H]1C[C@@H](C(=O)N[C@H]2[C@@H]3CCC[C@@H]32)C1)C1=CSC(Cl)=N1,N[C@@H](Cc1cccc(NC(=O)c2c(F)cc(CO)cc2F)c1)C(=O)O,O=C(NC[C@H]1C[C@@H](C(=O)N[C@H]2[C@@H]3CCC[C@@H]32)C1)c1csc(Cl)n1,25,26,23,26,182.512878,6.123567,14,14,14,14,1,0,0,1,0
861,682,9,9171056,4471919,CC(=O)NC1CCN(C2=NC(NC(CC(C)C)CC(C)C)=C3C(=N2)C=NN3C)CC1,CC1=CSC(C(=O)NCC2=CC=CC(C(=O)NC(C)C3=NC=CN3)=N2)=C1,CC(=O)NC1CCN(c2nc(NC(CC(C)C)CC(C)C)c3c(cnn3C)n2)CC1,Cc1csc(C(=O)NCc2cccc(C(=O)NC(C)c3ncc[nH]3)n2)c1,30,32,26,28,44.957172,1.892020,11,10,11,10,1,0,0,1,0
862,920,823,298234,208121,CCNC1=CC=C(C(=O)NC2(C)CC(CN)C2)C=N1,CCN1C=CC(C(=O)NC(C)C2(C)CCC2)=CC1=O,CCNc1ccc(C(=O)NC2(C)CC(CN)C2)cn1,CCn1ccc(C(=O)NC(C)C2(C)CCC2)cc1=O,19,20,19,20,30.141405,1.462748,12,11,12,11,1,0,0,1,0
863,476,922,1462587,7781499,CC(C)(NC(=O)C1=CC2=CC=CC=C2C=N1)C1=CC(Br)=CC=N1,CCCCCCN(CC1=CC=C2NC(=O)OC2=C1)CC1=CC=C(OC)N=C1C,CC(C)(NC(=O)c1cc2ccccc2cn1)c1cc(Br)ccn1,CCCCCCN(Cc1ccc2[nH]c(=O)oc2c1)Cc1ccc(OC)nc1C,23,25,28,30,34.674198,1.366097,14,13,14,13,1,0,0,1,0
864,294,693,6002839,867295,CC1=CN=C(C(=O)N2CC3CC(C2)CN(C(=O)C(CCO)N(C)C)C3)C=N1,CCC(CC)CCC(=O)NC(CC1CC1)C(=O)N(C)CC,Cc1cnc(C(=O)N2CC3CC(C2)CN(C(=O)C(CCO)N(C)C)C3)cn1,CCC(CC)CCC(=O)NC(CC1CC1)C(=O)N(C)CC,27,29,21,21,15.695086,0.695743,12,11,12,11,1,0,0,1,0
865,559,161,3629384,1585167,CC(=O)NCC(=O)NC[C@H]1C[C@@](F)(CNC(=O)C(C)(C)CCCF)C1,CC1=CC(C(C)NC(=O)CNC(=O)C2=CC=CC=C2C)=C(C)S1,CC(=O)NCC(=O)NC[C@H]1C[C@@](F)(CNC(=O)C(C)(C)CCCF)C1,Cc1cc(C(C)NC(=O)CNC(=O)c2ccccc2C)c(C)s1,25,25,23,24,57.298492,1.946759,14,13,14,13,1,0,0,1,0
866,75,452,4380174,4615591,C[C@@H](CC(=O)NCC(C)(C)N1C=CN=C1)NC(=O)C(O)CN1C=NC=N1,CN(CCOCCC(=O)NCC(F)C1=CC=CC=C1)C(=O)[C@@H]1CCOC1,C[C@@H](CC(=O)NCC(C)(C)n1ccnc1)NC(=O)C(O)Cn1cncn1,CN(CCOCCC(=O)NCC(F)c1ccccc1)C(=O)[C@@H]1CCOC1,26,27,26,27,8.407066,0.634341,8,7,8,7,1,0,0,1,0
867,967,353,10252318,5603307,CCOC(=O)C1=CC=C(NC(=O)C(C2=CC(OCC)=CC=C2)N2CCOC(C)(C)C2(C)C)C=C1,COC(C(=O)NCCOC1CCCC1)C1CN(C(=O)C2=NOC(C)(C)C2)C1,CCOC(=O)c1ccc(NC(=O)C(c2cccc(OCC)c2)N2CCOC(C)(C)C2(C)C)cc1,COC(C(=O)NCCOC1CCCC1)C1CN(C(=O)C2=NOC(C)(C)C2)C1,34,36,27,29,37.189838,1.577531,12,11,12,11,1,0,0,1,0
868,601,306,7965965,957487,CNC(=O)CN1C=CC2=CC=C(NC(=O)NC3=C4OC(=O)NC4=CC(Cl)=C3)C=C21,CC1=CC=C(CN(CC2=CN=CO2)C[C@H]2CCO2)N=C1C,CNC(=O)Cn1ccc2ccc(NC(=O)Nc3cc(Cl)cc4[nH]c(=O)oc34)cc21,Cc1ccc(CN(Cc2cnco2)C[C@H]2CCO2)nc1C,29,32,21,23,57.089371,2.712266,14,13,14,13,1,0,0,1,0
869,654,985,5240309,7493995,CC1=C(NC(=O)CC2CCN(C(=O)OC(C)(C)C)C2)C=CC=C1S(N)(=O)=O,O=C1CC2=C(C=CC=C2C(=O)NCC(CO)NC2=CC=C(C(F)(F)F)N=N2)N1,Cc1c(NC(=O)CC2CCN(C(=O)OC(C)(C)C)C2)cccc1S(N)(=O)=O,O=C1Cc2c(cccc2C(=O)NCC(CO)Nc2ccc(C(F)(F)F)nn2)N1,27,28,28,30,89.577866,4.183468,13,12,13,12,1,0,0,1,0
870,434,706,9047910,3749861,CC1=CC(NCC(C)C2CCN(C(=O)C(C)CN3C=CN=C3)CC2)=NC(C(C)C)=N1,CCCCN1C=C(CCC(=O)N2CCN3C(=NN=C3C3CC3)C2)N=N1,Cc1cc(NCC(C)C2CCN(C(=O)C(C)Cn3ccnc3)CC2)nc(C(C)C)n1,CCCCn1cc(CCC(=O)N2CCn3c(nnc3C3CC3)C2)nn1,30,32,25,28,47.022808,1.822079,15,14,15,14,1,0,0,1,0
871,256,467,5798555,4755768,CNC(=O)NCC(=O)NC1CC2(C1)CC(C(=O)NCC(C(C)C)C(C)C)C2,CC1=CC(C)=C(C(=O)N[C@H](CNC(=O)/C=C/C2=COC=C2)CC(C)C)O1,CNC(=O)NCC(=O)NC1CC2(C1)CC(C(=O)NCC(C(C)C)C(C)C)C2,Cc1cc(C)c(C(=O)N[C@H](CNC(=O)/C=C/c2ccoc2)CC(C)C)o1,27,28,26,27,12.366851,0.727574,13,12,13,12,1,0,0,1,0
872,865,309,9781908,6909057,COCC1(NC(=O)C2=CC=C3C=NOC3=C2)CCN(C(=O)CCCCN2CCCC2)CC1,CCC(C(=O)N1CCO[C@@H](C)[C@@H]1C(=O)N1C[C@H](OC)[C@H](OC)C1)N1C=NC=N1,COCC1(NC(=O)c2ccc3cnoc3c2)CCN(C(=O)CCCCN2CCCC2)CC1,CCC(C(=O)N1CCO[C@@H](C)[C@@H]1C(=O)N1C[C@H](OC)[C@H](OC)C1)n1cncn1,32,35,28,30,53.763660,2.849322,11,10,11,10,1,0,0,1,0
873,203,393,5641571,789945,C=CCC(CNC(=O)CCC1=NN(C)C=C1)C(=O)N1CCC2(CCCC2)C1,COC1=CSC(C(=O)NCC2=CN=C(C(=O)O)C=C2C)=C1,C=CCC(CNC(=O)CCc1ccn(C)n1)C(=O)N1CCC2(CCCC2)C1,COc1csc(C(=O)NCc2cnc(C(=O)O)cc2C)c1,27,29,21,22,55.566799,1.138458,15,14,15,14,1,0,0,1,0
874,873,494,4690001,2566066,CN1CC(C(=O)NCCC2(O)CN(C(=O)C3=CC(C#N)=CS3)C2)CC1=O,CCCCCC1CN(C(=O)[C@H]2C[C@H](NC(=O)[C@H](O)C(F)(F)F)C2)C1,CN1CC(C(=O)NCCC2(O)CN(C(=O)c3cc(C#N)cs3)C2)CC1=O,CCCCCC1CN(C(=O)[C@H]2C[C@H](NC(=O)[C@H](O)C(F)(F)F)C2)C1,26,28,24,25,102.043198,3.515884,16,15,16,15,1,0,0,1,0
875,109,242,4573591,963457,CC(=O)NC1CN(C(=O)[C@@H]2CN(C(=O)[C@H]3NC(=O)OC3(C)C)CCO2)C1,O=C(NC(C1=CC=CC=C1)C1CCNC1)C1=C(Cl)C=CS1,CC(=O)NC1CN(C(=O)[C@@H]2CN(C(=O)[C@H]3NC(=O)OC3(C)C)CCO2)C1,O=C(NC(c1ccccc1)C1CCNC1)c1sccc1Cl,26,28,21,23,19.549366,0.708485,12,11,12,11,1,0,0,1,0
876,390,585,364061,3609064,CC1(C)CC(CC(=O)NCCC2(C)N=N2)CC(C)(C)C1,CCCOCCC(=O)NC[C@@H]1C[C@H]2CC[C@@H](C1)N2C(=O)C1=CN=CO1,CC1(C)CC(CC(=O)NCCC2(C)N=N2)CC(C)(C)C1,CCCOCCC(=O)NC[C@@H]1C[C@H]2CC[C@@H](C1)N2C(=O)c1cnco1,20,21,25,27,44.789497,2.285123,13,12,13,12,1,0,0,1,0
877,367,588,9447173,7474341,CN(CC1(O)CCN(C(=O)C2=CC=C([N+](=O)[O-])N2C)CC1)C(=O)[C@H](O)C1=CC=CC=C1,CCOC1=NC(N(C)C[C@@H](C)NC(=O)C2=CC=C(C(F)(F)F)C=C2)=NC=C1C,CN(CC1(O)CCN(C(=O)c2ccc([N+](=O)[O-])n2C)CC1)C(=O)[C@H](O)c1ccccc1,CCOc1nc(N(C)C[C@@H](C)NC(=O)c2ccc(C(F)(F)F)cc2)ncc1C,31,33,28,29,44.787155,1.443051,12,11,12,11,1,0,0,1,0
878,302,716,5897791,2618020,CCC1=NNC(C(=O)N2C[C@@H]3C[C@H]2CN3C(=O)CCCN2C=CN=C2)=C1C,CC1=C(C)C(C(=O)NCCN(C(=O)C2CC2(F)Cl)C2CC2)=C(C)O1,CCc1n[nH]c(C(=O)N2C[C@@H]3C[C@H]2CN3C(=O)CCCn2ccnc2)c1C,Cc1oc(C)c(C(=O)NCCN(C(=O)C2CC2(F)Cl)C2CC2)c1C,27,30,24,26,146.363525,1.490439,19,18,19,18,1,0,0,1,0
879,302,22,5897791,6934501,CCC1=NNC(C(=O)N2C[C@@H]3C[C@H]2CN3C(=O)CCCN2C=CN=C2)=C1C,CCC1=NN=C(CNC(=O)C2CN(C(=O)[C@H](C)C3=CC=CC=C3)C(C)(C)C2)O1,CCc1n[nH]c(C(=O)N2C[C@@H]3C[C@H]2CN3C(=O)CCCn2ccnc2)c1C,CCc1nnc(CNC(=O)C2CN(C(=O)[C@H](C)c3ccccc3)C(C)(C)C2)o1,27,30,28,30,231.156769,10.969311,18,17,18,17,1,0,0,1,0
880,849,674,7821504,1957771,CC1(C)OCC(CCN(CC2=CC=C3CCOC3=C2)CC2C3CCC2CC3)O1,CC1=CN=C(NCCC2=CNN=N2)N=C1N1CCC(CF)CC1,CC1(C)OCC(CCN(Cc2ccc3c(c2)OCC3)CC2C3CCC2CC3)O1,Cc1cnc(NCCc2c[nH]nn2)nc1N1CCC(CF)CC1,28,32,23,25,14.929457,0.755371,11,10,11,10,1,0,0,1,0
881,405,281,317178,7360629,CC(C)(N)C/C=C/C(=O)NC1C2CCCC1CCC2,CCC1=NC(C)=C(C(=O)N2CCN(C(=O)C=CC3=CSC=C3)CC23CCC3)O1,CC(C)(N)C/C=C/C(=O)NC1C2CCCC1CCC2,CCc1nc(C)c(C(=O)N2CCN(C(=O)C=Cc3ccsc3)CC23CCC3)o1,19,20,28,31,61.884926,2.463907,13,12,13,12,1,0,0,1,0
882,8,579,5894247,5792433,CC(CCNC(=O)C1=CC([N+](=O)[O-])=CC=N1)NC(=O)C1(C(F)F)CC(O)C1,C=CCOCC(=O)N1CCCCC1CCC(=O)NCC(C)(O)C1CCCC1,CC(CCNC(=O)c1cc([N+](=O)[O-])ccn1)NC(=O)C1(C(F)F)CC(O)C1,C=CCOCC(=O)N1CCCCC1CCC(=O)NCC(C)(O)C1CCCC1,27,28,27,28,20.378178,0.637616,13,12,13,12,1,0,0,1,0
883,885,702,8269833,2979898,CC(C)C1=CC(C(=O)NC2CN(C(=O)[C@H]3C[C@H]4C=C[C@@H]3O4)C3(CCCC3)C2)=NO1,CC(C)COC1CCN(C2=C(Cl)C(=O)N(C3=CC=CC=C3)N=C2)CC1,CC(C)c1cc(C(=O)NC2CN(C(=O)[C@H]3C[C@H]4C=C[C@@H]3O4)C3(CCCC3)C2)no1,CC(C)COC1CCN(c2cnn(-c3ccccc3)c(=O)c2Cl)CC1,29,33,25,27,99.625519,1.977166,20,19,20,19,1,0,0,1,0
884,796,762,7840005,4031768,CNC(=O)C(C1=C2COCCN2N=N1)N1CCC(OC2=CC=CC=C2C#N)C1,CC(C)C1(CNC(=O)CNC(=O)C2=CC=C(S(N)(=O)=O)C=C2)OCCO1,CNC(=O)C(c1nnn2c1COCC2)N1CCC(Oc2ccccc2C#N)C1,CC(C)C1(CNC(=O)CNC(=O)c2ccc(S(N)(=O)=O)cc2)OCCO1,28,31,26,27,29.382492,1.806151,12,11,12,11,1,0,0,1,0
885,996,50,6242893,9901881,C[C@@H](N)CN1C=C(CCCCC(=O)N2CCC3=CC(F)=CC(Cl)=C3C2)N=N1,COC(=O)/C=C/C1CCC(NC[C@]2(C3=CC=CC=C3)C[C@H](O)C2)(C2=NN=NN2C(C)C)C1,C[C@@H](N)Cn1cc(CCCCC(=O)N2CCc3cc(F)cc(Cl)c3C2)nn1,COC(=O)/C=C/C1CCC(NC[C@]2(c3ccccc3)C[C@H](O)C2)(c2nnnn2C(C)C)C1,27,29,32,35,109.513855,3.058490,15,14,15,14,1,0,0,1,0
886,932,620,3724941,2339736,CSC1=NC=NC(N2CCC(F)(CNC(=O)[C@@H]3CCC(=O)O3)C2)=C1Cl,CN1C=C(CNCC2=CC3=CC(Br)=CC=C3OC2)C2=CC=CC=C21,CSc1ncnc(N2CCC(F)(CNC(=O)[C@@H]3CCC(=O)O3)C2)c1Cl,Cn1cc(CNCC2=Cc3cc(Br)ccc3OC2)c2ccccc21,25,27,24,27,42.197346,1.918525,14,13,14,13,1,0,0,1,0
887,763,508,1215499,629164,NCC1=CC(Cl)=CC=C1NC(=O)CNC1=NC(Br)=CC=C1Br,COCCSCCNC(=O)C1=C(C(F)(F)F)SC(C)=C1C,NCc1cc(Cl)ccc1NC(=O)CNc1nc(Br)ccc1Br,COCCSCCNC(=O)c1c(C(F)(F)F)sc(C)c1C,22,23,21,21,3.861290,0.320168,9,8,9,8,1,0,0,1,0
888,852,925,3728846,6553962,CC[C@@H]1CN(C(=O)C2CCNC(=O)C2)C[C@@H]1NC1=CC=NC=C1C#N,CCN(CC)C(C(=O)NC1CCC(F)(F)CC1)C1=CN(C2CC2(F)F)N=C1,CC[C@@H]1CN(C(=O)C2CCNC(=O)C2)C[C@@H]1Nc1ccncc1C#N,CCN(CC)C(C(=O)NC1CCC(F)(F)CC1)c1cnn(C2CC2(F)F)c1,25,27,27,29,143.620270,5.547235,14,13,14,13,1,0,0,1,0
889,924,293,9497594,7830326,CC(CC(=O)NC[C@H]1C[C@H]1NC1=NC=NC2=CC([N+](=O)[O-])=CC=C21)C1=CC=CC(F)=C1,CCCN1C=C(NC(=O)N(CC2=NN(CC)N=C2)CC2CCC23CCC3)C=N1,CC(CC(=O)NC[C@H]1C[C@H]1Nc1ncnc2cc([N+](=O)[O-])ccc12)c1cccc(F)c1,CCCn1cc(NC(=O)N(Cc2cnn(CC)n2)CC2CCC23CCC3)cn1,31,34,28,31,47.165695,1.815150,13,12,13,12,1,0,0,1,0
890,794,818,6228162,10162931,CC1=CC=NC=C1S(=O)(=O)NCC(O)CCNC(=O)/C=C/C1=CN=CC=N1,CC(C)(C)OC(=O)N[C@H](C(=O)NC(CC1=CC=CC=C1)CN1CCOCC1)C1=CC=C(F)C=C1,Cc1ccncc1S(=O)(=O)NCC(O)CCNC(=O)/C=C/c1cnccn1,CC(C)(C)OC(=O)N[C@H](C(=O)NC(Cc1ccccc1)CN1CCOCC1)c1ccc(F)cc1,27,28,34,36,6.040413,0.444587,8,7,8,7,1,0,0,1,0
891,235,621,3803888,1945448,CC1(C)CC(CCN(CC2=C(CO)C=CS2)C(=O)[C@@H]2CNC(=O)N2)C1,COCC(C)N1C=C(COCC(=O)N(C)CC2CCCC2)N=N1,CC1(C)CC(CCN(Cc2sccc2CO)C(=O)[C@@H]2CNC(=O)N2)C1,COCC(C)n1cc(COCC(=O)N(C)CC2CCCC2)nn1,25,27,23,24,8.370297,0.402022,11,10,11,10,1,0,0,1,0
892,821,360,6077910,7542303,CC1=CC(CC(=O)N2CC3(CCN3C(=O)CCCC3=CC=CC=C3)C2)=NO1,CC(C)[C@H](NC(=O)C1CCN1C1CCCC1)C1=CN([C@H]2CC[C@H](N)CC2)N=N1,Cc1cc(CC(=O)N2CC3(CCN3C(=O)CCCc3ccccc3)C2)no1,CC(C)[C@H](NC(=O)C1CCN1C1CCCC1)c1cn([C@H]2CC[C@H](N)CC2)nn1,27,30,28,31,281.225586,11.091738,15,15,15,15,1,0,0,1,0
893,224,651,3745793,6792464,CS(=O)(=O)CC1(CCN2C(=O)CCN(CC3CC4CC4C3)C2=O)CC1,CC1=CC=C(C2=CC=CC(C(=O)N3CCCCC3C3(CN)CCOCC3)=C2)O1,CS(=O)(=O)CC1(CCN2C(=O)CCN(CC3CC4CC4C3)C2=O)CC1,Cc1ccc(-c2cccc(C(=O)N3CCCCC3C3(CN)CCOCC3)c2)o1,25,28,28,31,77.599686,2.815872,13,13,13,13,1,0,0,1,0
894,194,635,28582,7258865,CCC=C(C)C(=O)NCCN1CCCC1C,CC1=CC(=O)NC=C1C(=O)N1CC[C@@H](NC(=O)C(C)OC2CCCC2)[C@H](O)C1,CCC=C(C)C(=O)NCCN1CCCC1C,Cc1cc(=O)[nH]cc1C(=O)N1CC[C@@H](NC(=O)C(C)OC2CCCC2)[C@H](O)C1,16,16,28,30,3.941052,0.327753,8,7,8,7,1,0,0,1,0
895,256,694,5798555,3662999,CNC(=O)NCC(=O)NC1CC2(C1)CC(C(=O)NCC(C(C)C)C(C)C)C2,CCC[C@@H](C(=O)N1CCC12CN(C(=O)CC(CC)C(C)C)C2)N(C)C,CNC(=O)NCC(=O)NC1CC2(C1)CC(C(=O)NCC(C(C)C)C(C)C)C2,CCC[C@@H](C(=O)N1CCC12CN(C(=O)CC(CC)C(C)C)C2)N(C)C,27,28,25,26,49.653568,3.773987,13,12,13,12,1,0,0,1,0
896,773,738,5332740,7849061,O=C(NC1=NN=C(C2CCCCC2)O1)C1CC(=O)N(C2=CC(F)=CC=C2)C1,COC1=CN=CC(C(C(=O)NC2CC2)N2CCOC(CNS(C)(=O)=O)C2)=C1C,O=C(Nc1nnc(C2CCCCC2)o1)C1CC(=O)N(c2cccc(F)c2)C1,COc1cncc(C(C(=O)NC2CC2)N2CCOC(CNS(C)(=O)=O)C2)c1C,27,30,28,30,63.782562,2.446856,13,12,13,12,1,0,0,1,0
897,785,675,6568211,6756127,NC(CC(=O)NC1=CC=CC2=C1CN(C1CC1)C2=O)C1CCC(F)(F)CC1,CC(C)C(=O)NCC1CCCN(C(=O)C(=O)NC2=CC=CC3=CC=NC=C32)C1,NC(CC(=O)Nc1cccc2c1CN(C1CC1)C2=O)C1CCC(F)(F)CC1,CC(C)C(=O)NCC1CCCN(C(=O)C(=O)Nc2cccc3ccncc23)C1,27,30,28,30,363.954498,11.795879,15,14,15,14,1,0,0,1,0
898,697,858,6478423,4562887,CCCC1=CC=CC(CN(CC2=CN=CC=C2C)C(=O)C2=C(F)C=CN2)=C1,CC1=NC=CN1CCC(=O)NC(C(=O)N1CC=CC(O)C1)C1=CC=CS1,CCCc1cccc(CN(Cc2cnccc2C)C(=O)c2[nH]ccc2F)c1,Cc1nccn1CCC(=O)NC(C(=O)N1CC=CC(O)C1)c1cccs1,27,29,26,28,22.406710,1.437368,14,13,14,13,1,0,0,1,0
899,140,643,5839086,3790728,CC1=CC=C(C(=O)NC(C(=O)NC23CCC(CC2)C3)C2=CC=CN=C2)C=N1,CC(CNC1=NC(N)=NC(N[C@H]2CCN(CC(F)F)C2)=N1)C(C)(C)C,Cc1ccc(C(=O)NC(C(=O)NC23CCC(CC2)C3)c2cccnc2)cn1,CC(CNc1nc(N)nc(N[C@H]2CCN(CC(F)F)C2)n1)C(C)(C)C,27,30,25,26,11.440277,0.746556,9,8,9,8,1,0,0,1,0
900,99,925,2993846,6553962,CCN1CCN(C2=CC=C(CNS(=O)(=O)CC(C)(C)CF)C=N2)CC1,CCN(CC)C(C(=O)NC1CCC(F)(F)CC1)C1=CN(C2CC2(F)F)N=C1,CCN1CCN(c2ccc(CNS(=O)(=O)CC(C)(C)CF)cn2)CC1,CCN(CC)C(C(=O)NC1CCC(F)(F)CC1)c1cnn(C2CC2(F)F)c1,25,26,27,29,24.144667,1.447074,13,12,13,12,1,0,0,1,0
901,642,661,3685140,2104959,O=C(NC[C@@H]1C[C@@H](F)CN1C(=O)CC1=CC=CS1)C1CC(F)(CF)C1,O=C(C1=NC(O)=CC(C(F)(F)F)=C1)N1CC(C2=CC(Cl)=CC=C2)C1,O=C(NC[C@@H]1C[C@@H](F)CN1C(=O)Cc1cccs1)C1CC(F)(CF)C1,O=C(c1cc(C(F)(F)F)cc(O)n1)N1CC(c2cccc(Cl)c2)C1,25,27,24,26,275.046661,10.483125,16,15,16,15,1,0,0,1,0
902,40,316,1255781,8497143,COC1=CC=C(C2=C3NC=C(CC(=O)O)C3=CC=C2)C=C1O,CC(C)(C)CCN1C=C(C2=CC=NC(C(=O)N3CC(CN4C=CC=N4)C3)=C2)N=N1,COc1ccc(-c2cccc3c(CC(=O)O)c[nH]c23)cc1O,CC(C)(C)CCn1cc(-c2ccnc(C(=O)N3CC(Cn4cccn4)C3)c2)nn1,22,24,29,32,71.319809,3.246536,13,12,13,12,1,0,0,1,0
903,807,451,831306,4620690,O=C(O)C1=C(NC(=O)C2=C3CCCCN3C=C2)C=C(Cl)S1,CC(C(=O)N1CCC(CC(=O)N(C)CCC2=CN=CC=N2)C1)C(C)(C)C,O=C(Nc1cc(Cl)sc1C(=O)O)c1ccn2c1CCCC2,CC(C(=O)N1CCC(CC(=O)N(C)CCc2cnccn2)C1)C(C)(C)C,21,23,26,27,56.092369,1.635650,15,14,15,14,1,0,0,1,0
904,34,593,3635121,247809,C/C=C(\C)C(=O)NCC1(NC(=O)[C@H]2CCC(=O)O2)CCC(F)(F)CC1,CN1N=CC(CNCCC2=CNN=N2)=C1S(N)(=O)=O,C/C=C(\C)C(=O)NCC1(NC(=O)[C@H]2CCC(=O)O2)CCC(F)(F)CC1,Cn1ncc(CNCCc2c[nH]nn2)c1S(N)(=O)=O,25,26,19,20,4.119606,0.361445,8,7,8,7,1,0,0,1,0
905,373,749,4205027,4124116,O=C(NC1=CC=C(N2CCCCCC2)C=C1)C(=O)N1CCCCC(O)C1,CC(CC(=O)OC(C)(C)C)NCC1=NC(C2=CC([N+](=O)[O-])=CC=C2)=NO1,O=C(Nc1ccc(N2CCCCCC2)cc1)C(=O)N1CCCCC(O)C1,CC(CC(=O)OC(C)(C)C)NCc1nc(-c2cccc([N+](=O)[O-])c2)no1,26,28,26,27,23.814793,0.846653,14,13,14,13,1,0,0,1,0
906,134,92,8810698,7892875,CCOC1=CC2=C(C=C1OCC)CN(C(=O)NC1C3=C(OC1C)C(F)=CC=C3)CC2,CCOP(=O)(OCC)[C@H](NC(=O)C1=C(F)C=C([N+](=O)[O-])C(F)=C1)C1=CC=CC=C1,CCOc1cc2c(cc1OCC)CN(C(=O)NC1c3cccc(F)c3OC1C)CC2,CCOP(=O)(OCC)[C@H](NC(=O)c1cc(F)c([N+](=O)[O-])cc1F)c1ccccc1,30,33,29,30,47.708294,1.302632,10,10,10,10,1,0,0,1,0
907,931,302,9157215,5897791,CC1=C(NC2COC3=CC=C(F)C=C3C2)N=CN=C1NCC1=CC=C2OCOC2=C1,CCC1=NNC(C(=O)N2C[C@@H]3C[C@H]2CN3C(=O)CCCN2C=CN=C2)=C1C,Cc1c(NCc2ccc3c(c2)OCO3)ncnc1NC1COc2ccc(F)cc2C1,CCc1n[nH]c(C(=O)N2C[C@@H]3C[C@H]2CN3C(=O)CCCn2ccnc2)c1C,30,34,27,30,43.291939,2.201770,16,15,16,15,1,0,0,1,0
908,334,765,9829448,1085713,CC1=NC(NCCCO[C@@H]2CCN(C(=O)C3=CC=C([C@H](O)C4CC4)C=C3)C2)=NC(C)=C1C,CN(CCC(O)C1=CC=CC=C1)S(=O)(=O)N1CCCC1(C)C,Cc1nc(NCCCO[C@@H]2CCN(C(=O)c3ccc([C@H](O)C4CC4)cc3)C2)nc(C)c1C,CN(CCC(O)c1ccccc1)S(=O)(=O)N1CCCC1(C)C,32,35,22,23,15.935573,0.310446,11,10,11,10,1,0,0,1,0
909,425,179,9958200,3940154,COC1=CN=CC(NC(=O)N(CCC2=CNC3=CC=CC=C23)CC(C)C2CCOCC2)=C1,CC(=O)NC1=NC(C[C@@H](NC(=O)C(C)N2N=CC=C2C)C(C)C)=CS1,COc1cncc(NC(=O)N(CCc2c[nH]c3ccccc23)CC(C)C2CCOCC2)c1,CC(=O)Nc1nc(C[C@@H](NC(=O)C(C)n2nccc2C)C(C)C)cs1,32,35,25,26,21.848446,1.092862,11,10,11,10,1,0,0,1,0
910,205,135,8248743,475938,C#CC1=CC=C(C(=O)N2C[C@H](O)C[C@H]2CNC(=O)C(C)C2=CC=NC=C2C)C=C1,O=C(NCC1CC(F)(F)CO1)NC12CCC(F)(CC1)C2,C#Cc1ccc(C(=O)N2C[C@H](O)C[C@H]2CNC(=O)C(C)c2ccncc2C)cc1,O=C(NCC1CC(F)(F)CO1)NC12CCC(F)(CC1)C2,29,31,20,22,20.593279,0.756797,9,8,9,8,1,0,0,1,0
911,805,552,10189248,3688653,CN(CC1=CC=CC=C1)C(=O)CNC(=O)CNCC1CCCN(C(=O)OCC2=CC=CC=C2)C1,CC(=O)OCCC(=O)NC1CC(C(C)NC(=O)C2=CN(C)C=C2C)C1,CN(Cc1ccccc1)C(=O)CNC(=O)CNCC1CCCN(C(=O)OCc2ccccc2)C1,CC(=O)OCCC(=O)NC1CC(C(C)NC(=O)c2cn(C)cc2C)C1,34,36,25,26,32.546314,1.660849,11,10,11,10,1,0,0,1,0
912,897,994,790702,7879141,CC(C)(CCN1CCOCC1)NC(=O)C[C@H]1C[C@H]1C(=O)O,COC1=CC=CC(N(CCC#N)C(=O)C2=C(C)N(C3=CC=CC=C3C)C(C)=C2)=C1,CC(C)(CCN1CCOCC1)NC(=O)C[C@H]1C[C@H]1C(=O)O,COc1cccc(N(CCC#N)C(=O)c2cc(C)n(-c3ccccc3C)c2C)c1,21,22,29,31,75.594093,1.963022,16,15,16,15,1,0,0,1,0
913,374,543,10094861,4382667,CC(C(=O)N1CCC(OCC2=CN(C[C@@H]3CCC[C@H]3CN)N=N2)CC1)C1=CC(F)=CC=C1F,CCN1C=C(NC(=O)[C@@H]2CCCN2C(=O)C2=CC=CC=C2O)C(C#N)=N1,CC(C(=O)N1CCC(OCc2cn(C[C@@H]3CCC[C@H]3CN)nn2)CC1)c1cc(F)ccc1F,CCn1cc(NC(=O)[C@@H]2CCCN2C(=O)c2ccccc2O)c(C#N)n1,33,36,26,28,103.640099,2.726100,14,13,14,13,1,0,0,1,0
914,513,935,4830738,1579789,CC1=CON=C1CC(=O)NCC(C)(F)CNC(=O)C1CC2(C1)CC21CC1,CC1=CC=C(F)C=C1CCCC(=O)OCCC#CC[Si](C)(C)C,Cc1conc1CC(=O)NCC(C)(F)CNC(=O)C1CC2(C1)CC21CC1,Cc1ccc(F)cc1CCCC(=O)OCCC#CC[Si](C)(C)C,26,29,23,23,51.374390,1.637832,9,8,9,8,1,0,0,1,0
915,279,850,4764529,8234603,CCN(CC)CCC(=O)NC1CCC12CCN(C(=O)C1=CNC=C1)CC2,CC1CC(NC(=O)CCC2=NN(C)C=C2)CN1C(=O)CC/C=C/C1=CC=CC=C1,CCN(CC)CCC(=O)NC1CCC12CCN(C(=O)c1cc[nH]c1)CC2,CC1CC(NC(=O)CCc2ccn(C)n2)CN1C(=O)CC/C=C/c1ccccc1,26,28,29,31,121.359329,4.200490,16,15,16,15,1,0,0,1,0
916,168,263,8024256,2589071,COC(=O)C1=CC=C(C2=NOC(CCCCC#CC3=CC=CC=C3)=N2)C=C1OC,C=CCCCN(CC)C(=O)C1=C(CNC(=O)C2CC=CC2)C=CN1,COC(=O)c1ccc(-c2noc(CCCCC#Cc3ccccc3)n2)cc1OC,C=CCCCN(CC)C(=O)c1[nH]ccc1CNC(=O)C1CC=CC1,29,31,24,25,10.841081,0.848178,11,10,11,10,1,0,0,1,0
917,935,844,1579789,3117112,CC1=CC=C(F)C=C1CCCC(=O)OCCC#CC[Si](C)(C)C,CCOC(CCNC(=O)NCC1=CC=C(F)C(F)=C1Br)C1CCCC1,Cc1ccc(F)cc1CCCC(=O)OCCC#CC[Si](C)(C)C,CCOC(CCNC(=O)NCc1ccc(F)c(F)c1Br)C1CCCC1,23,23,25,26,34.180405,1.348386,9,8,9,8,1,0,0,1,0
918,966,493,5497199,5470235,CC1(C)CC(NC(=O)C2(CNC(=O)[C@@H]3CCCC[C@H]3O)CCC2)C(C)(C)O1,C#CCC(CCOC)NC(=O)C(=O)N1CCCC(CC=C)(C(=O)OCC)C1,CC1(C)CC(NC(=O)C2(CNC(=O)[C@@H]3CCCC[C@H]3O)CCC2)C(C)(C)O1,C#CCC(CCOC)NC(=O)C(=O)N1CCCC(CC=C)(C(=O)OCC)C1,27,29,27,27,45.760021,1.833283,11,10,11,10,1,0,0,1,0
919,990,825,2377779,6852006,NC(=O)N1CCCN(C(=O)[C@@H]2C[C@@H](O)CN2C(=O)C=CCF)CC1,CC1=NOC(CC(=O)N2CC(OCCC(=O)NCC3=CC=C(F)N=C3C)C2)=C1,NC(=O)N1CCCN(C(=O)[C@@H]2C[C@@H](O)CN2C(=O)C=CCF)CC1,Cc1cc(CC(=O)N2CC(OCCC(=O)NCc3ccc(F)nc3C)C2)on1,24,25,28,30,27.182243,1.559640,12,11,12,11,1,0,0,1,0
920,302,764,5897791,3570718,CCC1=NNC(C(=O)N2C[C@@H]3C[C@H]2CN3C(=O)CCCN2C=CN=C2)=C1C,O=C(NCC1CN(C(=O)CCN2C=CN=C2)CCO1)C1=CSN=C1Cl,CCc1n[nH]c(C(=O)N2C[C@@H]3C[C@H]2CN3C(=O)CCCn2ccnc2)c1C,O=C(NCC1CN(C(=O)CCn2ccnc2)CCO1)c1csnc1Cl,27,30,25,27,45.222065,1.399926,14,13,14,13,1,0,0,1,0
921,891,346,5113980,2910405,CCN1C=CC(CN(CC2=CC=C3NC(=O)OC3=C2)CC2[C@H](C)[C@H]2C)=N1,CCSC1=CC=CC=C1CC(=O)NC1=C(F)C=C(Br)C=C1C(=O)OC,CCn1ccc(CN(Cc2ccc3[nH]c(=O)oc3c2)CC2[C@H](C)[C@H]2C)n1,CCSc1ccccc1CC(=O)Nc1c(F)cc(Br)cc1C(=O)OC,26,29,25,26,71.125832,2.112929,14,13,14,13,1,0,0,1,0
922,823,117,208121,438266,CCN1C=CC(C(=O)NC(C)C2(C)CCC2)=CC1=O,COCCN1CCC(NC(=O)C2=NNC3=C2CCC3)C1,CCn1ccc(C(=O)NC(C)C2(C)CCC2)cc1=O,COCCN1CCC(NC(=O)c2n[nH]c3c2CCC3)C1,19,20,20,22,47.887249,2.218125,11,10,11,10,1,0,0,1,0
923,479,986,1510011,6080779,CN(CC1=CC=CC(CO)=C1)C(=O)C1=CC2=CN=CN2C(O)=N1,CN1C(=O)C=CC=C1C(=O)N1CC2CCC(C1)N(C(=O)CCC1CCC1)C2,CN(Cc1cccc(CO)c1)C(=O)c1cc2cncn2c(O)n1,Cn1c(C(=O)N2CC3CCC(C2)N(C(=O)CCC2CCC2)C3)cccc1=O,23,25,27,30,233.141113,8.295554,16,15,16,15,1,0,0,1,0
924,77,144,5195946,9216692,CC(C)(C)OC(=O)N1CCCC1CCC(=O)NCC1=CC=C2OC=CC2=C1,CCN1N=C(C)C=C1CN(CC1=CC=C(OC)C(C)=N1)CC(C)CN1CCCC1=O,CC(C)(C)OC(=O)N1CCCC1CCC(=O)NCc1ccc2occc2c1,CCn1nc(C)cc1CN(Cc1ccc(OC)c(C)n1)CC(C)CN1CCCC1=O,27,29,30,32,83.928215,2.432346,16,15,16,15,1,0,0,1,0
925,772,989,5110604,3947339,C=CCCC(C)CN(CC1=C(C)N=C(CC)N1)C(=O)C1=C(C=C)SC=N1,CC1CCCC(C)N1C(=O)CC1=CSC2=NC(C3=CC=C(F)C=C3)=CN12,C=CCCC(C)CN(Cc1[nH]c(CC)nc1C)C(=O)c1ncsc1C=C,CC1CCCC(C)N1C(=O)Cc1csc2nc(-c3ccc(F)cc3)cn12,26,27,26,29,68.894577,2.594153,15,14,15,14,1,0,0,1,0
926,231,880,8073256,3711333,C#C[C@H]1CC[C@H](CNC(=O)C[C@H]2C[C@H](F)CN2C(=O)C2=C(C)C(C)=CC=C2)CC1,CC1(C)CC(=O)CC1C(=O)OCC1=CC=C(C2(C(F)(F)F)N=N2)C=C1,C#C[C@H]1CC[C@H](CNC(=O)C[C@H]2C[C@H](F)CN2C(=O)c2cccc(C)c2C)CC1,CC1(C)CC(=O)CC1C(=O)OCc1ccc(C2(C(F)(F)F)N=N2)cc1,29,31,25,27,49.645985,2.508859,9,9,9,9,1,0,0,1,0
927,692,741,2627573,974333,NC1=CC=C(C(=O)N2C[C@@H]3CN(C(=O)C4=NSC=C4)C[C@@H]3C2)C=N1,CCCN(C(=O)C1=CC=C(OC2CC2)C=N1)C1CCCCC1,Nc1ccc(C(=O)N2C[C@@H]3CN(C(=O)c4ccsn4)C[C@@H]3C2)cn1,CCCN(C(=O)c1ccc(OC2CC2)cn1)C1CCCCC1,24,27,22,24,80.129677,2.670526,13,12,13,12,1,0,0,1,0
928,690,406,6237758,9037698,CC(C)C1=NN=C(CCN2CCC(=O)N(CCCC(=O)NC3CC3)C2=O)S1,CC(C(=O)N[C@H]1C[C@H]2CC[C@@H]1CN(C1=NC=C3C=CC=NC3=N1)C2)C1CCOCC1,CC(C)c1nnc(CCN2CCC(=O)N(CCCC(=O)NC3CC3)C2=O)s1,CC(C(=O)N[C@H]1C[C@H]2CC[C@@H]1CN(c1ncc3cccnc3n1)C2)C1CCOCC1,27,29,30,34,62.235886,1.504111,18,17,18,17,1,0,0,1,0
929,990,866,2377779,297225,NC(=O)N1CCCN(C(=O)[C@@H]2C[C@@H](O)CN2C(=O)C=CCF)CC1,CC1=CC(C(=O)N(C)CC[C@@H](C)N)=CN=C1C(N)=O,NC(=O)N1CCCN(C(=O)[C@@H]2C[C@@H](O)CN2C(=O)C=CCF)CC1,Cc1cc(C(=O)N(C)CC[C@@H](C)N)cnc1C(N)=O,24,25,19,19,18.503784,0.726099,14,13,14,13,1,0,0,1,0
930,823,570,208121,3634174,CCN1C=CC(C(=O)NC(C)C2(C)CCC2)=CC1=O,O=C(C1CSC1)N1CC2CC(C1)N(C(=O)C1=CN3C=NN=C3C=C1)C2,CCn1ccc(C(=O)NC(C)C2(C)CCC2)cc1=O,O=C(C1CSC1)N1CC2CC(C1)N(C(=O)c1ccc3nncn3c1)C2,19,20,25,29,56.339725,1.902130,16,15,16,15,1,0,0,1,0
931,374,92,10094861,7892875,CC(C(=O)N1CCC(OCC2=CN(C[C@@H]3CCC[C@H]3CN)N=N2)CC1)C1=CC(F)=CC=C1F,CCOP(=O)(OCC)[C@H](NC(=O)C1=C(F)C=C([N+](=O)[O-])C(F)=C1)C1=CC=CC=C1,CC(C(=O)N1CCC(OCc2cn(C[C@@H]3CCC[C@H]3CN)nn2)CC1)c1cc(F)ccc1F,CCOP(=O)(OCC)[C@H](NC(=O)c1cc(F)c([N+](=O)[O-])cc1F)c1ccccc1,33,36,29,30,85.271851,1.762370,16,15,16,15,1,0,0,1,0
932,809,404,1815971,9394067,CN(CC1=COC=C1)C(=O)/C=C/C1CCN(C(=O)CC#N)CC1,CC(C)C1(C(=O)NCC2(O)CCN(C(=O)C3=CN=CC(C4CC4)=C3)CC2)CCOCC1,CN(Cc1ccoc1)C(=O)/C=C/C1CCN(C(=O)CC#N)CC1,CC(C)C1(C(=O)NCC2(O)CCN(C(=O)c3cncc(C4CC4)c3)CC2)CCOCC1,23,24,31,34,5.939596,0.593443,11,11,11,11,1,0,0,1,0
933,14,270,1256714,4467697,CCCCC(C)(NS(=O)(=O)C1=C(C(=O)OC)OC=C1)C(=O)O,CCC1=C(C(=O)N2CC(C)C2C(=O)NCC2CCCCCCC2)SC=N1,CCCCC(C)(NS(=O)(=O)c1ccoc1C(=O)OC)C(=O)O,CCc1ncsc1C(=O)N1CC(C)C1C(=O)NCC1CCCCCCC1,22,22,26,28,2.745754,0.264568,7,6,7,6,1,0,0,1,0
934,549,126,2397574,7635328,CC1CC(C(=O)N2CCOC(CC(=O)NCC3(F)CCC3)C2)=NO1,COCCC(C)NC1=C2C=NN(C)C2=NC(NCC2=CC=C(CSC)C=C2)=N1,CC1CC(C(=O)N2CCOC(CC(=O)NCC3(F)CCC3)C2)=NO1,COCCC(C)Nc1nc(NCc2ccc(CSC)cc2)nc2c1cnn2C,24,26,28,30,11.885185,0.623105,10,9,10,9,1,0,0,1,0
935,465,377,2159572,1277356,CN(C1CCC2(CC1)COC2)S(=O)(=O)C1=CC=C([N+](=O)[O-])C(Cl)=C1,CONC(=O)CNC(=O)CCOCCNC(=O)C1=CC=CS1,CN(C1CCC2(CC1)COC2)S(=O)(=O)c1ccc([N+](=O)[O-])c(Cl)c1,CONC(=O)CNC(=O)CCOCCNC(=O)c1cccs1,24,26,22,22,3.674089,0.250944,7,6,7,6,1,0,0,1,0
936,688,766,5365216,2760909,CCN(CC)CC1CCN(C(=O)NC2=CC(C(=O)OC)=CN3C=CN=C23)C1,CC1=C(C)CN(C2=NC=CC(NCC3=CC=CC4=C3C=NN4)=N2)C1,CCN(CC)CC1CCN(C(=O)Nc2cc(C(=O)OC)cn3ccnc23)C1,CC1=C(C)CN(c2nccc(NCc3cccc4[nH]ncc34)n2)C1,27,29,24,27,55.551376,2.107600,12,11,12,11,1,0,0,1,0
937,688,268,5365216,2423747,CCN(CC)CC1CCN(C(=O)NC2=CC(C(=O)OC)=CN3C=CN=C23)C1,CCS(=O)(=O)CCNC(=O)[C@H]1CCCN1C(=O)[C@@H]1CC[C@H]1COC,CCN(CC)CC1CCN(C(=O)Nc2cc(C(=O)OC)cn3ccnc23)C1,CCS(=O)(=O)CCNC(=O)[C@H]1CCCN1C(=O)[C@@H]1CC[C@H]1COC,27,29,24,25,65.138847,2.438763,11,10,11,10,1,0,0,1,0
938,598,390,5494392,364061,C=CCN(CC(=O)NC)C(=O)C1CN(C(=O)C2=CC=NC(CO)=C2)CCO1,CC1(C)CC(CC(=O)NCCC2(C)N=N2)CC(C)(C)C1,C=CCN(CC(=O)NC)C(=O)C1CN(C(=O)c2ccnc(CO)c2)CCO1,CC1(C)CC(CC(=O)NCCC2(C)N=N2)CC(C)(C)C1,27,28,20,21,30.735193,1.596134,11,10,11,10,1,0,0,1,0
939,842,653,3050571,5185318,CSC1=NC=C(Br)C(NC(=O)CNC(=O)C2=CC3=C(CCCC3)S2)=N1,CC1=CC(Br)=C(C(=O)NCC2=CC=C(S(=O)(=O)N3CCCC(C)C3)C=C2)S1,CSc1ncc(Br)c(NC(=O)CNC(=O)c2cc3c(s2)CCCC3)n1,Cc1cc(Br)c(C(=O)NCc2ccc(S(=O)(=O)N3CCCC(C)C3)cc2)s1,25,27,27,29,47.974339,2.053206,11,11,11,11,1,0,0,1,0
940,962,380,9950067,1376226,COC1=CC=C(CN(CC2=NNC3=CC(C#N)=CC=C32)CC2CCCC(F)(F)C2)N=C1C,CCC(C)=C(C)C(=O)N(CCC(C)(C)C)CC1COCCO1,COc1ccc(CN(Cc2n[nH]c3cc(C#N)ccc23)CC2CCCC(F)(F)C2)nc1C,CCC(C)=C(C)C(=O)N(CCC(C)(C)C)CC1COCCO1,32,35,22,22,17.100214,0.617400,12,11,12,11,1,0,0,1,0
941,110,691,9332415,1837898,COC(=O)C1=CC=C2CCCC(NC(=O)NCC3=CC=C(CNS(C)(=O)=O)C=C3)C2=C1,CC(F)CC(=O)NCCC(C)(C)C(=O)N1CCC12CCSCC2,COC(=O)c1ccc2c(c1)C(NC(=O)NCc1ccc(CNS(C)(=O)=O)cc1)CCC2,CC(F)CC(=O)NCCC(C)(C)C(=O)N1CCC12CCSCC2,31,33,23,24,28.000591,1.289846,10,9,10,9,1,0,0,1,0
942,239,482,9025322,1114856,NC1=NC(N2CCCC(NC(=O)/C=C/C3=CC=C4OCOC4=C3)C2)=NC(C2CC2)=N1,CCOC1=CC=C(C(=O)COC(=O)CS(=O)(=O)C(C)C)C=C1,Nc1nc(C2CC2)nc(N2CCCC(NC(=O)/C=C/c3ccc4c(c3)OCO4)C2)n1,CCOc1ccc(C(=O)COC(=O)CS(=O)(=O)C(C)C)cc1,30,34,22,22,41.886688,1.233076,10,9,10,9,1,0,0,1,0
943,25,634,7637054,8570018,C=C1CC2CC1CN2C1=NC(N2CCOC(C3=CC=C(C)S3)C2)=NC(NC)=N1,C1=NC=NC(N2CC(NC3=NC(N4CCCN(C5CCCC5)CC4)=NC=N3)C2)=C1,C=C1CC2CC1CN2c1nc(NC)nc(N2CCOC(c3ccc(C)s3)C2)n1,c1cc(N2CC(Nc3ncnc(N4CCCN(C5CCCC5)CC4)n3)C2)ncn1,28,32,29,33,732.206482,25.520238,16,16,16,16,1,0,0,1,0
944,905,965,1828959,9227748,CC1=C(C(=O)N[C@H]2C[C@H](CC(=O)N[C@H](CO)C3CC3)C2)NC=C1,CCC1=C(CN(CC2=CN(CC3CCOC3)N=N2)CC2(C)CSCCO2)C=NN1C,Cc1cc[nH]c1C(=O)N[C@H]1C[C@H](CC(=O)N[C@H](CO)C2CC2)C1,CCc1c(CN(Cc2cn(CC3CCOC3)nn2)CC2(C)CSCCO2)cnn1C,23,25,30,33,22.182638,1.514923,10,9,10,9,1,0,0,1,0
945,574,335,5611587,1746059,CCC1=C(C(=O)N2CC3(C(=O)NCCC4=CSC=C4)CC2CCO3)N=CO1,O=C(/C=C/C1=CC=CO1)NCCOCC(=O)NCC1=NSC=N1,CCc1ocnc1C(=O)N1CC2(C(=O)NCCc3ccsc3)CC1CCO2,O=C(/C=C/c1ccco1)NCCOCC(=O)NCc1ncsn1,27,30,23,24,7.940760,0.464485,10,9,10,9,1,0,0,1,0
946,937,624,617794,1850926,NC(=O)C1=CC=CC(C(=O)NC2=CC=NN2C2CC2)=C1F,CC1=CC(CC(=O)N(C)C(C)C(=O)N(C)CC2=CN=CO2)=CS1,NC(=O)c1cccc(C(=O)Nc2ccnn2C2CC2)c1F,Cc1cc(CC(=O)N(C)C(C)C(=O)N(C)Cc2cnco2)cs1,21,23,23,24,14.809887,1.052764,10,9,10,9,1,0,0,1,0
947,226,663,6509040,5891057,COC1=CC=CC=C1CN(CC1=CC2=CN=CC=C2N1)CC1(C(N)=O)CC1,COC1=CC(C(=O)N2C[C@@H]3[C@H](C2)[C@H]3NC(=O)C2=NN(C)C(C)=C2)=CC=C1C,COc1ccccc1CN(Cc1cc2cnccc2[nH]1)CC1(C(N)=O)CC1,COc1cc(C(=O)N2C[C@@H]3[C@H](C2)[C@H]3NC(=O)c2cc(C)n(C)n2)ccc1C,27,30,27,30,445.433228,13.047731,14,14,14,14,1,0,0,1,0
948,64,650,6426821,2369078,COC1=CON=C1CN(CCSC1CCCC1)C(=O)[C@@H]1CC[C@H]1CN=[N+]=[N-],CC1(C(=O)O)CCC2=CC(C3=CC=C(F)C(C(F)(F)F)=C3)=CC=C21,COc1conc1CN(CCSC1CCCC1)C(=O)[C@@H]1CC[C@H]1CN=[N+]=[N-],CC1(C(=O)O)CCc2cc(-c3ccc(F)c(C(F)(F)F)c3)ccc21,27,29,24,26,69.275497,2.687858,7,6,7,6,1,0,0,1,0
949,843,475,6410124,553233,COC1=NC=CN=C1CN(CCCC1=NC=CS1)C(=O)CC1OCCC1C,C=C1CCCN(C(=O)[C@@H]2CCN2C(=O)C2C=CCC2)C1,COc1nccnc1CN(CCCc1nccs1)C(=O)CC1OCCC1C,C=C1CCCN(C(=O)[C@@H]2CCN2C(=O)C2C=CCC2)C1,27,29,20,22,56.127758,3.628567,14,13,14,13,1,0,0,1,0
950,931,717,9157215,4187519,CC1=C(NC2COC3=CC=C(F)C=C3C2)N=CN=C1NCC1=CC=C2OCOC2=C1,CC[C@@H](CNC(=O)OC(C)(C)C)NC(=O)NCCC1=CC=CC(Br)=C1O,Cc1c(NCc2ccc3c(c2)OCO3)ncnc1NC1COc2ccc(F)cc2C1,CC[C@@H](CNC(=O)OC(C)(C)C)NC(=O)NCCc1cccc(Br)c1O,30,34,26,26,8.926285,0.524043,13,13,13,13,1,0,0,1,0
951,309,664,6909057,2027713,CCC(C(=O)N1CCO[C@@H](C)[C@@H]1C(=O)N1C[C@H](OC)[C@H](OC)C1)N1C=NC=N1,CC(=O)N1CCC(NC(=O)C2=CC=C(F)C3=CC=CN=C23)C(C)C1,CCC(C(=O)N1CCO[C@@H](C)[C@@H]1C(=O)N1C[C@H](OC)[C@H](OC)C1)n1cncn1,CC(=O)N1CCC(NC(=O)c2ccc(F)c3cccnc23)C(C)C1,28,30,24,26,47.819290,2.546070,10,9,10,9,1,0,0,1,0
952,418,119,5513770,5969415,C#CCCCCCNC(=O)[C@H]1CCC[C@H](NC(=O)C23CCC(C)(C2)OC3)C1,C[C@@H]1CN(C(=O)C2CCOCC2(C)C)CCN1C(=O)CCCN1C=CC=N1,C#CCCCCCNC(=O)[C@H]1CCC[C@H](NC(=O)C23CCC(C)(C2)OC3)C1,C[C@@H]1CN(C(=O)C2CCOCC2(C)C)CCN1C(=O)CCCn1cccn1,27,29,27,29,79.303139,3.720329,13,12,13,12,1,0,0,1,0
953,143,46,4493160,4193236,C=CCC(C)(O)C(=O)NC[C@H]1[C@@H](C(=O)NC2=CN(C(C)C)N=C2)C1(C)C,COC(=O)[C@H]1CC[C@@H](CNC(=O)NCC2=CC=C3NCCOC3=C2)CC1,C=CCC(C)(O)C(=O)NC[C@H]1[C@@H](C(=O)Nc2cnn(C(C)C)c2)C1(C)C,COC(=O)[C@H]1CC[C@@H](CNC(=O)NCc2ccc3c(c2)OCCN3)CC1,26,27,26,28,33.210304,2.036846,11,10,11,10,1,0,0,1,0
954,968,38,9459574,5686307,COC[C@H](O)CN1C=C(C2CC23CCN(C(=O)CC2=CC=C(OC)C(Cl)=C2)CC3)N=N1,C#C[C@@H](CC(C)C)NC(=O)C(C)(C)C1CCN(C(=O)C2CC(=C3CC3)C2)C1,COC[C@H](O)Cn1cc(C2CC23CCN(C(=O)Cc2ccc(OC)c(Cl)c2)CC3)nn1,C#C[C@@H](CC(C)C)NC(=O)C(C)(C)C1CCN(C(=O)C2CC(=C3CC3)C2)C1,31,34,27,29,89.592972,3.020536,15,14,15,14,1,0,0,1,0
955,311,504,5615921,9514001,COC(=O)NC1CN(C(=O)C2=CC(CNC(=O)C3(CC(C)=O)CC3)=CS2)C1,CCOC1(CNC(=O)C2=NC(C)=C(F)C(C)=C2)CN(S(=O)(=O)C2=CC=C(C)C=C2F)C1,COC(=O)NC1CN(C(=O)c2cc(CNC(=O)C3(CC(C)=O)CC3)cs2)C1,CCOC1(CNC(=O)c2cc(C)c(F)c(C)n2)CN(S(=O)(=O)c2ccc(C)cc2F)C1,27,29,31,33,46.160561,2.100438,11,10,11,10,1,0,0,1,0
956,118,99,8758240,2993846,COC(=O)C12CC(CN1CC1=CC=CC=C1)N(C(=O)C1=CC([N+](=O)[O-])=CC(Br)=C1)C2,CCN1CCN(C2=CC=C(CNS(=O)(=O)CC(C)(C)CF)C=N2)CC1,COC(=O)C12CC(CN1Cc1ccccc1)N(C(=O)c1cc(Br)cc([N+](=O)[O-])c1)C2,CCN1CCN(c2ccc(CNS(=O)(=O)CC(C)(C)CF)cn2)CC1,30,33,25,26,76.336678,2.539287,13,13,13,13,1,0,0,1,0
957,240,908,7246223,8163226,CC(C)C(F)C(=O)N1CCN(C(=O)C2=COC3=CC=CC=C32)CC1C1CCC1,CC(C)C(CN1CCCC1)NC(=O)CCN1C=C(C(C)(C)C2=CC=CC=C2)N=N1,CC(C)C(F)C(=O)N1CCN(C(=O)c2coc3ccccc23)CC1C1CCC1,CC(C)C(CN1CCCC1)NC(=O)CCn1cc(C(C)(C)c2ccccc2)nn1,28,31,29,31,243.660370,10.355927,15,14,15,14,1,0,0,1,0
958,550,138,2552858,4247004,CC1(NC(=O)C2CC3(CC(NC(=O)C4(CO)COC4)C3)C2)CSC1,OCCCN(CC1=CC=NC=C1Cl)C(C1=CC=CC=C1)C1=CC=CC=C1,CC1(NC(=O)C2CC3(CC(NC(=O)C4(CO)COC4)C3)C2)CSC1,OCCCN(Cc1ccncc1Cl)C(c1ccccc1)c1ccccc1,24,27,26,28,128.001862,7.500690,12,11,12,11,1,0,0,1,0
959,397,464,4941905,5336484,C[C@H](NS(=O)(=O)C1=CC=C(Br)C=C1N1CCOC(C(N)=O)C1)C1CCC1,O=C(CN1CCC(OCC2=CN=CS2)C1)NCCN1CCC2=CC=CC=C21,C[C@H](NS(=O)(=O)c1ccc(Br)cc1N1CCOC(C(N)=O)C1)C1CCC1,O=C(CN1CCC(OCc2cncs2)C1)NCCN1CCc2ccccc21,26,28,27,30,60.986874,2.860137,11,11,11,11,1,0,0,1,0
960,379,686,1962038,2090176,C=C(Br)CNC1=NC(N(C)CCN2C=NC=N2)=NC2=C1CSC2,CC1=CC(O)=CC(C)=C1CC(=O)NCCCC1=CC=C(Cl)C=C1Cl,C=C(Br)CNc1nc(N(C)CCn2cncn2)nc2c1CSC2,Cc1cc(O)cc(C)c1CC(=O)NCCCc1ccc(Cl)cc1Cl,23,25,24,25,4.475367,0.379350,7,6,7,6,1,0,0,1,0
961,972,760,4070462,3882586,CCC(CC)N1CC[C@@H](NS(=O)(=O)C2=CN=C(C3=CC=C(Br)C=C3)S2)C1,COC(=O)C(C)(C)C(=O)N(CC1=CSC(C)=C1)CC1OCCC12CC2,CCC(CC)N1CC[C@@H](NS(=O)(=O)c2cnc(-c3ccc(Br)cc3)s2)C1,COC(=O)C(C)(C)C(=O)N(Cc1csc(C)c1)CC1OCCC12CC2,26,28,25,27,25.661764,1.761542,9,8,9,8,1,0,0,1,0
962,713,968,1020902,9459574,CCCCC1=NC(C)=C(C(=O)N(C)C2CN(C)S(=O)(=O)C2)S1,COC[C@H](O)CN1C=C(C2CC23CCN(C(=O)CC2=CC=C(OC)C(Cl)=C2)CC3)N=N1,CCCCc1nc(C)c(C(=O)N(C)C2CN(C)S(=O)(=O)C2)s1,COC[C@H](O)Cn1cc(C2CC23CCN(C(=O)Cc2ccc(OC)c(Cl)c2)CC3)nn1,22,23,31,34,10.722354,0.724492,9,8,9,8,1,0,0,1,0
963,553,429,4693304,2046013,C/C=C/CC(CC)C(=O)NCC12CC1CN(C(=O)CC1=C(C)C=CS1)C2,O=C(C1=CC=NC2=NC=NN12)N1CCC(COCC(F)(F)F)CC1,C/C=C/CC(CC)C(=O)NCC12CC1CN(C(=O)Cc1sccc1C)C2,O=C(c1ccnc2ncnn12)N1CCC(COCC(F)(F)F)CC1,26,28,24,26,22.470327,1.142768,12,11,12,11,1,0,0,1,0
964,601,760,7965965,3882586,CNC(=O)CN1C=CC2=CC=C(NC(=O)NC3=C4OC(=O)NC4=CC(Cl)=C3)C=C21,COC(=O)C(C)(C)C(=O)N(CC1=CSC(C)=C1)CC1OCCC12CC2,CNC(=O)Cn1ccc2ccc(NC(=O)Nc3cc(Cl)cc4[nH]c(=O)oc34)cc21,COC(=O)C(C)(C)C(=O)N(Cc1csc(C)c1)CC1OCCC12CC2,29,32,25,27,58.435246,3.091035,11,10,11,10,1,0,0,1,0
965,744,158,9181961,3115192,C1=NC=NN1C1CCN(C2=NC(N3CCOC4(CC4)C3)=NC3=C2CCCCC3)CC1,COC(=O)CC1=CSC(CNC(=O)N2CCC(C)(N3CCCC3)C2)=N1,c1ncn(C2CCN(c3nc(N4CCOC5(CC5)C4)nc4c3CCCCC4)CC2)n1,COC(=O)Cc1csc(CNC(=O)N2CCC(C)(N3CCCC3)C2)n1,30,35,25,27,38.303982,1.469169,13,12,13,12,1,0,0,1,0
966,906,424,80879,6107964,CC(C)(NCC1=CC(O)=CC=C1)C1=NC=CS1,O=C(CCC1=CN=CO1)NC[C@H]1CCCN(C(=O)CN2CCOCC2=O)C1,CC(C)(NCc1cccc(O)c1)c1nccs1,O=C(CCc1cnco1)NC[C@H]1CCCN(C(=O)CN2CCOCC2=O)C1,17,18,27,29,8.954285,0.822854,12,11,12,11,1,0,0,1,0
967,670,101,1785915,5024803,C=CC(CC)C(=O)N[C@@H](CC(=C)C)C(=O)N[C@@H](C)C1=CSC=N1,CC(C)OCCN(CC1=CC=C2CCCOC2=C1)C(=O)C1=CN(C)C=C1,C=CC(CC)C(=O)N[C@@H](CC(=C)C)C(=O)N[C@@H](C)c1cscn1,CC(C)OCCN(Cc1ccc2c(c1)OCCC2)C(=O)c1ccn(C)c1,23,23,26,28,10.952884,0.857946,11,10,11,10,1,0,0,1,0
968,853,501,573979,4499785,CC(CC#N)C(=O)N[C@@H](C)CNC(=O)C[C@@H](C)N(C)C,C#CCOC(=O)CNC(=O)C(F)C1CC(NC(=O)CC2CC3(CC3)C2)C1,CC(CC#N)C(=O)N[C@@H](C)CNC(=O)C[C@@H](C)N(C)C,C#CCOC(=O)CNC(=O)C(F)C1CC(NC(=O)CC2CC3(CC3)C2)C1,20,19,26,28,8.226368,0.717782,9,8,9,8,1,0,0,1,0
969,630,417,4381149,6853801,C[C@H]1[C@H](CNC(=O)[C@@H]2C[C@@H](F)CN2C(=O)C2=CC=C(C(N)=O)O2)C1(F)F,CCC(CNC(=O)C[C@H]1CC[C@H](NC(=O)C2CCC3(CC3)C2)CC1)C(C)(F)F,C[C@H]1[C@H](CNC(=O)[C@@H]2C[C@@H](F)CN2C(=O)c2ccc(C(N)=O)o2)C1(F)F,CCC(CNC(=O)C[C@H]1CC[C@H](NC(=O)C2CCC3(CC3)C2)CC1)C(C)(F)F,26,28,28,30,52.539986,4.363016,14,13,14,13,1,0,0,1,0
970,961,974,1954968,3767260,C=CCCCCC(N[C@H]1CCO[C@H]1C)C1=NN=NN1C1CCC1,CN(CC1=CN(CCC(=O)O)N=N1)C(=O)CCCN1C=CC=CC1=O,C=CCCCCC(N[C@H]1CCO[C@H]1C)c1nnnn1C1CCC1,CN(Cc1cn(CCC(=O)O)nn1)C(=O)CCCn1ccccc1=O,23,25,25,26,16.281105,1.371681,10,9,10,9,1,0,0,1,0
971,286,33,7707730,4859545,CCC(C(=O)N(CC1=CC=C(OC)C(C)=C1)C[C@H]1CCCO1)C1=CC=CN=C1,CC(C)[C@@H](CC(=O)OCC1(C)CCN2C=CN=C21)NC(=O)OC(C)(C)C,CCC(C(=O)N(Cc1ccc(OC)c(C)c1)C[C@H]1CCCO1)c1cccnc1,CC(C)[C@@H](CC(=O)OCC1(C)CCn2ccnc21)NC(=O)OC(C)(C)C,28,30,26,27,26.199556,2.264531,9,8,9,8,1,0,0,1,0
972,706,379,3749861,1962038,CCCCN1C=C(CCC(=O)N2CCN3C(=NN=C3C3CC3)C2)N=N1,C=C(Br)CNC1=NC(N(C)CCN2C=NC=N2)=NC2=C1CSC2,CCCCn1cc(CCC(=O)N2CCn3c(nnc3C3CC3)C2)nn1,C=C(Br)CNc1nc(N(C)CCn2cncn2)nc2c1CSC2,25,28,23,25,16.682926,1.337547,10,9,10,9,1,0,0,1,0
973,222,454,7028356,8292127,CC1=CC=C(CC(=O)N2CC3C=CC2C(C(=O)NCC2=NC(C)=C(C)S2)C3)S1,C#CCNC(=O)[C@H]1C[C@H]1C(=O)NC1CN(C(=O)CC(C)(C)CC=C)CC12CCC2,Cc1ccc(CC(=O)N2CC3C=CC2C(C(=O)NCc2nc(C)c(C)s2)C3)s1,C#CCNC(=O)[C@H]1C[C@H]1C(=O)NC1CN(C(=O)CC(C)(C)CC=C)CC12CCC2,28,31,29,31,230.534348,15.614131,17,16,17,16,1,0,0,1,0
974,455,973,3197541,2845154,O=C(O)CC1CCC1NCC1=CC=CC=C1OCC1=CC=CC=C1F,CC(C)CNC(=O)C(C(C)C(C)(C)C)N1CCC2=CC(Br)=CC=C21,O=C(O)CC1CCC1NCc1ccccc1OCc1ccccc1F,CC(C)CNC(=O)C(C(C)C(C)(C)C)N1CCc2cc(Br)ccc21,25,27,24,25,62.568081,4.657309,14,13,14,13,1,0,0,1,0
975,241,875,2413983,6254698,CONC(=O)CNC(=O)C1(NC(=O)C2=CC(C)=NC(C)=C2)CCC1,C=CC(C)OCC(=O)N1CCC(C2=CN(CC3CCC(F)(F)CC3)N=N2)C1,CONC(=O)CNC(=O)C1(NC(=O)c2cc(C)nc(C)c2)CCC1,C=CC(C)OCC(=O)N1CCC(c2cn(CC3CCC(F)(F)CC3)nn2)C1,24,25,27,29,44.245728,2.422761,12,11,12,11,1,0,0,1,0
976,371,101,6878309,5024803,C[C@@H]1CN(C(=O)C23CCC(CC2)CO3)C[C@H]1C(=O)N[C@H](C)C1=CC=CC=C1O,CC(C)OCCN(CC1=CC=C2CCCOC2=C1)C(=O)C1=CN(C)C=C1,C[C@@H]1CN(C(=O)C23CCC(CC2)CO3)C[C@H]1C(=O)N[C@H](C)c1ccccc1O,CC(C)OCCN(Cc1ccc2c(c1)OCCC2)C(=O)c1ccn(C)c1,28,31,26,28,704.719421,29.549008,18,17,18,17,1,0,0,1,0
977,702,376,2979898,6724309,CC(C)COC1CCN(C2=C(Cl)C(=O)N(C3=CC=CC=C3)N=C2)CC1,CC(C)C1=CC=CC2=C1CCN(C(=O)NC1=CC(C(N)=O)=CC=C1N(C)C)C2,CC(C)COC1CCN(c2cnn(-c3ccccc3)c(=O)c2Cl)CC1,CC(C)c1cccc2c1CCN(C(=O)Nc1cc(C(N)=O)ccc1N(C)C)C2,25,27,28,30,20.192974,2.274476,11,10,11,10,1,0,0,1,0
978,557,923,3798566,4802630,COC(=O)NC1CCN(C2=NC(N3CCC(C#N)CC3)=NC=C2)CC1,CCC1(NC(=O)CCC(=O)C2CC2)CN(C(=O)CC2CCC=CCC2)C1,COC(=O)NC1CCN(c2ccnc(N3CCC(C#N)CC3)n2)CC1,CCC1(NC(=O)CCC(=O)C2CC2)CN(C(=O)CC2CCC=CCC2)C1,25,27,26,28,14.795628,1.245040,9,8,9,8,1,0,0,1,0
979,660,367,4114235,9447173,CN1CCC(OC2=CC(NC(=O)C3=CN4N=NN=C4C=C3)=CC=N2)CC1,CN(CC1(O)CCN(C(=O)C2=CC=C([N+](=O)[O-])N2C)CC1)C(=O)[C@H](O)C1=CC=CC=C1,CN1CCC(Oc2cc(NC(=O)c3ccc4nnnn4c3)ccn2)CC1,CN(CC1(O)CCN(C(=O)c2ccc([N+](=O)[O-])n2C)CC1)C(=O)[C@H](O)c1ccccc1,26,29,31,33,24.242668,1.173494,14,13,14,13,1,0,0,1,0
980,62,407,6416646,913391,CCOC1CC(CN(CC2=NC=C(OC)N=C2)C(=O)[C@H]2C[C@@]2(C)C2CC2)C1,C#CCOCCC(=O)NCCN1CCC(NC(C)=O)CC1,CCOC1CC(CN(Cc2cnc(OC)cn2)C(=O)[C@H]2C[C@@]2(C)C2CC2)C1,C#CCOCCC(=O)NCCN1CCC(NC(C)=O)CC1,27,30,21,21,16.789488,1.477444,11,10,11,10,1,0,0,1,0
981,282,194,9846240,28582,CCC1=C(C(=O)NC(C)C2CCN(S(=O)(=O)C3=CC=CC4=CC=CN=C43)C2)N=NN1CC,CCC=C(C)C(=O)NCCN1CCCC1C,CCc1c(C(=O)NC(C)C2CCN(S(=O)(=O)c3cccc4cccnc34)C2)nnn1CC,CCC=C(C)C(=O)NCCN1CCCC1C,32,35,16,16,5.145211,0.436503,9,8,9,8,1,0,0,1,0
982,991,125,2218362,2568785,CN1N=CC=C1C1CCN(CC2CCCN(C(=O)C(C)(C)C)C2)C1,CC(C)OCC(C)(C)C(=O)N[C@H]1C[C@@H](C(=O)NC2CC=CCC2)C1,Cn1nccc1C1CCN(CC2CCCN(C(=O)C(C)(C)C)C2)C1,CC(C)OCC(C)(C)C(=O)N[C@H]1C[C@@H](C(=O)NC2CC=CCC2)C1,24,26,24,25,49.620941,4.129039,12,11,12,11,1,0,0,1,0
983,971,868,7431360,7961506,CCN1C(C)=CC(C(=O)N2CCC(N3C=C(CCC4CCOC4)N=N3)C2)=C1C,CN(C1=CC=C(CNC(=O)NC2=NC=CC=C2OCCF)C=C1)C1CCCCC1,CCn1c(C)cc(C(=O)N2CCC(n3cc(CCC4CCOC4)nn3)C2)c1C,CN(c1ccc(CNC(=O)Nc2ncccc2OCCF)cc1)C1CCCCC1,28,31,29,31,49.088947,4.173456,11,10,11,10,1,0,0,1,0
984,843,465,6410124,2159572,COC1=NC=CN=C1CN(CCCC1=NC=CS1)C(=O)CC1OCCC1C,CN(C1CCC2(CC1)COC2)S(=O)(=O)C1=CC=C([N+](=O)[O-])C(Cl)=C1,COc1nccnc1CN(CCCc1nccs1)C(=O)CC1OCCC1C,CN(C1CCC2(CC1)COC2)S(=O)(=O)c1ccc([N+](=O)[O-])c(Cl)c1,27,29,24,26,13.108680,0.964955,9,8,9,8,1,0,0,1,0
985,93,678,7173889,4318056,CC(C)C(C#N)C(=O)NCC(NC(=O)C1=CN(C2CCC2)N=N1)C1CCCC1,N#CC1(CCC(=O)NCCC2(C(=O)NCC3CC3(F)F)CCC2)CCC1,CC(C)C(C#N)C(=O)NCC(NC(=O)c1cn(C2CCC2)nn1)C1CCCC1,N#CC1(CCC(=O)NCCC2(C(=O)NCC3CC3(F)F)CCC2)CCC1,28,30,26,28,48.849525,3.529220,13,12,13,12,1,0,0,1,0
986,217,657,3764730,8708776,CC(C)C(F)(F)C(=O)N1CC(C2=CN(CCCOC3CCC3)N=N2)C1,CO[C@H](CO)CN(CC1=CC=C(OCC(C)C)C=C1)C(=O)NC1=CC=NC(C)=C1,CC(C)C(F)(F)C(=O)N1CC(c2cn(CCCOC3CCC3)nn2)C1,CO[C@H](CO)CN(Cc1ccc(OCC(C)C)cc1)C(=O)Nc1ccnc(C)c1,25,27,29,30,22.682039,2.228662,9,8,9,8,1,0,0,1,0
987,654,611,5240309,6791116,CC1=C(NC(=O)CC2CCN(C(=O)OC(C)(C)C)C2)C=CC=C1S(N)(=O)=O,O=C(N1CCCN(C2=CC=C(C(F)(F)F)C=N2)CC1)C1(C2CC2)CCNCC1,Cc1c(NC(=O)CC2CCN(C(=O)OC(C)(C)C)C2)cccc1S(N)(=O)=O,O=C(N1CCCN(c2ccc(C(F)(F)F)cn2)CC1)C1(C2CC2)CCNCC1,27,28,28,31,41.831013,2.358086,12,11,12,11,1,0,0,1,0
988,994,21,7879141,6114384,COC1=CC=CC(N(CCC#N)C(=O)C2=C(C)N(C3=CC=CC=C3C)C(C)=C2)=C1,CC1CC(C(=O)N2CCN(C(=O)C3=C(F)C=NC(O)=C3)CC2C(C)(C)C)C1,COc1cccc(N(CCC#N)C(=O)c2cc(C)n(-c3ccccc3C)c2C)c1,CC1CC(C(=O)N2CCN(C(=O)c3cc(O)ncc3F)CC2C(C)(C)C)C1,29,31,27,29,291.810120,14.369707,15,14,15,14,1,0,0,1,0
989,51,805,1637007,10189248,CCC1CN2CCCC2CN1C(=O)NCCOC1=CC=NC=C1,CN(CC1=CC=CC=C1)C(=O)CNC(=O)CNCC1CCCN(C(=O)OCC2=CC=CC=C2)C1,CCC1CN2CCCC2CN1C(=O)NCCOc1ccncc1,CN(Cc1ccccc1)C(=O)CNC(=O)CNCC1CCCN(C(=O)OCc2ccccc2)C1,23,25,34,36,37.791988,3.050154,11,10,11,10,1,0,0,1,0
990,341,249,7596939,4332357,CCC(C)(C)N1N=NN=C1C(C1=CN=C(C2CC2)O1)N1CCC(C)(CSC)C1,CC(CC(=O)NC1(C(=O)NC(C)CCN(C)C)CCCCC1)CN(C)C,CCC(C)(C)n1nnnc1C(c1cnc(C2CC2)o1)N1CCC(C)(CSC)C1,CC(CC(=O)NC1(C(=O)NC(C)CCN(C)C)CCCCC1)CN(C)C,28,31,26,26,38.673500,2.392209,15,14,15,14,1,0,0,1,0
991,128,805,7513095,10189248,COC1=CC=CC(C(=O)NC(CNS(=O)(=O)CC(C)O)C2=CC(C)=CC=C2)=C1,CN(CC1=CC=CC=C1)C(=O)CNC(=O)CNCC1CCCN(C(=O)OCC2=CC=CC=C2)C1,COc1cccc(C(=O)NC(CNS(=O)(=O)CC(C)O)c2cccc(C)c2)c1,CN(Cc1ccccc1)C(=O)CNC(=O)CNCC1CCCN(C(=O)OCc2ccccc2)C1,28,29,34,36,51.705753,2.595473,11,11,11,11,1,0,0,1,0
992,578,210,8026689,1866704,COC1=CC=NC(N2CCN(C(=O)C(=O)NCC3=CN=C(N(C)C)N3C)CC2)=C1,O=C(CN1C=C(CNC2CCOC2)N=N1)NCCC1(O)CCC1,COc1ccnc(N2CCN(C(=O)C(=O)NCc3cnc(N(C)C)n3C)CC2)c1,O=C(Cn1cc(CNC2CCOC2)nn1)NCCC1(O)CCC1,29,31,23,25,28.371426,1.445697,13,12,13,12,1,0,0,1,0
993,70,849,4319416,7821504,CCCCSCC(=O)N[C@H]1CC[C@@H](CC(=O)N2CC(CO)(OC)C2)CC1,CC1(C)OCC(CCN(CC2=CC=C3CCOC3=C2)CC2C3CCC2CC3)O1,CCCCSCC(=O)N[C@H]1CC[C@@H](CC(=O)N2CC(CO)(OC)C2)CC1,CC1(C)OCC(CCN(Cc2ccc3c(c2)OCC3)CC2C3CCC2CC3)O1,26,27,28,32,106.528572,4.535866,14,14,14,14,1,0,0,1,0
994,783,567,9628048,10058109,CC1=CN(CCN(CC2=CC=C(C)C3=C2CCC3)C(=O)C2=CC=CC(C#N)=C2O)N=C1,COC(=O)C1=CC=CC=C1CN1C=C([C@@H]2CCCN2C(=O)C2=CN=C(C)C(C(C)=O)=C2)N=N1,Cc1cnn(CCN(Cc2ccc(C)c3c2CCC3)C(=O)c2cccc(C#N)c2O)c1,COC(=O)c1ccccc1Cn1cc([C@@H]2CCCN2C(=O)c2cnc(C)c(C(C)=O)c2)nn1,31,34,33,36,718.052124,21.179462,17,16,17,16,1,0,0,1,0
995,212,600,7369947,2966281,CCC1=C(C(=O)N2CC3CCC(C2)C3NC(=O)C2=NC=CN2C(C)C)N=NN1,CCC1=CC=C(C(=O)NC2CC(C3CN(C(=O)OC(C)(C)C)C3)C2)N1,CCc1[nH]nnc1C(=O)N1CC2CCC(C1)C2NC(=O)c1nccn1C(C)C,CCc1ccc(C(=O)NC2CC(C3CN(C(=O)OC(C)(C)C)C3)C2)[nH]1,28,31,25,27,130.323212,7.449393,14,13,14,13,1,0,0,1,0
996,221,832,5336157,6223222,O=C(CN1C[C@@H]2OCO[C@@H]2C1)N1CCN(CC2=CC=CC=C2)C2(CCC2)C1,CC1=CN=CC(S(=O)(=O)N2CC[C@@H](NC(=O)C3=CC=C4NN=NC4=N3)C2)=C1,O=C(CN1C[C@@H]2OCO[C@@H]2C1)N1CCN(Cc2ccccc2)C2(CCC2)C1,Cc1cncc(S(=O)(=O)N2CC[C@@H](NC(=O)c3ccc4[nH]nnc4n3)C2)c1,27,31,27,30,37.218433,2.046066,14,13,14,13,1,0,0,1,0
997,890,238,302330,5416414,NC1=CN=C(Br)C=C1CN1CCC(C(O)CO)CC1,CC1=CC=C(CN2CCCC2)C=C1NC(=O)C(=O)NCC1=CN=CC=C1O,Nc1cnc(Br)cc1CN1CCC(C(O)CO)CC1,Cc1ccc(CN2CCCC2)cc1NC(=O)C(=O)NCc1cnccc1O,19,20,27,29,96.257584,5.124557,13,12,13,12,1,0,0,1,0
998,336,792,264655,5446813,CC1=CN(CCN2CCN(C)C3(CCOC3)C2)N=C1,CN1C=C([C@@H]2C[C@H]2NC(=O)C2=CC=C3C(=C2)NC(=O)C32CCNCC2)C=N1,Cc1cnn(CCN2CCN(C)C3(CCOC3)C2)c1,Cn1cc([C@@H]2C[C@H]2NC(=O)c2ccc3c(c2)NC(=O)C32CCNCC2)cn1,19,21,27,31,7.830932,1.013436,8,7,8,7,1,0,0,1,0
999,151,807,6361710,831306,CSCCCN(CC1=NN(C)C2=CC=CC=C21)C(=O)C1=C(C2CC2)C=CO1,O=C(O)C1=C(NC(=O)C2=C3CCCCN3C=C2)C=C(Cl)S1,CSCCCN(Cc1nn(C)c2ccccc12)C(=O)c1occc1C1CC1,O=C(Nc1cc(Cl)sc1C(=O)O)c1ccn2c1CCCC2,27,30,21,23,62.078472,2.368424,13,12,13,12,1,0,0,1,0
