pair_index,mol_a_idx,mol_b_idx,input_line_a,input_line_b,input_smiles_a,input_smiles_b,smiles_a,smiles_b,atoms_a,bonds_a,atoms_b,bonds_b,nvmolkit_time_ms,rdkit_time_ms,nvmolkit_atoms,nvmolkit_bonds,rdkit_atoms,rdkit_bonds,rdkit_completed,nvmolkit_canceled,nvmolkit_overflowed,nvmolkit_used_gpu,nvmolkit_used_fallback,nvmolkit_phase2_iters,nvmolkit_initial_seeds,nvmolkit_mismatched_initial_seeds,nvmolkit_popped,nvmolkit_seed_checks,nvmolkit_match_calls,nvmolkit_match_found,nvmolkit_bound_rejected,nvmolkit_expanded,nvmolkit_fill_zero,nvmolkit_stage0_attempts,nvmolkit_stage0_success,nvmolkit_stage1_attempts,nvmolkit_stage1_success,nvmolkit_stage2_attempts,nvmolkit_stage2_success,nvmolkit_individual_bond_excluded,nvmolkit_fast_attempts,nvmolkit_fast_success,nvmolkit_fallback_calls,nvmolkit_fallback_success,nvmolkit_fallback_fail,nvmolkit_fallback_overflow,nvmolkit_max_queue,nvmolkit_forced_exit
0,654,114,5240309,5937853,CC1=C(NC(=O)CC2CCN(C(=O)OC(C)(C)C)C2)C=CC=C1S(N)(=O)=O,CCN1N=CC(C)=C1C(=O)NCC(C)CN(C)C(=O)C1=CSC(C(C)=O)=N1,Cc1c(NC(=O)CC2CCN(C(=O)OC(C)(C)C)C2)cccc1S(N)(=O)=O,CCn1ncc(C)c1C(=O)NCC(C)CN(C)C(=O)c1csc(C(C)=O)n1,27,28,27,28,35.943466,,12,11,,,0,0,0,1,0,68,28,5,268,436,436,227,111,268,2,213,98,260,98,33,8,74,408,97,339,130,209,0,23,0
1,25,759,7637054,8626595,C=C1CC2CC1CN2C1=NC(N2CCOC(C3=CC=C(C)S3)C2)=NC(NC)=N1,CC1=CC(C(=O)N(CC2=C3C=CN(C)C3=CC=C2)C[C@@H]2CCCC[C@H]2O)=CC=N1,C=C1CC2CC1CN2c1nc(NC)nc(N2CCOC(c3ccc(C)s3)C2)n1,Cc1cc(C(=O)N(Cc2cccc3c2ccn3C)C[C@@H]2CCCC[C@H]2O)ccn1,28,32,29,32,45.762947,,11,10,,,0,0,0,1,0,60,32,3,235,460,460,201,125,235,0,186,82,303,71,49,19,140,428,108,352,93,259,0,29,0
2,281,250,7360629,970568,CCC1=NC(C)=C(C(=O)N2CCN(C(=O)C=CC3=CSC=C3)CC23CCC3)O1,CC1=CC=C(F)C=C1NC(=O)CC(C1=CC=CC=C1)C(C)C,CCc1nc(C)c(C(=O)N2CCN(C(=O)C=Cc3ccsc3)CC23CCC3)o1,Cc1ccc(F)cc1NC(=O)CC(c1ccccc1)C(C)C,28,31,22,23,45.599586,,11,10,,,0,0,0,1,0,71,23,1,275,479,479,246,88,275,0,239,104,270,112,28,8,80,456,123,356,123,233,0,22,0
3,228,142,4759077,3301945,CON=CC(=O)N1CCC(OCCNC(=O)[C@H]2CCC[C@H]2C(=O)OC)C1,CC1=C(C(=O)N2CC(C)(C)C[C@H]2C(=O)NCC(C)OCCO)N=CO1,CON=CC(=O)N1CCC(OCCNC(=O)[C@H]2CCC[C@H]2C(=O)OC)C1,Cc1ocnc1C(=O)N1CC(C)(C)C[C@H]1C(=O)NCC(C)OCCO,26,27,25,26,25.886303,,12,11,,,0,0,0,1,0,74,26,0,292,487,487,271,266,292,0,259,123,316,99,140,23,51,461,185,302,86,216,0,26,0
4,754,104,9496029,6937058,CC1=NC(NC[C@]23CCC[C@H]2CN(C(=O)[C@@H](CCC(N)=O)N(C)C)C3)=C2C=NNC2=N1,CC1=CN=C(O)C(NC(=O)C2CCN(C(=O)C(F)C3(O)CCCC3)CCO2)=C1,Cc1nc(NC[C@]23CCC[C@H]2CN(C(=O)[C@@H](CCC(N)=O)N(C)C)C3)c2cn[nH]c2n1,Cc1cnc(O)c(NC(=O)C2CCN(C(=O)C(F)C3(O)CCCC3)CCO2)c1,31,34,28,30,78.877510,,16,15,,,0,0,0,1,0,149,30,5,592,752,752,528,155,592,1,506,319,310,168,38,16,28,722,370,382,158,224,0,28,0
5,692,758,2627573,9782512,NC1=CC=C(C(=O)N2C[C@@H]3CN(C(=O)C4=NSC=C4)C[C@@H]3C2)C=N1,CCCN1CCCCC1C(=O)N1CC2(CN(C(=O)C3=CC(N(C)C)=CC=N3)CC2CO)C1,Nc1ccc(C(=O)N2C[C@@H]3CN(C(=O)c4ccsn4)C[C@@H]3C2)cn1,CCCN1CCCCC1C(=O)N1CC2(CN(C(=O)c3cc(N(C)C)ccn3)CC2CO)C1,24,27,32,35,258.058197,,20,20,,,0,0,0,1,0,332,27,2,1319,1346,1346,952,1918,1319,0,859,519,1477,304,781,104,18,1319,611,735,341,394,0,44,0
6,913,558,9854679,2672686,CCC(C)(CC1=CN(C2CCCCNC2=O)N=N1)C(=O)N1CCC(C)=C(C2=CC=CO2)C1,O=C1CC(C(=O)NC/C=C\CNC(=O)[C@H]2C[C@@H]2C2CCCO2)=NN1,CCC(C)(Cc1cn(C2CCCCNC2=O)nn1)C(=O)N1CCC(C)=C(c2ccco2)C1,O=C1CC(C(=O)NC/C=C\CNC(=O)[C@H]2C[C@@H]2C2CCCO2)=NN1,32,35,24,26,47.009392,,12,11,,,0,0,0,1,0,87,26,1,334,482,482,297,77,334,0,282,143,232,129,2,0,46,456,169,313,128,185,0,25,0
7,89,604,164641,2155819,CCOCC[C@@H](C)NCC1=CNC(C(=O)OC)=C1,CCOC1=CC=C(S(=O)(=O)N2CC(C(=O)OC)CC2(C)C)C=C1Cl,CCOCC[C@@H](C)NCc1c[nH]c(C(=O)OC)c1,CCOc1ccc(S(=O)(=O)N2CC(C(=O)OC)CC2(C)C)cc1Cl,18,18,24,25,8.248028,,9,8,,,0,0,0,1,0,38,18,0,142,179,179,116,77,142,0,106,69,108,29,11,0,23,161,58,121,58,63,0,25,0
8,432,32,4727751,2646999,CN(C[C@@H]1C[C@H](F)CN1C(=O)[C@H]1CCCN1C)C(=O)CCCC(F)(F)F,NC(=O)C[C@@H](O)C(=O)NC1COCCN(C(=O)C2=CC=CC=C2)C1,CN(C[C@@H]1C[C@H](F)CN1C(=O)[C@H]1CCCN1C)C(=O)CCCC(F)(F)F,NC(=O)C[C@@H](O)C(=O)NC1COCCN(C(=O)c2ccccc2)C1,26,27,24,25,70.726593,,17,16,,,0,0,0,1,0,215,25,3,848,1084,1084,781,150,848,0,770,477,365,249,63,33,3,1059,669,415,112,303,0,23,0
9,30,95,9383559,9309198,CC(C)(C)OC(=O)NC1(C2CCC(C(=O)O)N(CC3=CC(C#N)=CC=C3Br)C2)CCC1,COC1=CC=C(CC2CCN(C(=O)C3=CC=C(N4C=NC5=CC=CC=C54)C=C3)C2)C=C1,CC(C)(C)OC(=O)NC1(C2CCC(C(=O)O)N(Cc3cc(C#N)ccc3Br)C2)CCC1,COc1ccc(CC2CCN(C(=O)c3ccc(-n4cnc5ccccc54)cc3)C2)cc1,31,33,31,35,282.509918,,19,18,,,0,0,0,1,0,224,33,2,893,1308,1308,760,941,893,1,706,420,876,215,576,94,23,1275,591,717,169,548,0,50,0
10,223,238,4544882,5416414,CC(=O)OCC1CN(C(=O)[C@@H]2[C@@H](C)OCCN2C(=O)CC2=NOC=C2)C1,CC1=CC=C(CN2CCCC2)C=C1NC(=O)C(=O)NCC1=CN=CC=C1O,CC(=O)OCC1CN(C(=O)[C@@H]2[C@@H](C)OCCN2C(=O)Cc2ccon2)C1,Cc1ccc(CN2CCCC2)cc1NC(=O)C(=O)NCc1cnccc1O,26,28,27,29,51.142059,,15,14,,,0,0,0,1,0,112,28,1,437,691,691,393,211,437,0,381,135,443,222,37,9,36,663,279,412,114,298,0,27,0
11,517,616,8356445,7793318,CC1=C(C)C(C(=O)N2CCCN(C(=O)C3=CN=C4N=CC=CC4=C3)C[C@@H]2C)=CS1,CCC1=CC=CC(CCN(CC2=NC=C(OC)N=C2)CC2=NN=C(CC)N2)=C1,Cc1scc(C(=O)N2CCCN(C(=O)c3cnc4ncccc4c3)C[C@@H]2C)c1C,CCc1cccc(CCN(Cc2cnc(OC)cn2)Cc2nnc(CC)[nH]2)c1,29,32,28,30,104.499199,,17,16,,,0,0,0,1,0,108,30,3,413,606,606,346,271,413,0,307,182,316,93,183,44,29,576,215,391,131,260,0,28,0
12,27,574,6857256,5611587,CC(=O)N[C@@H](C(=O)N1CCC(C(=O)NC2CCN3N=NN=C3C2)CC1)C(C)C,CCC1=C(C(=O)N2CC3(C(=O)NCCC4=CSC=C4)CC2CCO3)N=CO1,CC(=O)N[C@@H](C(=O)N1CCC(C(=O)NC2CCn3nnnc3C2)CC1)C(C)C,CCc1ocnc1C(=O)N1CC2(C(=O)NCCc3ccsc3)CC1CCO2,28,30,27,30,532.033020,,18,17,,,0,0,0,1,0,755,30,3,3016,4516,4516,2760,938,3016,0,2747,1482,2419,1162,244,89,420,4486,2315,2201,445,1756,0,35,0
13,203,733,5641571,5747447,C=CCC(CNC(=O)CCC1=NN(C)C=C1)C(=O)N1CCC2(CCCC2)C1,CC1=NON=C1CC(=O)N1C[C@H]2CCC[C@H]2[C@H]1C(=O)N(C)[C@@H]1CCC[C@H]1O,C=CCC(CNC(=O)CCc1ccn(C)n1)C(=O)N1CCC2(CCCC2)C1,Cc1nonc1CC(=O)N1C[C@H]2CCC[C@H]2[C@H]1C(=O)N(C)[C@@H]1CCC[C@H]1O,27,29,27,30,42.145714,,14,14,,,0,0,0,1,0,115,29,2,454,499,499,379,264,454,0,316,215,246,77,103,60,2,470,254,245,125,120,0,35,0
14,665,718,7440053,1002008,O=C(CC1=CC=CC=C1OC1CCCC1)OC/C=C/C1=CC=C2OCOC2=C1,CC1=NN=C(CNC(=O)C2=C(C)C(C)(C)OC2=O)N1C1CC1,O=C(Cc1ccccc1OC1CCCC1)OC/C=C/c1ccc2c(c1)OCO2,CC1=C(C(=O)NCc2nnc(C)n2C2CC2)C(=O)OC1(C)C,28,31,22,24,5.925552,,8,7,,,0,0,0,1,0,17,24,8,62,110,110,59,85,62,2,48,19,62,16,52,8,6,86,27,83,32,51,0,16,0
15,558,429,2672686,2046013,O=C1CC(C(=O)NC/C=C\CNC(=O)[C@H]2C[C@@H]2C2CCCO2)=NN1,O=C(C1=CC=NC2=NC=NN12)N1CCC(COCC(F)(F)F)CC1,O=C1CC(C(=O)NC/C=C\CNC(=O)[C@H]2C[C@@H]2C2CCCO2)=NN1,O=C(c1ccnc2ncnn12)N1CCC(COCC(F)(F)F)CC1,24,26,24,26,14.601578,,11,10,,,0,0,0,1,0,42,26,2,167,271,271,157,41,167,1,150,64,118,69,12,0,22,245,91,180,66,114,0,24,0
16,225,459,9996204,8067682,CCOC(=O)C1=C(C2=CN=CO2)N(C2=CC(C)=CC(C)=C2)C(=S)NC1C1=CC(C2CC2)=NO1,CCSC(C(=O)N1CC2(CCCC2)C1C(=O)NCC1=NC(CO)=CC=C1)C(C)C,CCOC(=O)C1=C(c2cnco2)N(c2cc(C)cc(C)c2)C(=S)NC1c1cc(C2CC2)no1,CCSC(C(=O)N1CC2(CCCC2)C1C(=O)NCc1cccc(CO)n1)C(C)C,33,37,29,31,77.811607,,12,11,,,0,0,0,1,0,88,31,2,340,684,684,311,273,340,1,294,118,382,133,234,31,62,653,153,531,158,373,0,29,0
17,603,284,2234872,8276759,CC1=CC(CN(C)C(=O)NC2=CN(C(C)(C)C)N=C2C(N)=O)=NO1,CCCC1=CC=C(C(=O)N2CC[C@H](CO)[C@@H](NC(=O)C3C[C@H]4CC[C@H]4C3)C2)C=C1,Cc1cc(CN(C)C(=O)Nc2cn(C(C)(C)C)nc2C(N)=O)no1,CCCc1ccc(C(=O)N2CC[C@H](CO)[C@@H](NC(=O)C3C[C@H]4CC[C@H]4C3)C2)cc1,24,25,29,32,21.508194,,10,9,,,0,0,0,1,0,37,25,2,129,219,219,107,123,129,1,85,43,143,36,67,5,23,194,57,162,50,112,0,24,0
18,828,890,5398052,302330,COC1=CC(CCNC(=O)N(CC2=CC=CS2)C2CCOC2)=CC(F)=C1F,NC1=CN=C(Br)C=C1CN1CCC(C(O)CO)CC1,COc1cc(CCNC(=O)N(Cc2cccs2)C2CCOC2)cc(F)c1F,Nc1cnc(Br)cc1CN1CCC(C(O)CO)CC1,27,29,19,20,17.684654,,10,9,,,0,0,0,1,0,51,20,1,201,294,294,178,119,201,0,166,87,184,65,30,7,25,274,106,188,72,116,0,19,0
19,6,777,9819790,2724797,CC1=CC=C(C(C)C)C(C(=O)NC[C@H]2CC[C@H](CN3C=C(CN4C=CN=C4)N=N3)CC2)=C1,CCCCC1=CC(NCC[C@H](C)NC(=O)[C@H]2CCC[C@@H]2O)=NC=N1,Cc1ccc(C(C)C)c(C(=O)NC[C@H]2CC[C@H](Cn3cc(Cn4ccnc4)nn3)CC2)c1,CCCCc1cc(NCC[C@H](C)NC(=O)[C@H]2CCC[C@@H]2O)ncn1,32,35,24,25,32.764141,,14,13,,,0,0,0,1,0,72,25,1,283,342,342,250,88,283,1,223,151,145,74,3,1,19,317,180,162,70,92,0,27,0
20,825,163,6852006,3471882,CC1=NOC(CC(=O)N2CC(OCCC(=O)NCC3=CC=C(F)N=C3C)C2)=C1,CCC1(C(=O)NCC(O)C(=O)OC)CCN(C(=O)[C@H](C)C2CC2)CC1,Cc1cc(CC(=O)N2CC(OCCC(=O)NCc3ccc(F)nc3C)C2)on1,CCC1(C(=O)NCC(O)C(=O)OC)CCN(C(=O)[C@H](C)C2CC2)CC1,28,30,25,26,32.416615,,12,11,,,0,0,0,1,0,77,26,0,305,448,448,258,224,305,0,229,96,311,108,76,28,30,422,159,289,99,190,0,26,0
21,714,432,7488944,4727751,CCC(C)C1=NC=CC(NC[C@H]2CCC[C@@H](NC(=O)CN3N=CC=C3C)C2)=N1,CN(C[C@@H]1C[C@H](F)CN1C(=O)[C@H]1CCCN1C)C(=O)CCCC(F)(F)F,CCC(C)c1nccc(NC[C@H]2CCC[C@@H](NC(=O)Cn3nccc3C)C2)n1,CN(C[C@@H]1C[C@H](F)CN1C(=O)[C@H]1CCCN1C)C(=O)CCCC(F)(F)F,28,30,26,27,19.696453,,13,12,,,0,0,0,1,0,54,27,4,206,313,313,191,110,206,1,166,74,169,79,37,15,15,286,125,188,66,122,0,23,0
22,348,284,2791183,8276759,CCC1=CC=C(CN(CC(Cl)(Cl)Cl)C(=O)CNC(=O)CC(C)C)O1,CCCC1=CC=C(C(=O)N2CC[C@H](CO)[C@@H](NC(=O)C3C[C@H]4CC[C@H]4C3)C2)C=C1,CCc1ccc(CN(CC(Cl)(Cl)Cl)C(=O)CNC(=O)CC(C)C)o1,CCCc1ccc(C(=O)N2CC[C@H](CO)[C@@H](NC(=O)C3C[C@H]4CC[C@H]4C3)C2)cc1,24,24,29,32,17.353107,,18,17,,,0,0,0,1,0,61,24,3,228,242,242,190,126,228,0,158,112,129,48,21,9,2,218,134,108,56,52,0,21,0
23,159,220,9521402,402122,C[C@H](CNC(=O)C1=CC=CC=C1OCC1=CN(C2=CC=C(Cl)C=C2)N=N1)OC(C)(C)C,CC(C(=O)NCC(C)(C)C1=NOC=N1)N1CCCC1=O,C[C@H](CNC(=O)c1ccccc1OCc1cn(-c2ccc(Cl)cc2)nn1)OC(C)(C)C,CC(C(=O)NCC(C)(C)c1ncon1)N1CCCC1=O,31,33,20,21,15.416020,,8,7,,,0,0,0,1,0,39,21,1,145,246,246,136,87,145,0,126,64,127,38,49,14,23,225,89,157,47,110,0,20,0
24,980,781,5308922,9990567,O=C(CCN1N=NC2=CC=CC=C2C1=O)N1CCC2(CCCCCC2)CC1,COC(=O)C1=CC=C(NC(=O)C2CCN(C(=O)C3=CC=C(F)C=C3F)CC2)C2=CC=NC=C12,O=C(CCn1nnc2ccccc2c1=O)N1CCC2(CCCCCC2)CC1,COC(=O)c1ccc(NC(=O)C2CCN(C(=O)c3ccc(F)cc3F)CC2)c2ccncc12,27,30,33,36,128.649582,,13,12,,,0,0,0,1,0,190,30,2,758,1068,1068,709,212,758,0,668,374,390,185,146,122,52,1038,461,607,248,359,0,36,0
25,344,104,9516268,6937058,N#CC[C@@H](O)CN1C=C(C2=CC=CC(OCC(=O)NC3CCC4=NC=CN4C3)=C2)N=N1,CC1=CN=C(O)C(NC(=O)C2CCN(C(=O)C(F)C3(O)CCCC3)CCO2)=C1,N#CC[C@@H](O)Cn1cc(-c2cccc(OCC(=O)NC3CCc4nccn4C3)c2)nn1,Cc1cnc(O)c(NC(=O)C2CCN(C(=O)C(F)C3(O)CCCC3)CCO2)c1,31,34,28,30,100.965500,,14,13,,,0,0,0,1,0,189,30,1,751,1083,1083,664,189,751,0,636,354,470,253,107,28,74,1053,484,599,180,419,0,30,0
26,94,389,4847972,7130093,CS(=O)CCC(=O)N1CCC[C@@H]1CN1C=C(C2=CC=CC(F)=C2N)N=N1,CCCC1=CN=NC(C(=O)N[C@H]2COC[C@H]2N2C=C(CC(OC)OC)N=N2)=C1,CS(=O)CCC(=O)N1CCC[C@@H]1Cn1cc(-c2cccc(F)c2N)nn1,CCCc1cnnc(C(=O)N[C@H]2COC[C@H]2n2cc(CC(OC)OC)nn2)c1,26,28,28,30,244.388977,,17,16,,,0,0,0,1,0,400,28,4,1587,2618,2618,1396,711,1587,0,1377,506,1601,708,304,158,238,2590,1168,1450,228,1222,0,29,0
27,99,367,2993846,9447173,CCN1CCN(C2=CC=C(CNS(=O)(=O)CC(C)(C)CF)C=N2)CC1,CN(CC1(O)CCN(C(=O)C2=CC=C([N+](=O)[O-])N2C)CC1)C(=O)[C@H](O)C1=CC=CC=C1,CCN1CCN(c2ccc(CNS(=O)(=O)CC(C)(C)CF)cn2)CC1,CN(CC1(O)CCN(C(=O)c2ccc([N+](=O)[O-])n2C)CC1)C(=O)[C@H](O)c1ccccc1,25,26,31,33,77.050026,,12,11,,,0,0,0,1,0,119,26,5,458,720,720,406,120,458,2,388,172,361,186,49,27,74,694,273,447,133,314,0,21,0
28,867,352,4152808,4876269,CC(C)CN1N=C(C2=CC=CC=C2)C=C1NC(=O)N(C)C1(CO)COC1,CCC1=NSC(N2CCC[C@H]2CNC(=O)CC2=CC=C3OCCC3=C2)=N1,CC(C)Cn1nc(-c2ccccc2)cc1NC(=O)N(C)C1(CO)COC1,CCc1nsc(N2CCC[C@H]2CNC(=O)Cc2ccc3c(c2)CCO3)n1,26,28,26,29,40.621925,,13,12,,,0,0,0,1,0,82,28,1,320,581,581,297,145,320,0,275,100,315,114,85,56,87,553,169,412,128,284,0,30,0
29,618,270,5085485,4467697,CCC1=CN=C(C(=O)N(CCC2(CO)CCC2)C[C@@H]2COC[C@H]2C)N=C1,CCC1=C(C(=O)N2CC(C)C2C(=O)NCC2CCCCCCC2)SC=N1,CCc1cnc(C(=O)N(CCC2(CO)CCC2)C[C@@H]2COC[C@H]2C)nc1,CCc1ncsc1C(=O)N1CC(C)C1C(=O)NCC1CCCCCCC1,26,28,26,28,221.665207,,17,16,,,0,0,0,1,0,149,28,3,583,1340,1340,518,513,583,0,480,231,561,193,744,69,7,1312,388,952,130,822,0,28,0
30,826,44,4191891,7233874,CCC1=CC=CC(C2(CNC(=O)N3CCC4=C(C3)C(Br)=CC=C4)CC2)=C1,C#CCC(CC(F)F)C(=O)NC1(C2CCCN2C(=O)CC2=CC=C(C)O2)CC1,CCc1cccc(C2(CNC(=O)N3CCc4cccc(Br)c4C3)CC2)c1,C#CCC(CC(F)F)C(=O)NC1(C2CCCN2C(=O)Cc2ccc(C)o2)CC1,26,29,28,30,70.598679,,11,10,,,0,0,0,1,0,120,29,1,464,735,735,421,254,464,0,406,218,411,139,128,36,80,706,242,493,179,314,0,30,0
31,747,470,7094745,3166266,CCC1=CN=CC(C(=O)NC(C(=O)NCC2=NN(C(C)C)C=N2)C(C)(C)C)=C1,N[C@@H](CC1=CC=CC(NC(=O)C2=C(F)C=C(CO)C=C2F)=C1)C(=O)O,CCc1cncc(C(=O)NC(C(=O)NCc2ncn(C(C)C)n2)C(C)(C)C)c1,N[C@@H](Cc1cccc(NC(=O)c2c(F)cc(CO)cc2F)c1)C(=O)O,28,29,25,26,56.842594,,13,12,,,0,0,0,1,0,141,26,4,558,769,769,492,186,558,2,469,241,434,226,4,3,45,743,312,457,180,277,0,25,0
32,549,127,2397574,2363158,CC1CC(C(=O)N2CCOC(CC(=O)NCC3(F)CCC3)C2)=NO1,CN(CC1(C#N)CCC1)C(=O)C(=O)NCC1=CC=C(C2CC2)C=C1,CC1CC(C(=O)N2CCOC(CC(=O)NCC3(F)CCC3)C2)=NO1,CN(CC1(C#N)CCC1)C(=O)C(=O)NCc1ccc(C2CC2)cc1,24,26,24,26,11.032464,,9,9,,,0,0,0,1,0,43,26,6,161,189,189,138,63,161,1,117,85,84,33,0,0,15,163,67,122,71,51,0,20,0
33,996,944,6242893,2165776,C[C@@H](N)CN1C=C(CCCCC(=O)N2CCC3=CC(F)=CC(Cl)=C3C2)N=N1,CCOCC(C)(C)NC(=O)NC1=CN(C)N=C1C(=O)N1CCCC1,C[C@@H](N)Cn1cc(CCCCC(=O)N2CCc3cc(F)cc(Cl)c3C2)nn1,CCOCC(C)(C)NC(=O)Nc1cn(C)nc1C(=O)N1CCCC1,27,29,24,25,15.819235,,10,9,,,0,0,0,1,0,58,25,2,228,321,321,202,88,228,1,187,110,130,61,50,8,15,296,131,190,71,119,0,25,0
34,387,80,109700,36366,O=C(CC1CC1(Br)Br)NNC1=CC=C(F)C(Cl)=C1,NC(=O)CCN1CCC(C2CCCNC2)C1,O=C(CC1CC1(Br)Br)NNc1ccc(F)c(Cl)c1,NC(=O)CCN1CCC(C2CCCNC2)C1,18,19,16,17,7.194301,,7,6,,,0,0,0,1,0,26,17,0,97,147,147,88,9,97,0,86,45,48,23,3,3,18,130,41,106,47,59,0,17,0
35,565,300,1184618,2370681,CCC(O)(CC)CNC(=O)C(=O)NC1=NC(COC)=CC=C1,O=C(N[C@@H](CC1=CC=C(F)C=C1)C(=O)O)C1=CN2C=CN=C2C=C1,CCC(O)(CC)CNC(=O)C(=O)Nc1cccc(COC)n1,O=C(N[C@@H](Cc1ccc(F)cc1)C(=O)O)c1ccc2nccn2c1,22,22,24,26,23.461239,,11,10,,,0,0,0,1,0,62,22,0,239,341,341,213,108,239,0,195,111,196,74,18,6,38,319,135,206,78,128,0,24,0
36,849,643,7821504,3790728,CC1(C)OCC(CCN(CC2=CC=C3CCOC3=C2)CC2C3CCC2CC3)O1,CC(CNC1=NC(N)=NC(N[C@H]2CCN(CC(F)F)C2)=N1)C(C)(C)C,CC1(C)OCC(CCN(Cc2ccc3c(c2)OCC3)CC2C3CCC2CC3)O1,CC(CNc1nc(N)nc(N[C@H]2CCN(CC(F)F)C2)n1)C(C)(C)C,28,32,25,26,10.162349,,8,7,,,0,0,0,1,0,25,26,2,92,165,165,82,52,92,1,72,32,88,14,20,12,42,139,35,130,47,83,0,24,0
37,633,906,3234345,80879,CC(C)C1=C(C(=O)N2CCOC(C(=O)NCC3(CO)CC3)C2)N=CO1,CC(C)(NCC1=CC(O)=CC=C1)C1=NC=CS1,CC(C)c1ocnc1C(=O)N1CCOC(C(=O)NCC2(CO)CC2)C1,CC(C)(NCc1cccc(O)c1)c1nccs1,25,27,17,18,14.544181,,8,7,,,0,0,0,1,0,37,18,2,134,199,199,120,30,134,1,112,54,83,46,9,4,17,181,50,149,70,79,0,16,0
38,882,370,9656200,9041022,COC1=C(C)C=CC=C1CN(CC1=CC=C(N2C=CN=C2)C=C1)CC1OCCC12CC2,CC1=CC=C([N+](=O)[O-])C(NC2COCCCN(C(=O)C[C@@H](C)C3=CC=CC=C3)C2)=N1,COc1c(C)cccc1CN(Cc1ccc(-n2ccnc2)cc1)CC1OCCC12CC2,Cc1ccc([N+](=O)[O-])c(NC2COCCCN(C(=O)C[C@@H](C)c3ccccc3)C2)n1,31,35,30,32,123.117302,,15,14,,,0,0,0,1,0,178,32,3,702,935,935,624,128,702,0,608,337,373,247,33,11,24,903,427,508,197,311,0,31,0
39,591,196,990018,9156181,N#CC1=C(NC(=O)C2=NC=C(Br)C=C2C(F)F)C=CC=C1Cl,C[C@H]1CN(C2=NC3=CC=CC=C3N=C2NCCC2=CC=CC(C3CC3)=C2)C[C@H](C)O1,N#Cc1c(Cl)cccc1NC(=O)c1ncc(Br)cc1C(F)F,C[C@H]1CN(c2nc3ccccc3nc2NCCc2cccc(C3CC3)c2)C[C@H](C)O1,22,23,30,34,29.829464,,16,15,,,0,0,0,1,0,56,23,6,210,252,252,186,101,210,2,161,118,112,36,34,15,7,229,118,134,68,66,0,17,0
40,721,71,8841705,4769611,CC1=C(C(=O)O)C=NN1C1=CC=CC(NS(=O)(=O)CC2=CC=C(C(C)(F)F)C=C2)=C1,CC(C)(C)CCCCC(=O)N1CC(CCNC(=O)C2=CC=NC=C2F)C1,Cc1c(C(=O)O)cnn1-c1cccc(NS(=O)(=O)Cc2ccc(C(C)(F)F)cc2)c1,CC(C)(C)CCCCC(=O)N1CC(CCNC(=O)c2ccncc2F)C1,30,32,26,27,37.280907,,11,10,,,0,0,0,1,0,69,27,0,273,402,402,242,70,273,0,236,128,188,80,15,7,45,375,112,290,130,160,0,28,0
41,46,677,4193236,4192068,COC(=O)[C@H]1CC[C@@H](CNC(=O)NCC2=CC=C3NCCOC3=C2)CC1,O=C(NCC1=NOC(C2CCOCC2)=N1)NC[C@@]12CCCC[C@]1(CO)C2,COC(=O)[C@H]1CC[C@@H](CNC(=O)NCc2ccc3c(c2)OCCN3)CC1,O=C(NCc1noc(C2CCOCC2)n1)NC[C@@]12CCCC[C@]1(CO)C2,26,28,26,29,162.948486,,14,13,,,0,0,0,1,0,197,28,0,775,1217,1217,689,158,775,0,678,381,624,259,34,21,220,1189,504,713,185,528,0,32,0
42,233,791,5376646,9428881,COCC(NC(=O)NC(C)CS(=O)(=O)C1=CC=C(C)C=C1)C1=CN(C)N=C1,CC1=CC(C(=O)N2[C@H](CNC(=O)C3=CC=C(N=[N+]=[N-])C=C3)C[C@@H]3CCC[C@@H]32)=NN=C1C,COCC(NC(=O)NC(C)CS(=O)(=O)c1ccc(C)cc1)c1cnn(C)c1,Cc1cc(C(=O)N2[C@H](CNC(=O)c3ccc(N=[N+]=[N-])cc3)C[C@@H]3CCC[C@@H]32)nnc1C,27,28,31,34,10.163823,,8,7,,,0,0,0,1,0,24,28,6,93,140,140,84,44,93,1,63,28,64,27,8,7,19,112,33,107,51,56,0,22,0
43,296,81,872045,7702525,CO[C@@H](CCNC(=O)CC1(C)CC1)C(=O)NC1=CSC=C1,CCC1(CN(CC2=NC(N(C)C)=NC=C2)C(=O)CCNC(=O)NC)CCCO1,CO[C@@H](CCNC(=O)CC1(C)CC1)C(=O)Nc1ccsc1,CCC1(CN(Cc2ccnc(N(C)C)n2)C(=O)CCNC(=O)NC)CCCO1,21,22,28,29,14.215628,,12,11,,,0,0,0,1,0,27,22,2,106,168,168,95,61,106,0,77,46,74,23,37,6,14,146,51,117,44,73,0,20,0
44,875,238,6254698,5416414,C=CC(C)OCC(=O)N1CCC(C2=CN(CC3CCC(F)(F)CC3)N=N2)C1,CC1=CC=C(CN2CCCC2)C=C1NC(=O)C(=O)NCC1=CN=CC=C1O,C=CC(C)OCC(=O)N1CCC(c2cn(CC3CCC(F)(F)CC3)nn2)C1,Cc1ccc(CN2CCCC2)cc1NC(=O)C(=O)NCc1cnccc1O,27,29,27,29,47.621269,,13,12,,,0,0,0,1,0,98,29,5,388,509,509,336,135,388,1,313,199,232,108,42,5,37,480,218,291,118,173,0,28,0
45,887,103,3833951,3743337,CCC1=CC=C(C(=O)N(CCC2(C)OCCO2)CC2=CSC(Cl)=C2)N1,CC(C)CS(=O)(=O)N1CC2(CCC(CNC(=O)CC[C@@H]3C[C@H]3C)O2)C1,CCc1ccc(C(=O)N(CCC2(C)OCCO2)Cc2csc(Cl)c2)[nH]1,CC(C)CS(=O)(=O)N1CC2(CCC(CNC(=O)CC[C@@H]3C[C@H]3C)O2)C1,25,27,25,27,24.446087,,13,12,,,0,0,0,1,0,68,27,1,262,428,428,251,54,262,0,242,114,190,104,13,7,43,401,167,261,84,177,0,26,0
46,389,284,7130093,8276759,CCCC1=CN=NC(C(=O)N[C@H]2COC[C@H]2N2C=C(CC(OC)OC)N=N2)=C1,CCCC1=CC=C(C(=O)N2CC[C@H](CO)[C@@H](NC(=O)C3C[C@H]4CC[C@H]4C3)C2)C=C1,CCCc1cnnc(C(=O)N[C@H]2COC[C@H]2n2cc(CC(OC)OC)nn2)c1,CCCc1ccc(C(=O)N2CC[C@H](CO)[C@@H](NC(=O)C3C[C@H]4CC[C@H]4C3)C2)cc1,28,30,29,32,159.452164,,17,16,,,0,0,0,1,0,163,30,3,641,971,971,573,290,641,2,566,296,593,247,67,3,83,941,414,557,159,398,0,27,0
47,464,650,5336484,2369078,O=C(CN1CCC(OCC2=CN=CS2)C1)NCCN1CCC2=CC=CC=C21,CC1(C(=O)O)CCC2=CC(C3=CC=C(F)C(C(F)(F)F)=C3)=CC=C21,O=C(CN1CCC(OCc2cncs2)C1)NCCN1CCc2ccccc21,CC1(C(=O)O)CCc2cc(-c3ccc(F)c(C(F)(F)F)c3)ccc21,27,30,24,26,113.862732,,8,8,,,0,0,0,1,0,139,26,4,552,1006,1006,498,177,552,0,477,182,540,249,114,45,148,980,299,707,199,508,0,28,0
48,854,373,3570458,4205027,C[C@H]1CCO[C@H]1C(=O)NC[C@H]1CCCCN1C(=O)/C=C/C1=CNC=N1,O=C(NC1=CC=C(N2CCCCCC2)C=C1)C(=O)N1CCCCC(O)C1,C[C@H]1CCO[C@H]1C(=O)NC[C@H]1CCCCN1C(=O)/C=C/c1c[nH]cn1,O=C(Nc1ccc(N2CCCCCC2)cc1)C(=O)N1CCCCC(O)C1,25,27,26,28,24.481995,,15,14,,,0,0,0,1,0,69,27,1,270,353,353,244,166,270,1,229,140,172,65,76,13,7,326,169,184,75,109,0,27,0
49,166,379,9224839,1962038,CN1N=C(CN(CCC2CCOC2(C)C)CC2=CN=C(C3=CC=CN=C3)S2)C=C1Cl,C=C(Br)CNC1=NC(N(C)CCN2C=NC=N2)=NC2=C1CSC2,Cn1nc(CN(CCC2CCOC2(C)C)Cc2cnc(-c3cccnc3)s2)cc1Cl,C=C(Br)CNc1nc(N(C)CCn2cncn2)nc2c1CSC2,30,33,23,25,23.422625,,11,10,,,0,0,0,1,0,49,25,2,192,312,312,176,53,192,0,168,92,144,58,20,3,47,287,92,220,84,136,0,23,0
50,363,214,8246786,4116319,CCN(C(=O)CC1=CC(C)=CC=C1C)C1CCC(NC(=O)C2=CC=CN=N2)CC1,CC(C)(CNC(=O)C1CC(=O)N(C2=CC=CC=C2Cl)C1)OCC(F)(F)F,CCN(C(=O)Cc1cc(C)ccc1C)C1CCC(NC(=O)c2cccnn2)CC1,CC(C)(CNC(=O)C1CC(=O)N(c2ccccc2Cl)C1)OCC(F)(F)F,29,31,26,27,24.769020,,16,15,,,0,0,0,1,0,75,27,6,282,339,339,244,147,282,2,205,141,162,65,50,17,9,312,154,185,90,95,0,23,0
51,686,273,2090176,7258588,CC1=CC(O)=CC(C)=C1CC(=O)NCCCC1=CC=C(Cl)C=C1Cl,CCC(CC(=O)NCC1CN(C(=O)C2=NC=CN=C2OC)CC12CCC2)OC,Cc1cc(O)cc(C)c1CC(=O)NCCCc1ccc(Cl)cc1Cl,CCC(CC(=O)NCC1CN(C(=O)c2nccnc2OC)CC12CCC2)OC,24,25,28,30,51.808014,,13,12,,,0,0,0,1,0,105,25,2,415,560,560,388,96,415,1,383,244,194,113,50,8,15,535,260,300,128,172,0,23,0
52,718,959,1002008,3892785,CC1=NN=C(CNC(=O)C2=C(C)C(C)(C)OC2=O)N1C1CC1,C=CN1C=C(CN(CC2=C(Cl)C=CC=C2Cl)C[C@H]2OCC[C@H]2C)C=N1,CC1=C(C(=O)NCc2nnc(C)n2C2CC2)C(=O)OC1(C)C,C=Cn1cc(CN(Cc2c(Cl)cccc2Cl)C[C@H]2OCC[C@H]2C)cn1,22,24,25,27,7.654942,,8,7,,,0,0,0,1,0,25,24,2,92,164,164,89,44,92,0,75,29,69,28,26,10,16,140,43,121,46,75,0,23,0
53,699,663,2927270,5891057,COC(=O)COC1=CC=C(C(=O)N(C)C2=C(C)C=C(C)C=C2C)C=C1,COC1=CC(C(=O)N2C[C@@H]3[C@H](C2)[C@H]3NC(=O)C2=NN(C)C(C)=C2)=CC=C1C,COC(=O)COc1ccc(C(=O)N(C)c2c(C)cc(C)cc2C)cc1,COc1cc(C(=O)N2C[C@@H]3[C@H](C2)[C@H]3NC(=O)c2cc(C)n(C)n2)ccc1C,25,26,27,30,405.191315,,14,14,,,0,0,0,1,0,403,26,0,1605,2226,2226,1299,809,1605,0,1285,660,1548,567,162,46,249,2200,1074,1152,225,927,0,41,0
54,73,623,4206817,2844946,CC(=O)C1=CC2=C(C=C1NC(=O)C(=O)N1CCOC(C)(C)C1C)OCO2,COC(=O)[C@H]1[C@H]2C[C@H]2CN1C(C(=O)NCCC#N)C1=CC(Br)=CO1,CC(=O)c1cc2c(cc1NC(=O)C(=O)N1CCOC(C)(C)C1C)OCO2,COC(=O)[C@H]1[C@H]2C[C@H]2CN1C(C(=O)NCCC#N)c1cc(Br)co1,26,28,24,26,142.922089,,16,15,,,0,0,0,1,0,94,26,2,363,1018,1018,317,727,363,0,291,110,557,97,843,86,21,992,182,836,135,701,0,24,0
55,650,175,2369078,2883910,CC1(C(=O)O)CCC2=CC(C3=CC=C(F)C(C(F)(F)F)=C3)=CC=C21,CCCC1=CC=C(C(=O)NC2=C(C#N)C=C(Cl)C=C2C)C=C1[N+](=O)[O-],CC1(C(=O)O)CCc2cc(-c3ccc(F)c(C(F)(F)F)c3)ccc21,CCCc1ccc(C(=O)Nc2c(C)cc(Cl)cc2C#N)cc1[N+](=O)[O-],24,26,25,26,390.936890,,11,10,,,0,0,0,1,0,313,26,5,1245,2126,2126,1096,366,1245,0,1075,437,1144,567,223,71,247,2100,774,1352,322,1030,0,27,0
56,546,746,3100926,6746942,O=C(NCCC1=COC=C1)NC12CC(CN(CC3=CC=CC=C3)C1)C2,CC(C)[C@@H](NC(=O)NCC1=NN(C)C2=C1COCC2)C1=NN=C2C=CC=CN21,O=C(NCCc1ccoc1)NC12CC(CN(Cc3ccccc3)C1)C2,CC(C)[C@@H](NC(=O)NCc1nn(C)c2c1COCC2)c1nnc2ccccn12,25,28,28,31,1194.675537,,21,20,,,0,0,0,1,0,618,28,0,2470,5023,5023,2261,1756,2470,0,2232,936,2162,901,2326,396,89,4995,1735,3288,526,2762,0,43,0
57,250,167,970568,6662504,CC1=CC=C(F)C=C1NC(=O)CC(C1=CC=CC=C1)C(C)C,COC1=CC2=C(C=C1S(=O)(=O)N1CCC(C)(C3=CC=C(Cl)C=C3)CC1)CCC2,Cc1ccc(F)cc1NC(=O)CC(c1ccccc1)C(C)C,COc1cc2c(cc1S(=O)(=O)N1CCC(C)(c3ccc(Cl)cc3)CC1)CCC2,22,23,28,31,33.653957,,13,13,,,0,0,0,1,0,63,23,2,229,270,270,209,122,229,0,157,122,79,29,77,37,1,247,119,151,90,61,0,38,0
58,473,388,7018083,9410350,C=CCC1(C(=O)N2CCCC2CCC)CCN(C(=O)C2=COC(N(C)C)=N2)C1,CCC1=CNC(=O)C(C(=O)N2CCN(C(=O)C3=CC(Cl)=CC=N3)CC3CCCCC32)=C1,C=CCC1(C(=O)N2CCCC2CCC)CCN(C(=O)c2coc(N(C)C)n2)C1,CCc1c[nH]c(=O)c(C(=O)N2CCN(C(=O)c3cc(Cl)ccn3)CC3CCCCC32)c1,28,30,31,34,518.741760,,21,20,,,0,0,0,1,0,317,30,3,1263,2140,2140,1028,2950,1263,0,972,399,1759,129,2265,473,43,2110,565,1575,463,1112,0,52,0
59,276,947,6286911,1899745,CCC(C)(C)CCNC(C1=NN=NN1CCC#N)C1=C(F)C=C(F)C(F)=C1,CCCC1=CC(C(=O)NC(C)(C)CNC(=O)C2=CNN=C2)=NO1,CCC(C)(C)CCNC(c1cc(F)c(F)cc1F)c1nnnn1CCC#N,CCCc1cc(C(=O)NC(C)(C)CNC(=O)c2cn[nH]c2)no1,27,28,23,24,24.421274,,13,12,,,0,0,0,1,0,66,24,4,250,372,372,236,52,250,0,233,128,122,76,42,12,11,348,131,241,105,136,0,20,0
60,655,704,3090703,5775328,O=C1CCOC2=CC=C(OCCOC34CC5CC(CC(C5)C3)C4)C=C12,CC(C)(CNC(=O)[C@H]1C[C@H](N=[N+]=[N-])CN1C(=O)CC1(C#N)CC1)CC(F)F,O=C1CCOc2ccc(OCCOC34CC5CC(CC(C5)C3)C4)cc21,CC(C)(CNC(=O)[C@H]1C[C@H](N=[N+]=[N-])CN1C(=O)CC1(C#N)CC1)CC(F)F,25,29,27,28,6.229003,,6,5,,,0,0,0,1,0,12,28,11,47,75,75,46,19,47,2,35,13,13,10,9,6,0,47,16,59,30,29,0,18,0
61,570,224,3634174,3745793,O=C(C1CSC1)N1CC2CC(C1)N(C(=O)C1=CN3C=NN=C3C=C1)C2,CS(=O)(=O)CC1(CCN2C(=O)CCN(CC3CC4CC4C3)C2=O)CC1,O=C(C1CSC1)N1CC2CC(C1)N(C(=O)c1ccc3nncn3c1)C2,CS(=O)(=O)CC1(CCN2C(=O)CCN(CC3CC4CC4C3)C2=O)CC1,25,29,25,28,337.037933,,16,15,,,0,0,0,1,0,287,28,2,1139,2021,2021,1018,374,1139,0,1006,330,1159,619,189,43,218,1993,646,1375,372,1003,0,29,0
62,701,332,7372377,4169540,COC1=C(C(=O)N2CC[C@@H](N(C)C(=O)C3=C(C)OC(C4CC4)=N3)C2)SC=C1C,COC1=CC=C([C@H](C)NC(=O)N2CC(S(N)(=O)=O)CC23CCCC3)C=C1,COc1c(C)csc1C(=O)N1CC[C@@H](N(C)C(=O)c2nc(C3CC3)oc2C)C1,COc1ccc([C@H](C)NC(=O)N2CC(S(N)(=O)=O)CC23CCCC3)cc1,28,31,26,28,36.852345,,10,9,,,0,0,0,1,0,69,28,3,268,461,461,242,163,268,0,223,96,248,79,105,42,49,433,123,338,119,219,0,31,0
63,863,786,8302184,8429886,CCC(C)=C(C)C(=O)N(C)CCOCCCN(C)C(=O)C1=C2N(C)C=CN2N=C1,CC(F)(CNC(=O)[C@H]1CC[C@H](C2=CC=CC=C2)C1)CNC1=NC=C2SC=CC2=N1,CCC(C)=C(C)C(=O)N(C)CCOCCCN(C)C(=O)c1cnn2ccn(C)c12,CC(F)(CNC(=O)[C@H]1CC[C@H](c2ccccc2)C1)CNc1ncc2sccc2n1,29,30,29,32,18.803360,,10,9,,,0,0,0,1,0,46,30,4,184,294,294,166,67,184,3,160,69,141,64,27,7,25,264,97,197,69,128,0,26,0
64,794,57,6228162,1922535,CC1=CC=NC=C1S(=O)(=O)NCC(O)CCNC(=O)/C=C/C1=CN=CC=N1,CCCC=C(CC)C(=O)N[C@H]1CCC[C@]1(C)NC(=O)C(C)SC,Cc1ccncc1S(=O)(=O)NCC(O)CCNC(=O)/C=C/c1cnccn1,CCCC=C(CC)C(=O)N[C@H]1CCC[C@]1(C)NC(=O)C(C)SC,27,28,23,23,23.219780,,11,10,,,0,0,0,1,0,63,23,0,240,410,410,216,121,240,0,211,100,227,84,63,9,43,387,139,271,77,194,0,23,0
65,234,841,5046189,8019379,CC(C)C(C)(C)CN(CC1=CN2C=NC=C2C=C1)C(=O)COCCCF,O=C(C1=CC(Cl)=CC=C1Cl)N1CCCC1C1=NC(C2=CN3C=CC=CC3=N2)=NO1,CC(C)C(C)(C)CN(Cc1ccc2cncn2c1)C(=O)COCCCF,O=C(c1cc(Cl)ccc1Cl)N1CCCC1c1nc(-c2cn3ccccc3n2)no1,26,27,29,33,188.772491,,14,13,,,0,0,0,1,0,204,27,1,813,1354,1354,737,336,813,1,719,284,755,336,171,91,135,1327,439,915,298,617,0,26,0
66,32,824,2646999,1881865,NC(=O)C[C@@H](O)C(=O)NC1COCCN(C(=O)C2=CC=CC=C2)C1,CCC(COC)C(=O)NCC(NC(=O)C1(C)CC=CC1)C(C)C,NC(=O)C[C@@H](O)C(=O)NC1COCCN(C(=O)c2ccccc2)C1,CCC(COC)C(=O)NCC(NC(=O)C1(C)CC=CC1)C(C)C,24,25,23,23,29.978470,,16,15,,,0,0,0,1,0,71,23,1,275,345,345,216,380,275,1,181,112,288,60,190,22,2,322,119,226,97,129,0,31,0
67,323,410,5659988,9748132,CN(C(=O)CC(NC(=O)C1=C2COCC2=NN1)C(F)(F)F)C1CC(CO)C1,CN1N=C(NC(=O)C(=O)N(C)C2(CNC(=O)OC(C)(C)C)CC2)C=C1CN1CCOCC1,CN(C(=O)CC(NC(=O)c1[nH]nc2c1COC2)C(F)(F)F)C1CC(CO)C1,CN(C(=O)C(=O)Nc1cc(CN2CCOCC2)n(C)n1)C1(CNC(=O)OC(C)(C)C)CC1,27,29,32,34,41.119884,,10,9,,,0,0,0,1,0,81,29,3,300,532,532,266,129,300,0,251,86,321,123,45,31,89,503,133,399,133,266,0,26,0
68,274,67,2157471,3753940,C=CC1CCCN1S(=O)(=O)C1=CC=C(NS(=O)(=O)CCCC)C=C1,CCCC(=O)NC1CC(C)(C2=CN(CC(C)C3=CC=CC=N3)N=N2)C1,C=CC1CCCN1S(=O)(=O)c1ccc(NS(=O)(=O)CCCC)cc1,CCCC(=O)NC1CC(C)(c2cn(CC(C)c3ccccn3)nn2)C1,24,25,25,27,3.576405,,7,6,,,0,0,0,1,0,13,25,9,50,56,56,42,30,50,1,33,22,20,4,0,0,0,31,11,45,31,14,0,16,0
69,216,935,7320354,1579789,NC1=CC=NC(C(=O)N2C[C@@H]3C[C@@H](C[C@H](NC(=O)CCN4C=CC=N4)C3)C2)=C1,CC1=CC=C(F)C=C1CCCC(=O)OCCC#CC[Si](C)(C)C,Nc1ccnc(C(=O)N2C[C@@H]3C[C@@H](C[C@H](NC(=O)CCn4cccn4)C3)C2)c1,Cc1ccc(F)cc1CCCC(=O)OCCC#CC[Si](C)(C)C,28,31,23,23,13.901002,,8,7,,,0,0,0,1,0,27,23,8,100,129,129,90,27,100,3,81,56,40,16,6,3,6,106,39,90,51,39,0,15,0
70,965,580,9227748,6950048,CCC1=C(CN(CC2=CN(CC3CCOC3)N=N2)CC2(C)CSCCO2)C=NN1C,COC1=NC=C(C(=O)N[C@@H]2CC[C@H](CC(=O)N[C@H]3C[C@H](C4=NC=CN4)C3)C2)S1,CCc1c(CN(Cc2cn(CC3CCOC3)nn2)CC2(C)CSCCO2)cnn1C,COc1ncc(C(=O)N[C@@H]2CC[C@H](CC(=O)N[C@H]3C[C@H](c4ncc[nH]4)C3)C2)s1,30,33,28,31,31.492548,,11,10,,,0,0,0,1,0,77,31,2,295,450,450,278,63,295,0,262,147,198,100,6,2,51,419,180,270,98,172,0,29,0
71,897,735,790702,8858626,CC(C)(CCN1CCOCC1)NC(=O)C[C@H]1C[C@H]1C(=O)O,COC[C@H]1CC[C@@H]1C(=O)N[C@H](CC1CCOCC1)C(=O)N(C)CC1(OC)CCCC1,CC(C)(CCN1CCOCC1)NC(=O)C[C@H]1C[C@H]1C(=O)O,COC[C@H]1CC[C@@H]1C(=O)N[C@H](CC1CCOCC1)C(=O)N(C)CC1(OC)CCCC1,21,22,30,32,18.135689,,13,12,,,0,0,0,1,0,47,22,0,181,237,237,150,160,181,0,132,63,201,60,22,5,10,215,91,146,59,87,0,22,0
72,322,217,9662440,3764730,CCOC1=CC=C(NC(=O)N(CCC(C)(C)CO)CC2=CC(CC)=CC(F)=C2)N=C1C,CC(C)C(F)(F)C(=O)N1CC(C2=CN(CCCOC3CCC3)N=N2)C1,CCOc1ccc(NC(=O)N(CCC(C)(C)CO)Cc2cc(F)cc(CC)c2)nc1C,CC(C)C(F)(F)C(=O)N1CC(c2cn(CCCOC3CCC3)nn2)C1,31,32,25,27,29.762487,,11,10,,,0,0,0,1,0,77,27,2,302,484,484,270,146,302,1,262,95,274,142,60,8,8,457,165,319,105,214,0,26,0
73,671,511,6371504,4200620,CC1=CC=CC=C1CN(CC[C@H]1CCO[C@H]1C)C(=O)COC1CCCOC1,CO[C@H](C)CNC(=O)C(=O)NC1=C(C(C)C)N(CC2=CC=CC=C2)N=N1,Cc1ccccc1CN(CC[C@H]1CCO[C@H]1C)C(=O)COC1CCCOC1,CO[C@H](C)CNC(=O)C(=O)Nc1nnn(Cc2ccccc2)c1C(C)C,27,29,26,27,9.043543,,11,11,,,0,0,0,1,0,49,27,2,182,210,210,162,71,182,1,136,105,82,30,6,2,15,183,106,104,56,48,0,26,0
74,405,905,317178,1828959,CC(C)(N)C/C=C/C(=O)NC1C2CCCC1CCC2,CC1=C(C(=O)N[C@H]2C[C@H](CC(=O)N[C@H](CO)C3CC3)C2)NC=C1,CC(C)(N)C/C=C/C(=O)NC1C2CCCC1CCC2,Cc1cc[nH]c1C(=O)N[C@H]1C[C@H](CC(=O)N[C@H](CO)C2CC2)C1,19,20,23,25,40.482212,,10,9,,,0,0,0,1,0,74,20,1,295,481,481,272,27,295,1,264,156,157,80,60,17,63,461,141,340,131,209,0,23,0
75,936,658,9952007,3484017,CN1N=CC2=CC=CC(CN(CC[C@H]3COC(C)(C)O3)CC3COCC4=CC=CC=C43)=C21,CC1=CC=C(F)C=C1CNC(=O)CN(C(=O)C1=C(C)CCC1)C1CC1,Cn1ncc2cccc(CN(CC[C@H]3COC(C)(C)O3)CC3COCc4ccccc43)c21,CC1=C(C(=O)N(CC(=O)NCc2cc(F)ccc2C)C2CC2)CCC1,32,36,25,27,35.057022,,13,12,,,0,0,0,1,0,69,27,4,261,289,289,228,82,261,0,209,151,98,43,18,11,0,262,114,175,114,61,0,24,0
76,469,146,1884070,6567263,CN(C)CC(=O)NC1(C)CCN(C(=O)C2=C(F)C(F)=CC=C2)C1,COC1=CC=C(N2CCN(C(=O)C3(N=[N+]=[N-])CCNCC3)CC2)C(OC)=C1,CN(C)CC(=O)NC1(C)CCN(C(=O)c2cccc(F)c2F)C1,COc1ccc(N2CCN(C(=O)C3(N=[N+]=[N-])CCNCC3)CC2)c(OC)c1,23,24,27,29,81.622177,,16,15,,,0,0,0,1,0,143,24,2,560,847,847,490,184,560,0,460,243,401,184,111,41,87,823,373,474,117,357,0,31,0
77,271,142,3835770,3301945,CCC[C@H]1C[C@@H]1CN(CC1=CC=CC2=CC=NC=C21)C(=O)[C@H]1C[C@H]1C,CC1=C(C(=O)N2CC(C)(C)C[C@H]2C(=O)NCC(C)OCCO)N=CO1,CCC[C@H]1C[C@@H]1CN(Cc1cccc2ccncc12)C(=O)[C@H]1C[C@H]1C,Cc1ocnc1C(=O)N1CC(C)(C)C[C@H]1C(=O)NCC(C)OCCO,25,28,25,26,39.505173,,12,11,,,0,0,0,1,0,68,26,5,269,511,511,252,346,269,3,233,102,343,83,239,46,41,485,199,312,53,259,0,21,0
78,252,762,561885,4031768,CSCC1(C(=O)NCC(C)C(=O)N(C)CC(C)C)CC1,CC(C)C1(CNC(=O)CNC(=O)C2=CC=C(S(N)(=O)=O)C=C2)OCCO1,CSCC1(C(=O)NCC(C)C(=O)N(C)CC(C)C)CC1,CC(C)C1(CNC(=O)CNC(=O)c2ccc(S(N)(=O)=O)cc2)OCCO1,20,20,26,27,11.737020,,9,8,,,0,0,0,1,0,40,20,0,156,239,239,137,99,156,0,126,66,156,39,22,12,40,219,82,157,55,102,0,20,0
79,574,551,5611587,3108760,CCC1=C(C(=O)N2CC3(C(=O)NCCC4=CSC=C4)CC2CCO3)N=CO1,CC1=C(CCNC(=O)NCC(=O)N2CCCO2)C2=CC(Cl)=CC=C2N1,CCc1ocnc1C(=O)N1CC2(C(=O)NCCc3ccsc3)CC1CCO2,Cc1[nH]c2ccc(Cl)cc2c1CCNC(=O)NCC(=O)N1CCCO1,27,30,25,27,42.182621,,14,13,,,0,0,0,1,0,69,27,2,265,403,403,244,133,265,0,208,119,194,70,71,30,39,376,128,275,116,159,0,35,0
80,269,764,9331009,3570718,CN(CC1=C(F)C=CC(F)=C1F)C(=O)NC1CCN(C(=O)OC(C)(C)C)C(C2CC2)C1,O=C(NCC1CN(C(=O)CCN2C=CN=C2)CCO1)C1=CSN=C1Cl,CN(Cc1c(F)ccc(F)c1F)C(=O)NC1CCN(C(=O)OC(C)(C)C)C(C2CC2)C1,O=C(NCC1CN(C(=O)CCn2ccnc2)CCO1)c1csnc1Cl,31,33,25,27,23.387424,,13,12,,,0,0,0,1,0,54,27,3,207,300,300,191,71,207,1,168,90,128,71,26,6,15,273,107,193,84,109,0,24,0
81,598,438,5494392,6760261,C=CCN(CC(=O)NC)C(=O)C1CN(C(=O)C2=CC=NC(CO)=C2)CCO1,CN(CC1=NN=CN1)C(=O)C(=O)NC1=CC=CC(NC(=O)C2=CC=NC=C2)=C1,C=CCN(CC(=O)NC)C(=O)C1CN(C(=O)c2ccnc(CO)c2)CCO1,CN(Cc1nnc[nH]1)C(=O)C(=O)Nc1cccc(NC(=O)c2ccncc2)c1,27,28,28,30,40.410904,,18,18,,,0,0,0,1,0,80,28,4,313,362,362,262,196,313,1,210,141,214,79,48,18,17,334,169,193,93,100,0,31,0
82,919,597,5243094,2299080,CC(CC(C)(C)O)C(=O)NC1CCCN(C2=CC=C(OC(F)F)C=C2)C1=O,N#CC1=CC(NC(=O)C(=O)N[C@H]2C=CCC[C@H]2C(N)=O)=NC=C1Cl,CC(CC(C)(C)O)C(=O)NC1CCCN(c2ccc(OC(F)F)cc2)C1=O,N#Cc1cc(NC(=O)C(=O)N[C@H]2C=CCC[C@H]2C(N)=O)ncc1Cl,27,28,24,25,26.063457,,16,15,,,0,0,0,1,0,65,25,3,245,280,280,196,206,245,1,176,110,227,63,33,1,4,255,111,169,85,84,0,22,0
83,408,370,1386324,9041022,COCCN(CC1=CN=NN1C)CC1=C(C)C(C#N)=CC=C1,CC1=CC=C([N+](=O)[O-])C(NC2COCCCN(C(=O)C[C@@H](C)C3=CC=CC=C3)C2)=N1,COCCN(Cc1cccc(C#N)c1C)Cc1cnnn1C,Cc1ccc([N+](=O)[O-])c(NC2COCCCN(C(=O)C[C@@H](C)c3ccccc3)C2)n1,22,23,30,32,19.962114,,17,16,,,0,0,0,1,0,48,23,3,186,212,212,159,159,186,0,120,88,111,22,77,29,0,189,88,124,71,53,0,21,0
84,224,141,3745793,359532,CS(=O)(=O)CC1(CCN2C(=O)CCN(CC3CC4CC4C3)C2=O)CC1,CC[C@@H]1[C@H](C(=O)NC2=CN=C(OC)C(C)=C2)CCN1C,CS(=O)(=O)CC1(CCN2C(=O)CCN(CC3CC4CC4C3)C2=O)CC1,CC[C@@H]1[C@H](C(=O)Nc2cnc(OC)c(C)c2)CCN1C,25,28,20,21,24.938118,,14,13,,,0,0,0,1,0,67,21,2,261,357,357,222,129,261,0,208,101,189,89,51,13,9,336,154,203,68,135,0,25,0
85,521,505,2868885,2926318,COC1=C(C)C(C(=O)N(C)CC(=O)NC2=CC=C(F)C=C2)=CC=C1Br,O=C(NC1=NN(CCC2=CC=CC=C2)C=C1)C1=C2C=CC=CN2C=N1,COc1c(Br)ccc(C(=O)N(C)CC(=O)Nc2ccc(F)cc2)c1C,O=C(Nc1ccn(CCc2ccccc2)n1)c1ncn2ccccc12,25,26,25,28,36.480652,,11,10,,,0,0,0,1,0,80,26,4,311,462,462,278,141,311,1,265,144,261,98,39,14,51,436,166,296,112,184,0,22,0
86,93,773,7173889,5332740,CC(C)C(C#N)C(=O)NCC(NC(=O)C1=CN(C2CCC2)N=N1)C1CCCC1,O=C(NC1=NN=C(C2CCCCC2)O1)C1CC(=O)N(C2=CC(F)=CC=C2)C1,CC(C)C(C#N)C(=O)NCC(NC(=O)c1cn(C2CCC2)nn1)C1CCCC1,O=C(Nc1nnc(C2CCCCC2)o1)C1CC(=O)N(c2cccc(F)c2)C1,28,30,27,30,51.916996,,13,12,,,0,0,0,1,0,93,30,1,370,597,597,341,108,370,0,314,154,298,127,36,31,94,567,198,399,143,256,0,32,0
87,48,881,4295390,2480057,CC(CNC(=O)CC1(NC(=O)[C@@H](CO)N(C)C)CCC1)C1=CC=CC=N1,COC1(C(=O)NC(C)CSC)CCN(C(=O)CCC2OCCO2)C1,CC(CNC(=O)CC1(NC(=O)[C@@H](CO)N(C)C)CCC1)c1ccccn1,COC1(C(=O)NC(C)CSC)CCN(C(=O)CCC2OCCO2)C1,26,27,24,25,39.941769,,13,12,,,0,0,0,1,0,74,25,2,293,473,473,258,106,293,0,251,150,242,67,54,18,96,448,179,294,79,215,0,23,0
88,112,156,3917701,2819811,CC1=CC=C(NC(=O)C(C2CC2)N2C[C@H](C3CC3)C[C@@H]2C2CC2)C=N1,CCC1(C(=O)N(CCC(F)CO)CC2=CN(CC(C)C)N=C2)CC1,Cc1ccc(NC(=O)C(C2CC2)N2C[C@H](C3CC3)C[C@@H]2C2CC2)cn1,CCC1(C(=O)N(CCC(F)CO)Cc2cnn(CC(C)C)c2)CC1,25,29,24,25,127.573471,,14,13,,,0,0,0,1,0,105,25,3,416,597,597,319,372,416,0,294,132,484,95,136,70,89,572,156,441,163,278,0,29,0
89,642,163,3685140,3471882,O=C(NC[C@@H]1C[C@@H](F)CN1C(=O)CC1=CC=CS1)C1CC(F)(CF)C1,CCC1(C(=O)NCC(O)C(=O)OC)CCN(C(=O)[C@H](C)C2CC2)CC1,O=C(NC[C@@H]1C[C@@H](F)CN1C(=O)Cc1cccs1)C1CC(F)(CF)C1,CCC1(C(=O)NCC(O)C(=O)OC)CCN(C(=O)[C@H](C)C2CC2)CC1,25,27,25,26,28.746550,,13,12,,,0,0,0,1,0,71,26,3,276,391,391,232,202,276,0,200,90,239,82,93,37,22,365,138,253,94,159,0,30,0
90,811,696,4686255,4770866,C=CCCOC(C)C(=O)NCC1CN(C(=O)CC2CC2)CCC12CCC2,CCN(C)CC(=O)N[C@H](CNC(=O)C(C)C1=CSC=C1)C1CCCCC1,C=CCCOC(C)C(=O)NCC1CN(C(=O)CC2CC2)CCC12CCC2,CCN(C)CC(=O)N[C@H](CNC(=O)C(C)c1ccsc1)C1CCCCC1,26,28,26,27,30.559467,,15,14,,,0,0,0,1,0,38,27,2,146,199,199,128,189,146,0,101,53,133,24,99,26,6,172,55,144,73,71,0,32,0
91,432,610,4727751,9252596,CN(C[C@@H]1C[C@H](F)CN1C(=O)[C@H]1CCCN1C)C(=O)CCCC(F)(F)F,CN(CCC1=CC=CC=C1F)C(C(=O)NC1CC(F)(F)C1)C1=NN2C=CC=CC2=C1,CN(C[C@@H]1C[C@H](F)CN1C(=O)[C@H]1CCCN1C)C(=O)CCCC(F)(F)F,CN(CCc1ccccc1F)C(C(=O)NC1CC(F)(F)C1)c1cc2ccccn2n1,26,27,30,33,109.595604,,16,15,,,0,0,0,1,0,134,27,0,527,838,838,446,579,527,0,412,217,501,118,436,84,44,811,295,543,151,392,0,27,0
92,65,394,1298607,9186114,C#CCN(C)C(=O)CC1(C)CCN(C(=O)CCCN(C)C)C1,CC1=C(F)C(F)=CC=C1CN(CC1CCC2(CC2)CO1)C(=O)CC1=CC=CC=C1O,C#CCN(C)C(=O)CC1(C)CCN(C(=O)CCCN(C)C)C1,Cc1c(CN(CC2CCC3(CC3)CO2)C(=O)Cc2ccccc2O)ccc(F)c1F,22,22,30,33,59.111267,,13,12,,,0,0,0,1,0,153,22,1,606,777,777,537,158,606,0,529,314,276,133,96,69,16,755,424,353,113,240,0,22,0
93,390,610,364061,9252596,CC1(C)CC(CC(=O)NCCC2(C)N=N2)CC(C)(C)C1,CN(CCC1=CC=CC=C1F)C(C(=O)NC1CC(F)(F)C1)C1=NN2C=CC=CC2=C1,CC1(C)CC(CC(=O)NCCC2(C)N=N2)CC(C)(C)C1,CN(CCc1ccccc1F)C(C(=O)NC1CC(F)(F)C1)c1cc2ccccn2n1,20,21,30,33,115.596817,,14,13,,,0,0,0,1,0,86,21,1,337,589,589,308,450,337,0,285,189,328,60,380,39,13,568,169,420,139,281,0,22,0
94,479,541,1510011,6755460,CN(CC1=CC=CC(CO)=C1)C(=O)C1=CC2=CN=CN2C(O)=N1,CC(C)C(CNC(=O)C(=O)N1CC(C(N)=O)CC2=CC=CC=C21)N1CCCC1,CN(Cc1cccc(CO)c1)C(=O)c1cc2cncn2c(O)n1,CC(C)C(CNC(=O)C(=O)N1CC(C(N)=O)Cc2ccccc21)N1CCCC1,23,25,28,30,78.846916,,15,14,,,0,0,0,1,0,99,25,2,387,659,659,336,208,387,0,302,109,366,127,137,77,105,634,199,460,137,323,0,33,0
95,257,994,9402527,7879141,C=CCC1(NC(=O)CCC(=O)NCCC)CCN(C(=O)C2=CC=C3C=CC=NC3=C2)C1,COC1=CC=CC(N(CCC#N)C(=O)C2=C(C)N(C3=CC=CC=C3C)C(C)=C2)=C1,C=CCC1(NC(=O)CCC(=O)NCCC)CCN(C(=O)c2ccc3cccnc3c2)C1,COc1cccc(N(CCC#N)C(=O)c2cc(C)n(-c3ccccc3C)c2C)c1,31,33,29,31,788.200989,,19,18,,,0,0,0,1,0,1025,31,3,4082,6161,6161,3672,2025,4082,0,3614,1534,3885,1893,595,217,172,6130,3223,2938,449,2489,0,44,0
96,566,881,628570,2480057,C#CCC1(C(=O)N2CC3=CC=C(O)N=C3C2)CC=CCC1,COC1(C(=O)NC(C)CSC)CCN(C(=O)CCC2OCCO2)C1,C#CCC1(C(=O)N2Cc3ccc(O)nc3C2)CC=CCC1,COC1(C(=O)NC(C)CSC)CCN(C(=O)CCC2OCCO2)C1,21,23,24,25,109.584267,,14,13,,,0,0,0,1,0,210,23,2,838,1423,1423,739,370,838,1,726,271,867,381,165,66,152,1400,425,998,314,684,0,27,0
97,965,11,9227748,10344292,CCC1=C(CN(CC2=CN(CC3CCOC3)N=N2)CC2(C)CSCCO2)C=NN1C,CC1=CC=CC=C1C1=CCN(C2=NC(N3CCC(CO)(C4=CC=CC=C4)C3)=C3C=NN(C)C3=N2)CC1,CCc1c(CN(Cc2cn(CC3CCOC3)nn2)CC2(C)CSCCO2)cnn1C,Cc1ccccc1C1=CCN(c2nc(N3CCC(CO)(c4ccccc4)C3)c3cnn(C)c3n2)CC1,30,33,36,41,313.710358,,15,14,,,0,0,0,1,0,198,33,2,780,1500,1500,651,584,780,0,633,249,875,299,525,72,191,1467,350,1150,301,849,0,32,0
98,696,738,4770866,7849061,CCN(C)CC(=O)N[C@H](CNC(=O)C(C)C1=CSC=C1)C1CCCCC1,COC1=CN=CC(C(C(=O)NC2CC2)N2CCOC(CNS(C)(=O)=O)C2)=C1C,CCN(C)CC(=O)N[C@H](CNC(=O)C(C)c1ccsc1)C1CCCCC1,COc1cncc(C(C(=O)NC2CC2)N2CCOC(CNS(C)(=O)=O)C2)c1C,26,27,28,30,90.394325,,14,13,,,0,0,0,1,0,112,27,0,433,786,786,375,200,433,0,345,123,483,186,99,39,146,759,240,546,135,411,0,35,0
99,117,698,438266,1177986,COCCN1CCC(NC(=O)C2=NNC3=C2CCC3)C1,CO[C@@H]1CC[C@H]1CCNC(=O)N[C@H]1CCC2=C(C1)SC(Br)=N2,COCCN1CCC(NC(=O)c2n[nH]c3c2CCC3)C1,CO[C@@H]1CC[C@H]1CCNC(=O)N[C@H]1CCc2nc(Br)sc2C1,20,22,22,24,12.414027,,9,8,,,0,0,0,1,0,41,22,1,159,231,231,143,40,159,0,138,75,94,46,12,1,14,209,101,130,42,88,0,22,0
100,906,549,80879,2397574,CC(C)(NCC1=CC(O)=CC=C1)C1=NC=CS1,CC1CC(C(=O)N2CCOC(CC(=O)NCC3(F)CCC3)C2)=NO1,CC(C)(NCc1cccc(O)c1)c1nccs1,CC1CC(C(=O)N2CCOC(CC(=O)NCC3(F)CCC3)C2)=NO1,17,18,24,26,9.510267,,9,8,,,0,0,0,1,0,33,18,2,124,168,168,108,31,124,1,101,53,68,38,6,1,8,150,61,107,47,60,0,16,0
101,768,273,5597798,7258588,CC1(CCC(=O)N2CCS(=N)(=O)CC2)CN(C(=O)[C@@H]2CC[C@H](C(N)=O)C2)C1,CCC(CC(=O)NCC1CN(C(=O)C2=NC=CN=C2OC)CC12CCC2)OC,CC1(CCC(=O)N2CCS(=N)(=O)CC2)CN(C(=O)[C@@H]2CC[C@H](C(N)=O)C2)C1,CCC(CC(=O)NCC1CN(C(=O)c2nccnc2OC)CC12CCC2)OC,27,29,28,30,162.864166,,13,12,,,0,0,0,1,0,228,29,4,903,1421,1421,804,539,903,0,786,327,979,414,147,38,83,1392,575,846,229,617,0,30,0
102,787,656,446004,6904192,CC(CC(F)(F)F)C(=O)OCC1=C(Cl)N=C(Cl)C(Cl)=C1,CC1=CC=CC(CNC(=O)CCC2(C)CN(C(=O)C=CC3=COC=N3)C2)=C1C,CC(CC(F)(F)F)C(=O)OCc1cc(Cl)c(Cl)nc1Cl,Cc1cccc(CNC(=O)CCC2(C)CN(C(=O)C=Cc3cocn3)C2)c1C,20,20,28,30,4.218604,,7,6,,,0,0,0,1,0,21,20,6,80,109,109,74,15,80,0,68,41,29,19,1,0,2,89,41,68,33,35,0,14,0
103,348,114,2791183,5937853,CCC1=CC=C(CN(CC(Cl)(Cl)Cl)C(=O)CNC(=O)CC(C)C)O1,CCN1N=CC(C)=C1C(=O)NCC(C)CN(C)C(=O)C1=CSC(C(C)=O)=N1,CCc1ccc(CN(CC(Cl)(Cl)Cl)C(=O)CNC(=O)CC(C)C)o1,CCn1ncc(C)c1C(=O)NCC(C)CN(C)C(=O)c1csc(C(C)=O)n1,24,24,27,28,12.704023,,12,11,,,0,0,0,1,0,41,24,5,161,197,197,141,82,161,0,131,93,99,25,9,4,11,173,80,117,61,56,0,19,0
104,300,445,2370681,8869065,O=C(N[C@@H](CC1=CC=C(F)C=C1)C(=O)O)C1=CN2C=CN=C2C=C1,CC1(C)CC(CNC(=O)/C=C/C2=CC=CC=C2)(C(=O)N2CCC(N3CCCC3)C2)C1,O=C(N[C@@H](Cc1ccc(F)cc1)C(=O)O)c1ccc2nccn2c1,CC1(C)CC(CNC(=O)/C=C/c2ccccc2)(C(=O)N2CCC(N3CCCC3)C2)C1,24,26,30,33,144.385666,,15,14,,,0,0,0,1,0,121,26,2,480,999,999,449,269,480,0,406,130,536,187,257,108,142,973,323,676,126,550,0,37,0
105,161,464,1585167,5336484,CC1=CC(C(C)NC(=O)CNC(=O)C2=CC=CC=C2C)=C(C)S1,O=C(CN1CCC(OCC2=CN=CS2)C1)NCCN1CCC2=CC=CC=C21,Cc1cc(C(C)NC(=O)CNC(=O)c2ccccc2C)c(C)s1,O=C(CN1CCC(OCc2cncs2)C1)NCCN1CCc2ccccc21,23,24,27,30,67.822510,,15,14,,,0,0,0,1,0,123,24,0,477,699,699,417,182,477,0,391,240,377,127,63,26,114,675,289,410,128,282,0,24,0
106,3,976,1692068,4398596,NCC1=CC=C(N)C(C(=O)NC2CCOC3=NC(Br)=CC=C32)=C1,CCC(CC)C(OC)C(=O)N1CCO[C@@H](C)[C@@H]1C(=O)NCC1=CN=CS1,NCc1ccc(N)c(C(=O)NC2CCOc3nc(Br)ccc32)c1,CCC(CC)C(OC)C(=O)N1CCO[C@@H](C)[C@@H]1C(=O)NCc1cncs1,23,25,26,27,72.766724,,11,10,,,0,0,0,1,0,115,25,1,456,805,805,417,69,456,0,407,175,362,214,70,4,95,780,208,597,209,388,0,24,0
107,739,896,2048329,7480454,COC1=CC(Br)=CC=C1OCC(=O)NCCN1C=NN=C1C(C)C,CCC1=NC2=CC(C(=O)N[C@H]3CC[C@H](NC4=NC=NC(OC)=C4)C3)=CC=C2N1,COc1cc(Br)ccc1OCC(=O)NCCn1cnnc1C(C)C,CCc1nc2cc(C(=O)N[C@H]3CC[C@H](Nc4cc(OC)ncn4)C3)ccc2[nH]1,24,25,28,31,6.959907,,7,6,,,0,0,0,1,0,25,25,2,96,131,131,87,40,96,1,79,46,57,18,1,0,9,106,41,90,46,44,0,23,0
108,736,269,3920092,9331009,CCCCCCNC(=O)C(N1CCCC(C)(C)C1C#N)C1(CC)CC1,CN(CC1=C(F)C=CC(F)=C1F)C(=O)NC1CCN(C(=O)OC(C)(C)C)C(C2CC2)C1,CCCCCCNC(=O)C(N1CCCC(C)(C)C1C#N)C1(CC)CC1,CN(Cc1c(F)ccc(F)c1F)C(=O)NC1CCN(C(=O)OC(C)(C)C)C(C2CC2)C1,25,26,31,33,119.098228,,10,10,,,0,0,0,1,0,96,26,1,376,922,922,342,588,376,0,309,109,464,87,677,121,45,896,201,721,141,580,0,68,0
109,995,512,9218208,6791459,COC1=NSC=C1CN(CCCC1CCOC1)CC1=CC=C(N2C=NC=N2)C(F)=C1,COC1=CC(C(=O)N2CCCCC2CNC(=O)CCN)=CC=C1OCC(N)=O,COc1nscc1CN(CCCC1CCOC1)Cc1ccc(-n2cncn2)c(F)c1,COc1cc(C(=O)N2CCCCC2CNC(=O)CCN)ccc1OCC(N)=O,30,33,28,29,113.379181,,15,14,,,0,0,0,1,0,144,29,3,548,829,829,495,341,548,1,474,251,456,152,190,66,27,800,343,486,152,334,0,26,0
110,780,182,6893206,2086819,CCN1CCC[C@H](NC(=O)C[C@H](CC(C)C)NC(=O)C(C)(C)N2C=CN=N2)C1,CC1=C(NC(=O)C(=O)C2=CSC(N)=N2)C=CC=C1N1CCCC1=O,CCN1CCC[C@H](NC(=O)C[C@H](CC(C)C)NC(=O)C(C)(C)n2ccnn2)C1,Cc1c(NC(=O)C(=O)c2csc(N)n2)cccc1N1CCCC1=O,28,29,24,26,92.579391,,16,15,,,0,0,0,1,0,81,26,2,322,680,680,295,512,322,0,254,90,413,75,458,106,32,654,211,469,84,385,0,38,0
111,519,934,8176671,9655269,CCC1=CC=C(C(=O)N2CCCC[C@H]2CN(C)C(=O)CCNC2=CC=CC=N2)N1,COC1=CC(CN(CC2=CC3=CC=NC=C3S2)CC2CCC3=NC=CN3C2)=CC(Cl)=N1,CCc1ccc(C(=O)N2CCCC[C@H]2CN(C)C(=O)CCNc2ccccn2)[nH]1,COc1cc(CN(Cc2cc3ccncc3s2)CC2CCc3nccn3C2)cc(Cl)n1,29,31,31,35,81.109497,,21,20,,,0,0,0,1,0,137,31,2,538,653,653,482,176,538,0,442,306,275,138,33,9,22,622,350,303,132,171,0,33,0
112,108,891,10299613,5113980,COCC1CCN(C2=CC=C(S(=O)(=O)NCC3CN(CC4=CC(C)=CC=C4)CCO3)C=C2C#N)C1,CCN1C=CC(CN(CC2=CC=C3NC(=O)OC3=C2)CC2[C@H](C)[C@H]2C)=N1,COCC1CCN(c2ccc(S(=O)(=O)NCC3CN(Cc4cccc(C)c4)CCO3)cc2C#N)C1,CCn1ccc(CN(Cc2ccc3[nH]c(=O)oc3c2)CC2[C@H](C)[C@H]2C)n1,35,38,26,29,305.100281,,13,13,,,0,0,0,1,0,197,29,2,776,1695,1695,716,476,776,0,697,208,995,354,430,127,272,1666,433,1262,283,979,0,42,0
113,640,305,9709085,10117801,CC(C)(C)N1CCC(NC(=O)C(CC2=CC=C(O)C=C2)NC(=O)OCC2=CC=CC=C2)C1,C#CCCC1CCN(C(C2=CN(C3=CC=CC(F)=C3)N=C2C)C2=NN=NN2CCC2CC2)C1,CC(C)(C)N1CCC(NC(=O)C(Cc2ccc(O)cc2)NC(=O)OCc2ccccc2)C1,C#CCCC1CCN(C(c2cn(-c3cccc(F)c3)nc2C)c2nnnn2CCC2CC2)C1,32,34,33,37,98.736702,,15,14,,,0,0,0,1,0,191,34,5,753,1020,1020,693,154,753,1,672,358,442,301,6,5,12,986,505,515,188,327,0,29,0
114,861,654,4587767,5240309,CC1=NC=C(C(=O)N[C@H]2C[C@@H](C(=O)N3CC(C4=NOCC4)C3)C2)C(N)=N1,CC1=C(NC(=O)CC2CCN(C(=O)OC(C)(C)C)C2)C=CC=C1S(N)(=O)=O,Cc1ncc(C(=O)N[C@H]2C[C@@H](C(=O)N3CC(C4=NOCC4)C3)C2)c(N)n1,Cc1c(NC(=O)CC2CCN(C(=O)OC(C)(C)C)C2)cccc1S(N)(=O)=O,26,29,27,28,82.704117,,15,14,,,0,0,0,1,0,113,28,4,450,712,712,388,233,450,1,376,181,469,167,60,16,109,684,256,456,132,324,0,24,0
115,519,623,8176671,2844946,CCC1=CC=C(C(=O)N2CCCC[C@H]2CN(C)C(=O)CCNC2=CC=CC=N2)N1,COC(=O)[C@H]1[C@H]2C[C@H]2CN1C(C(=O)NCCC#N)C1=CC(Br)=CO1,CCc1ccc(C(=O)N2CCCC[C@H]2CN(C)C(=O)CCNc2ccccn2)[nH]1,COC(=O)[C@H]1[C@H]2C[C@H]2CN1C(C(=O)NCCC#N)c1cc(Br)co1,29,31,24,26,33.560413,,17,16,,,0,0,0,1,0,54,26,6,213,286,286,168,497,213,2,149,81,272,28,316,39,1,260,77,209,91,118,0,20,0
116,203,156,5641571,2819811,C=CCC(CNC(=O)CCC1=NN(C)C=C1)C(=O)N1CCC2(CCCC2)C1,CCC1(C(=O)N(CCC(F)CO)CC2=CN(CC(C)C)N=C2)CC1,C=CCC(CNC(=O)CCc1ccn(C)n1)C(=O)N1CCC2(CCCC2)C1,CCC1(C(=O)N(CCC(F)CO)Cc2cnn(CC(C)C)c2)CC1,27,29,24,25,168.821548,,17,16,,,0,0,0,1,0,215,25,2,858,1310,1310,727,456,858,0,691,265,813,356,193,83,77,1285,422,888,305,583,0,27,0
117,382,780,1650596,6893206,CN(C)CCN(C(=O)NCC1=C(C(F)F)N=NS1)C1CCCC1,CCN1CCC[C@H](NC(=O)C[C@H](CC(C)C)NC(=O)C(C)(C)N2C=CN=N2)C1,CN(C)CCN(C(=O)NCc1snnc1C(F)F)C1CCCC1,CCN1CCC[C@H](NC(=O)C[C@H](CC(C)C)NC(=O)C(C)(C)n2ccnn2)C1,23,24,28,29,15.460885,,11,10,,,0,0,0,1,0,51,24,4,196,263,263,173,42,196,0,158,102,85,50,21,1,12,239,118,145,55,90,0,20,0
118,165,552,9767523,3688653,CC1=CC(F)=CN=C1C1=CN(C2=CN=CC(C(=O)NNC(=O)C3CC4CCC3O4)=C2)N=N1,CC(=O)OCCC(=O)NC1CC(C(C)NC(=O)C2=CN(C)C=C2C)C1,Cc1cc(F)cnc1-c1cn(-c2cncc(C(=O)NNC(=O)C3CC4CCC3O4)c2)nn1,CC(=O)OCCC(=O)NC1CC(C(C)NC(=O)c2cn(C)cc2C)C1,32,36,25,26,63.146690,,14,13,,,0,0,0,1,0,121,26,0,473,689,689,421,298,473,0,400,180,484,204,56,11,23,663,264,425,157,268,0,26,0
119,976,797,4398596,4460729,CCC(CC)C(OC)C(=O)N1CCO[C@@H](C)[C@@H]1C(=O)NCC1=CN=CS1,CCC(C)ONC(=O)[C@@H]1C[C@H](CC)CCN1C(=O)C1=CC=C(OC)N=C1,CCC(CC)C(OC)C(=O)N1CCO[C@@H](C)[C@@H]1C(=O)NCc1cncs1,CCC(C)ONC(=O)[C@@H]1C[C@H](CC)CCN1C(=O)c1ccc(OC)nc1,26,27,26,27,188.190338,,15,14,,,0,0,0,1,0,147,27,2,581,1119,1119,495,650,581,1,479,157,494,138,753,175,12,1092,133,986,362,624,0,28,0
120,944,543,2165776,4382667,CCOCC(C)(C)NC(=O)NC1=CN(C)N=C1C(=O)N1CCCC1,CCN1C=C(NC(=O)[C@@H]2CCCN2C(=O)C2=CC=CC=C2O)C(C#N)=N1,CCOCC(C)(C)NC(=O)Nc1cn(C)nc1C(=O)N1CCCC1,CCn1cc(NC(=O)[C@@H]2CCCN2C(=O)c2ccccc2O)c(C#N)n1,24,25,26,28,18.227427,,12,11,,,0,0,0,1,0,62,25,0,243,328,328,208,207,243,0,183,115,215,47,85,21,39,303,138,190,70,120,0,28,0
121,940,0,3403060,9321037,CN1C=CC(C=CC(=O)N[C@H]2C=CCC[C@H]2C(=O)N2CC(C)(C)C2)=C1,CC(NC(=O)NC1=CC=C(C2(C)NC(=O)N(C)C2=O)C=C1)C1=CC=C(S(C)(=O)=O)C=C1,Cn1ccc(C=CC(=O)N[C@H]2C=CCC[C@H]2C(=O)N2CC(C)(C)C2)c1,CC(NC(=O)Nc1ccc(C2(C)NC(=O)N(C)C2=O)cc1)c1ccc(S(C)(=O)=O)cc1,25,27,31,33,21.045950,,10,9,,,0,0,0,1,0,51,27,2,203,308,308,163,107,203,0,149,57,184,66,40,15,53,281,101,207,62,145,0,33,0
122,613,331,7752066,7357466,COC(=O)C1=CC(CN(C[C@@H]2CCC[C@H]2O)C(=O)/C=C/C2=CC=CC=N2)=CN1,CCN(C)[C@H]1C[C@@H](C(=O)NCCC(C)(C)NC(=O)C2=CC(F)=CC(F)=C2N)C1,COC(=O)c1cc(CN(C[C@@H]2CCC[C@H]2O)C(=O)/C=C/c2ccccn2)c[nH]1,CCN(C)[C@H]1C[C@@H](C(=O)NCCC(C)(C)NC(=O)c2cc(F)cc(F)c2N)C1,28,30,28,29,82.998299,,13,12,,,0,0,0,1,0,135,29,2,526,835,835,489,229,526,0,478,260,439,178,107,24,81,806,327,508,162,346,0,27,0
123,500,19,3656579,5862849,CCCC(=O)NC(CNC(=O)C1=CC(C)(CC)C1)C1=CC(C)=CC=C1,CCOCC1=CN([C@H](C(=O)NCC(C)(C)C2=NNC(C)=N2)C(C)(C)C)N=N1,CCCC(=O)NC(CNC(=O)C1=CC(C)(CC)C1)c1cccc(C)c1,CCOCc1cn([C@H](C(=O)NCC(C)(C)c2n[nH]c(C)n2)C(C)(C)C)nn1,25,26,27,28,29.137014,,13,12,,,0,0,0,1,0,75,26,1,289,451,451,256,92,289,0,241,118,220,99,39,14,57,425,149,302,107,195,0,25,0
124,114,951,5937853,2058576,CCN1N=CC(C)=C1C(=O)NCC(C)CN(C)C(=O)C1=CSC(C(C)=O)=N1,CN1C=C(S(=O)(=O)N2CC(NC(=O)C3=CC4=C(CCC4)S3)C2)C=N1,CCn1ncc(C)c1C(=O)NCC(C)CN(C)C(=O)c1csc(C(C)=O)n1,Cn1cc(S(=O)(=O)N2CC(NC(=O)c3cc4c(s3)CCC4)C2)cn1,27,28,24,27,15.637858,,8,7,,,0,0,0,1,0,43,27,3,161,280,280,148,41,161,0,141,50,140,72,6,2,39,253,75,205,73,132,0,24,0
125,371,899,6878309,8215244,C[C@@H]1CN(C(=O)C23CCC(CC2)CO3)C[C@H]1C(=O)N[C@H](C)C1=CC=CC=C1O,O=C(N[C@H]1C[C@H]2CC[C@@H](C1)N2C(=O)C1=CC=C(CO)C=N1)C1CCC2=C1NN=C2,C[C@@H]1CN(C(=O)C23CCC(CC2)CO3)C[C@H]1C(=O)N[C@H](C)c1ccccc1O,O=C(N[C@H]1C[C@H]2CC[C@@H](C1)N2C(=O)c1ccc(CO)cn1)C1CCc2cn[nH]c21,28,31,29,33,684.163452,,24,23,,,0,0,0,1,0,261,31,0,1033,1965,1965,956,1300,1033,0,892,387,1117,298,1159,240,17,1934,717,1248,239,1009,0,43,0
126,851,826,1749296,4191891,C=C1CCN(C(=O)CC2(NC(=O)CC34CCC(CC3)C4)CC2)C1,CCC1=CC=CC(C2(CNC(=O)N3CCC4=C(C3)C(Br)=CC=C4)CC2)=C1,C=C1CCN(C(=O)CC2(NC(=O)CC34CCC(CC3)C4)CC2)C1,CCc1cccc(C2(CNC(=O)N3CCc4cccc(Br)c4C3)CC2)c1,23,26,26,29,67.520653,,11,10,,,0,0,0,1,0,122,26,1,483,707,707,417,273,483,0,404,195,455,175,80,22,45,681,301,406,116,290,0,37,0
127,314,245,7030770,9700358,C=C(Cl)CC(NC(=O)C1=CC=C(O)C(C)=C1)C(=O)N[C@@H]1COC[C@H]1CN(C)C,COC1=CC=C(C[C@H](NC(=O)OC(C)(C)C)C(=O)NCC2=CC=NC3=CC=CC=C23)C=C1,C=C(Cl)CC(NC(=O)c1ccc(O)c(C)c1)C(=O)N[C@@H]1COC[C@H]1CN(C)C,COc1ccc(C[C@H](NC(=O)OC(C)(C)C)C(=O)NCc2ccnc3ccccc23)cc1,28,29,32,34,67.378830,,13,12,,,0,0,0,1,0,117,29,2,465,681,681,392,266,465,0,367,160,466,179,59,26,58,652,285,396,107,289,0,27,0
128,59,246,7606591,9626254,CN1CCC[C@@H](CNC2=NC(N(C)CC3=CN=CN3C)=NC3=CC=CN=C32)C1,COC1=CC(O)=CC(CN(CC2CCC3(CC3)CO2)C(=O)C2=CN=C3OCCC3=C2)=C1,CN1CCC[C@@H](CNc2nc(N(C)Cc3cncn3C)nc3cccnc23)C1,COc1cc(O)cc(CN(CC2CCC3(CC3)CO2)C(=O)c2cnc3c(c2)CCO3)c1,28,31,31,35,99.996506,,15,14,,,0,0,0,1,0,114,31,0,444,749,749,414,70,444,0,394,201,369,179,5,3,142,718,316,433,98,335,0,31,0
129,899,580,8215244,6950048,O=C(N[C@H]1C[C@H]2CC[C@@H](C1)N2C(=O)C1=CC=C(CO)C=N1)C1CCC2=C1NN=C2,COC1=NC=C(C(=O)N[C@@H]2CC[C@H](CC(=O)N[C@H]3C[C@H](C4=NC=CN4)C3)C2)S1,O=C(N[C@H]1C[C@H]2CC[C@@H](C1)N2C(=O)c1ccc(CO)cn1)C1CCc2cn[nH]c21,COc1ncc(C(=O)N[C@@H]2CC[C@H](CC(=O)N[C@H]3C[C@H](c4ncc[nH]4)C3)C2)s1,29,33,28,31,327.410095,,18,17,,,0,0,0,1,0,235,31,2,930,1627,1627,855,265,930,0,840,372,1000,452,6,2,298,1596,724,903,131,772,0,29,0
130,969,80,999951,36366,C#CC1=CC(CC(=O)N[C@H]2CC[C@@H](C(=O)OC)CC2)=CC=C1,NC(=O)CCN1CCC(C2CCCNC2)C1,C#Cc1cccc(CC(=O)N[C@H]2CC[C@@H](C(=O)OC)CC2)c1,NC(=O)CCN1CCC(C2CCCNC2)C1,22,23,16,17,15.356239,,12,11,,,0,0,0,1,0,45,17,0,179,232,232,162,44,179,0,149,95,81,47,15,3,6,215,103,129,59,70,0,18,0
131,87,749,2472285,4124116,C#CC(C)N(C)C(=O)CC(C)C(C)(C)NC(=O)C1=C(Cl)N(C)N=C1,CC(CC(=O)OC(C)(C)C)NCC1=NC(C2=CC([N+](=O)[O-])=CC=C2)=NO1,C#CC(C)N(C)C(=O)CC(C)C(C)(C)NC(=O)c1cnn(C)c1Cl,CC(CC(=O)OC(C)(C)C)NCc1nc(-c2cccc([N+](=O)[O-])c2)no1,24,24,26,27,16.689358,,9,8,,,0,0,0,1,0,41,24,3,155,282,282,143,96,155,1,136,46,175,58,37,18,40,258,66,216,77,139,0,21,0
132,497,835,5645193,322873,CC(=O)N1CCCC1CNC(=O)C1=C(CNC(=O)[C@H]2CCN(C)C2)C=CS1,C#CC1(NC(=O)CNC(=O)C2CCC(OC)C2)CC1,CC(=O)N1CCCC1CNC(=O)c1sccc1CNC(=O)[C@H]1CCN(C)C1,C#CC1(NC(=O)CNC(=O)C2CCC(OC)C2)CC1,27,29,19,20,18.899105,,13,12,,,0,0,0,1,0,64,20,3,239,300,300,208,57,239,0,196,112,107,68,21,11,2,280,115,185,93,92,0,17,0
133,70,778,4319416,7256219,CCCCSCC(=O)N[C@H]1CC[C@@H](CC(=O)N2CC(CO)(OC)C2)CC1,CC1(C(=O)NCC2(CNC(=O)C[C@@H]3CC[C@H](O)C3)CCCC2)CCC(=O)NC1,CCCCSCC(=O)N[C@H]1CC[C@@H](CC(=O)N2CC(CO)(OC)C2)CC1,CC1(C(=O)NCC2(CNC(=O)C[C@@H]3CC[C@H](O)C3)CCCC2)CCC(=O)NC1,26,27,28,30,61.326054,,13,12,,,0,0,0,1,0,104,27,2,415,753,753,383,358,415,1,346,149,513,148,189,61,86,726,276,477,107,370,0,31,0
134,545,784,5030749,1426711,CCC(CC(=O)N(CCC1CCC1)CC1=CC=C2C=CC=NN21)C(F)F,CC(C(=O)NC1=NN(C)C(=O)N1C)N1C=NC2=C(N)N=CN=C21,CCC(CC(=O)N(CCC1CCC1)Cc1ccc2cccnn12)C(F)F,CC(C(=O)Nc1nn(C)c(=O)n1C)n1cnc2c(N)ncnc21,26,28,23,25,19.474554,,9,8,,,0,0,0,1,0,42,25,0,162,344,344,144,62,162,0,136,44,204,65,33,10,86,319,83,261,61,200,0,25,0
135,128,131,7513095,6198192,COC1=CC=CC(C(=O)NC(CNS(=O)(=O)CC(C)O)C2=CC(C)=CC=C2)=C1,C#CCSCC(=O)NCC1CCCC(NC2=NN=NN2C2=CC=CC=C2)C1,COc1cccc(C(=O)NC(CNS(=O)(=O)CC(C)O)c2cccc(C)c2)c1,C#CCSCC(=O)NCC1CCCC(Nc2nnnn2-c2ccccc2)C1,28,29,27,29,38.582169,,11,11,,,0,0,0,1,0,77,29,6,305,465,465,271,156,305,1,248,134,286,107,36,7,57,436,168,297,103,194,0,23,0
136,675,486,6756127,5472619,CC(C)C(=O)NCC1CCCN(C(=O)C(=O)NC2=CC=CC3=CC=NC=C32)C1,C#CCOC1=CC(CNC(=O)C(=O)N2CCCCCC2C(=O)NC)=CC=C1,CC(C)C(=O)NCC1CCCN(C(=O)C(=O)Nc2cccc3ccncc23)C1,C#CCOc1cccc(CNC(=O)C(=O)N2CCCCCC2C(=O)NC)c1,28,30,27,28,195.128922,,21,20,,,0,0,0,1,0,247,28,3,982,1234,1234,810,1073,982,1,776,503,987,215,483,67,8,1206,644,590,166,424,0,27,0
137,969,562,999951,3285629,C#CC1=CC(CC(=O)N[C@H]2CC[C@@H](C(=O)OC)CC2)=CC=C1,CC=CCCC(=O)N1C[C@H]2C[C@@]2(C(=O)N2CC(C)(C)OCC2(C)C)C1,C#Cc1cccc(CC(=O)N[C@H]2CC[C@@H](C(=O)OC)CC2)c1,CC=CCCC(=O)N1C[C@H]2C[C@@]2(C(=O)N2CC(C)(C)OCC2(C)C)C1,22,23,25,27,51.382141,,13,12,,,0,0,0,1,0,83,23,1,323,468,468,268,157,323,0,245,151,294,89,40,6,79,445,150,318,118,200,0,22,0
138,169,271,1102655,3835770,CC1=NN=C(CNC(=O)C2=NN=C(C3=CC=CC=C3)O2)N1C,CCC[C@H]1C[C@@H]1CN(CC1=CC=CC2=CC=NC=C21)C(=O)[C@H]1C[C@H]1C,Cc1nnc(CNC(=O)c2nnc(-c3ccccc3)o2)n1C,CCC[C@H]1C[C@@H]1CN(Cc1cccc2ccncc12)C(=O)[C@H]1C[C@H]1C,22,24,25,28,5.060874,,8,8,,,0,0,0,1,0,20,24,4,75,81,81,65,39,75,1,42,26,30,19,0,0,0,57,32,49,33,16,0,20,0
139,540,893,5498521,9480951,C#CC1=CC=C(C(=O)N2CC[C@@H](CC(=O)N[C@]34CC[C@H](C[C@@H]3O)C4)C2)N=C1,C=C[C@H]1CN(C(=O)CC2=C(C)N(CC)N=C2C)C[C@H]1NC1=NC(C(=O)OC)=NC=C1Cl,C#Cc1ccc(C(=O)N2CC[C@@H](CC(=O)N[C@]34CC[C@H](C[C@@H]3O)C4)C2)nc1,C=C[C@H]1CN(C(=O)Cc2c(C)nn(CC)c2C)C[C@H]1Nc1nc(C(=O)OC)ncc1Cl,27,30,31,33,388.486847,,17,16,,,0,0,0,1,0,418,30,1,1658,2792,2792,1460,713,1658,0,1446,686,1689,715,326,30,289,2762,997,1795,463,1332,0,38,0
140,621,433,1945448,2831394,COCC(C)N1C=C(COCC(=O)N(C)CC2CCCC2)N=N1,CC1=C(C)N(C)C(CN(CC2=CCCC2)CC2COCCC2C)=N1,COCC(C)n1cc(COCC(=O)N(C)CC2CCCC2)nn1,Cc1nc(CN(CC2=CCCC2)CC2COCCC2C)n(C)c1C,23,24,24,26,10.335329,,10,9,,,0,0,0,1,0,42,24,3,164,192,192,148,30,164,0,132,94,50,33,0,0,3,168,82,110,66,44,0,23,0
141,987,216,4093080,7320354,CC(C)(C)OC(=O)NC1(CNC(=O)CC2=CSC=N2)CCC(F)(F)CC1,NC1=CC=NC(C(=O)N2C[C@@H]3C[C@@H](C[C@H](NC(=O)CCN4C=CC=N4)C3)C2)=C1,CC(C)(C)OC(=O)NC1(CNC(=O)Cc2cscn2)CCC(F)(F)CC1,Nc1ccnc(C(=O)N2C[C@@H]3C[C@@H](C[C@H](NC(=O)CCn4cccn4)C3)C2)c1,26,27,28,31,26.051895,,13,13,,,0,0,0,1,0,47,27,6,183,228,228,150,195,183,1,128,71,177,33,69,25,11,201,95,133,55,78,0,21,0
142,951,552,2058576,3688653,CN1C=C(S(=O)(=O)N2CC(NC(=O)C3=CC4=C(CCC4)S3)C2)C=N1,CC(=O)OCCC(=O)NC1CC(C(C)NC(=O)C2=CN(C)C=C2C)C1,Cn1cc(S(=O)(=O)N2CC(NC(=O)c3cc4c(s3)CCC4)C2)cn1,CC(=O)OCCC(=O)NC1CC(C(C)NC(=O)c2cn(C)cc2C)C1,24,27,25,26,18.808147,,9,8,,,0,0,0,1,0,53,26,2,210,346,346,187,82,210,1,178,65,201,94,15,4,39,320,98,248,89,159,0,25,0
143,773,747,5332740,7094745,O=C(NC1=NN=C(C2CCCCC2)O1)C1CC(=O)N(C2=CC(F)=CC=C2)C1,CCC1=CN=CC(C(=O)NC(C(=O)NCC2=NN(C(C)C)C=N2)C(C)(C)C)=C1,O=C(Nc1nnc(C2CCCCC2)o1)C1CC(=O)N(c2cccc(F)c2)C1,CCc1cncc(C(=O)NC(C(=O)NCc2ncn(C(C)C)n2)C(C)(C)C)c1,27,30,28,29,68.869789,,12,11,,,0,0,0,1,0,91,29,0,350,654,654,296,373,350,0,277,146,438,99,263,22,135,625,131,523,165,358,0,29,0
144,706,205,3749861,8248743,CCCCN1C=C(CCC(=O)N2CCN3C(=NN=C3C3CC3)C2)N=N1,C#CC1=CC=C(C(=O)N2C[C@H](O)C[C@H]2CNC(=O)C(C)C2=CC=NC=C2C)C=C1,CCCCn1cc(CCC(=O)N2CCn3c(nnc3C3CC3)C2)nn1,C#Cc1ccc(C(=O)N2C[C@H](O)C[C@H]2CNC(=O)C(C)c2ccncc2C)cc1,25,28,29,31,167.676376,,20,19,,,0,0,0,1,0,176,28,3,679,1029,1029,577,644,679,0,539,270,666,235,390,47,10,1001,364,665,213,452,0,31,0
145,730,319,3192510,4194139,CC1(C)CCC(CC(=O)N(CC2CC2)C2=CC=C(C(=O)O)C=C2)CC1,O=C(NC1=NN(C2=CC=NC(C(F)F)=C2)C=C1)C(=O)N1CCCC(O)C1,CC1(C)CCC(CC(=O)N(CC2CC2)c2ccc(C(=O)O)cc2)CC1,O=C(Nc1ccn(-c2ccnc(C(F)F)c2)n1)C(=O)N1CCCC(O)C1,25,27,26,28,53.433609,,10,9,,,0,0,0,1,0,91,27,0,358,645,645,329,145,358,0,313,135,366,146,68,21,100,618,185,460,144,316,0,32,0
146,408,687,1386324,4422811,COCCN(CC1=CN=NN1C)CC1=C(C)C(C#N)=CC=C1,CSC[C@H](C)NC(=O)C1CCN(C(=O)[C@@H]2C[C@H]2C2=CC=CC=C2)CCO1,COCCN(Cc1cccc(C#N)c1C)Cc1cnnn1C,CSC[C@H](C)NC(=O)C1CCN(C(=O)[C@@H]2C[C@H]2c2ccccc2)CCO1,22,23,26,28,41.364491,,16,15,,,0,0,0,1,0,65,23,3,239,321,321,203,180,239,0,156,113,159,43,115,27,0,298,114,207,89,118,0,21,0
147,665,382,7440053,1650596,O=C(CC1=CC=CC=C1OC1CCCC1)OC/C=C/C1=CC=C2OCOC2=C1,CN(C)CCN(C(=O)NCC1=C(C(F)F)N=NS1)C1CCCC1,O=C(Cc1ccccc1OC1CCCC1)OC/C=C/c1ccc2c(c1)OCO2,CN(C)CCN(C(=O)NCc1snnc1C(F)F)C1CCCC1,28,31,23,24,1.575637,,5,5,,,0,0,0,1,0,6,24,14,22,34,34,20,10,22,3,10,8,2,2,0,0,0,10,7,27,13,14,0,10,0
148,448,921,8681379,103322,C=CN1C=C(CN(CC[C@@H]2CCC[C@H]2O)CC2=CC(C(=O)OC)=CC(O)=C2)C=N1,C[C@@H](NC(=O)C1=CC2=C(C=CO2)N1C)C(C)(C)O,C=Cn1cc(CN(CC[C@@H]2CCC[C@H]2O)Cc2cc(O)cc(C(=O)OC)c2)cn1,C[C@@H](NC(=O)c1cc2occc2n1C)C(C)(C)O,29,31,18,19,21.012686,,13,12,,,0,0,0,1,0,45,19,0,176,292,292,158,96,176,0,143,59,160,74,50,6,23,273,80,212,78,134,0,19,0
149,529,462,7258167,121737,CN(C[C@@H]1C[C@H](F)CN1C(=O)CCC1=NN=CS1)C(=O)CCC1=NC=NN1C,COC1=CC=C2N=C(N[C@H]3CC[C@H]4C[C@H]43)OC2=C1,CN(C[C@@H]1C[C@H](F)CN1C(=O)CCc1nncs1)C(=O)CCc1ncnn1C,COc1ccc2nc(N[C@H]3CC[C@H]4C[C@H]43)oc2c1,28,30,18,21,13.084373,,7,6,,,0,0,0,1,0,40,21,4,153,257,257,142,28,153,0,137,57,113,68,9,0,23,236,90,167,52,115,0,18,0
150,123,253,2996567,1231139,CC[C@@H](NS(=O)(=O)CC1CC2(CCOCC2)C(=O)O1)C1=CC=CC=N1,COC1=CC=C(C(=O)C2CCCN2CC2=CC=C(Br)O2)C=C1,CC[C@@H](NS(=O)(=O)CC1CC2(CCOCC2)C(=O)O1)c1ccccn1,COc1ccc(C(=O)C2CCCN2Cc2ccc(Br)o2)cc1,25,27,22,24,32.327274,,9,8,,,0,0,0,1,0,75,24,1,293,509,509,271,95,293,0,258,118,274,117,34,13,86,485,180,329,91,238,0,23,0
151,230,65,980564,1298607,COC1=CC2=NC=C(C(=O)NC3=CC(Cl)=CC(Cl)=N3)N2C=C1,C#CCN(C)C(=O)CC1(C)CCN(C(=O)CCCN(C)C)C1,COc1ccn2c(C(=O)Nc3cc(Cl)cc(Cl)n3)cnc2c1,C#CCN(C)C(=O)CC1(C)CCN(C(=O)CCCN(C)C)C1,22,24,22,22,26.369661,,11,10,,,0,0,0,1,0,69,22,1,266,377,377,230,94,266,0,223,129,164,75,51,5,14,355,137,240,93,147,0,21,0
152,346,21,2910405,6114384,CCSC1=CC=CC=C1CC(=O)NC1=C(F)C=C(Br)C=C1C(=O)OC,CC1CC(C(=O)N2CCN(C(=O)C3=C(F)C=NC(O)=C3)CC2C(C)(C)C)C1,CCSc1ccccc1CC(=O)Nc1c(F)cc(Br)cc1C(=O)OC,CC1CC(C(=O)N2CCN(C(=O)c3cc(O)ncc3F)CC2C(C)(C)C)C1,25,26,27,29,98.080475,,12,11,,,0,0,0,1,0,95,26,3,380,752,752,333,160,380,1,326,137,361,151,193,22,64,726,170,582,163,419,0,24,0
153,602,567,1073129,10058109,FC1=CC=C(N2CCC(C3=CC(F)=C(F)C(F)=C3)CC2)N=N1,COC(=O)C1=CC=CC=C1CN1C=C([C@@H]2CCCN2C(=O)C2=CN=C(C)C(C(C)=O)=C2)N=N1,Fc1ccc(N2CCC(c3cc(F)c(F)c(F)c3)CC2)nn1,COC(=O)c1ccccc1Cn1cc([C@@H]2CCCN2C(=O)c2cnc(C)c(C(C)=O)c2)nn1,22,24,33,36,121.417091,,14,13,,,0,0,0,1,0,149,24,4,594,809,809,515,84,594,0,495,288,304,194,48,13,50,785,365,444,150,294,0,27,0
154,235,602,3803888,1073129,CC1(C)CC(CCN(CC2=C(CO)C=CS2)C(=O)[C@@H]2CNC(=O)N2)C1,FC1=CC=C(N2CCC(C3=CC(F)=C(F)C(F)=C3)CC2)N=N1,CC1(C)CC(CCN(Cc2sccc2CO)C(=O)[C@@H]2CNC(=O)N2)C1,Fc1ccc(N2CCC(c3cc(F)c(F)c(F)c3)CC2)nn1,25,27,22,24,70.639290,,13,12,,,0,0,0,1,0,123,24,5,480,719,719,440,74,480,1,430,223,257,188,73,10,4,695,251,468,189,279,0,21,0
155,225,7,9996204,7116687,CCOC(=O)C1=C(C2=CN=CO2)N(C2=CC(C)=CC(C)=C2)C(=S)NC1C1=CC(C2CC2)=NO1,CC1CC2(CO1)CN(C(=O)[C@H]1C=C[C@H](NC(=O)C3=CC=CC4=C3NN=C4)C1)C2,CCOC(=O)C1=C(c2cnco2)N(c2cc(C)cc(C)c2)C(=S)NC1c1cc(C2CC2)no1,CC1CC2(CO1)CN(C(=O)[C@H]1C=C[C@H](NC(=O)c3cccc4cn[nH]c34)C1)C2,33,37,28,32,95.322762,,11,10,,,0,0,0,1,0,133,32,1,526,883,883,466,281,526,1,454,172,586,241,81,22,89,851,262,621,204,417,0,36,0
156,72,724,7466727,374384,CC1=NOC(CC(=O)N[C@@H]2C[C@H](CO)CC[C@@H]2CNC2=NC=C(F)C=N2)=C1C,CC[C@H]1C[C@@H]1C(=O)N(C)CC1=CC2=C(C=C1Br)OCO2,Cc1noc(CC(=O)N[C@@H]2C[C@H](CO)CC[C@@H]2CNc2ncc(F)cn2)c1C,CC[C@H]1C[C@@H]1C(=O)N(C)Cc1cc2c(cc1Br)OCO2,28,30,20,22,121.062683,,16,15,,,0,0,0,1,0,165,22,1,647,1154,1154,598,182,647,1,593,196,701,372,16,9,153,1132,374,780,224,556,0,22,0
157,646,60,3214063,3351599,CN(CCCC1=NC2=CC=CC=C2N1)CC1=C(N)C(C(=O)O)=CC=C1,CC1=CN=C(CNC(=O)C2(C)C=CCN2C(=O)C2=C(N)N(C)N=C2)O1,CN(CCCc1nc2ccccc2[nH]1)Cc1cccc(C(=O)O)c1N,Cc1cnc(CNC(=O)C2(C)C=CCN2C(=O)c2cnn(C)c2N)o1,25,27,25,27,20.248943,,9,8,,,0,0,0,1,0,46,27,0,180,308,308,152,47,180,0,136,52,165,69,11,4,66,281,68,240,84,156,0,27,0
158,234,69,5046189,5603710,CC(C)C(C)(C)CN(CC1=CN2C=NC=C2C=C1)C(=O)COCCCF,COC(C(=O)NC1CCN(CCCO)C1)C1CN(C(=O)C23CC(F)(C2)C3)C1,CC(C)C(C)(C)CN(Cc1ccc2cncn2c1)C(=O)COCCCF,COC(C(=O)NC1CCN(CCCO)C1)C1CN(C(=O)C23CC(F)(C2)C3)C1,26,27,27,30,150.228271,,14,13,,,0,0,0,1,0,153,27,0,610,1028,1028,533,234,610,0,504,238,555,234,146,34,144,1001,380,648,153,495,0,35,0
159,927,32,8635296,2646999,CCCC1=C(C(=O)N(CC2=CC=C(C#N)C=C2C)CC2=NC=CC=C2C)C=CN1,NC(=O)C[C@@H](O)C(=O)NC1COCCN(C(=O)C2=CC=CC=C2)C1,CCCc1[nH]ccc1C(=O)N(Cc1ccc(C#N)cc1C)Cc1ncccc1C,NC(=O)C[C@@H](O)C(=O)NC1COCCN(C(=O)c2ccccc2)C1,29,31,24,25,54.864433,,18,17,,,0,0,0,1,0,163,25,3,635,658,658,541,201,635,0,477,361,248,144,36,14,0,633,407,251,134,117,0,32,0
160,880,338,3711333,9637513,CC1(C)CC(=O)CC1C(=O)OCC1=CC=C(C2(C(F)(F)F)N=N2)C=C1,CC1=C2C=C(CN(CC3=CN(C4=CC=CC=C4)N=C3)CC3[C@H](C)[C@H]3C)C=CC2=NN1C,CC1(C)CC(=O)CC1C(=O)OCc1ccc(C2(C(F)(F)F)N=N2)cc1,Cc1c2cc(CN(Cc3cnn(-c4ccccc4)c3)CC3[C@H](C)[C@H]3C)ccc2nn1C,25,27,31,35,11.207575,,9,9,,,0,0,0,1,0,22,27,8,85,122,122,71,172,85,2,59,29,94,19,104,4,0,95,31,91,40,51,0,21,0
161,72,526,7466727,2184418,CC1=NOC(CC(=O)N[C@@H]2C[C@H](CO)CC[C@@H]2CNC2=NC=C(F)C=N2)=C1C,COCCOC1=CC=CC(C(=O)NNC2=NC(C)=C(C)C(=O)N2)=C1,Cc1noc(CC(=O)N[C@@H]2C[C@H](CO)CC[C@@H]2CNc2ncc(F)cn2)c1C,COCCOc1cccc(C(=O)NNc2nc(C)c(C)c(=O)[nH]2)c1,28,30,24,25,11.319087,,9,8,,,0,0,0,1,0,33,25,1,129,156,156,101,122,129,1,88,46,119,28,31,3,2,131,45,111,56,55,0,24,0
162,243,285,4525562,7929346,CC1=NC=C(C(=O)N2CC(C(=O)N[C@H](C)C3=CSC=C3)C3(CC3)C2)N1C,COC1=CC=C2C=C(CNCC3N(C(=O)OC(C)(C)C)CCC34CCC4)NC2=C1,Cc1ncc(C(=O)N2CC(C(=O)N[C@H](C)c3ccsc3)C3(CC3)C2)n1C,COc1ccc2cc(CNCC3N(C(=O)OC(C)(C)C)CCC34CCC4)[nH]c2c1,26,29,29,32,114.707359,,13,12,,,0,0,0,1,0,137,29,2,539,1135,1135,462,758,539,0,439,134,889,227,511,74,136,1106,307,828,155,673,0,33,0
163,685,497,8759367,5645193,O=C(N1CCN(CC2=CC=C(N3C=CN=C3)C=C2)CC1)C(F)(F)CCN1C=CN=N1,CC(=O)N1CCCC1CNC(=O)C1=C(CNC(=O)[C@H]2CCN(C)C2)C=CS1,O=C(N1CCN(Cc2ccc(-n3ccnc3)cc2)CC1)C(F)(F)CCn1ccnn1,CC(=O)N1CCCC1CNC(=O)c1sccc1CNC(=O)[C@H]1CCN(C)C1,30,33,27,29,119.040466,,17,16,,,0,0,0,1,0,129,29,2,503,749,749,453,178,503,1,437,240,429,178,15,8,95,720,343,406,110,296,0,30,0
164,219,552,6861264,3688653,CC1(C#CC(=O)N2CCCC(C(=O)NC3=CN=C(C4CC4)N=C3)C2)CCCO1,CC(=O)OCCC(=O)NC1CC(C(C)NC(=O)C2=CN(C)C=C2C)C1,CC1(C#CC(=O)N2CCCC(C(=O)Nc3cnc(C4CC4)nc3)C2)CCCO1,CC(=O)OCCC(=O)NC1CC(C(C)NC(=O)c2cn(C)cc2C)C1,28,31,25,26,40.156277,,13,12,,,0,0,0,1,0,80,26,0,317,440,440,260,197,317,0,238,127,304,92,40,15,55,414,137,303,123,180,0,29,0
165,135,740,475938,10193610,O=C(NCC1CC(F)(F)CO1)NC12CCC(F)(CC1)C2,CC1=NC=CN1CC1=CN([C@H]2CC[C@@H](C(=O)NCC3=CC=C(OC4CCCC4)C=C3)CC2)N=N1,O=C(NCC1CC(F)(F)CO1)NC12CCC(F)(CC1)C2,Cc1nccn1Cc1cn([C@H]2CC[C@@H](C(=O)NCc3ccc(OC4CCCC4)cc3)CC2)nn1,20,22,34,38,22.379456,,9,9,,,0,0,0,1,0,59,22,3,231,296,296,192,129,231,0,168,94,179,67,29,12,11,274,93,203,99,104,0,31,0
166,957,903,6383091,8874455,CC1CCC(CCN(CC2=C(F)C=CC=C2F)C(=O)C2=CC=CN=C2O)C1,CN(CC1(C)CCCC1)C(=O)C1=C2CN(C(=O)[C@@H]3CCCN3C)CCC2=NC(O)=C1,CC1CCC(CCN(Cc2c(F)cccc2F)C(=O)c2cccnc2O)C1,CN(CC1(C)CCCC1)C(=O)c1cc(O)nc2c1CN(C(=O)[C@@H]1CCCN1C)CC2,27,29,30,33,359.653961,,18,17,,,0,0,0,1,0,238,29,2,938,1498,1498,771,1256,938,0,724,373,1168,144,782,227,97,1469,443,1055,328,727,0,56,0
167,584,590,8776790,10231444,CN(C(=O)OC(C)(C)C)C1CCN(CCCNC2=CC=C([N+](=O)[O-])C(N)=C2F)CC1,CCCCN1N=NN=C1C1(NC2=C(C)N(C3=CC=CC(Cl)=C3)N=C2)CCN(C2CCCC2)CC1,CN(C(=O)OC(C)(C)C)C1CCN(CCCNc2ccc([N+](=O)[O-])c(N)c2F)CC1,CCCCn1nnnc1C1(Nc2cnn(-c3cccc(Cl)c3)c2C)CCN(C2CCCC2)CC1,30,31,34,38,167.530579,,14,13,,,0,0,0,1,0,192,31,6,763,992,992,646,219,763,1,630,383,517,233,15,5,86,961,419,573,227,346,0,25,0
168,484,248,2194018,1499937,CCOC(=O)[C@H]1C[C@@H]1C(=O)OCCN1C2=CC=C(Br)C=C2N=C1N,O=C(CCC1=NC(C2CCCC2)=NO1)NC(CO)C1=CC=CS1,CCOC(=O)[C@H]1C[C@@H]1C(=O)OCCn1c(N)nc2cc(Br)ccc21,O=C(CCc1nc(C2CCCC2)no1)NC(CO)c1cccs1,24,26,23,25,7.897693,,9,8,,,0,0,0,1,0,26,25,3,97,137,137,92,42,97,2,77,45,57,23,7,2,8,112,48,89,44,45,0,22,0
169,803,484,8971413,2194018,COC[C@H]1C[C@@H](CNC(=O)CCC(=O)N(C)C)N(C(=O)C2CC3=NC(C)=CN3C2)C1,CCOC(=O)[C@H]1C[C@@H]1C(=O)OCCN1C2=CC=C(Br)C=C2N=C1N,COC[C@H]1C[C@@H](CNC(=O)CCC(=O)N(C)C)N(C(=O)C2Cc3nc(C)cn3C2)C1,CCOC(=O)[C@H]1C[C@@H]1C(=O)OCCn1c(N)nc2cc(Br)ccc21,30,32,24,26,40.961960,,10,9,,,0,0,0,1,0,80,26,1,317,519,519,282,142,317,0,273,121,261,109,92,27,33,493,163,356,119,237,0,33,0
170,826,416,4191891,7847536,CCC1=CC=CC(C2(CNC(=O)N3CCC4=C(C3)C(Br)=CC=C4)CC2)=C1,CC1(C)C[C@@H]1C(C(=O)NCCC#N)N1CCN(C2=CC(C(F)F)=CC=C2)CC1,CCc1cccc(C2(CNC(=O)N3CCc4cccc(Br)c4C3)CC2)c1,CC1(C)C[C@@H]1C(C(=O)NCCC#N)N1CCN(c2cccc(C(F)F)c2)CC1,26,29,28,30,79.427078,,10,9,,,0,0,0,1,0,114,29,1,453,737,737,403,244,453,0,385,205,402,132,146,38,83,708,181,556,222,334,0,32,0
171,194,96,28582,6083871,CCC=C(C)C(=O)NCCN1CCCC1C,CC1=CC(CC(=O)NC[C@@H](NC(=O)C(F)(F)C2=CC=CC=N2)C(C)C)=NN1,CCC=C(C)C(=O)NCCN1CCCC1C,Cc1cc(CC(=O)NC[C@@H](NC(=O)C(F)(F)c2ccccn2)C(C)C)n[nH]1,16,16,27,28,4.584352,,13,12,,,0,0,0,1,0,34,16,1,128,157,157,122,40,128,1,107,75,57,30,3,2,3,141,91,66,31,35,0,16,0
172,99,674,2993846,1957771,CCN1CCN(C2=CC=C(CNS(=O)(=O)CC(C)(C)CF)C=N2)CC1,CC1=CN=C(NCCC2=CNN=N2)N=C1N1CCC(CF)CC1,CCN1CCN(c2ccc(CNS(=O)(=O)CC(C)(C)CF)cn2)CC1,Cc1cnc(NCCc2c[nH]nn2)nc1N1CCC(CF)CC1,25,26,23,25,31.937460,,10,9,,,0,0,0,1,0,89,25,2,346,545,545,316,99,346,0,302,148,272,129,31,16,59,520,207,338,109,229,0,23,0
173,441,362,4468789,7931347,COC1=CN=NC(C(=O)NCC2=C(C(=O)N3CCC[C@H]3CO)C=CO2)=C1,CC(C(=O)NCC1=CC=CC(OCC#N)=C1)C1=CC=C2C(=C1)CC1=CC=CC=C12,COc1cnnc(C(=O)NCc2occc2C(=O)N2CCC[C@H]2CO)c1,CC(C(=O)NCc1cccc(OCC#N)c1)c1ccc2c(c1)Cc1ccccc1-2,26,28,29,32,50.274395,,14,13,,,0,0,0,1,0,88,28,1,341,537,537,317,184,341,1,287,142,318,127,59,21,52,509,214,323,103,220,0,29,0
174,433,420,2831394,8672863,CC1=C(C)N(C)C(CN(CC2=CCCC2)CC2COCCC2C)=N1,CC1=CC=C(CN(CCC2=CC=C(F)C=C2C)CC2=CN(C)C(C#N)=C2)C(O)=C1,Cc1nc(CN(CC2=CCCC2)CC2COCCC2C)n(C)c1C,Cc1ccc(CN(CCc2ccc(F)cc2C)Cc2cc(C#N)n(C)c2)c(O)c1,24,26,29,31,34.246475,,16,15,,,0,0,0,1,0,58,26,1,228,306,306,188,177,228,0,161,69,202,58,66,36,16,280,110,196,78,118,0,29,0
175,478,884,7298707,7734203,CCC1=CC(C(=O)N2CC3CC(C2)N(C(=O)C2=CC(C)=CC=C2C)C3)=CC=N1,CCC1=C(C(=O)N(CCC2=NC(C)=CC=N2)CC(C)CCC=C(C)C)C=NN1,CCc1cc(C(=O)N2CC3CC(C2)N(C(=O)c2cc(C)ccc2C)C3)ccn1,CCc1[nH]ncc1C(=O)N(CCc1nccc(C)n1)CC(C)CCC=C(C)C,28,31,28,29,142.795792,,19,18,,,0,0,0,1,0,129,29,2,500,636,636,418,460,500,3,379,228,483,105,169,58,21,607,281,355,137,218,0,27,0
176,746,55,6746942,866099,CC(C)[C@@H](NC(=O)NCC1=NN(C)C2=C1COCC2)C1=NN=C2C=CC=CN21,C[C@H](NC(=O)C1=CC=NN1C)C(=O)N1CCCC(O)CC1,CC(C)[C@@H](NC(=O)NCc1nn(C)c2c1COCC2)c1nnc2ccccn12,C[C@H](NC(=O)c1ccnn1C)C(=O)N1CCCC(O)CC1,28,31,21,22,25.449074,,12,11,,,0,0,0,1,0,56,22,0,220,321,321,204,94,220,0,184,98,161,75,27,9,17,299,135,186,69,117,0,22,0
177,689,669,2278662,3652938,O=C(NCC1=CNC2=CC=C(Br)C=C12)NC1CCN(CCF)C1=O,C=C/C=C(\C)C(=O)N(C)C1CN(C(=O)CN2N=CC=C2C)CC12CC2,O=C(NCc1c[nH]c2ccc(Br)cc12)NC1CCN(CCF)C1=O,C=C/C=C(\C)C(=O)N(C)C1CN(C(=O)Cn2nccc2C)CC12CC2,24,26,25,27,35.136398,,12,11,,,0,0,0,1,0,69,26,2,273,390,390,233,157,273,1,209,100,221,88,63,21,20,364,66,324,167,157,0,25,0
178,661,100,2104959,8039705,O=C(C1=NC(O)=CC(C(F)(F)F)=C1)N1CC(C2=CC(Cl)=CC=C2)C1,CCCCC(C)CCC(=O)N1CCC2(CC(C(=O)NCC3=NC(C)=CC=C3)C2)C1,O=C(c1cc(C(F)(F)F)cc(O)n1)N1CC(c2cccc(Cl)c2)C1,CCCCC(C)CCC(=O)N1CCC2(CC(C(=O)NCc3cccc(C)n3)C2)C1,24,26,29,31,195.579010,,17,16,,,0,0,0,1,0,252,26,5,1003,1599,1599,918,536,1003,0,887,500,606,239,584,158,2,1573,785,814,133,681,0,35,0
179,62,412,6416646,1294583,CCOC1CC(CN(CC2=NC=C(OC)N=C2)C(=O)[C@H]2C[C@@]2(C)C2CC2)C1,CC[C@H](O)C(=O)NCC1=C(C(=O)N[C@H](C)CCOC)OC=C1,CCOC1CC(CN(Cc2cnc(OC)cn2)C(=O)[C@H]2C[C@@]2(C)C2CC2)C1,CC[C@H](O)C(=O)NCc1ccoc1C(=O)N[C@H](C)CCOC,27,30,22,22,36.043591,,13,12,,,0,0,0,1,0,66,22,0,250,390,390,225,137,250,0,213,115,231,79,49,9,45,368,146,244,79,165,0,22,0
180,745,347,5265826,32527,O=C(NCCCC1=CC=C(F)C=C1F)C1=C(C(F)(F)F)N=C2CCCCN21,C=C1CCC(CNC(=O)N[C@@H](C)[C@H](C)O)C1,O=C(NCCCc1ccc(F)cc1F)c1c(C(F)(F)F)nc2n1CCCC2,C=C1CCC(CNC(=O)N[C@@H](C)[C@H](C)O)C1,27,29,16,16,7.272868,,11,10,,,0,0,0,1,0,26,16,2,99,114,114,85,49,99,1,72,52,62,19,0,0,7,98,44,70,41,29,0,14,0
181,819,882,965724,9656200,NC[C@H]1C[C@H]1C(=O)NC1=NN(CC2=CC=C(Cl)C=C2)C=N1,COC1=C(C)C=CC=C1CN(CC1=CC=C(N2C=CN=C2)C=C1)CC1OCCC12CC2,NC[C@H]1C[C@H]1C(=O)Nc1ncn(Cc2ccc(Cl)cc2)n1,COc1c(C)cccc1CN(Cc1ccc(-n2ccnc2)cc1)CC1OCCC12CC2,21,23,31,35,16.533012,,10,9,,,0,0,0,1,0,45,23,3,171,203,203,155,51,171,0,135,93,71,39,3,3,4,180,83,120,72,48,0,20,0
182,111,254,6419974,8813492,CCC1=CC(C)=CC(CN(C[C@@H]2CC=CCC2)C(=O)C2(O)CC(F)(F)C2)=C1,CC(C)(C)OC(=O)N1CC(F)(F)CC1CNC(=O)NCC1=CC=C([N+](=O)[O-])C=C1F,CCc1cc(C)cc(CN(C[C@@H]2CC=CCC2)C(=O)C2(O)CC(F)(F)C2)c1,CC(C)(C)OC(=O)N1CC(F)(F)CC1CNC(=O)NCc1ccc([N+](=O)[O-])cc1F,27,29,30,31,59.421356,,10,10,,,0,0,0,1,0,86,29,1,338,624,624,296,210,338,0,275,96,369,148,137,24,66,595,160,464,136,328,0,29,0
183,196,194,9156181,28582,C[C@H]1CN(C2=NC3=CC=CC=C3N=C2NCCC2=CC=CC(C3CC3)=C2)C[C@H](C)O1,CCC=C(C)C(=O)NCCN1CCCC1C,C[C@H]1CN(c2nc3ccccc3nc2NCCc2cccc(C3CC3)c2)C[C@H](C)O1,CCC=C(C)C(=O)NCCN1CCCC1C,30,34,16,16,7.948754,,12,11,,,0,0,0,1,0,38,16,2,144,167,167,130,56,144,1,106,76,57,26,21,14,0,151,97,70,33,37,0,18,0
184,549,459,2397574,8067682,CC1CC(C(=O)N2CCOC(CC(=O)NCC3(F)CCC3)C2)=NO1,CCSC(C(=O)N1CC2(CCCC2)C1C(=O)NCC1=NC(CO)=CC=C1)C(C)C,CC1CC(C(=O)N2CCOC(CC(=O)NCC3(F)CCC3)C2)=NO1,CCSC(C(=O)N1CC2(CCCC2)C1C(=O)NCc1cccc(CO)n1)C(C)C,24,26,29,31,46.542690,,17,16,,,0,0,0,1,0,103,26,3,400,517,517,355,127,400,1,333,202,235,130,27,0,14,491,262,255,93,162,0,23,0
185,143,432,4493160,4727751,C=CCC(C)(O)C(=O)NC[C@H]1[C@@H](C(=O)NC2=CN(C(C)C)N=C2)C1(C)C,CN(C[C@@H]1C[C@H](F)CN1C(=O)[C@H]1CCCN1C)C(=O)CCCC(F)(F)F,C=CCC(C)(O)C(=O)NC[C@H]1[C@@H](C(=O)Nc2cnn(C(C)C)c2)C1(C)C,CN(C[C@@H]1C[C@H](F)CN1C(=O)[C@H]1CCCN1C)C(=O)CCCC(F)(F)F,26,27,26,27,45.119518,,17,16,,,0,0,0,1,0,90,27,3,342,483,483,303,277,342,0,268,136,350,131,76,12,11,456,200,283,103,180,0,27,0
186,187,285,3958689,7929346,N#CC1=C2C=CC=CC2=NC(NC(=O)C2=CSC(C3=CC=NC=C3)=N2)=C1,COC1=CC=C2C=C(CNCC3N(C(=O)OC(C)(C)C)CCC34CCC4)NC2=C1,N#Cc1cc(NC(=O)c2csc(-c3ccncc3)n2)nc2ccccc12,COc1ccc2cc(CNCC3N(C(=O)OC(C)(C)C)CCC34CCC4)[nH]c2c1,26,29,29,32,260.632996,,18,18,,,0,0,0,1,0,248,29,3,974,1420,1420,870,353,974,0,859,491,728,289,146,64,151,1391,617,803,253,550,0,35,0
187,473,255,7018083,27530,C=CCC1(C(=O)N2CCCC2CCC)CCN(C(=O)C2=COC(N(C)C)=N2)C1,CC1=C(CNCCNS(C)(=O)=O)C(Cl)=NN1,C=CCC1(C(=O)N2CCCC2CCC)CCN(C(=O)c2coc(N(C)C)n2)C1,Cc1[nH]nc(Cl)c1CNCCNS(C)(=O)=O,28,30,16,16,3.148654,,10,9,,,0,0,0,1,0,15,16,6,47,48,48,40,27,47,3,26,23,19,5,3,2,0,32,13,35,27,8,0,10,0
188,895,945,5132325,3940039,COC1=CC(C)=NC(CN(CC[C@@H]2COC[C@H]2O)CC2=CC=CC=C2)=C1,CCOC(=O)CC(=O)N1CCC2=C(CC1)SC(N1CCC(C)CC1)=N2,COc1cc(C)nc(CN(CC[C@@H]2COC[C@H]2O)Cc2ccccc2)c1,CCOC(=O)CC(=O)N1CCc2nc(N3CCC(C)CC3)sc2CC1,26,28,25,27,19.610147,,10,9,,,0,0,0,1,0,59,27,4,231,315,315,202,51,231,0,193,120,132,58,4,1,35,288,137,178,65,113,0,24,0
189,77,453,5195946,1371765,CC(C)(C)OC(=O)N1CCCC1CCC(=O)NCC1=CC=C2OC=CC2=C1,CCC1=C(CNC2=NC(NC3CCSCC3)=NC=C2)C=NN1,CC(C)(C)OC(=O)N1CCCC1CCC(=O)NCc1ccc2occc2c1,CCc1[nH]ncc1CNc1ccnc(NC2CCSCC2)n1,27,29,22,24,9.424225,,10,9,,,0,0,0,1,0,30,24,3,100,142,142,88,39,100,3,77,40,66,25,4,2,15,118,42,100,46,54,0,21,0
190,827,882,10017841,9656200,CC(C)(C)OC(=O)N1CCN(C(=O)NCC2=CC3=CN=NC=C3O2)C(C2=CC=CC=C2F)C1,COC1=C(C)C=CC=C1CN(CC1=CC=C(N2C=CN=C2)C=C1)CC1OCCC12CC2,CC(C)(C)OC(=O)N1CCN(C(=O)NCc2cc3cnncc3o2)C(c2ccccc2F)C1,COc1c(C)cccc1CN(Cc1ccc(-n2ccnc2)cc1)CC1OCCC12CC2,33,36,31,35,162.840729,,13,12,,,0,0,0,1,0,221,35,0,875,1459,1459,758,295,875,0,728,369,827,281,132,73,310,1424,423,1036,335,701,0,44,0
191,876,563,10304745,6337144,CC[C@H](NC(=O)OC(C)(C)C)C(C1=NN=NN1C1=CC(C(=O)OC)=CC=C1)N(C)C1CCN(C)C1,CC1=CC=CC(C)=C1CNC1=NC(C)=NC(NC2CCN3CCCCC23)=N1,CC[C@H](NC(=O)OC(C)(C)C)C(c1nnnn1-c1cccc(C(=O)OC)c1)N(C)C1CCN(C)C1,Cc1nc(NCc2c(C)cccc2C)nc(NC2CCN3CCCCC23)n1,35,37,27,30,64.740433,,11,10,,,0,0,0,1,0,126,30,0,503,701,701,450,170,503,0,432,235,323,154,68,31,33,671,230,471,220,251,0,40,0
192,100,51,8039705,1637007,CCCCC(C)CCC(=O)N1CCC2(CC(C(=O)NCC3=NC(C)=CC=C3)C2)C1,CCC1CN2CCCC2CN1C(=O)NCCOC1=CC=NC=C1,CCCCC(C)CCC(=O)N1CCC2(CC(C(=O)NCc3cccc(C)n3)C2)C1,CCC1CN2CCCC2CN1C(=O)NCCOc1ccncc1,29,31,23,25,41.550129,,13,12,,,0,0,0,1,0,88,25,2,328,519,519,300,219,328,1,277,146,315,104,98,27,38,494,202,317,98,219,0,23,0
193,667,553,4170183,4693304,COC1=CC=C(C(CF)NC(=O)NCC2=CC=C(C)C(C3CC3)=C2)C=C1,C/C=C/CC(CC)C(=O)NCC12CC1CN(C(=O)CC1=C(C)C=CS1)C2,COc1ccc(C(CF)NC(=O)NCc2ccc(C)c(C3CC3)c2)cc1,C/C=C/CC(CC)C(=O)NCC12CC1CN(C(=O)Cc1sccc1C)C2,26,28,26,28,66.860718,,9,8,,,0,0,0,1,0,69,28,3,269,510,510,236,105,269,0,227,92,278,114,72,5,75,482,71,439,165,274,0,25,0
194,856,15,4563398,2467240,CCCN(CC(=O)NCC1(OC)CN(C)C1)C(=O)[C@@H]1C[C@H](C)CC(=O)N1,C#CCCCOCCNC(=O)CC1CN(C(=O)CC=C)CC12CC2,CCCN(CC(=O)NCC1(OC)CN(C)C1)C(=O)[C@@H]1C[C@H](C)CC(=O)N1,C#CCCCOCCNC(=O)CC1CN(C(=O)CC=C)CC12CC2,26,27,24,25,40.188580,,11,10,,,0,0,0,1,0,64,25,2,250,489,489,220,259,250,0,207,76,284,71,218,50,43,464,106,383,114,269,0,23,0
195,992,95,6262055,9309198,CC(C)CN1C=C(C(C)(C)N2CCN(C(=O)CCCCCC#N)CC2)N=N1,COC1=CC=C(CC2CCN(C(=O)C3=CC=C(N4C=NC5=CC=CC=C54)C=C3)C2)C=C1,CC(C)Cn1cc(C(C)(C)N2CCN(C(=O)CCCCCC#N)CC2)nn1,COc1ccc(CC2CCN(C(=O)c3ccc(-n4cnc5ccccc54)cc3)C2)cc1,27,28,31,35,40.354309,,13,12,,,0,0,0,1,0,100,28,3,396,549,549,356,181,396,1,333,202,304,114,42,15,55,521,218,331,138,193,0,27,0
196,948,771,93378,2346134,CN1C(=O)N=C(SC2CC3(C2)CC3(F)F)NC1=O,CN1N=CC=C1N1CCN(CC2=C(F)C3=CC=CC=C3C=C2)CC1,Cn1c(=O)nc(SC2CC3(C2)CC3(F)F)[nH]c1=O,Cn1nccc1N1CCN(Cc2ccc3ccccc3c2F)CC1,18,20,24,27,10.027579,,7,6,,,0,0,0,1,0,24,20,4,90,189,189,87,129,90,1,76,19,111,26,101,26,1,169,28,161,59,102,0,18,0
197,869,242,8948212,963457,CCC(CC)C(C)C(=O)NC1(C2CCCCN2C(=O)C(F)=CC2=CN(C)N=N2)CC1,O=C(NC(C1=CC=CC=C1)C1CCNC1)C1=C(Cl)C=CS1,CCC(CC)C(C)C(=O)NC1(C2CCCCN2C(=O)C(F)=Cc2cn(C)nn2)CC1,O=C(NC(c1ccccc1)C1CCNC1)c1sccc1Cl,30,32,21,23,79.085312,,15,14,,,0,0,0,1,0,95,23,3,376,601,601,337,254,376,1,294,137,289,85,204,95,31,578,225,376,112,264,0,30,0
198,170,416,4134008,7847536,COC(=O)CCOCCNC(=O)NC1=CC=C(N2C=CC(=O)C=C2)N=C1,CC1(C)C[C@@H]1C(C(=O)NCCC#N)N1CCN(C2=CC(C(F)F)=CC=C2)CC1,COC(=O)CCOCCNC(=O)Nc1ccc(-n2ccc(=O)cc2)nc1,CC1(C)C[C@@H]1C(C(=O)NCCC#N)N1CCN(c2cccc(C(F)F)c2)CC1,26,27,28,30,19.760103,,10,9,,,0,0,0,1,0,46,27,4,180,279,279,163,64,180,1,156,81,151,58,3,1,37,252,104,175,59,116,0,23,0
199,497,492,5645193,1690789,CC(=O)N1CCCC1CNC(=O)C1=C(CNC(=O)[C@H]2CCN(C)C2)C=CS1,CC[C@@H](CN)NC(=O)C1=CC=CC=C1OCC1=CC=CC=C1Br,CC(=O)N1CCCC1CNC(=O)c1sccc1CNC(=O)[C@H]1CCN(C)C1,CC[C@@H](CN)NC(=O)c1ccccc1OCc1ccccc1Br,27,29,23,24,24.679041,,10,9,,,0,0,0,1,0,64,24,3,244,324,324,209,25,244,2,202,114,118,74,0,0,28,300,103,221,106,115,0,21,0
200,218,885,9306769,8269833,NC(=O)C1CCCN(CCCNC(=O)NC(C2=CC=C(Cl)C=C2)C2=CC=C(Cl)C=C2)C1,CC(C)C1=CC(C(=O)NC2CN(C(=O)[C@H]3C[C@H]4C=C[C@@H]3O4)C3(CCCC3)C2)=NO1,NC(=O)C1CCCN(CCCNC(=O)NC(c2ccc(Cl)cc2)c2ccc(Cl)cc2)C1,CC(C)c1cc(C(=O)NC2CN(C(=O)[C@H]3C[C@H]4C=C[C@@H]3O4)C3(CCCC3)C2)no1,31,33,29,33,116.470764,,13,12,,,0,0,0,1,0,160,33,2,629,855,855,568,94,629,0,542,340,294,167,52,30,63,822,317,538,251,287,0,41,0
201,410,924,9748132,9497594,CN1N=C(NC(=O)C(=O)N(C)C2(CNC(=O)OC(C)(C)C)CC2)C=C1CN1CCOCC1,CC(CC(=O)NC[C@H]1C[C@H]1NC1=NC=NC2=CC([N+](=O)[O-])=CC=C21)C1=CC=CC(F)=C1,CN(C(=O)C(=O)Nc1cc(CN2CCOCC2)n(C)n1)C1(CNC(=O)OC(C)(C)C)CC1,CC(CC(=O)NC[C@H]1C[C@H]1Nc1ncnc2cc([N+](=O)[O-])ccc12)c1cccc(F)c1,32,34,31,34,20.674280,,11,10,,,0,0,0,1,0,41,34,5,158,245,245,138,121,158,2,118,53,168,42,28,14,33,211,69,176,69,107,0,29,0
202,60,168,3351599,8024256,CC1=CN=C(CNC(=O)C2(C)C=CCN2C(=O)C2=C(N)N(C)N=C2)O1,COC(=O)C1=CC=C(C2=NOC(CCCCC#CC3=CC=CC=C3)=N2)C=C1OC,Cc1cnc(CNC(=O)C2(C)C=CCN2C(=O)c2cnn(C)c2N)o1,COC(=O)c1ccc(-c2noc(CCCCC#Cc3ccccc3)n2)cc1OC,25,27,29,31,10.894587,,7,6,,,0,0,0,1,0,29,27,2,110,187,187,95,90,110,1,87,34,135,34,21,2,29,160,39,148,56,92,0,25,0
203,388,2,9410350,66768,CCC1=CNC(=O)C(C(=O)N2CCN(C(=O)C3=CC(Cl)=CC=N3)CC3CCCCC32)=C1,CC(C)[C@H](C)C(=O)OCC1=CC=C(Cl)C(F)=C1,CCc1c[nH]c(=O)c(C(=O)N2CCN(C(=O)c3cc(Cl)ccn3)CC3CCCCC32)c1,CC(C)[C@H](C)C(=O)OCc1ccc(Cl)c(F)c1,31,34,17,17,7.121019,,7,7,,,0,0,0,1,0,16,17,3,61,71,71,52,34,61,1,44,27,36,11,0,0,4,54,18,53,34,19,0,14,0
204,399,271,4889020,3835770,CCC1=CC=C(C(=O)N[C@H]2C[C@H]2NC2=NC(C)=CC=C2[N+](=O)[O-])C(C)=N1,CCC[C@H]1C[C@@H]1CN(CC1=CC=CC2=CC=NC=C21)C(=O)[C@H]1C[C@H]1C,CCc1ccc(C(=O)N[C@H]2C[C@H]2Nc2nc(C)ccc2[N+](=O)[O-])c(C)n1,CCC[C@H]1C[C@@H]1CN(Cc1cccc2ccncc12)C(=O)[C@H]1C[C@H]1C,26,28,25,28,62.186501,,13,12,,,0,0,0,1,0,82,28,2,318,581,581,299,185,318,1,284,127,360,130,80,16,91,553,226,355,73,282,0,26,0
205,948,802,93378,5209488,CN1C(=O)N=C(SC2CC3(C2)CC3(F)F)NC1=O,CCC1=NN(C)C(Cl)=C1C(=O)NCC(CC1=CC=CC=C1OC)C(=O)OC,Cn1c(=O)nc(SC2CC3(C2)CC3(F)F)[nH]c1=O,CCc1nn(C)c(Cl)c1C(=O)NCC(Cc1ccccc1OC)C(=O)OC,18,20,27,28,4.779815,,6,5,,,0,0,0,1,0,16,20,4,63,106,106,61,30,63,1,50,17,40,17,16,11,6,86,17,89,44,45,0,17,0
206,803,465,8971413,2159572,COC[C@H]1C[C@@H](CNC(=O)CCC(=O)N(C)C)N(C(=O)C2CC3=NC(C)=CN3C2)C1,CN(C1CCC2(CC1)COC2)S(=O)(=O)C1=CC=C([N+](=O)[O-])C(Cl)=C1,COC[C@H]1C[C@@H](CNC(=O)CCC(=O)N(C)C)N(C(=O)C2Cc3nc(C)cn3C2)C1,CN(C1CCC2(CC1)COC2)S(=O)(=O)c1ccc([N+](=O)[O-])c(Cl)c1,30,32,24,26,13.485752,,10,9,,,0,0,0,1,0,40,26,7,149,219,219,138,81,149,0,110,56,109,41,27,22,20,193,64,155,74,81,0,19,0
207,292,433,9663046,2831394,CCCC1=CC=C(CN(CC2=NC(CC)=CO2)C(=O)NC2=C3N=CC=CN3N=C2)C=C1,CC1=C(C)N(C)C(CN(CC2=CCCC2)CC2COCCC2C)=N1,CCCc1ccc(CN(Cc2nc(CC)co2)C(=O)Nc2cnn3cccnc23)cc1,Cc1nc(CN(CC2=CCCC2)CC2COCCC2C)n(C)c1C,31,34,24,26,96.000275,,15,14,,,0,0,0,1,0,158,26,1,627,946,946,548,240,627,0,523,231,515,274,97,18,39,920,409,537,139,398,0,25,0
208,713,980,1020902,5308922,CCCCC1=NC(C)=C(C(=O)N(C)C2CN(C)S(=O)(=O)C2)S1,O=C(CCN1N=NC2=CC=CC=C2C1=O)N1CCC2(CCCCCC2)CC1,CCCCc1nc(C)c(C(=O)N(C)C2CN(C)S(=O)(=O)C2)s1,O=C(CCn1nnc2ccccc2c1=O)N1CCC2(CCCCCC2)CC1,22,23,27,30,12.763894,,14,13,,,0,0,0,1,0,46,23,6,179,232,232,147,96,179,2,140,61,160,69,0,0,0,209,101,131,46,85,0,17,0
209,748,802,3675863,5209488,CN1CCC[C@H]1CC(=O)N1C[C@H](NC(=O)C(=O)NCC2CC2)[C@@H](O)C1,CCC1=NN(C)C(Cl)=C1C(=O)NCC(CC1=CC=CC=C1OC)C(=O)OC,CN1CCC[C@H]1CC(=O)N1C[C@H](NC(=O)C(=O)NCC2CC2)[C@@H](O)C1,CCc1nn(C)c(Cl)c1C(=O)NCC(Cc1ccccc1OC)C(=O)OC,25,27,27,28,39.818020,,12,11,,,0,0,0,1,0,86,27,0,330,543,543,300,151,330,0,288,124,348,144,18,5,74,516,168,375,132,243,0,27,0
210,569,677,5065409,4192068,CC1=CC=C(C(=O)N(CCCCCO)CC2=CC=CC(C#N)=C2)C(C)=C1,O=C(NCC1=NOC(C2CCOCC2)=N1)NC[C@@]12CCCC[C@]1(CO)C2,Cc1ccc(C(=O)N(CCCCCO)Cc2cccc(C#N)c2)c(C)c1,O=C(NCc1noc(C2CCOCC2)n1)NC[C@@]12CCCC[C@]1(CO)C2,26,27,26,29,67.028603,,11,10,,,0,0,0,1,0,121,27,1,477,756,756,422,215,477,0,402,146,402,204,117,46,40,729,278,478,144,334,0,28,0
211,735,498,8858626,3566557,COC[C@H]1CC[C@@H]1C(=O)N[C@H](CC1CCOCC1)C(=O)N(C)CC1(OC)CCCC1,CCC(COC)C(=O)NCC(NC(=O)C(F)(F)C1CC1)C1CCCC1,COC[C@H]1CC[C@@H]1C(=O)N[C@H](CC1CCOCC1)C(=O)N(C)CC1(OC)CCCC1,CCC(COC)C(=O)NCC(NC(=O)C(F)(F)C1CC1)C1CCCC1,30,32,25,26,87.553093,,19,18,,,0,0,0,1,0,120,26,2,479,575,575,382,400,479,0,328,196,368,83,190,79,15,549,272,303,110,193,0,35,0
212,158,194,3115192,28582,COC(=O)CC1=CSC(CNC(=O)N2CCC(C)(N3CCCC3)C2)=N1,CCC=C(C)C(=O)NCCN1CCCC1C,COC(=O)Cc1csc(CNC(=O)N2CCC(C)(N3CCCC3)C2)n1,CCC=C(C)C(=O)NCCN1CCCC1C,25,27,16,16,10.712257,,10,10,,,0,0,0,1,0,35,16,1,133,161,161,118,62,133,1,101,64,66,28,24,11,3,145,72,89,46,43,0,17,0
213,303,222,5874559,7028356,CC(C)(C)C(C)(C)C(=O)NC[C@H]1C[C@@H](NC(=O)CC2(N3C=CC=N3)CC2)C1,CC1=CC=C(CC(=O)N2CC3C=CC2C(C(=O)NCC2=NC(C)=C(C)S2)C3)S1,CC(C)(C)C(C)(C)C(=O)NC[C@H]1C[C@@H](NC(=O)CC2(n3cccn3)CC2)C1,Cc1ccc(CC(=O)N2CC3C=CC2C(C(=O)NCc2nc(C)c(C)s2)C3)s1,27,29,28,31,81.730713,,12,11,,,0,0,0,1,0,147,29,1,585,888,888,522,321,585,0,503,282,564,178,94,34,127,859,313,575,209,366,0,28,0
214,991,59,2218362,7606591,CN1N=CC=C1C1CCN(CC2CCCN(C(=O)C(C)(C)C)C2)C1,CN1CCC[C@@H](CNC2=NC(N(C)CC3=CN=CN3C)=NC3=CC=CN=C32)C1,Cn1nccc1C1CCN(CC2CCCN(C(=O)C(C)(C)C)C2)C1,CN1CCC[C@@H](CNc2nc(N(C)Cc3cncn3C)nc3cccnc23)C1,24,26,28,31,176.158737,,16,16,,,0,0,0,1,0,299,26,2,1190,1641,1641,980,811,1190,0,956,523,1119,379,324,54,114,1615,744,897,236,661,0,27,0
215,593,753,247809,3617621,CN1N=CC(CNCCC2=CNN=N2)=C1S(N)(=O)=O,CCN(C(=O)C1=NC=CC=N1)C1CCN(C(=O)C2=CC(C)(C)C2)CC1,Cn1ncc(CNCCc2c[nH]nn2)c1S(N)(=O)=O,CCN(C(=O)c1ncccn1)C1CCN(C(=O)C2=CC(C)(C)C2)CC1,19,20,25,27,5.103555,,10,9,,,0,0,0,1,0,19,20,7,71,82,82,62,26,71,3,54,41,28,8,0,0,0,62,26,56,36,20,0,13,0
216,555,62,4745780,6416646,CSC1(C(=O)N[C@H]2CN(C(=O)[C@@H]3CCC[C@H](O)C3)C[C@@H]2C(F)F)CCC1,CCOC1CC(CN(CC2=NC=C(OC)N=C2)C(=O)[C@H]2C[C@@]2(C)C2CC2)C1,CSC1(C(=O)N[C@H]2CN(C(=O)[C@@H]3CCC[C@H](O)C3)C[C@@H]2C(F)F)CCC1,CCOC1CC(CN(Cc2cnc(OC)cn2)C(=O)[C@H]2C[C@@]2(C)C2CC2)C1,26,28,27,30,219.499496,,17,16,,,0,0,0,1,0,304,28,4,1199,1787,1787,1069,655,1199,1,1028,519,1131,434,211,92,132,1759,725,1062,344,718,0,31,0
217,765,321,1085713,8779376,CN(CCC(O)C1=CC=CC=C1)S(=O)(=O)N1CCCC1(C)C,CC(C)(C)OC(=O)NC1CN(S(=O)(=O)C2=CNC3=C2C=CC=C3[N+](=O)[O-])C(C)(C)C1,CN(CCC(O)c1ccccc1)S(=O)(=O)N1CCCC1(C)C,CC(C)(C)OC(=O)NC1CN(S(=O)(=O)c2c[nH]c3c([N+](=O)[O-])cccc23)C(C)(C)C1,22,23,30,32,9.812263,,10,10,,,0,0,0,1,0,39,23,0,140,166,166,118,106,140,0,82,52,87,32,39,11,14,143,56,110,62,48,0,27,0
218,58,51,2480805,1637007,CN(CC(F)(F)CO)C(=O)C1CC12CC(NC(=O)C1=COCC1)C2,CCC1CN2CCCC2CN1C(=O)NCCOC1=CC=NC=C1,CN(CC(F)(F)CO)C(=O)C1CC12CC(NC(=O)C1=COCC1)C2,CCC1CN2CCCC2CN1C(=O)NCCOc1ccncc1,24,26,23,25,21.203424,,12,11,,,0,0,0,1,0,61,25,0,233,358,358,214,75,233,0,203,114,173,71,21,4,43,333,124,234,90,144,0,25,0
219,598,488,5494392,2669399,C=CCN(CC(=O)NC)C(=O)C1CN(C(=O)C2=CC=NC(CO)=C2)CCO1,CC1=CC=C(C(=O)N2CCN(C(=O)C3CCCN(C)C3)CC2C)O1,C=CCN(CC(=O)NC)C(=O)C1CN(C(=O)c2ccnc(CO)c2)CCO1,Cc1ccc(C(=O)N2CCN(C(=O)C3CCCN(C)C3)CC2C)o1,27,28,24,26,138.296280,,16,15,,,0,0,0,1,0,258,26,0,1021,1680,1680,916,579,1021,0,879,351,1118,447,192,92,166,1654,624,1056,292,764,0,32,0
220,514,941,9243210,3762436,CCSC1=NN=C(CN(CC2=CC=C(C#N)C(Cl)=C2)C(=O)NC2=CC=CC=C2)N1C,CC(NC(=O)C1=CN(CC(F)F)C=N1)C1=CN(C[C@H]2C[C@H](N)C2)N=N1,CCSc1nnc(CN(Cc2ccc(C#N)c(Cl)c2)C(=O)Nc2ccccc2)n1C,CC(NC(=O)c1cn(CC(F)F)cn1)c1cn(C[C@H]2C[C@H](N)C2)nn1,30,32,25,27,15.681436,,10,9,,,0,0,0,1,0,41,27,2,152,241,241,135,67,152,0,119,50,128,53,15,7,30,214,54,187,81,106,0,25,0
221,873,543,4690001,4382667,CN1CC(C(=O)NCCC2(O)CN(C(=O)C3=CC(C#N)=CS3)C2)CC1=O,CCN1C=C(NC(=O)[C@@H]2CCCN2C(=O)C2=CC=CC=C2O)C(C#N)=N1,CN1CC(C(=O)NCCC2(O)CN(C(=O)c3cc(C#N)cs3)C2)CC1=O,CCn1cc(NC(=O)[C@@H]2CCCN2C(=O)c2ccccc2O)c(C#N)n1,26,28,26,28,46.372227,,11,10,,,0,0,0,1,0,96,28,2,379,571,571,339,203,379,1,326,160,312,119,96,34,20,543,182,389,157,232,0,26,0
222,161,58,1585167,2480805,CC1=CC(C(C)NC(=O)CNC(=O)C2=CC=CC=C2C)=C(C)S1,CN(CC(F)(F)CO)C(=O)C1CC12CC(NC(=O)C1=COCC1)C2,Cc1cc(C(C)NC(=O)CNC(=O)c2ccccc2C)c(C)s1,CN(CC(F)(F)CO)C(=O)C1CC12CC(NC(=O)C1=COCC1)C2,23,24,24,26,32.833714,,11,10,,,0,0,0,1,0,90,24,2,343,420,420,295,94,343,1,285,186,157,72,39,15,8,396,180,240,115,125,0,26,0
223,983,520,2980854,4123390,CCOC(=O)C1=C(C(F)F)N=C(NCC2=CC(C(=O)OC)=CC=C2)S1,O=[N+]([O-])C1=CN(CC(O)CN2CC3CC2(C(O)C2=CC=CC=C2)C3)N=C1,CCOC(=O)c1sc(NCc2cccc(C(=O)OC)c2)nc1C(F)F,O=[N+]([O-])c1cnn(CC(O)CN2CC3CC2(C(O)c2ccccc2)C3)c1,25,26,26,29,19.816242,,10,9,,,0,0,0,1,0,42,26,6,163,206,206,137,63,163,0,125,76,100,37,6,4,15,180,63,143,74,69,0,20,0
224,82,871,2083033,882010,COCC1CCCCC1NC(=O)C1=CC=C(OC)C2=CN=CC=C12,C=CCCC(C)(C)NC(=O)C1=CCC(NC(=O)C(C)O)C1,COCC1CCCCC1NC(=O)c1ccc(OC)c2cnccc12,C=CCCC(C)(C)NC(=O)C1=CCC(NC(=O)C(C)O)C1,24,26,21,21,14.783782,,13,12,,,0,0,0,1,0,54,21,2,208,245,245,177,101,208,0,159,120,135,32,9,6,27,224,135,110,42,68,0,19,0
225,190,70,4209049,4319416,C[C@H](C1=CC=CC=C1)N(CCO)C(=O)C(=O)NC1=CC(C#N)=CC=C1O,CCCCSCC(=O)N[C@H]1CC[C@@H](CC(=O)N2CC(CO)(OC)C2)CC1,C[C@H](c1ccccc1)N(CCO)C(=O)C(=O)Nc1cc(C#N)ccc1O,CCCCSCC(=O)N[C@H]1CC[C@@H](CC(=O)N2CC(CO)(OC)C2)CC1,26,27,26,27,32.133976,,12,11,,,0,0,0,1,0,72,27,1,283,458,458,237,230,283,0,211,102,305,70,119,39,57,431,146,312,91,221,0,29,0
226,609,69,4351004,5603710,O=C(NCC(O)C(=O)NC1=CC=C(F)C(CO)=C1)C1=CC(O)=CC(F)=C1,COC(C(=O)NC1CCN(CCCO)C1)C1CN(C(=O)C23CC(F)(C2)C3)C1,O=C(NCC(O)C(=O)Nc1ccc(F)c(CO)c1)c1cc(O)cc(F)c1,COC(C(=O)NC1CCN(CCCO)C1)C1CN(C(=O)C23CC(F)(C2)C3)C1,26,27,27,30,110.016083,,13,12,,,0,0,0,1,0,110,27,0,436,767,767,377,190,436,0,360,163,445,162,105,25,126,740,234,533,143,390,0,27,0
227,691,882,1837898,9656200,CC(F)CC(=O)NCCC(C)(C)C(=O)N1CCC12CCSCC2,COC1=C(C)C=CC=C1CN(CC1=CC=C(N2C=CN=C2)C=C1)CC1OCCC12CC2,CC(F)CC(=O)NCCC(C)(C)C(=O)N1CCC12CCSCC2,COc1c(C)cccc1CN(Cc1ccc(-n2ccnc2)cc1)CC1OCCC12CC2,23,24,31,35,18.379278,,13,12,,,0,0,0,1,0,45,24,5,180,237,237,152,225,180,1,134,78,142,28,138,27,2,213,89,148,63,85,0,23,0
228,240,413,7246223,5351304,CC(C)C(F)C(=O)N1CCN(C(=O)C2=COC3=CC=CC=C32)CC1C1CCC1,CC(C)(C)OC(=O)NC[C@H]1CC[C@H]1CNC(=O)NC1=CC=NC2=CC=NN21,CC(C)C(F)C(=O)N1CCN(C(=O)c2coc3ccccc23)CC1C1CCC1,CC(C)(C)OC(=O)NC[C@H]1CC[C@H]1CNC(=O)Nc1ccnc2ccnn12,28,31,27,29,25.552200,,9,8,,,0,0,0,1,0,51,29,1,198,303,303,180,74,198,2,172,96,155,50,15,6,42,274,90,213,90,123,0,28,0
229,122,964,8324929,3383014,CCOC1=CC(C(=O)N2C[C@H]3CCN(C(=O)C4=CC(COC)=NN4)[C@H]3[C@@H]2C)=NN1,CC(C)(C)CC(O)C(=O)NC(CC(=O)N1CCCNC(=O)C1)C(F)F,CCOc1cc(C(=O)N2C[C@H]3CCN(C(=O)c4cc(COC)n[nH]4)[C@H]3[C@@H]2C)n[nH]1,CC(C)(C)CC(O)C(=O)NC(CC(=O)N1CCCNC(=O)C1)C(F)F,29,32,25,25,124.530884,,16,15,,,0,0,0,1,0,176,25,2,701,945,945,618,238,701,0,598,329,470,264,66,2,3,920,458,487,160,327,0,28,0
230,911,583,4146591,1681719,O=C(NC1=NC(C2=CC(Cl)=CC=C2Cl)=CS1)NC(CO)CC1=CC=CO1,O=C(NCC(O)C1=CC=CC=C1Br)[C@@H]1CCC2=CC=CC=C2N1,O=C(Nc1nc(-c2cc(Cl)ccc2Cl)cs1)NC(CO)Cc1ccco1,O=C(NCC(O)c1ccccc1Br)[C@@H]1CCc2ccccc2N1,26,28,23,25,21.508026,,10,9,,,0,0,0,1,0,55,25,1,216,287,287,192,76,216,0,168,100,126,58,19,10,24,262,123,164,69,95,0,31,0
231,252,592,561885,3401358,CSCC1(C(=O)NCC(C)C(=O)N(C)CC(C)C)CC1,CC1(C)CC1(NC(=O)C=CC1=CC=CN=C1)C(=O)NCC1=CC=CO1,CSCC1(C(=O)NCC(C)C(=O)N(C)CC(C)C)CC1,CC1(C)CC1(NC(=O)C=Cc1cccnc1)C(=O)NCc1ccco1,20,20,25,27,23.301050,,10,9,,,0,0,0,1,0,55,20,2,217,324,324,181,133,217,0,166,85,228,66,22,12,58,304,108,216,73,143,0,18,0
232,608,40,8889911,1255781,CC(C)N1CCN(C2CCN(C(=O)C(C)N3C=C(C4=CC=C(Cl)C=N4)N=N3)C2)CC1,COC1=CC=C(C2=C3NC=C(CC(=O)O)C3=CC=C2)C=C1O,CC(C)N1CCN(C2CCN(C(=O)C(C)n3cc(-c4ccc(Cl)cn4)nn3)C2)CC1,COc1ccc(-c2cccc3c(CC(=O)O)c[nH]c23)cc1O,30,33,22,24,56.772869,,10,9,,,0,0,0,1,0,68,24,4,268,501,501,254,111,268,1,237,90,290,118,45,26,80,477,95,406,159,247,0,21,0
233,634,83,8570018,3458125,C1=NC=NC(N2CC(NC3=NC(N4CCCN(C5CCCC5)CC4)=NC=N3)C2)=C1,C#CCN(CC(=O)NCC1=NC(C)=NC=C1)C(=O)CC1CCCCC1,c1cc(N2CC(Nc3ncnc(N4CCCN(C5CCCC5)CC4)n3)C2)ncn1,C#CCN(CC(=O)NCc1ccnc(C)n1)C(=O)CC1CCCCC1,29,33,25,26,43.653351,,12,11,,,0,0,0,1,0,66,26,3,259,366,366,236,38,259,0,219,127,127,76,14,10,33,340,129,237,107,130,0,23,0
234,429,673,2046013,8997505,O=C(C1=CC=NC2=NC=NN12)N1CCC(COCC(F)(F)F)CC1,CCN1C=NC(C(=O)N(CC)CC2CCCCN2C(=O)CC2=C(F)C(C)=CC=C2)=N1,O=C(c1ccnc2ncnn12)N1CCC(COCC(F)(F)F)CC1,CCN(CC1CCCCN1C(=O)Cc1cccc(C)c1F)C(=O)c1ncn(CC)n1,24,26,30,32,66.436386,,15,14,,,0,0,0,1,0,97,26,2,380,658,658,335,332,380,0,290,101,400,95,229,115,67,632,188,470,147,323,0,36,0
235,597,578,2299080,8026689,N#CC1=CC(NC(=O)C(=O)N[C@H]2C=CCC[C@H]2C(N)=O)=NC=C1Cl,COC1=CC=NC(N2CCN(C(=O)C(=O)NCC3=CN=C(N(C)C)N3C)CC2)=C1,N#Cc1cc(NC(=O)C(=O)N[C@H]2C=CCC[C@H]2C(N)=O)ncc1Cl,COc1ccnc(N2CCN(C(=O)C(=O)NCc3cnc(N(C)C)n3C)CC2)c1,24,25,29,31,55.056023,,12,12,,,0,0,0,1,0,87,25,3,343,564,564,312,201,343,1,292,114,401,167,27,9,62,539,226,338,86,252,0,22,0
236,535,323,3042370,5659988,CC1=C(O)C=CC2=C1OC(=O)C=C2COC(=O)C1=CC(=O)N(C)N=C1,CN(C(=O)CC(NC(=O)C1=C2COCC2=NN1)C(F)(F)F)C1CC(CO)C1,Cc1c(O)ccc2c(COC(=O)c3cnn(C)c(=O)c3)cc(=O)oc12,CN(C(=O)CC(NC(=O)c1[nH]nc2c1COC2)C(F)(F)F)C1CC(CO)C1,25,27,27,29,37.020748,,11,10,,,0,0,0,1,0,76,27,0,294,477,477,266,178,294,0,254,115,315,105,47,19,53,450,162,315,104,211,0,27,0
237,957,267,6383091,8577160,CC1CCC(CCN(CC2=C(F)C=CC=C2F)C(=O)C2=CC=CN=C2O)C1,CC1=CC=CC(F)=C1CN(CC1=NC2=C(CCCC2)N1)C(=O)C1=CN=CN=C1N,CC1CCC(CCN(Cc2c(F)cccc2F)C(=O)c2cccnc2O)C1,Cc1cccc(F)c1CN(Cc1nc2c([nH]1)CCCC2)C(=O)c1cncnc1N,27,29,29,32,411.259552,,18,18,,,0,0,0,1,0,260,29,1,1037,1705,1705,796,1794,1037,1,743,356,1334,112,1338,300,90,1676,419,1286,377,909,0,63,0
238,209,685,3380050,8759367,C#CC(C)N(C)C(=O)[C@]12CCC[C@H]1CN(C(=O)CSCCC(C)C)C2,O=C(N1CCN(CC2=CC=C(N3C=CN=C3)C=C2)CC1)C(F)(F)CCN1C=CN=N1,C#CC(C)N(C)C(=O)[C@]12CCC[C@H]1CN(C(=O)CSCCC(C)C)C2,O=C(N1CCN(Cc2ccc(-n3ccnc3)cc2)CC1)C(F)(F)CCn1ccnn1,25,26,30,33,87.208870,,12,11,,,0,0,0,1,0,116,26,3,461,831,831,406,456,461,1,383,149,551,154,298,80,54,805,249,582,157,425,0,27,0
239,733,321,5747447,8779376,CC1=NON=C1CC(=O)N1C[C@H]2CCC[C@H]2[C@H]1C(=O)N(C)[C@@H]1CCC[C@H]1O,CC(C)(C)OC(=O)NC1CN(S(=O)(=O)C2=CNC3=C2C=CC=C3[N+](=O)[O-])C(C)(C)C1,Cc1nonc1CC(=O)N1C[C@H]2CCC[C@H]2[C@H]1C(=O)N(C)[C@@H]1CCC[C@H]1O,CC(C)(C)OC(=O)NC1CN(S(=O)(=O)c2c[nH]c3c([N+](=O)[O-])cccc23)C(C)(C)C1,27,30,30,32,124.663773,,10,10,,,0,0,0,1,0,165,30,0,649,1277,1277,598,371,649,0,586,209,770,296,250,63,152,1247,347,930,251,679,0,34,0
240,244,271,5315419,3835770,CC1=CC(C)=C(C(=O)OCC(=O)NN(C2=CC=CC=C2)C2=CC=CC=C2)N1,CCC[C@H]1C[C@@H]1CN(CC1=CC=CC2=CC=NC=C21)C(=O)[C@H]1C[C@H]1C,Cc1cc(C)c(C(=O)OCC(=O)NN(c2ccccc2)c2ccccc2)[nH]1,CCC[C@H]1C[C@@H]1CN(Cc1cccc2ccncc12)C(=O)[C@H]1C[C@H]1C,27,29,25,28,72.346893,,13,12,,,0,0,0,1,0,117,28,0,455,757,757,425,149,455,0,404,187,374,182,76,28,78,729,290,467,135,332,0,29,0
241,405,134,317178,8810698,CC(C)(N)C/C=C/C(=O)NC1C2CCCC1CCC2,CCOC1=CC2=C(C=C1OCC)CN(C(=O)NC1C3=C(OC1C)C(F)=CC=C3)CC2,CC(C)(N)C/C=C/C(=O)NC1C2CCCC1CCC2,CCOc1cc2c(cc1OCC)CN(C(=O)NC1c3cccc(F)c3OC1C)CC2,19,20,30,33,79.044754,,12,11,,,0,0,0,1,0,119,20,1,474,629,629,413,266,474,1,396,230,377,116,85,48,38,609,289,340,124,216,0,29,0
242,687,660,4422811,4114235,CSC[C@H](C)NC(=O)C1CCN(C(=O)[C@@H]2C[C@H]2C2=CC=CC=C2)CCO1,CN1CCC(OC2=CC(NC(=O)C3=CN4N=NN=C4C=C3)=CC=N2)CC1,CSC[C@H](C)NC(=O)C1CCN(C(=O)[C@@H]2C[C@H]2c2ccccc2)CCO1,CN1CCC(Oc2cc(NC(=O)c3ccc4nnnn4c3)ccn2)CC1,26,28,26,29,58.733849,,14,13,,,0,0,0,1,0,122,28,2,478,826,826,426,141,478,0,419,129,465,259,48,12,83,798,293,533,133,400,0,26,0
243,307,468,5958515,7577589,CC[C@H]1CC[C@H](C(=O)N2CCC(CF)(NC(=O)C3CCCCCC3)C2)CC1,CCC1=CC(OC)=CC=C1C(N[C@H](C)CF)C1=NN=NN1C1=CC=C(F)C=C1,CC[C@H]1CC[C@H](C(=O)N2CCC(CF)(NC(=O)C3CCCCCC3)C2)CC1,CCc1cc(OC)ccc1C(N[C@H](C)CF)c1nnnn1-c1ccc(F)cc1,27,29,28,30,117.139252,,14,13,,,0,0,0,1,0,196,29,2,781,1169,1169,716,253,781,0,694,421,571,228,104,40,149,1140,518,651,198,453,0,31,0
244,323,951,5659988,2058576,CN(C(=O)CC(NC(=O)C1=C2COCC2=NN1)C(F)(F)F)C1CC(CO)C1,CN1C=C(S(=O)(=O)N2CC(NC(=O)C3=CC4=C(CCC4)S3)C2)C=N1,CN(C(=O)CC(NC(=O)c1[nH]nc2c1COC2)C(F)(F)F)C1CC(CO)C1,Cn1cc(S(=O)(=O)N2CC(NC(=O)c3cc4c(s3)CCC4)C2)cn1,27,29,24,27,15.822281,,10,9,,,0,0,0,1,0,38,27,6,149,203,203,135,25,149,0,128,63,66,51,0,0,1,176,55,148,80,68,0,21,0
245,769,958,2464715,499579,CCCOCC(=O)N1CCC2CC2(C(=O)NCC2(O)CSC2)CC1,O=C(NCCCSC(F)F)C1=CC=C2CNCCC2=C1,CCCOCC(=O)N1CCC2CC2(C(=O)NCC2(O)CSC2)CC1,O=C(NCCCSC(F)F)c1ccc2c(c1)CCNC2,24,26,20,21,80.720398,,18,17,,,0,0,0,1,0,127,21,2,492,629,629,432,277,492,0,396,262,324,104,128,47,20,608,247,382,185,197,0,26,0
246,74,9,7720307,4471919,O=C1CCC(CC(=O)N(CCN2C=CC=CC2=O)CC2=CC(F)=CC(F)=C2)N1,CC1=CSC(C(=O)NCC2=CC=CC(C(=O)NC(C)C3=NC=CN3)=N2)=C1,O=C1CCC(CC(=O)N(CCn2ccccc2=O)Cc2cc(F)cc(F)c2)N1,Cc1csc(C(=O)NCc2cccc(C(=O)NC(C)c3ncc[nH]3)n2)c1,28,30,26,28,60.956787,,14,13,,,0,0,0,1,0,113,28,2,441,654,654,416,126,441,0,410,236,324,150,12,4,60,626,301,353,115,238,0,26,0
247,469,636,1884070,4951544,CN(C)CC(=O)NC1(C)CCN(C(=O)C2=C(F)C(F)=CC=C2)C1,COC(=O)C1=CC(NC2(C3=NN=NN3C(C)C)CC[C@@H](C)C2)=CN=C1Br,CN(C)CC(=O)NC1(C)CCN(C(=O)c2cccc(F)c2F)C1,COC(=O)c1cc(NC2(c3nnnn3C(C)C)CC[C@@H](C)C2)cnc1Br,23,24,26,28,71.879456,,13,12,,,0,0,0,1,0,134,24,2,518,799,799,476,123,518,0,460,194,401,241,21,19,54,775,255,544,221,323,0,25,0
248,576,102,8922616,7027068,CCOC1=CC=C(C(=O)N2[C@@H]3CC[C@H]2C[C@@H](NC(=O)C2=CC(OCC)=NO2)C3)C=N1,O=C(CCC1=CC=CN1)NCC1=CC(C(=O)N2CC(N3C=NN=C3)C2)=CC=N1,CCOc1ccc(C(=O)N2[C@@H]3CC[C@H]2C[C@@H](NC(=O)c2cc(OCC)no2)C3)cn1,O=C(CCc1ccc[nH]1)NCc1cc(C(=O)N2CC(n3cnnc3)C2)ccn1,30,33,28,31,97.961655,,15,14,,,0,0,0,1,0,123,31,1,486,887,887,432,226,486,1,418,152,593,227,58,23,167,856,327,560,105,455,0,37,0
249,75,550,4380174,2552858,C[C@@H](CC(=O)NCC(C)(C)N1C=CN=C1)NC(=O)C(O)CN1C=NC=N1,CC1(NC(=O)C2CC3(CC(NC(=O)C4(CO)COC4)C3)C2)CSC1,C[C@@H](CC(=O)NCC(C)(C)n1ccnc1)NC(=O)C(O)Cn1cncn1,CC1(NC(=O)C2CC3(CC(NC(=O)C4(CO)COC4)C3)C2)CSC1,26,27,24,27,10.728217,,9,8,,,0,0,0,1,0,39,27,1,151,234,234,136,63,151,0,131,54,117,53,17,3,15,207,92,142,44,98,0,26,0
250,218,518,9306769,1126877,NC(=O)C1CCCN(CCCNC(=O)NC(C2=CC=C(Cl)C=C2)C2=CC=C(Cl)C=C2)C1,O=C(COC(=O)C1=C(Br)C=NO1)NC1=CC=C2CCCC2=C1,NC(=O)C1CCCN(CCCNC(=O)NC(c2ccc(Cl)cc2)c2ccc(Cl)cc2)C1,O=C(COC(=O)c1oncc1Br)Nc1ccc2c(c1)CCC2,31,33,22,24,59.127251,,12,11,,,0,0,0,1,0,85,24,5,338,457,457,301,143,338,0,277,166,224,96,51,20,17,433,213,244,88,156,0,23,0
251,271,135,3835770,475938,CCC[C@H]1C[C@@H]1CN(CC1=CC=CC2=CC=NC=C21)C(=O)[C@H]1C[C@H]1C,O=C(NCC1CC(F)(F)CO1)NC12CCC(F)(CC1)C2,CCC[C@H]1C[C@@H]1CN(Cc1cccc2ccncc12)C(=O)[C@H]1C[C@H]1C,O=C(NCC1CC(F)(F)CO1)NC12CCC(F)(CC1)C2,25,28,20,22,17.117399,,10,9,,,0,0,0,1,0,37,22,5,144,181,181,117,96,144,0,102,59,121,36,15,5,8,159,59,122,58,64,0,26,0
252,955,357,1594940,7456443,O=C1NC2=CC=CC=C2N1CCCNC1(C2CCCOC2)CC1,COC1=CC=C2C(=C1)N=CN=C2N1CC(NC(=O)[C@H]2CCC(=O)N2)C(C)(C)C1,O=c1[nH]c2ccccc2n1CCCNC1(C2CCCOC2)CC1,COc1ccc2c(N3CC(NC(=O)[C@H]4CCC(=O)N4)C(C)(C)C3)ncnc2c1,23,26,28,31,118.928085,,19,18,,,0,0,0,1,0,164,26,0,639,962,962,586,326,639,0,563,336,436,170,240,54,39,936,416,546,170,376,0,32,0
253,902,70,2466100,4319416,CC1=C(C(=O)N2CC[C@H](C)C[C@@H]2C(=O)NC2(C(C)C)CC2)NC=C1,CCCCSCC(=O)N[C@H]1CC[C@@H](CC(=O)N2CC(CO)(OC)C2)CC1,Cc1cc[nH]c1C(=O)N1CC[C@H](C)C[C@@H]1C(=O)NC1(C(C)C)CC1,CCCCSCC(=O)N[C@H]1CC[C@@H](CC(=O)N2CC(CO)(OC)C2)CC1,24,26,26,27,54.246723,,16,15,,,0,0,0,1,0,104,26,0,415,678,678,367,416,415,0,334,161,471,136,227,44,40,652,267,411,100,311,0,33,0
254,900,250,3234087,970568,CCCCSCCC(=O)NC(C)C(C)C(=O)NC1CC2(C1)CN(C)C2,CC1=CC=C(F)C=C1NC(=O)CC(C1=CC=CC=C1)C(C)C,CCCCSCCC(=O)NC(C)C(C)C(=O)NC1CC2(C1)CN(C)C2,Cc1ccc(F)cc1NC(=O)CC(c1ccccc1)C(C)C,25,26,22,23,57.320518,,11,10,,,0,0,0,1,0,78,23,1,306,542,542,266,122,306,0,258,124,337,111,38,9,120,519,136,406,130,276,0,22,0
255,378,291,59800,9542854,CC1CN(S(=O)(=O)CC2(CF)CCC2)CCS1,CCC1=NC(C(=O)NC[C@H]2CC[C@H](C3=CN(C4=CC(C)=CC(C)=C4)N=N3)CC2)=C(C)S1,CC1CN(S(=O)(=O)CC2(CF)CCC2)CCS1,CCc1nc(C(=O)NC[C@H]2CC[C@H](c3cn(-c4cc(C)cc(C)c4)nn3)CC2)c(C)s1,17,18,31,34,4.952354,,7,6,,,0,0,0,1,0,20,18,4,75,100,100,70,16,75,0,58,34,22,19,6,3,1,82,31,69,39,30,0,14,0
256,161,448,1585167,8681379,CC1=CC(C(C)NC(=O)CNC(=O)C2=CC=CC=C2C)=C(C)S1,C=CN1C=C(CN(CC[C@@H]2CCC[C@H]2O)CC2=CC(C(=O)OC)=CC(O)=C2)C=N1,Cc1cc(C(C)NC(=O)CNC(=O)c2ccccc2C)c(C)s1,C=Cn1cc(CN(CC[C@@H]2CCC[C@H]2O)Cc2cc(O)cc(C(=O)OC)c2)cn1,23,24,29,31,23.034189,,10,10,,,0,0,0,1,0,51,24,2,191,244,244,172,90,191,1,146,87,107,50,27,13,3,220,95,149,77,72,0,25,0
257,853,556,573979,4622436,CC(CC#N)C(=O)N[C@@H](C)CNC(=O)C[C@@H](C)N(C)C,CCCC(=O)C1=CN(CC2CN(C(=O)C3=CN=CN=C3C3CC3)C2)N=N1,CC(CC#N)C(=O)N[C@@H](C)CNC(=O)C[C@@H](C)N(C)C,CCCC(=O)c1cn(CC2CN(C(=O)c3cncnc3C3CC3)C2)nn1,20,19,26,29,9.474192,,11,10,,,0,0,0,1,0,40,19,1,149,165,165,125,76,149,0,107,68,91,37,3,2,0,146,57,108,68,40,0,18,0
258,720,309,2922648,6909057,CN(C)C(=O)C1=CC=C(CNC(=O)[C@H]2CCN3C[C@H]2N(C)C3=O)C=N1,CCC(C(=O)N1CCO[C@@H](C)[C@@H]1C(=O)N1C[C@H](OC)[C@H](OC)C1)N1C=NC=N1,CN(C)C(=O)c1ccc(CNC(=O)[C@H]2CCN3C[C@H]2N(C)C3=O)cn1,CCC(C(=O)N1CCO[C@@H](C)[C@@H]1C(=O)N1C[C@H](OC)[C@H](OC)C1)n1cncn1,25,27,28,30,42.289494,,12,11,,,0,0,0,1,0,109,27,0,431,609,609,370,209,431,0,349,153,369,177,51,13,33,582,223,386,147,239,0,29,0
259,626,826,8252304,4191891,CCN1N=C(C(=O)N[C@@H]2CCN(C(=O)CCNC(=O)CC(C)C)C[C@H]2F)C=C1O,CCC1=CC=CC(C2(CNC(=O)N3CCC4=C(C3)C(Br)=CC=C4)CC2)=C1,CCn1nc(C(=O)N[C@@H]2CCN(C(=O)CCNC(=O)CC(C)C)C[C@H]2F)cc1O,CCc1cccc(C2(CNC(=O)N3CCc4cccc(Br)c4C3)CC2)c1,29,30,26,29,34.842369,,9,8,,,0,0,0,1,0,71,29,1,277,460,460,253,108,277,0,245,111,233,98,53,16,51,431,91,369,162,207,0,28,0
260,669,541,3652938,6755460,C=C/C=C(\C)C(=O)N(C)C1CN(C(=O)CN2N=CC=C2C)CC12CC2,CC(C)C(CNC(=O)C(=O)N1CC(C(N)=O)CC2=CC=CC=C21)N1CCCC1,C=C/C=C(\C)C(=O)N(C)C1CN(C(=O)Cn2nccc2C)CC12CC2,CC(C)C(CNC(=O)C(=O)N1CC(C(N)=O)Cc2ccccc21)N1CCCC1,25,27,28,30,145.008881,,19,18,,,0,0,0,1,0,237,27,3,944,1358,1358,777,1079,944,1,738,402,1037,187,595,164,43,1331,466,892,311,581,0,29,0
261,8,683,5894247,4203123,CC(CCNC(=O)C1=CC([N+](=O)[O-])=CC=N1)NC(=O)C1(C(F)F)CC(O)C1,O=C(NC1=CC=CC(C2=CN=CO2)=C1)C(=O)NC1(C2CCCOC2)CC1,CC(CCNC(=O)c1cc([N+](=O)[O-])ccn1)NC(=O)C1(C(F)F)CC(O)C1,O=C(Nc1cccc(-c2cnco2)c1)C(=O)NC1(C2CCCOC2)CC1,27,28,26,29,19.960249,,13,12,,,0,0,0,1,0,55,28,4,217,293,293,190,108,217,0,172,96,157,61,22,9,17,265,106,187,84,103,0,26,0
262,836,567,513658,10058109,CC(C)N1C=C2CCC(NCC3=CC=CN3C)CC2=N1,COC(=O)C1=CC=CC=C1CN1C=C([C@@H]2CCCN2C(=O)C2=CN=C(C)C(C(C)=O)=C2)N=N1,CC(C)n1cc2c(n1)CC(NCc1cccn1C)CC2,COC(=O)c1ccccc1Cn1cc([C@@H]2CCCN2C(=O)c2cnc(C)c(C(C)=O)c2)nn1,20,22,33,36,123.865768,,16,15,,,0,0,0,1,0,158,22,0,615,841,841,518,333,615,0,488,283,551,190,80,23,79,819,306,535,212,323,0,26,0
263,306,954,957487,1415176,CC1=CC=C(CN(CC2=CN=CO2)C[C@H]2CCO2)N=C1C,CCOC(=O)CC1(NC(=O)CC2=CN=CC(C#N)=C2)CCCC1,Cc1ccc(CN(Cc2cnco2)C[C@H]2CCO2)nc1C,CCOC(=O)CC1(NC(=O)Cc2cncc(C#N)c2)CCCC1,21,23,23,24,20.656429,,13,12,,,0,0,0,1,0,52,23,0,204,308,308,187,55,204,0,171,78,146,80,7,6,29,285,102,206,85,121,0,23,0
264,679,106,46259,9044121,COC(C)(C)CC(=O)NCC(C)N1C=CC=N1,CC1=CC=C(Cl)C(C(=O)NCC2=CC=CC(CNC3=NC(C(F)(F)F)=CC=N3)=N2)=C1,COC(C)(C)CC(=O)NCC(C)n1cccn1,Cc1ccc(Cl)c(C(=O)NCc2cccc(CNc3nccc(C(F)(F)F)n3)n2)c1,17,17,30,32,5.265914,,13,12,,,0,0,0,1,0,37,17,3,122,119,119,108,36,122,0,91,84,30,10,0,0,1,102,75,44,33,11,0,14,0
265,961,899,1954968,8215244,C=CCCCCC(N[C@H]1CCO[C@H]1C)C1=NN=NN1C1CCC1,O=C(N[C@H]1C[C@H]2CC[C@@H](C1)N2C(=O)C1=CC=C(CO)C=N1)C1CCC2=C1NN=C2,C=CCCCCC(N[C@H]1CCO[C@H]1C)c1nnnn1C1CCC1,O=C(N[C@H]1C[C@H]2CC[C@@H](C1)N2C(=O)c1ccc(CO)cn1)C1CCc2cn[nH]c21,23,25,29,33,68.892426,,14,13,,,0,0,0,1,0,69,25,1,269,488,488,244,151,269,0,214,78,236,100,132,42,39,463,152,336,92,244,0,25,0
266,137,270,3371616,4467697,CC1=CSN=C1C(=O)NC[C@H]1C[C@H]1CC(=O)N[C@H]1CCC(=O)NC1=O,CCC1=C(C(=O)N2CC(C)C2C(=O)NCC2CCCCCCC2)SC=N1,Cc1csnc1C(=O)NC[C@H]1C[C@H]1CC(=O)N[C@H]1CCC(=O)NC1=O,CCc1ncsc1C(=O)N1CC(C)C1C(=O)NCC1CCCCCCC1,25,27,26,28,124.849480,,14,13,,,0,0,0,1,0,217,27,1,863,1202,1202,742,416,863,1,728,412,802,264,48,40,142,1175,540,662,202,460,0,35,0
267,118,911,8758240,4146591,COC(=O)C12CC(CN1CC1=CC=CC=C1)N(C(=O)C1=CC([N+](=O)[O-])=CC(Br)=C1)C2,O=C(NC1=NC(C2=CC(Cl)=CC=C2Cl)=CS1)NC(CO)CC1=CC=CO1,COC(=O)C12CC(CN1Cc1ccccc1)N(C(=O)c1cc(Br)cc([N+](=O)[O-])c1)C2,O=C(Nc1nc(-c2cc(Cl)ccc2Cl)cs1)NC(CO)Cc1ccco1,30,33,26,28,17.690540,,9,9,,,0,0,0,1,0,36,28,4,136,179,179,122,35,136,0,109,59,59,37,3,2,7,151,53,126,69,57,0,24,0
268,109,760,4573591,3882586,CC(=O)NC1CN(C(=O)[C@@H]2CN(C(=O)[C@H]3NC(=O)OC3(C)C)CCO2)C1,COC(=O)C(C)(C)C(=O)N(CC1=CSC(C)=C1)CC1OCCC12CC2,CC(=O)NC1CN(C(=O)[C@@H]2CN(C(=O)[C@H]3NC(=O)OC3(C)C)CCO2)C1,COC(=O)C(C)(C)C(=O)N(Cc1csc(C)c1)CC1OCCC12CC2,26,28,25,27,199.449890,,13,12,,,0,0,0,1,0,162,27,2,643,1484,1484,567,418,643,0,551,183,802,234,505,125,256,1457,312,1172,255,917,0,29,0
269,566,159,628570,9521402,C#CCC1(C(=O)N2CC3=CC=C(O)N=C3C2)CC=CCC1,C[C@H](CNC(=O)C1=CC=CC=C1OCC1=CN(C2=CC=C(Cl)C=C2)N=N1)OC(C)(C)C,C#CCC1(C(=O)N2Cc3ccc(O)nc3C2)CC=CCC1,C[C@H](CNC(=O)c1ccccc1OCc1cn(-c2ccc(Cl)cc2)nn1)OC(C)(C)C,21,23,31,33,96.671890,,12,11,,,0,0,0,1,0,152,23,2,606,1199,1199,563,213,606,1,551,185,736,297,91,60,250,1176,460,739,103,636,0,29,0
270,278,288,1541030,4574463,COCC(COC)CS(=O)(=O)NNC(=O)C1=CC=C(C#N)C=N1,C#CC1=CN(CC(=O)N(CC(=O)N[C@H]2CCO[C@@H]2C2CC2)C(C)C)N=C1,COCC(COC)CS(=O)(=O)NNC(=O)c1ccc(C#N)cn1,C#Cc1cnn(CC(=O)N(CC(=O)N[C@H]2CCO[C@@H]2C2CC2)C(C)C)c1,23,23,26,28,5.428397,,9,8,,,0,0,0,1,0,24,23,5,95,114,114,81,46,95,1,71,42,56,21,0,0,3,91,44,70,37,33,0,18,0
271,619,215,6329828,6920235,CC1=CSC(CCCNC2=NC(N3CCC(CF)C3)=C3C=NN(C)C3=N2)=N1,C#CC1(C(=O)NCC(CCC)CCCC)CCN(C(=O)C2=NOC=C2C)CC1,Cc1csc(CCCNc2nc(N3CCC(CF)C3)c3cnn(C)c3n2)n1,C#CC1(C(=O)NCC(CCC)CCCC)CCN(C(=O)c2nocc2C)CC1,27,30,28,29,38.143742,,10,9,,,0,0,0,1,0,74,29,5,287,402,402,243,167,287,0,226,105,277,105,17,9,27,373,133,269,110,159,0,24,0
272,734,351,9671636,7127848,CC(C)(C)CNC(=O)C(C1=CN=C2C(F)=CC=CC2=C1)N1CCN(CCN=[N+]=[N-])CC1,CC1(C)CCC2(CCCN2C(=O)C2(N3C=C(C4(CCO)CC4)N=N3)CC2)CC1,CC(C)(C)CNC(=O)C(c1cnc2c(F)cccc2c1)N1CCN(CCN=[N+]=[N-])CC1,CC1(C)CCC2(CCCN2C(=O)C2(n3cc(C4(CCO)CC4)nn3)CC2)CC1,31,33,28,32,559.720581,,17,16,,,0,0,0,1,0,516,32,3,2049,4267,4267,1927,2412,2049,2,1891,828,2856,785,1864,285,358,4235,1532,2735,395,2340,0,39,0
273,208,703,3149100,6291509,CC1CC2(C1)CC(CCNC(=O)C(=O)NC1=CC(N(C)C)=CN=C1)C2,CC(NCCNC(=O)C1=CN=CC=N1)(C1=NN=NN1CCC1CC1)C1CC1,CC1CC2(C1)CC(CCNC(=O)C(=O)Nc1cncc(N(C)C)c1)C2,CC(NCCNC(=O)c1cnccn1)(c1nnnn1CCC1CC1)C1CC1,25,27,27,30,64.427238,,17,16,,,0,0,0,1,0,116,27,0,461,678,678,413,224,461,0,386,202,386,158,76,26,45,651,249,429,164,265,0,27,0
274,649,873,883747,4690001,CC[C@@H](C)N(C)C(=O)/C=C/C(C)(C)NC(=O)C1=CCCC1,CN1CC(C(=O)NCCC2(O)CN(C(=O)C3=CC(C#N)=CS3)C2)CC1=O,CC[C@@H](C)N(C)C(=O)/C=C/C(C)(C)NC(=O)C1=CCCC1,CN1CC(C(=O)NCCC2(O)CN(C(=O)c3cc(C#N)cs3)C2)CC1=O,21,21,26,28,4.822540,,9,8,,,0,0,0,1,0,19,21,2,76,84,84,71,25,76,1,62,45,15,7,3,0,0,63,21,63,50,13,0,19,0
275,270,517,4467697,8356445,CCC1=C(C(=O)N2CC(C)C2C(=O)NCC2CCCCCCC2)SC=N1,CC1=C(C)C(C(=O)N2CCCN(C(=O)C3=CN=C4N=CC=CC4=C3)C[C@@H]2C)=CS1,CCc1ncsc1C(=O)N1CC(C)C1C(=O)NCC1CCCCCCC1,Cc1scc(C(=O)N2CCCN(C(=O)c3cnc4ncccc4c3)C[C@@H]2C)c1C,26,28,29,32,274.985260,,21,20,,,0,0,0,1,0,376,28,0,1483,2052,2052,1371,502,1483,0,1353,923,708,372,446,48,39,2024,913,1139,458,681,0,28,0
276,500,257,3656579,9402527,CCCC(=O)NC(CNC(=O)C1=CC(C)(CC)C1)C1=CC(C)=CC=C1,C=CCC1(NC(=O)CCC(=O)NCCC)CCN(C(=O)C2=CC=C3C=CC=NC3=C2)C1,CCCC(=O)NC(CNC(=O)C1=CC(C)(CC)C1)c1cccc(C)c1,C=CCC1(NC(=O)CCC(=O)NCCC)CCN(C(=O)c2ccc3cccnc3c2)C1,25,26,31,33,153.697632,,18,17,,,0,0,0,1,0,116,26,0,462,780,780,406,506,462,0,357,174,546,157,305,49,73,754,242,538,164,374,0,36,0
277,927,929,8635296,235085,CCCC1=C(C(=O)N(CC2=CC=C(C#N)C=C2C)CC2=NC=CC=C2C)C=CN1,FC(F)C1=NN=C(N2C[C@H]3CCC[C@@]3(C(F)F)C2)S1,CCCc1[nH]ccc1C(=O)N(Cc1ccc(C#N)cc1C)Cc1ncccc1C,FC(F)c1nnc(N2C[C@H]3CCC[C@@]3(C(F)F)C2)s1,29,31,19,21,21.319784,,10,9,,,0,0,0,1,0,57,21,7,224,349,349,207,208,224,1,190,96,183,40,146,57,7,328,144,205,63,142,0,20,0
278,866,52,297225,2354011,CC1=CC(C(=O)N(C)CC[C@@H](C)N)=CN=C1C(N)=O,NC1(C2CCN(CC3=CC(C(F)(F)C(F)(F)F)=CC=C3)CC2)CC1,Cc1cc(C(=O)N(C)CC[C@@H](C)N)cnc1C(N)=O,NC1(C2CCN(Cc3cccc(C(F)(F)C(F)(F)F)c3)CC2)CC1,19,19,24,26,16.166935,,14,13,,,0,0,0,1,0,40,19,2,155,192,192,133,106,155,1,113,71,119,32,27,13,11,173,72,120,61,59,0,17,0
279,94,649,4847972,883747,CS(=O)CCC(=O)N1CCC[C@@H]1CN1C=C(C2=CC=CC(F)=C2N)N=N1,CC[C@@H](C)N(C)C(=O)/C=C/C(C)(C)NC(=O)C1=CCCC1,CS(=O)CCC(=O)N1CCC[C@@H]1Cn1cc(-c2cccc(F)c2N)nn1,CC[C@@H](C)N(C)C(=O)/C=C/C(C)(C)NC(=O)C1=CCCC1,26,28,21,21,4.171970,,9,8,,,0,0,0,1,0,24,21,2,96,102,102,87,29,96,1,76,56,21,10,3,2,0,81,53,49,34,15,0,19,0
280,433,849,2831394,7821504,CC1=C(C)N(C)C(CN(CC2=CCCC2)CC2COCCC2C)=N1,CC1(C)OCC(CCN(CC2=CC=C3CCOC3=C2)CC2C3CCC2CC3)O1,Cc1nc(CN(CC2=CCCC2)CC2COCCC2C)n(C)c1C,CC1(C)OCC(CCN(Cc2ccc3c(c2)OCC3)CC2C3CCC2CC3)O1,24,26,28,32,37.059071,,16,15,,,0,0,0,1,0,62,26,1,239,286,286,195,153,239,0,166,91,165,56,51,23,8,260,129,157,66,91,0,30,0
281,283,45,4185089,8243543,CN(C)C1=CC=C(NC(=O)NNC(=O)NC2CCN(CCCO)C2)C=C1,C=C(F)C1(CC(=O)N2CCN(C(=O)C3=NNC4=CN=CC=C43)C(C)C2C)CCC1,CN(C)c1ccc(NC(=O)NNC(=O)NC2CCN(CCCO)C2)cc1,C=C(F)C1(CC(=O)N2CCN(C(=O)c3n[nH]c4cnccc34)C(C)C2C)CCC1,26,27,29,32,25.087297,,11,10,,,0,0,0,1,0,59,27,1,229,295,295,192,102,229,1,170,101,175,65,1,0,33,268,93,202,99,103,0,28,0
282,3,341,1692068,7596939,NCC1=CC=C(N)C(C(=O)NC2CCOC3=NC(Br)=CC=C32)=C1,CCC(C)(C)N1N=NN=C1C(C1=CN=C(C2CC2)O1)N1CCC(C)(CSC)C1,NCc1ccc(N)c(C(=O)NC2CCOc3nc(Br)ccc32)c1,CCC(C)(C)n1nnnc1C(c1cnc(C2CC2)o1)N1CCC(C)(CSC)C1,23,25,28,31,54.963638,,14,13,,,0,0,0,1,0,96,25,2,375,563,563,326,142,375,0,312,156,277,143,75,4,21,538,222,341,104,237,0,26,0
283,789,133,4285362,559175,CC[C@@H](NC(=O)C12CC(C)(CN1C(=O)C1=C(C)NN=C1C)C2)C(=O)OC,CC=CCC(=O)N1CC=CC1C(=O)NC(CO)C1CC1,CC[C@@H](NC(=O)C12CC(C)(CN1C(=O)c1c(C)n[nH]c1C)C2)C(=O)OC,CC=CCC(=O)N1CC=CC1C(=O)NC(CO)C1CC1,26,28,20,21,81.297226,,17,16,,,0,0,0,1,0,103,21,2,399,487,487,320,239,399,2,279,132,262,92,120,77,0,466,118,369,202,167,0,24,0
284,652,268,205531,2423747,CCC(NC(=O)C1=C(C)C=C(C#N)S1)C1=NN=CN1,CCS(=O)(=O)CCNC(=O)[C@H]1CCCN1C(=O)[C@@H]1CC[C@H]1COC,CCC(NC(=O)c1sc(C#N)cc1C)c1nnc[nH]1,CCS(=O)(=O)CCNC(=O)[C@H]1CCCN1C(=O)[C@@H]1CC[C@H]1COC,19,20,24,25,33.714073,,14,13,,,0,0,0,1,0,59,20,2,228,359,359,195,144,228,0,186,91,249,67,39,19,56,339,95,264,100,164,0,18,0
285,165,759,9767523,8626595,CC1=CC(F)=CN=C1C1=CN(C2=CN=CC(C(=O)NNC(=O)C3CC4CCC3O4)=C2)N=N1,CC1=CC(C(=O)N(CC2=C3C=CN(C)C3=CC=C2)C[C@@H]2CCCC[C@H]2O)=CC=N1,Cc1cc(F)cnc1-c1cn(-c2cncc(C(=O)NNC(=O)C3CC4CCC3O4)c2)nn1,Cc1cc(C(=O)N(Cc2cccc3c2ccn3C)C[C@@H]2CCCC[C@H]2O)ccn1,32,36,29,32,156.733170,,15,14,,,0,0,0,1,0,146,32,0,578,1014,1014,518,421,578,0,468,192,654,212,230,82,142,982,273,741,245,496,0,46,0
286,452,564,4615591,7531033,CN(CCOCCC(=O)NCC(F)C1=CC=CC=C1)C(=O)[C@@H]1CCOC1,CCC1=CC(C(=O)NCC2(C3=CN(CC4=CC=NC=N4)N=N3)CC2)=CC=C1C,CN(CCOCCC(=O)NCC(F)c1ccccc1)C(=O)[C@@H]1CCOC1,CCc1cc(C(=O)NCC2(c3cn(Cc4ccncn4)nn3)CC2)ccc1C,26,27,28,31,12.884184,,12,11,,,0,0,0,1,0,39,27,5,154,173,173,139,33,154,3,115,83,42,34,0,0,0,146,79,94,60,34,0,22,0
287,722,437,5837062,7409183,[N-]=[N+]=NCCCCC(=O)N[C@H](CC(=O)N1CCC(=C(F)F)CC1)CC1CC1,O=C(N[C@H]1C[C@H]2C[C@@H]1CN(C(=O)C1CC3CC3C1)C2)C1=CC2=CC=CN2C=C1,[N-]=[N+]=NCCCCC(=O)N[C@H](CC(=O)N1CCC(=C(F)F)CC1)CC1CC1,O=C(N[C@H]1C[C@H]2C[C@@H]1CN(C(=O)C1CC3CC3C1)C2)c1ccn2cccc2c1,27,28,28,33,82.550339,,20,19,,,0,0,0,1,0,110,28,5,432,577,577,383,321,432,0,333,236,259,73,219,51,0,549,286,291,97,194,0,40,0
288,574,9,5611587,4471919,CCC1=C(C(=O)N2CC3(C(=O)NCCC4=CSC=C4)CC2CCO3)N=CO1,CC1=CSC(C(=O)NCC2=CC=CC(C(=O)NC(C)C3=NC=CN3)=N2)=C1,CCc1ocnc1C(=O)N1CC2(C(=O)NCCc3ccsc3)CC1CCO2,Cc1csc(C(=O)NCc2cccc(C(=O)NC(C)c3ncc[nH]3)n2)c1,27,30,26,28,80.432854,,13,12,,,0,0,0,1,0,130,28,0,515,798,798,441,154,515,0,434,255,459,151,24,7,175,770,264,534,177,357,0,28,0
289,114,77,5937853,5195946,CCN1N=CC(C)=C1C(=O)NCC(C)CN(C)C(=O)C1=CSC(C(C)=O)=N1,CC(C)(C)OC(=O)N1CCCC1CCC(=O)NCC1=CC=C2OC=CC2=C1,CCn1ncc(C)c1C(=O)NCC(C)CN(C)C(=O)c1csc(C(C)=O)n1,CC(C)(C)OC(=O)N1CCCC1CCC(=O)NCc1ccc2occc2c1,27,28,27,29,15.245832,,11,10,,,0,0,0,1,0,51,28,3,197,258,258,161,99,197,0,153,90,153,45,15,1,29,230,80,178,81,97,0,25,0
290,967,904,10252318,223527,CCOC(=O)C1=CC=C(NC(=O)C(C2=CC(OCC)=CC=C2)N2CCOC(C)(C)C2(C)C)C=C1,C#CC1(C)CCN(C(=O)C2=C(F)C=C(N)C(Cl)=C2)C1,CCOC(=O)c1ccc(NC(=O)C(c2cccc(OCC)c2)N2CCOC(C)(C)C2(C)C)cc1,C#CC1(C)CCN(C(=O)c2cc(Cl)c(N)cc2F)C1,34,36,19,20,43.471481,,14,14,,,0,0,0,1,0,102,20,3,401,478,478,336,246,401,0,295,187,317,121,45,11,16,458,214,264,122,142,0,19,0
291,707,925,8176720,6553962,CN(C[C@@H]1CCCCN1C(=O)C1=CN2C=CN=C2S1)C(=O)CCOCC(F)(F)F,CCN(CC)C(C(=O)NC1CCC(F)(F)CC1)C1=CN(C2CC2(F)F)N=C1,CN(C[C@@H]1CCCCN1C(=O)c1cn2ccnc2s1)C(=O)CCOCC(F)(F)F,CCN(CC)C(C(=O)NC1CCC(F)(F)CC1)c1cnn(C2CC2(F)F)c1,29,31,27,29,81.195084,,13,12,,,0,0,0,1,0,142,29,1,563,1024,1024,528,413,563,0,509,237,547,234,332,29,33,995,342,682,186,496,0,28,0
292,152,558,2237266,2672686,COC1=CC(S(C)(=O)=O)=CC=C1NC(=O)NC1(CO)CC(C)(C)C1,O=C1CC(C(=O)NC/C=C\CNC(=O)[C@H]2C[C@@H]2C2CCCO2)=NN1,COc1cc(S(C)(=O)=O)ccc1NC(=O)NC1(CO)CC(C)(C)C1,O=C1CC(C(=O)NC/C=C\CNC(=O)[C@H]2C[C@@H]2C2CCCO2)=NN1,24,25,24,26,15.783393,,8,7,,,0,0,0,1,0,37,25,4,142,255,255,135,93,142,0,123,57,125,36,62,21,26,230,57,198,78,120,0,22,0
293,36,854,3149125,3570458,COC1=CC=C(NC(=O)C(=O)NC2=C(C)C=C(C)N=C2Cl)C(F)=C1F,C[C@H]1CCO[C@H]1C(=O)NC[C@H]1CCCCN1C(=O)/C=C/C1=CNC=N1,COc1ccc(NC(=O)C(=O)Nc2c(C)cc(C)nc2Cl)c(F)c1F,C[C@H]1CCO[C@H]1C(=O)NC[C@H]1CCCCN1C(=O)/C=C/c1c[nH]cn1,25,26,25,27,36.838718,,13,12,,,0,0,0,1,0,90,26,3,354,519,519,311,196,354,2,287,138,357,136,21,14,51,493,204,315,107,208,0,25,0
294,378,596,59800,10070462,CC1CN(S(=O)(=O)CC2(CF)CCC2)CCS1,CC1=NN(C)C2=C(N3CCC(C)(CCNC(=O)C4=C(C)C5=C(CCCC5=O)N4)C3)N=CN=C12,CC1CN(S(=O)(=O)CC2(CF)CCC2)CCS1,Cc1c(C(=O)NCCC2(C)CCN(c3ncnc4c(C)nn(C)c34)C2)[nH]c2c1C(=O)CCC2,17,18,33,37,3.266002,,6,5,,,0,0,0,1,0,11,18,7,41,56,56,38,13,41,1,28,14,11,10,3,3,0,38,13,43,25,18,0,12,0
295,565,151,1184618,6361710,CCC(O)(CC)CNC(=O)C(=O)NC1=NC(COC)=CC=C1,CSCCCN(CC1=NN(C)C2=CC=CC=C21)C(=O)C1=C(C2CC2)C=CO1,CCC(O)(CC)CNC(=O)C(=O)Nc1cccc(COC)n1,CSCCCN(Cc1nn(C)c2ccccc12)C(=O)c1occc1C1CC1,22,22,27,30,17.128654,,10,9,,,0,0,0,1,0,44,22,0,173,240,240,153,82,173,0,143,79,137,47,9,5,22,218,80,160,73,87,0,22,0
296,440,130,3107984,7266784,CC1=NC(CNC(=O)N2CCC(N3C=CN=N3)CC2)=C2CCCCN12,C[C@H](O)[C@H](C(=O)N1CCC(C)(CNC(=O)CCC2=CC=CC=C2F)C1)N(C)C,Cc1nc(CNC(=O)N2CCC(n3ccnn3)CC2)c2n1CCCC2,C[C@H](O)[C@H](C(=O)N1CCC(C)(CNC(=O)CCc2ccccc2F)C1)N(C)C,25,28,28,29,23.209982,,13,12,,,0,0,0,1,0,65,28,2,254,355,355,227,132,254,0,208,120,202,69,30,12,30,327,134,221,93,128,0,26,0
297,42,315,1415851,4706838,O=C(NC1=NN2C=CC=CC2=C1)C1=C2OCCCC2=CC(Br)=C1,CCN1CCC(C(=O)N[C@H]2CC[C@@H](N(C)C(=O)C(O)C3CC3)CC2)CC1,O=C(Nc1cc2ccccn2n1)c1cc(Br)cc2c1OCCC2,CCN1CCC(C(=O)N[C@H]2CC[C@@H](N(C)C(=O)C(O)C3CC3)CC2)CC1,23,26,26,28,60.584343,,14,13,,,0,0,0,1,0,81,26,2,312,549,549,291,94,312,0,268,128,245,103,81,36,82,523,178,371,113,258,0,30,0
298,373,920,4205027,298234,O=C(NC1=CC=C(N2CCCCCC2)C=C1)C(=O)N1CCCCC(O)C1,CCNC1=CC=C(C(=O)NC2(C)CC(CN)C2)C=N1,O=C(Nc1ccc(N2CCCCCC2)cc1)C(=O)N1CCCCC(O)C1,CCNc1ccc(C(=O)NC2(C)CC(CN)C2)cn1,26,28,19,20,15.226969,,12,11,,,0,0,0,1,0,51,20,0,193,290,290,189,134,193,0,159,68,184,73,30,28,11,270,128,162,61,101,0,31,0
299,955,815,1594940,3432128,O=C1NC2=CC=CC=C2N1CCCNC1(C2CCCOC2)CC1,C[C@@H]1C[C@@H](C(=O)NCC2=CC=CC=C2O)N(C(=O)CC2CC=CC2)C1,O=c1[nH]c2ccccc2n1CCCNC1(C2CCCOC2)CC1,C[C@@H]1C[C@@H](C(=O)NCc2ccccc2O)N(C(=O)CC2CC=CC2)C1,23,26,25,27,46.054169,,12,11,,,0,0,0,1,0,104,26,0,415,640,640,381,117,415,0,372,188,242,123,108,44,26,614,249,391,132,259,0,32,0
300,995,881,9218208,2480057,COC1=NSC=C1CN(CCCC1CCOC1)CC1=CC=C(N2C=NC=N2)C(F)=C1,COC1(C(=O)NC(C)CSC)CCN(C(=O)CCC2OCCO2)C1,COc1nscc1CN(CCCC1CCOC1)Cc1ccc(-n2cncn2)c(F)c1,COC1(C(=O)NC(C)CSC)CCN(C(=O)CCC2OCCO2)C1,30,33,24,25,40.413815,,11,10,,,0,0,0,1,0,64,25,2,233,365,365,212,58,233,0,202,132,164,52,22,5,69,340,117,248,95,153,0,23,0
301,40,920,1255781,298234,COC1=CC=C(C2=C3NC=C(CC(=O)O)C3=CC=C2)C=C1O,CCNC1=CC=C(C(=O)NC2(C)CC(CN)C2)C=N1,COc1ccc(-c2cccc3c(CC(=O)O)c[nH]c23)cc1O,CCNc1ccc(C(=O)NC2(C)CC(CN)C2)cn1,22,24,19,20,31.684565,,12,11,,,0,0,0,1,0,67,20,0,253,364,364,209,187,253,0,195,104,276,66,44,19,45,344,125,239,84,155,0,22,0
302,366,215,3927678,6920235,CCCN1C=NC=C1C(C(=O)NC1CCOC1)N(C)C1CCCCC1,C#CC1(C(=O)NCC(CCC)CCCC)CCN(C(=O)C2=NOC=C2C)CC1,CCCn1cncc1C(C(=O)NC1CCOC1)N(C)C1CCCCC1,C#CC1(C(=O)NCC(CCC)CCCC)CCN(C(=O)c2nocc2C)CC1,25,27,28,29,31.992229,,11,10,,,0,0,0,1,0,91,27,0,358,527,527,330,94,358,0,314,172,228,124,36,7,40,500,220,307,110,197,0,27,0
303,698,255,1177986,27530,CO[C@@H]1CC[C@H]1CCNC(=O)N[C@H]1CCC2=C(C1)SC(Br)=N2,CC1=C(CNCCNS(C)(=O)=O)C(Cl)=NN1,CO[C@@H]1CC[C@H]1CCNC(=O)N[C@H]1CCc2nc(Br)sc2C1,Cc1[nH]nc(Cl)c1CNCCNS(C)(=O)=O,22,24,16,16,2.430483,,6,5,,,0,0,0,1,0,12,16,5,35,54,54,32,10,35,4,27,12,17,7,3,2,3,38,11,43,21,22,0,11,0
304,682,105,9171056,1448313,CC(=O)NC1CCN(C2=NC(NC(CC(C)C)CC(C)C)=C3C(=N2)C=NN3C)CC1,CC1=CN(C)N=C1C(=O)N[C@H]1C2=CC=CC=C2CC[C@@H]1N(C)C,CC(=O)NC1CCN(c2nc(NC(CC(C)C)CC(C)C)c3c(cnn3C)n2)CC1,Cc1cn(C)nc1C(=O)N[C@H]1c2ccccc2CC[C@@H]1N(C)C,30,32,23,25,266.163300,,14,14,,,0,0,0,1,0,288,25,0,1139,2145,2145,999,439,1139,0,990,360,1083,446,473,168,280,2120,708,1437,291,1146,0,30,0
305,362,798,7931347,5163086,CC(C(=O)NCC1=CC=CC(OCC#N)=C1)C1=CC=C2C(=C1)CC1=CC=CC=C12,CCN1N=NC=C1C(C(=O)NC1CCC1)N(C)CC1=CN=CN1C(C)C,CC(C(=O)NCc1cccc(OCC#N)c1)c1ccc2c(c1)Cc1ccccc1-2,CCn1nncc1C(C(=O)NC1CCC1)N(C)Cc1cncn1C(C)C,29,32,26,28,11.090921,,10,9,,,0,0,0,1,0,37,28,2,139,219,219,137,40,139,0,123,55,91,55,3,1,13,191,96,123,41,82,0,26,0
306,573,905,4871520,1828959,CC1=CC(C(=O)NCC(C2CC2)N(C)C2=C(Br)C(C)=NC=N2)=CC=C1F,CC1=C(C(=O)N[C@H]2C[C@H](CC(=O)N[C@H](CO)C3CC3)C2)NC=C1,Cc1cc(C(=O)NCC(C2CC2)N(C)c2ncnc(C)c2Br)ccc1F,Cc1cc[nH]c1C(=O)N[C@H]1C[C@H](CC(=O)N[C@H](CO)C2CC2)C1,26,28,23,25,70.578392,,13,12,,,0,0,0,1,0,142,25,1,555,821,821,489,276,555,0,472,252,541,198,41,15,97,796,389,432,100,332,0,24,0
307,895,416,5132325,7847536,COC1=CC(C)=NC(CN(CC[C@@H]2COC[C@H]2O)CC2=CC=CC=C2)=C1,CC1(C)C[C@@H]1C(C(=O)NCCC#N)N1CCN(C2=CC(C(F)F)=CC=C2)CC1,COc1cc(C)nc(CN(CC[C@@H]2COC[C@H]2O)Cc2ccccc2)c1,CC1(C)C[C@@H]1C(C(=O)NCCC#N)N1CCN(c2cccc(C(F)F)c2)CC1,26,28,28,30,127.821243,,17,16,,,0,0,0,1,0,116,28,5,463,584,584,397,181,463,0,356,222,264,135,72,17,14,556,197,387,200,187,0,23,0
308,997,635,7264068,7258865,CN1C=CC(CCC(=O)N2CC[C@@H](CNC(=O)C3=CC=CC4=CN=CN43)C2)=N1,CC1=CC(=O)NC=C1C(=O)N1CC[C@@H](NC(=O)C(C)OC2CCCC2)[C@H](O)C1,Cn1ccc(CCC(=O)N2CC[C@@H](CNC(=O)c3cccc4cncn34)C2)n1,Cc1cc(=O)[nH]cc1C(=O)N1CC[C@@H](NC(=O)C(C)OC2CCCC2)[C@H](O)C1,28,31,28,30,72.343956,,17,16,,,0,0,0,1,0,156,30,3,607,797,797,525,372,607,1,486,289,544,180,64,29,61,767,388,409,137,272,0,27,0
309,767,158,5752683,3115192,CC1=NOC(CCCNC(=O)CC(C)(C)N(C)C(=O)CC2CC(F)(F)C2)=N1,COC(=O)CC1=CSC(CNC(=O)N2CCC(C)(N3CCCC3)C2)=N1,Cc1noc(CCCNC(=O)CC(C)(C)N(C)C(=O)CC2CC(F)(F)C2)n1,COC(=O)Cc1csc(CNC(=O)N2CCC(C)(N3CCCC3)C2)n1,27,28,25,27,20.126015,,12,11,,,0,0,0,1,0,83,27,2,319,423,423,293,116,319,0,270,171,155,83,61,14,9,396,175,248,118,130,0,34,0
310,947,952,1899745,1836878,CCCC1=CC(C(=O)NC(C)(C)CNC(=O)C2=CNN=C2)=NO1,CC[C@H](CC(=O)NCCCC1=NC=NN1C)NC(=O)C[C@@H](C)O,CCCc1cc(C(=O)NC(C)(C)CNC(=O)c2cn[nH]c2)no1,CC[C@H](CC(=O)NCCCc1ncnn1C)NC(=O)C[C@@H](C)O,23,24,23,23,9.780619,,9,8,,,0,0,0,1,0,37,23,0,142,184,184,128,43,142,0,115,76,70,27,4,2,16,161,56,128,72,56,0,23,0
311,242,885,963457,8269833,O=C(NC(C1=CC=CC=C1)C1CCNC1)C1=C(Cl)C=CS1,CC(C)C1=CC(C(=O)NC2CN(C(=O)[C@H]3C[C@H]4C=C[C@@H]3O4)C3(CCCC3)C2)=NO1,O=C(NC(c1ccccc1)C1CCNC1)c1sccc1Cl,CC(C)c1cc(C(=O)NC2CN(C(=O)[C@H]3C[C@H]4C=C[C@@H]3O4)C3(CCCC3)C2)no1,21,23,29,33,88.095840,,17,16,,,0,0,0,1,0,75,23,3,291,377,377,224,252,291,1,178,91,257,60,123,53,22,354,103,274,121,153,0,31,0
312,166,999,9224839,3289751,CN1N=C(CN(CCC2CCOC2(C)C)CC2=CN=C(C3=CC=CN=C3)S2)C=C1Cl,COC(CNC(=O)[C@H]1[C@@H]2CN(C(=O)C3CCCCC3)C[C@@H]21)C(C)(C)C,Cn1nc(CN(CCC2CCOC2(C)C)Cc2cnc(-c3cccnc3)s2)cc1Cl,COC(CNC(=O)[C@H]1[C@@H]2CN(C(=O)C3CCCCC3)C[C@@H]21)C(C)(C)C,30,33,25,27,118.100426,,14,13,,,0,0,0,1,0,224,27,2,889,1360,1360,822,186,889,0,804,400,552,381,144,16,24,1333,613,747,209,538,0,25,0
313,819,830,965724,9121256,NC[C@H]1C[C@H]1C(=O)NC1=NN(CC2=CC=C(Cl)C=C2)C=N1,CCC1=CN=CC(C(=O)N2CC(C(=O)O)(C3=CN(C[C@@H]4C[C@H]5CC[C@@H]4O5)N=N3)C2)=C1,NC[C@H]1C[C@H]1C(=O)Nc1ncn(Cc2ccc(Cl)cc2)n1,CCc1cncc(C(=O)N2CC(C(=O)O)(c3cn(C[C@@H]4C[C@H]5CC[C@@H]4O5)nn3)C2)c1,21,23,30,34,22.008703,,10,10,,,0,0,0,1,0,46,23,1,181,262,262,156,63,181,0,129,85,135,47,9,2,56,239,89,173,67,106,0,22,0
314,181,902,6526259,2466100,CC1=CC(CN(CC2=CC=CC3=C(C)N(C)N=C23)CC2(C)CC=CC2)=NO1,CC1=C(C(=O)N2CC[C@H](C)C[C@@H]2C(=O)NC2(C(C)C)CC2)NC=C1,Cc1cc(CN(Cc2cccc3c(C)n(C)nc23)CC2(C)CC=CC2)no1,Cc1cc[nH]c1C(=O)N1CC[C@H](C)C[C@@H]1C(=O)NC1(C(C)C)CC1,27,30,24,26,59.728916,,14,13,,,0,0,0,1,0,95,26,2,372,591,591,338,248,372,0,309,144,324,128,148,42,24,565,193,398,145,253,0,31,0
315,422,25,6393556,7637054,CC1=C(F)C=CC=C1CN(CCCC1CCCCO1)C(=O)CSCC1CC1,C=C1CC2CC1CN2C1=NC(N2CCOC(C3=CC=C(C)S3)C2)=NC(NC)=N1,Cc1c(F)cccc1CN(CCCC1CCCCO1)C(=O)CSCC1CC1,C=C1CC2CC1CN2c1nc(NC)nc(N2CCOC(c3ccc(C)s3)C2)n1,27,29,28,32,37.517979,,11,10,,,0,0,0,1,0,86,29,2,343,481,481,309,42,343,0,297,156,166,119,18,7,20,452,194,287,115,172,0,27,0
316,183,754,1632171,9496029,O=C(NCC1CCC(F)C1)N1CC2(CCC2)C2=C1C=CC=C2F,CC1=NC(NC[C@]23CCC[C@H]2CN(C(=O)[C@@H](CCC(N)=O)N(C)C)C3)=C2C=NNC2=N1,O=C(NCC1CCC(F)C1)N1CC2(CCC2)c2c(F)cccc21,Cc1nc(NC[C@]23CCC[C@H]2CN(C(=O)[C@@H](CCC(N)=O)N(C)C)C3)c2cn[nH]c2n1,23,26,31,34,315.327423,,13,12,,,0,0,0,1,0,256,26,2,1022,1993,1993,932,991,1022,1,903,312,1193,288,834,308,171,1967,343,1650,589,1061,0,38,0
317,946,340,6109539,2339548,COCC1(CNC(=O)C2=CC(F)=CN2)CCN(C(=O)CC2=CSC(C)=N2)C1,C[C@H](O)C1=CC=CC(NCC(C)(C)C(=O)OCC2=CC=CC=C2)=C1,COCC1(CNC(=O)c2cc(F)c[nH]2)CCN(C(=O)Cc2csc(C)n2)C1,C[C@H](O)c1cccc(NCC(C)(C)C(=O)OCc2ccccc2)c1,27,29,24,25,38.753895,,13,12,,,0,0,0,1,0,94,25,0,355,507,507,326,138,355,0,321,157,243,118,51,26,11,482,174,333,152,181,0,25,0
318,801,953,6389538,7111646,C=CCC(OC)C(=O)N(CC1=CC=NN1COC)CC1CCCOC1(C)C,CC1CC(CO)CCN1C(=O)C1=CN(CCNC(=O)C2=CC=C(N)N=C2)C=C1,C=CCC(OC)C(=O)N(Cc1ccnn1COC)CC1CCCOC1(C)C,CC1CC(CO)CCN1C(=O)c1ccn(CCNC(=O)c2ccc(N)nc2)c1,27,28,28,30,98.021118,,13,12,,,0,0,0,1,0,87,28,2,339,705,705,298,362,339,0,274,113,388,122,353,37,41,677,163,542,135,407,0,27,0
319,421,821,6676599,6077910,C=CCOC(=O)N1CCC(CC(=O)N2CCN(C3=CC=NC=C3)CC2C)CC1,CC1=CC(CC(=O)N2CC3(CCN3C(=O)CCCC3=CC=CC=C3)C2)=NO1,C=CCOC(=O)N1CCC(CC(=O)N2CCN(c3ccncc3)CC2C)CC1,Cc1cc(CC(=O)N2CC3(CCN3C(=O)CCCc3ccccc3)C2)no1,28,30,27,30,385.789948,,17,16,,,0,0,0,1,0,513,30,1,2046,2982,2982,1862,622,2046,0,1842,1056,1256,662,456,115,50,2952,1344,1638,518,1120,0,35,0
320,685,884,8759367,7734203,O=C(N1CCN(CC2=CC=C(N3C=CN=C3)C=C2)CC1)C(F)(F)CCN1C=CN=N1,CCC1=C(C(=O)N(CCC2=NC(C)=CC=N2)CC(C)CCC=C(C)C)C=NN1,O=C(N1CCN(Cc2ccc(-n3ccnc3)cc2)CC1)C(F)(F)CCn1ccnn1,CCc1[nH]ncc1C(=O)N(CCc1nccc(C)n1)CC(C)CCC=C(C)C,30,33,28,29,46.616276,,11,10,,,0,0,0,1,0,65,29,1,255,376,376,214,131,255,1,193,101,221,75,44,10,52,347,137,239,77,162,0,28,0
321,752,830,7186989,9121256,CCC1=CC(C(=O)N2CCCC[C@H]2CNC(=O)C2=CC=C(Cl)C=C2N)=NC=N1,CCC1=CN=CC(C(=O)N2CC(C(=O)O)(C3=CN(C[C@@H]4C[C@H]5CC[C@@H]4O5)N=N3)C2)=C1,CCc1cc(C(=O)N2CCCC[C@H]2CNC(=O)c2ccc(Cl)cc2N)ncn1,CCc1cncc(C(=O)N2CC(C(=O)O)(c3cn(C[C@@H]4C[C@H]5CC[C@@H]4O5)nn3)C2)c1,28,30,30,34,79.385681,,14,13,,,0,0,0,1,0,126,30,1,498,673,673,441,217,498,0,402,228,310,161,102,23,6,643,279,394,162,232,0,33,0
322,254,273,8813492,7258588,CC(C)(C)OC(=O)N1CC(F)(F)CC1CNC(=O)NCC1=CC=C([N+](=O)[O-])C=C1F,CCC(CC(=O)NCC1CN(C(=O)C2=NC=CN=C2OC)CC12CCC2)OC,CC(C)(C)OC(=O)N1CC(F)(F)CC1CNC(=O)NCc1ccc([N+](=O)[O-])cc1F,CCC(CC(=O)NCC1CN(C(=O)c2nccnc2OC)CC12CCC2)OC,30,31,28,30,47.863335,,10,9,,,0,0,0,1,0,88,30,0,345,671,671,321,202,345,0,301,104,371,140,151,47,69,641,184,487,137,350,0,30,0
323,163,806,3471882,542253,CCC1(C(=O)NCC(O)C(=O)OC)CCN(C(=O)[C@H](C)C2CC2)CC1,C=CCN(OC)C(=O)CCNC(=O)C1=CN=NN1C=C,CCC1(C(=O)NCC(O)C(=O)OC)CCN(C(=O)[C@H](C)C2CC2)CC1,C=CCN(OC)C(=O)CCNC(=O)c1cnnn1C=C,25,26,20,20,4.655074,,9,8,,,0,0,0,1,0,19,20,5,70,99,99,62,23,70,2,56,31,42,16,0,0,7,79,36,63,26,37,0,15,0
324,718,110,1002008,9332415,CC1=NN=C(CNC(=O)C2=C(C)C(C)(C)OC2=O)N1C1CC1,COC(=O)C1=CC=C2CCCC(NC(=O)NCC3=CC=C(CNS(C)(=O)=O)C=C3)C2=C1,CC1=C(C(=O)NCc2nnc(C)n2C2CC2)C(=O)OC1(C)C,COC(=O)c1ccc2c(c1)C(NC(=O)NCc1ccc(CNS(C)(=O)=O)cc1)CCC2,22,24,31,33,6.176029,,6,5,,,0,0,0,1,0,22,24,2,85,145,145,80,35,85,0,72,32,66,25,10,1,16,121,41,104,39,65,0,22,0
325,391,893,920791,9480951,CC#CCCC(=O)NCCN(C(=O)[C@@H]1CCCO1)C(C)C,C=C[C@H]1CN(C(=O)CC2=C(C)N(CC)N=C2C)C[C@H]1NC1=NC(C(=O)OC)=NC=C1Cl,CC#CCCC(=O)NCCN(C(=O)[C@@H]1CCCO1)C(C)C,C=C[C@H]1CN(C(=O)Cc2c(C)nn(CC)c2C)C[C@H]1Nc1nc(C(=O)OC)ncc1Cl,21,21,31,33,30.075613,,15,14,,,0,0,0,1,0,65,21,1,250,374,374,238,105,250,1,213,122,143,59,77,37,33,353,160,214,78,136,0,22,0
326,39,879,5133091,7519501,COC1=C(C)C=CC=C1CN(CCCCCF)CC1=C(F)C=NC=C1F,O=C(NC1CC(CF)C1)C1=CC=C(C2=CN(CCOCC3CCCC3)N=N2)O1,COc1c(C)cccc1CN(CCCCCF)Cc1c(F)cncc1F,O=C(NC1CC(CF)C1)c1ccc(-c2cn(CCOCC3CCCC3)nn2)o1,26,27,28,31,44.221985,,12,11,,,0,0,0,1,0,92,27,0,360,584,584,345,128,360,0,324,145,280,151,60,22,34,557,252,332,93,239,0,28,0
327,481,227,3500280,170051,CSCC[C@H](NC(=O)CC1CCCO1)C(=O)NCC1=CN=CC=C1C,CN(CC1=NC=C(N)N=C1)[C@@H]1CCCCC[C@H]1O,CSCC[C@H](NC(=O)CC1CCCO1)C(=O)NCc1cnccc1C,CN(Cc1cnc(N)cn1)[C@@H]1CCCCC[C@H]1O,25,26,18,19,23.406496,,12,11,,,0,0,0,1,0,47,19,0,185,266,266,167,77,185,0,142,80,116,52,39,16,17,247,98,168,69,99,0,28,0
328,204,836,10319003,513658,CCOC(=O)CCNC(=O)C(C1=CN(C)C2=C(C#N)C=NN12)N1CCCC1C1=CC=CC(C#N)=C1,CC(C)N1C=C2CCC(NCC3=CC=CN3C)CC2=N1,CCOC(=O)CCNC(=O)C(c1cn(C)c2c(C#N)cnn12)N1CCCC1c1cccc(C#N)c1,CC(C)n1cc2c(n1)CC(NCc1cccn1C)CC2,35,38,20,22,130.268143,,14,13,,,0,0,0,1,0,168,22,0,667,980,980,562,286,667,0,531,271,577,244,100,25,96,958,373,607,189,418,0,24,0
329,940,471,3403060,627881,CN1C=CC(C=CC(=O)N[C@H]2C=CCC[C@H]2C(=O)N2CC(C)(C)C2)=C1,CC1(C)CC(NC(=O)C2=CC=CC(N3C=CN=N3)=C2)CS1,Cn1ccc(C=CC(=O)N[C@H]2C=CCC[C@H]2C(=O)N2CC(C)(C)C2)c1,CC1(C)CC(NC(=O)c2cccc(-n3ccnn3)c2)CS1,25,27,21,23,42.533760,,12,11,,,0,0,0,1,0,81,23,4,315,435,435,261,96,315,1,254,140,234,102,14,0,52,412,108,327,153,174,0,19,0
330,358,312,2463404,3410328,CC#CCCC(=O)N1CC2=C(C1)C(C(=O)N1CC[Si](C)(C)C1)=CO2,COCC(O)CNC(=O)C(NC(=O)C1CC=CC1)C1(O)CCCCC1,CC#CCCC(=O)N1Cc2occ(C(=O)N3CC[Si](C)(C)C3)c2C1,COCC(O)CNC(=O)C(NC(=O)C1CC=CC1)C1(O)CCCCC1,24,26,25,26,62.976410,,12,11,,,0,0,0,1,0,95,26,5,374,728,728,325,261,374,3,308,92,495,184,146,28,96,702,220,508,105,403,0,21,0
331,840,814,7897823,3498671,COC1=CC=CC2=C1C(C1NC(=O)N(C)C3=C1C(=O)NC1(CCOCC1)C3)=CN2,CC(C)(CC(=O)NCC1=CC=NC=C1)NC(=O)COCC1CCOC1,COc1cccc2[nH]cc(C3NC(=O)N(C)C4=C3C(=O)NC3(CCOCC3)C4)c12,CC(C)(CC(=O)NCc1ccncc1)NC(=O)COCC1CCOC1,29,33,25,26,52.500923,,12,11,,,0,0,0,1,0,99,26,0,395,548,548,354,55,395,0,333,170,182,132,40,26,20,522,234,314,120,194,0,28,0
332,892,233,2106226,5376646,CC1=C(C(=O)NCC(=O)C2=CC=C(OC(F)(F)F)C=C2)NC(=O)N1,COCC(NC(=O)NC(C)CS(=O)(=O)C1=CC=C(C)C=C1)C1=CN(C)N=C1,Cc1[nH]c(=O)[nH]c1C(=O)NCC(=O)c1ccc(OC(F)(F)F)cc1,COCC(NC(=O)NC(C)CS(=O)(=O)c1ccc(C)cc1)c1cnn(C)c1,24,25,27,28,13.848575,,10,9,,,0,0,0,1,0,36,25,3,141,230,230,128,75,141,1,120,55,125,42,27,9,24,205,75,155,53,102,0,22,0
333,228,24,4759077,3430246,CON=CC(=O)N1CCC(OCCNC(=O)[C@H]2CCC[C@H]2C(=O)OC)C1,CCNC(=O)[C@@H](CC)NC(=O)C(CC)(CC)CNC(=O)C1=CCCC1,CON=CC(=O)N1CCC(OCCNC(=O)[C@H]2CCC[C@H]2C(=O)OC)C1,CCNC(=O)[C@@H](CC)NC(=O)C(CC)(CC)CNC(=O)C1=CCCC1,26,27,25,25,14.368560,,10,9,,,0,0,0,1,0,48,25,1,187,266,266,164,109,187,0,152,79,151,39,35,22,28,241,76,190,88,102,0,24,0
334,675,197,6756127,5252633,CC(C)C(=O)NCC1CCCN(C(=O)C(=O)NC2=CC=CC3=CC=NC=C32)C1,COC(=O)C1(CNC(=O)C2=C3OC(=O)NC3=CC(Br)=C2)CC12CCOCC2,CC(C)C(=O)NCC1CCCN(C(=O)C(=O)Nc2cccc3ccncc23)C1,COC(=O)C1(CNC(=O)c2cc(Br)cc3[nH]c(=O)oc23)CC12CCOCC2,28,30,27,30,94.121658,,12,11,,,0,0,0,1,0,149,30,0,592,809,809,499,233,592,0,477,262,451,173,62,34,82,779,288,521,211,310,0,40,0
335,408,336,1386324,264655,COCCN(CC1=CN=NN1C)CC1=C(C)C(C#N)=CC=C1,CC1=CN(CCN2CCN(C)C3(CCOC3)C2)N=C1,COCCN(Cc1cccc(C#N)c1C)Cc1cnnn1C,Cc1cnn(CCN2CCN(C)C3(CCOC3)C2)c1,22,23,19,21,32.714012,,13,12,,,0,0,0,1,0,82,21,0,319,616,616,294,225,319,0,281,106,314,113,212,54,41,595,193,423,101,322,0,22,0
336,285,885,7929346,8269833,COC1=CC=C2C=C(CNCC3N(C(=O)OC(C)(C)C)CCC34CCC4)NC2=C1,CC(C)C1=CC(C(=O)NC2CN(C(=O)[C@H]3C[C@H]4C=C[C@@H]3O4)C3(CCCC3)C2)=NO1,COc1ccc2cc(CNCC3N(C(=O)OC(C)(C)C)CCC34CCC4)[nH]c2c1,CC(C)c1cc(C(=O)NC2CN(C(=O)[C@H]3C[C@H]4C=C[C@@H]3O4)C3(CCCC3)C2)no1,29,32,29,33,591.986694,,18,17,,,0,0,0,1,0,378,32,0,1507,2988,2988,1332,1228,1507,0,1302,633,1614,534,1237,133,222,2956,981,2007,351,1656,0,32,0
337,71,990,4769611,2377779,CC(C)(C)CCCCC(=O)N1CC(CCNC(=O)C2=CC=NC=C2F)C1,NC(=O)N1CCCN(C(=O)[C@@H]2C[C@@H](O)CN2C(=O)C=CCF)CC1,CC(C)(C)CCCCC(=O)N1CC(CCNC(=O)c2ccncc2F)C1,NC(=O)N1CCCN(C(=O)[C@@H]2C[C@@H](O)CN2C(=O)C=CCF)CC1,26,27,24,25,13.996647,,11,10,,,0,0,0,1,0,51,25,2,194,270,270,173,68,194,1,160,91,113,47,25,12,25,245,118,152,55,97,0,23,0
338,791,285,9428881,7929346,CC1=CC(C(=O)N2[C@H](CNC(=O)C3=CC=C(N=[N+]=[N-])C=C3)C[C@@H]3CCC[C@@H]32)=NN=C1C,COC1=CC=C2C=C(CNCC3N(C(=O)OC(C)(C)C)CCC34CCC4)NC2=C1,Cc1cc(C(=O)N2[C@H](CNC(=O)c3ccc(N=[N+]=[N-])cc3)C[C@@H]3CCC[C@@H]32)nnc1C,COc1ccc2cc(CNCC3N(C(=O)OC(C)(C)C)CCC34CCC4)[nH]c2c1,31,34,29,32,516.907837,,20,19,,,0,0,0,1,0,428,32,4,1708,2870,2870,1437,1937,1708,1,1358,777,1842,432,1480,200,152,2838,1006,1864,431,1433,0,49,0
339,359,656,2937391,6904192,CS(=O)(=O)C1=CC=C(F)C=C1C(=O)NC1=CN(C2=CC=CC=N2)N=C1,CC1=CC=CC(CNC(=O)CCC2(C)CN(C(=O)C=CC3=COC=N3)C2)=C1C,CS(=O)(=O)c1ccc(F)cc1C(=O)Nc1cnn(-c2ccccn2)c1,Cc1cccc(CNC(=O)CCC2(C)CN(C(=O)C=Cc3cocn3)C2)c1C,25,27,28,30,25.455336,,10,10,,,0,0,0,1,0,59,27,6,225,323,323,204,76,225,0,195,94,144,78,24,11,6,296,120,203,84,119,0,21,0
340,521,409,2868885,265056,COC1=C(C)C(C(=O)N(C)CC(=O)NC2=CC=C(F)C=C2)=CC=C1Br,COCC1=NC=CC(CN2CC[C@H](O)[C@@H]2C2CC2)=N1,COc1c(Br)ccc(C(=O)N(C)CC(=O)Nc2ccc(F)cc2)c1C,COCc1nccc(CN2CC[C@H](O)[C@@H]2C2CC2)n1,25,26,19,21,27.959499,,13,12,,,0,0,0,1,0,62,21,0,237,383,383,209,155,237,0,194,90,199,82,108,16,9,362,128,255,81,174,0,24,0
341,695,863,296716,8302184,COCC1(CF)CN(C(=O)C2(F)CNCC23CC3)C1,CCC(C)=C(C)C(=O)N(C)CCOCCCN(C)C(=O)C1=C2N(C)C=CN2N=C1,COCC1(CF)CN(C(=O)C2(F)CNCC23CC3)C1,CCC(C)=C(C)C(=O)N(C)CCOCCCN(C)C(=O)c1cnn2ccn(C)c12,19,21,29,30,167.903320,,14,13,,,0,0,0,1,0,169,21,2,664,1411,1411,575,541,664,0,566,300,848,239,508,17,213,1390,342,1069,233,836,0,19,0
342,549,339,2397574,4402122,CC1CC(C(=O)N2CCOC(CC(=O)NCC3(F)CCC3)C2)=NO1,C#CCC1(C(=O)N2CC(F)(C3CC3)C2)CCN(C(=O)[C@H]2C[C@@H]2C(C)C)C1,CC1CC(C(=O)N2CCOC(CC(=O)NCC3(F)CCC3)C2)=NO1,C#CCC1(C(=O)N2CC(F)(C3CC3)C2)CCN(C(=O)[C@H]2C[C@@H]2C(C)C)C1,24,26,26,29,42.427071,,20,19,,,0,0,0,1,0,83,26,5,332,348,348,287,122,332,1,223,169,124,68,30,29,3,322,216,132,71,61,0,27,0
343,961,28,1954968,5153574,C=CCCCCC(N[C@H]1CCO[C@H]1C)C1=NN=NN1C1CCC1,CN(C)C(=O)CC1CCCCN1C(C(=O)NCC(C)(C)C)C1=NSC=C1,C=CCCCCC(N[C@H]1CCO[C@H]1C)c1nnnn1C1CCC1,CN(C)C(=O)CC1CCCCN1C(C(=O)NCC(C)(C)C)c1ccsn1,23,25,26,27,14.827557,,15,14,,,0,0,0,1,0,43,25,6,162,209,209,144,106,162,0,116,63,84,36,60,26,0,184,91,118,53,65,0,26,0
344,118,898,8758240,1171159,COC(=O)C12CC(CN1CC1=CC=CC=C1)N(C(=O)C1=CC([N+](=O)[O-])=CC(Br)=C1)C2,CN(C(=O)NC1CC2(CC(F)C2)C1)[C@H]1CO[C@@H](C(F)(F)F)C1,COC(=O)C12CC(CN1Cc1ccccc1)N(C(=O)c1cc(Br)cc([N+](=O)[O-])c1)C2,CN(C(=O)NC1CC2(CC(F)C2)C1)[C@H]1CO[C@@H](C(F)(F)F)C1,30,33,22,24,35.825085,,9,8,,,0,0,0,1,0,57,24,4,224,384,384,214,92,224,0,191,74,185,84,53,36,35,360,92,292,122,170,0,24,0
345,993,267,5130606,8577160,FC(F)OC1=CC=C(CN(CC2=CC=CN=C2)CC2=CC(Cl)=NO2)C=N1,CC1=CC=CC(F)=C1CN(CC1=NC2=C(CCCC2)N1)C(=O)C1=CN=CN=C1N,FC(F)Oc1ccc(CN(Cc2cccnc2)Cc2cc(Cl)no2)cn1,Cc1cccc(F)c1CN(Cc1nc2c([nH]1)CCCC2)C(=O)c1cncnc1N,26,28,29,32,63.446651,,15,14,,,0,0,0,1,0,83,28,5,328,430,430,276,142,328,2,239,129,214,101,54,23,15,402,155,275,121,154,0,29,0
346,182,594,2086819,5551531,CC1=C(NC(=O)C(=O)C2=CSC(N)=N2)C=CC=C1N1CCCC1=O,COC(C)(C)CC(C)NC(=O)C(NC(=O)CCC(C)(C)F)C1=CC=CC=C1,Cc1c(NC(=O)C(=O)c2csc(N)n2)cccc1N1CCCC1=O,COC(C)(C)CC(C)NC(=O)C(NC(=O)CCC(C)(C)F)c1ccccc1,24,26,27,27,45.256599,,13,12,,,0,0,0,1,0,91,26,2,355,541,541,314,288,355,0,282,135,361,105,127,50,35,515,201,340,113,227,0,29,0
347,985,271,7493995,3835770,O=C1CC2=C(C=CC=C2C(=O)NCC(CO)NC2=CC=C(C(F)(F)F)N=N2)N1,CCC[C@H]1C[C@@H]1CN(CC1=CC=CC2=CC=NC=C21)C(=O)[C@H]1C[C@H]1C,O=C1Cc2c(cccc2C(=O)NCC(CO)Nc2ccc(C(F)(F)F)nn2)N1,CCC[C@H]1C[C@@H]1CN(Cc1cccc2ccncc12)C(=O)[C@H]1C[C@H]1C,28,30,25,28,242.318710,,14,13,,,0,0,0,1,0,253,28,0,1005,1692,1692,890,699,1005,0,853,419,941,277,527,166,107,1664,566,1126,324,802,0,45,0
348,39,111,5133091,6419974,COC1=C(C)C=CC=C1CN(CCCCCF)CC1=C(F)C=NC=C1F,CCC1=CC(C)=CC(CN(C[C@@H]2CC=CCC2)C(=O)C2(O)CC(F)(F)C2)=C1,COc1c(C)cccc1CN(CCCCCF)Cc1c(F)cncc1F,CCc1cc(C)cc(CN(C[C@@H]2CC=CCC2)C(=O)C2(O)CC(F)(F)C2)c1,26,27,27,29,914.649170,,20,20,,,0,0,0,1,0,221,27,0,870,1988,1988,723,1930,870,0,665,212,1392,170,1772,314,121,1961,565,1423,158,1265,0,41,0
349,610,444,9252596,48293,CN(CCC1=CC=CC=C1F)C(C(=O)NC1CC(F)(F)C1)C1=NN2C=CC=CC2=C1,C=CCC(CC(F)F)C(=O)N[C@H]1CCC[C@H]1O,CN(CCc1ccccc1F)C(C(=O)NC1CC(F)(F)C1)c1cc2ccccn2n1,C=CCC(CC(F)F)C(=O)N[C@H]1CCC[C@H]1O,30,33,17,17,14.783880,,11,10,,,0,0,0,1,0,42,17,2,149,183,183,133,33,149,1,121,79,52,36,14,3,1,166,85,98,48,50,0,18,0
350,353,746,5603307,6746942,COC(C(=O)NCCOC1CCCC1)C1CN(C(=O)C2=NOC(C)(C)C2)C1,CC(C)[C@@H](NC(=O)NCC1=NN(C)C2=C1COCC2)C1=NN=C2C=CC=CN21,COC(C(=O)NCCOC1CCCC1)C1CN(C(=O)C2=NOC(C)(C)C2)C1,CC(C)[C@@H](NC(=O)NCc1nn(C)c2c1COCC2)c1nnc2ccccn12,27,29,28,31,27.739946,,10,9,,,0,0,0,1,0,54,29,2,209,387,387,195,156,209,0,178,76,242,85,76,7,37,358,102,285,93,192,0,27,0
351,805,321,10189248,8779376,CN(CC1=CC=CC=C1)C(=O)CNC(=O)CNCC1CCCN(C(=O)OCC2=CC=CC=C2)C1,CC(C)(C)OC(=O)NC1CN(S(=O)(=O)C2=CNC3=C2C=CC=C3[N+](=O)[O-])C(C)(C)C1,CN(Cc1ccccc1)C(=O)CNC(=O)CNCC1CCCN(C(=O)OCc2ccccc2)C1,CC(C)(C)OC(=O)NC1CN(S(=O)(=O)c2c[nH]c3c([N+](=O)[O-])cccc23)C(C)(C)C1,34,36,30,32,22.225649,,11,10,,,0,0,0,1,0,50,32,6,191,293,293,180,119,191,1,164,81,148,65,52,8,6,261,123,170,57,113,0,26,0
352,446,620,3959197,2339736,CCC(C)OC1=CC=CC(NC(=O)C2=C3C=CC=CC3=NC(OC)=C2)=C1,CN1C=C(CNCC2=CC3=CC(Br)=CC=C3OC2)C2=CC=CC=C21,CCC(C)Oc1cccc(NC(=O)c2cc(OC)nc3ccccc23)c1,Cn1cc(CNCC2=Cc3cc(Br)ccc3OC2)c2ccccc21,26,28,24,27,631.961304,,20,20,,,0,0,0,1,0,515,27,2,2052,2998,2998,1793,691,2052,0,1747,954,1311,748,555,66,3,2971,1406,1592,387,1205,0,34,0
353,523,118,9042743,8758240,COCCCC(=O)NCC(=O)N1CCC(NC2=CC=C([N+](=O)[O-])C(C(F)F)=C2)CC1,COC(=O)C12CC(CN1CC1=CC=CC=C1)N(C(=O)C1=CC([N+](=O)[O-])=CC(Br)=C1)C2,COCCCC(=O)NCC(=O)N1CCC(Nc2ccc([N+](=O)[O-])c(C(F)F)c2)CC1,COC(=O)C12CC(CN1Cc1ccccc1)N(C(=O)c1cc(Br)cc([N+](=O)[O-])c1)C2,30,31,30,33,170.521194,,17,16,,,0,0,0,1,0,219,31,2,852,1127,1127,728,782,852,0,696,397,849,281,295,21,70,1096,502,625,226,399,0,32,0
354,394,921,9186114,103322,CC1=C(F)C(F)=CC=C1CN(CC1CCC2(CC2)CO1)C(=O)CC1=CC=CC=C1O,C[C@@H](NC(=O)C1=CC2=C(C=CO2)N1C)C(C)(C)O,Cc1c(CN(CC2CCC3(CC3)CO2)C(=O)Cc2ccccc2O)ccc(F)c1F,C[C@@H](NC(=O)c1cc2occc2n1C)C(C)(C)O,30,33,18,19,40.160557,,14,13,,,0,0,0,1,0,75,19,0,285,440,440,249,166,285,0,224,101,260,108,75,21,39,421,156,284,93,191,0,26,0
355,590,194,10231444,28582,CCCCN1N=NN=C1C1(NC2=C(C)N(C3=CC=CC(Cl)=C3)N=C2)CCN(C2CCCC2)CC1,CCC=C(C)C(=O)NCCN1CCCC1C,CCCCn1nnnc1C1(Nc2cnn(-c3cccc(Cl)c3)c2C)CCN(C2CCCC2)CC1,CCC=C(C)C(=O)NCCN1CCCC1C,34,38,16,16,9.450346,,12,11,,,0,0,0,1,0,30,16,2,117,129,129,105,44,117,1,87,65,43,20,9,6,1,113,64,65,41,24,0,14,0
356,260,45,6177611,8243543,CC1=NC(N[C@@H](C)CNC(=O)C2=CC=C(F)C(CC#N)=C2)=CC(C(F)F)=N1,C=C(F)C1(CC(=O)N2CCN(C(=O)C3=NNC4=CN=CC=C43)C(C)C2C)CCC1,Cc1nc(N[C@@H](C)CNC(=O)c2ccc(F)c(CC#N)c2)cc(C(F)F)n1,C=C(F)C1(CC(=O)N2CCN(C(=O)c3n[nH]c4cnccc34)C(C)C2C)CCC1,27,28,29,32,93.309364,,16,15,,,0,0,0,1,0,103,28,1,408,632,632,373,239,408,0,357,168,430,169,40,9,51,604,251,381,122,259,0,27,0
357,725,446,9142561,3959197,CCN1N=NN=C1C(NC1=CC=C(N2C=C(C)C=N2)C=C1)C1=CC2=NC=CC=C2S1,CCC(C)OC1=CC=CC(NC(=O)C2=C3C=CC=CC3=NC(OC)=C2)=C1,CCn1nnnc1C(Nc1ccc(-n2cc(C)cn2)cc1)c1cc2ncccc2s1,CCC(C)Oc1cccc(NC(=O)c2cc(OC)nc3ccccc23)c1,30,34,26,28,186.965225,,16,16,,,0,0,0,1,0,229,28,5,915,1140,1140,789,318,915,1,753,497,609,260,27,9,78,1112,559,581,230,351,0,33,0
358,1,532,10338086,2975870,CC1=CC=C(F)C(N2C=C(CC3(C(=O)O)CCN(C(=O)[C@@H](CCC4=CC=CC=C4)N(C)C)C3)N=N2)=C1,CC1=CC2=C(C=C1CNC(=O)C1=C(F)C(C(F)(F)F)=NC=C1)N=CN2,Cc1ccc(F)c(-n2cc(CC3(C(=O)O)CCN(C(=O)[C@@H](CCc4ccccc4)N(C)C)C3)nn2)c1,Cc1cc2[nH]cnc2cc1CNC(=O)c1ccnc(C(F)(F)F)c1F,36,39,25,27,570.785339,,17,16,,,0,0,0,1,0,345,27,0,1357,2709,2709,1224,1488,1357,0,1201,395,1831,661,1115,141,133,2682,935,1774,289,1485,0,35,0
359,947,825,1899745,6852006,CCCC1=CC(C(=O)NC(C)(C)CNC(=O)C2=CNN=C2)=NO1,CC1=NOC(CC(=O)N2CC(OCCC(=O)NCC3=CC=C(F)N=C3C)C2)=C1,CCCc1cc(C(=O)NC(C)(C)CNC(=O)c2cn[nH]c2)no1,Cc1cc(CC(=O)N2CC(OCCC(=O)NCc3ccc(F)nc3C)C2)on1,23,24,28,30,20.448103,,10,9,,,0,0,0,1,0,57,24,1,218,320,320,178,154,218,1,169,83,217,61,55,11,31,296,104,216,74,142,0,23,0
360,551,703,3108760,6291509,CC1=C(CCNC(=O)NCC(=O)N2CCCO2)C2=CC(Cl)=CC=C2N1,CC(NCCNC(=O)C1=CN=CC=N1)(C1=NN=NN1CCC1CC1)C1CC1,Cc1[nH]c2ccc(Cl)cc2c1CCNC(=O)NCC(=O)N1CCCO1,CC(NCCNC(=O)c1cnccn1)(c1nnnn1CCC1CC1)C1CC1,25,27,27,30,31.145226,,11,10,,,0,0,0,1,0,65,27,3,251,399,399,230,97,251,0,216,102,182,82,57,22,28,372,125,274,105,169,0,24,0
361,736,962,3920092,9950067,CCCCCCNC(=O)C(N1CCCC(C)(C)C1C#N)C1(CC)CC1,COC1=CC=C(CN(CC2=NNC3=CC(C#N)=CC=C32)CC2CCCC(F)(F)C2)N=C1C,CCCCCCNC(=O)C(N1CCCC(C)(C)C1C#N)C1(CC)CC1,COc1ccc(CN(Cc2n[nH]c3cc(C#N)ccc23)CC2CCCC(F)(F)C2)nc1C,25,26,32,35,272.789948,,15,14,,,0,0,0,1,0,164,26,1,640,1473,1473,570,1497,640,0,525,183,986,147,1388,215,112,1447,425,1048,145,903,0,61,0
362,759,754,8626595,9496029,CC1=CC(C(=O)N(CC2=C3C=CN(C)C3=CC=C2)C[C@@H]2CCCC[C@H]2O)=CC=N1,CC1=NC(NC[C@]23CCC[C@H]2CN(C(=O)[C@@H](CCC(N)=O)N(C)C)C3)=C2C=NNC2=N1,Cc1cc(C(=O)N(Cc2cccc3c2ccn3C)C[C@@H]2CCCC[C@H]2O)ccn1,Cc1nc(NC[C@]23CCC[C@H]2CN(C(=O)[C@@H](CCC(N)=O)N(C)C)C3)c2cn[nH]c2n1,29,32,31,34,1440.496582,,18,17,,,0,0,0,1,0,699,32,1,2786,5741,5741,2534,2323,2786,1,2492,919,3379,1035,2116,549,426,5709,1610,4131,924,3207,0,56,0
363,686,201,2090176,6436717,CC1=CC(O)=CC(C)=C1CC(=O)NCCCC1=CC=C(Cl)C=C1Cl,CCC1=NC(CN(CC(=O)NC2CCCC2)C(=O)CC(C)(C)C(C)C)=CS1,Cc1cc(O)cc(C)c1CC(=O)NCCCc1ccc(Cl)cc1Cl,CCc1nc(CN(CC(=O)NC2CCCC2)C(=O)CC(C)(C)C(C)C)cs1,24,25,27,28,25.090628,,12,11,,,0,0,0,1,0,81,25,3,320,398,398,286,60,320,1,282,198,119,59,29,7,16,373,166,232,120,112,0,24,0
364,372,441,6101868,4468789,C#CC1=CC=C(C(=O)N2CC[C@@H](N(C)C(=O)[C@H](C)C3=CC=CC=C3)C2)C=N1,COC1=CN=NC(C(=O)NCC2=C(C(=O)N3CCC[C@H]3CO)C=CO2)=C1,C#Cc1ccc(C(=O)N2CC[C@@H](N(C)C(=O)[C@H](C)c3ccccc3)C2)cn1,COc1cnnc(C(=O)NCc2occc2C(=O)N2CCC[C@H]2CO)c1,27,29,26,28,28.652609,,12,11,,,0,0,0,1,0,70,28,6,269,336,336,234,148,269,3,207,133,181,53,41,26,23,308,157,179,77,102,0,35,0
365,71,971,4769611,7431360,CC(C)(C)CCCCC(=O)N1CC(CCNC(=O)C2=CC=NC=C2F)C1,CCN1C(C)=CC(C(=O)N2CCC(N3C=C(CCC4CCOC4)N=N3)C2)=C1C,CC(C)(C)CCCCC(=O)N1CC(CCNC(=O)c2ccncc2F)C1,CCn1c(C)cc(C(=O)N2CCC(n3cc(CCC4CCOC4)nn3)C2)c1C,26,27,28,31,67.772476,,13,12,,,0,0,0,1,0,156,27,1,624,828,828,571,138,624,1,546,323,361,220,3,2,34,801,408,420,163,257,0,33,0
366,680,942,1599510,3345666,OC1(CC2CC2)CCN(CC2=C(F)C(C(F)(F)F)=CC=C2Br)C1,CC(C)C1=NC(C(=O)N[C@]2(C(=O)NCCN3C=NN=C3)C[C@H]2C)=CO1,OC1(CC2CC2)CCN(Cc2c(Br)ccc(C(F)(F)F)c2F)C1,CC(C)c1nc(C(=O)N[C@]2(C(=O)NCCn3cnnc3)C[C@H]2C)co1,23,25,25,27,30.546051,,9,8,,,0,0,0,1,0,61,25,5,232,385,385,211,48,232,1,200,94,177,92,21,5,49,360,76,309,135,174,0,20,0
367,338,638,9637513,9415663,CC1=C2C=C(CN(CC3=CN(C4=CC=CC=C4)N=C3)CC3[C@H](C)[C@H]3C)C=CC2=NN1C,C#CCC1(C(=O)NC[C@@H]2CCC[C@H](CNC(=O)C=C(C)C3=CC=CO3)C2)CCOCC1,Cc1c2cc(CN(Cc3cnn(-c4ccccc4)c3)CC3[C@H](C)[C@H]3C)ccc2nn1C,C#CCC1(C(=O)NC[C@@H]2CCC[C@H](CNC(=O)C=C(C)c3ccco3)C2)CCOCC1,31,35,31,33,119.611412,,17,17,,,0,0,0,1,0,123,33,8,489,461,461,382,212,489,3,334,264,224,73,30,20,5,428,195,266,187,79,0,32,0
368,321,679,8779376,46259,CC(C)(C)OC(=O)NC1CN(S(=O)(=O)C2=CNC3=C2C=CC=C3[N+](=O)[O-])C(C)(C)C1,COC(C)(C)CC(=O)NCC(C)N1C=CC=N1,CC(C)(C)OC(=O)NC1CN(S(=O)(=O)c2c[nH]c3c([N+](=O)[O-])cccc23)C(C)(C)C1,COC(C)(C)CC(=O)NCC(C)n1cccn1,30,32,17,17,5.985273,,9,8,,,0,0,0,1,0,28,17,1,108,129,129,98,26,108,0,92,62,34,16,6,4,0,112,47,82,51,31,0,16,0
369,868,127,7961506,2363158,CN(C1=CC=C(CNC(=O)NC2=NC=CC=C2OCCF)C=C1)C1CCCCC1,CN(CC1(C#N)CCC1)C(=O)C(=O)NCC1=CC=C(C2CC2)C=C1,CN(c1ccc(CNC(=O)Nc2ncccc2OCCF)cc1)C1CCCCC1,CN(CC1(C#N)CCC1)C(=O)C(=O)NCc1ccc(C2CC2)cc1,29,31,24,26,35.651512,,10,10,,,0,0,0,1,0,62,26,1,239,397,397,212,113,239,0,188,85,216,94,56,8,56,371,146,251,66,185,0,27,0
370,737,921,1780029,103322,CSCC(=O)N[C@H](CC(=O)N1C[C@@H](C)[C@H](C(N)=O)C1)CC(C)C,C[C@@H](NC(=O)C1=CC2=C(C=CO2)N1C)C(C)(C)O,CSCC(=O)N[C@H](CC(=O)N1C[C@@H](C)[C@H](C(N)=O)C1)CC(C)C,C[C@@H](NC(=O)c1cc2occc2n1C)C(C)(C)O,23,23,18,19,12.675163,,12,11,,,0,0,0,1,0,42,19,3,155,222,222,132,89,155,2,114,62,138,41,22,13,36,203,69,153,63,90,0,19,0
371,307,519,5958515,8176671,CC[C@H]1CC[C@H](C(=O)N2CCC(CF)(NC(=O)C3CCCCCC3)C2)CC1,CCC1=CC=C(C(=O)N2CCCC[C@H]2CN(C)C(=O)CCNC2=CC=CC=N2)N1,CC[C@H]1CC[C@H](C(=O)N2CCC(CF)(NC(=O)C3CCCCCC3)C2)CC1,CCc1ccc(C(=O)N2CCCC[C@H]2CN(C)C(=O)CCNc2ccccn2)[nH]1,27,29,29,31,379.194458,,18,17,,,0,0,0,1,0,634,29,1,2532,3629,3629,2310,884,2532,0,2276,1207,1692,997,482,78,39,3600,1835,1794,475,1319,0,38,0
372,316,682,8497143,9171056,CC(C)(C)CCN1C=C(C2=CC=NC(C(=O)N3CC(CN4C=CC=N4)C3)=C2)N=N1,CC(=O)NC1CCN(C2=NC(NC(CC(C)C)CC(C)C)=C3C(=N2)C=NN3C)CC1,CC(C)(C)CCn1cc(-c2ccnc(C(=O)N3CC(Cn4cccn4)C3)c2)nn1,CC(=O)NC1CCN(c2nc(NC(CC(C)C)CC(C)C)c3c(cnn3C)n2)CC1,29,32,30,32,74.095100,,12,11,,,0,0,0,1,0,138,32,0,545,905,905,491,158,545,0,477,194,478,234,60,31,112,873,279,626,212,414,0,33,0
373,418,334,5513770,9829448,C#CCCCCCNC(=O)[C@H]1CCC[C@H](NC(=O)C23CCC(C)(C2)OC3)C1,CC1=NC(NCCCO[C@@H]2CCN(C(=O)C3=CC=C([C@H](O)C4CC4)C=C3)C2)=NC(C)=C1C,C#CCCCCCNC(=O)[C@H]1CCC[C@H](NC(=O)C23CCC(C)(C2)OC3)C1,Cc1nc(NCCCO[C@@H]2CCN(C(=O)c3ccc([C@H](O)C4CC4)cc3)C2)nc(C)c1C,27,29,32,35,158.819824,,15,14,,,0,0,0,1,0,212,29,1,837,1496,1496,763,924,837,0,744,362,1044,286,584,87,135,1467,606,890,157,733,0,40,0
374,412,713,1294583,1020902,CC[C@H](O)C(=O)NCC1=C(C(=O)N[C@H](C)CCOC)OC=C1,CCCCC1=NC(C)=C(C(=O)N(C)C2CN(C)S(=O)(=O)C2)S1,CC[C@H](O)C(=O)NCc1ccoc1C(=O)N[C@H](C)CCOC,CCCCc1nc(C)c(C(=O)N(C)C2CN(C)S(=O)(=O)C2)s1,22,22,22,23,5.559173,,10,9,,,0,0,0,1,0,25,22,5,93,111,111,81,48,93,1,70,51,53,11,3,2,7,89,36,75,45,30,0,17,0
375,302,567,5897791,10058109,CCC1=NNC(C(=O)N2C[C@@H]3C[C@H]2CN3C(=O)CCCN2C=CN=C2)=C1C,COC(=O)C1=CC=CC=C1CN1C=C([C@@H]2CCCN2C(=O)C2=CN=C(C)C(C(C)=O)=C2)N=N1,CCc1n[nH]c(C(=O)N2C[C@@H]3C[C@H]2CN3C(=O)CCCn2ccnc2)c1C,COC(=O)c1ccccc1Cn1cc([C@@H]2CCCN2C(=O)c2cnc(C)c(C(C)=O)c2)nn1,27,30,33,36,397.707794,,19,18,,,0,0,0,1,0,565,30,0,2249,3441,3441,1991,1134,2249,0,1983,976,2109,791,445,194,361,3411,1338,2103,653,1450,0,34,0
376,130,196,7266784,9156181,C[C@H](O)[C@H](C(=O)N1CCC(C)(CNC(=O)CCC2=CC=CC=C2F)C1)N(C)C,C[C@H]1CN(C2=NC3=CC=CC=C3N=C2NCCC2=CC=CC(C3CC3)=C2)C[C@H](C)O1,C[C@H](O)[C@H](C(=O)N1CCC(C)(CNC(=O)CCc2ccccc2F)C1)N(C)C,C[C@H]1CN(c2nc3ccccc3nc2NCCc2cccc(C3CC3)c2)C[C@H](C)O1,28,29,30,34,42.381905,,12,11,,,0,0,0,1,0,81,29,3,320,493,493,297,175,320,1,276,145,220,94,122,32,19,464,193,300,104,196,0,27,0
377,430,680,4050179,1599510,CN1C=CN=C1SCC1=CC=C(C(=O)N2CCC3=C(C=CN=C3N)C2)O1,OC1(CC2CC2)CCN(CC2=C(F)C(C(F)(F)F)=CC=C2Br)C1,Cn1ccnc1SCc1ccc(C(=O)N2CCc3c(ccnc3N)C2)o1,OC1(CC2CC2)CCN(Cc2c(Br)ccc(C(F)(F)F)c2F)C1,26,29,23,25,167.214966,,16,15,,,0,0,0,1,0,198,25,5,790,1172,1172,682,424,790,1,658,362,701,251,187,49,87,1147,503,669,179,490,0,32,0
378,962,388,9950067,9410350,COC1=CC=C(CN(CC2=NNC3=CC(C#N)=CC=C32)CC2CCCC(F)(F)C2)N=C1C,CCC1=CNC(=O)C(C(=O)N2CCN(C(=O)C3=CC(Cl)=CC=N3)CC3CCCCC32)=C1,COc1ccc(CN(Cc2n[nH]c3cc(C#N)ccc23)CC2CCCC(F)(F)C2)nc1C,CCc1c[nH]c(=O)c(C(=O)N2CCN(C(=O)c3cc(Cl)ccn3)CC3CCCCC32)c1,32,35,31,34,436.657166,,22,22,,,0,0,0,1,0,353,34,4,1406,1905,1905,1114,1811,1406,0,1055,556,1585,258,973,270,40,1871,903,1002,211,791,0,43,0
379,693,766,867295,2760909,CCC(CC)CCC(=O)NC(CC1CC1)C(=O)N(C)CC,CC1=C(C)CN(C2=NC=CC(NCC3=CC=CC4=C3C=NN4)=N2)C1,CCC(CC)CCC(=O)NC(CC1CC1)C(=O)N(C)CC,CC1=C(C)CN(c2nccc(NCc3cccc4[nH]ncc34)n2)C1,21,21,24,27,12.435673,,10,9,,,0,0,0,1,0,30,21,2,116,159,159,108,40,116,0,83,49,61,33,9,7,13,138,53,106,55,51,0,25,0
380,924,178,9497594,2897124,CC(CC(=O)NC[C@H]1C[C@H]1NC1=NC=NC2=CC([N+](=O)[O-])=CC=C21)C1=CC=CC(F)=C1,CCC(C)(CCCNC(=O)C1=CC=C(C#N)C=C1OC)C1OCCO1,CC(CC(=O)NC[C@H]1C[C@H]1Nc1ncnc2cc([N+](=O)[O-])ccc12)c1cccc(F)c1,CCC(C)(CCCNC(=O)c1ccc(C#N)cc1OC)C1OCCO1,31,34,25,26,47.188118,,13,12,,,0,0,0,1,0,78,26,7,311,389,389,276,100,311,2,253,165,182,88,6,4,18,363,179,210,97,113,0,21,0
381,630,582,4381149,8551964,C[C@H]1[C@H](CNC(=O)[C@@H]2C[C@@H](F)CN2C(=O)C2=CC=C(C(N)=O)O2)C1(F)F,C[C@H]1CCN(C2=NC3=C(CCCCC3)C(N3CCC4(CC3)COC(CO)C4)=N2)C1,C[C@H]1[C@H](CNC(=O)[C@@H]2C[C@@H](F)CN2C(=O)c2ccc(C(N)=O)o2)C1(F)F,C[C@H]1CCN(c2nc3c(c(N4CCC5(CC4)COC(CO)C5)n2)CCCCC3)C1,26,28,29,33,42.460106,,13,12,,,0,0,0,1,0,74,28,6,287,390,390,246,104,287,1,239,154,208,63,12,7,53,362,143,247,103,144,0,25,0
382,308,415,2580761,4561994,CC1=CC(NC(=O)C(C)NC(=O)C2CCC(=O)NC2)=CC(C)=C1O,O=C(CCCN1C=CC=N1)NC(CC1CCC1)C(=O)NCCC#CCO,Cc1cc(NC(=O)C(C)NC(=O)C2CCC(=O)NC2)cc(C)c1O,O=C(CCCn1cccn1)NC(CC1CCC1)C(=O)NCCC#CCO,24,25,26,27,63.806118,,14,13,,,0,0,0,1,0,167,25,0,641,920,920,545,244,641,0,535,247,525,252,69,21,67,895,401,519,144,375,0,25,0
383,561,853,499562,573979,CC(C)CCCCCNC(=O)C1=CN=C2CNCCN12,CC(CC#N)C(=O)N[C@@H](C)CNC(=O)C[C@@H](C)N(C)C,CC(C)CCCCCNC(=O)c1cnc2n1CCNC2,CC(CC#N)C(=O)N[C@@H](C)CNC(=O)C[C@@H](C)N(C)C,20,21,20,19,9.649356,,11,10,,,0,0,0,1,0,38,19,1,145,180,180,129,77,145,0,114,68,105,43,1,0,4,161,80,100,49,51,0,18,0
384,0,311,9321037,5615921,CC(NC(=O)NC1=CC=C(C2(C)NC(=O)N(C)C2=O)C=C1)C1=CC=C(S(C)(=O)=O)C=C1,COC(=O)NC1CN(C(=O)C2=CC(CNC(=O)C3(CC(C)=O)CC3)=CS2)C1,CC(NC(=O)Nc1ccc(C2(C)NC(=O)N(C)C2=O)cc1)c1ccc(S(C)(=O)=O)cc1,COC(=O)NC1CN(C(=O)c2cc(CNC(=O)C3(CC(C)=O)CC3)cs2)C1,31,33,27,29,31.948698,,11,10,,,0,0,0,1,0,66,29,2,258,408,408,227,192,258,0,205,81,293,100,51,19,48,379,121,287,106,181,0,28,0
385,293,215,7830326,6920235,CCCN1C=C(NC(=O)N(CC2=NN(CC)N=C2)CC2CCC23CCC3)C=N1,C#CC1(C(=O)NCC(CCC)CCCC)CCN(C(=O)C2=NOC=C2C)CC1,CCCn1cc(NC(=O)N(Cc2cnn(CC)n2)CC2CCC23CCC3)cn1,C#CC1(C(=O)NCC(CCC)CCCC)CCN(C(=O)c2nocc2C)CC1,28,31,28,29,44.446697,,12,11,,,0,0,0,1,0,78,29,3,310,432,432,246,288,310,0,223,110,355,95,86,15,23,403,128,304,118,186,0,26,0
386,440,804,3107984,9544173,CC1=NC(CNC(=O)N2CCC(N3C=CN=N3)CC2)=C2CCCCN12,CC(=O)NC1=CN=C(C)C(C(=O)N(CC2=CN(C3=CC=C(Cl)C(F)=C3)N=N2)C2CC2)=C1,Cc1nc(CNC(=O)N2CCC(n3ccnn3)CC2)c2n1CCCC2,CC(=O)Nc1cnc(C)c(C(=O)N(Cc2cn(-c3ccc(Cl)c(F)c3)nn2)C2CC2)c1,25,28,31,34,47.609711,,13,12,,,0,0,0,1,0,79,28,0,312,427,427,263,228,312,0,239,140,288,74,72,21,55,399,165,262,98,164,0,28,0
387,593,621,247809,1945448,CN1N=CC(CNCCC2=CNN=N2)=C1S(N)(=O)=O,COCC(C)N1C=C(COCC(=O)N(C)CC2CCCC2)N=N1,Cn1ncc(CNCCc2c[nH]nn2)c1S(N)(=O)=O,COCC(C)n1cc(COCC(=O)N(C)CC2CCCC2)nn1,19,20,23,24,5.165554,,7,6,,,0,0,0,1,0,25,20,4,88,116,116,78,23,88,0,70,42,40,20,0,0,7,96,41,75,37,38,0,16,0
388,670,329,1785915,2878372,C=CC(CC)C(=O)N[C@@H](CC(=C)C)C(=O)N[C@@H](C)C1=CSC=N1,CC(C)C(=O)C1=CN=CC=C1NC(=O)COC1=CC=C(C#N)C=C1Cl,C=CC(CC)C(=O)N[C@@H](CC(=C)C)C(=O)N[C@@H](C)c1cscn1,CC(C)C(=O)c1cnccc1NC(=O)COc1ccc(C#N)cc1Cl,23,23,25,26,9.050795,,9,8,,,0,0,0,1,0,28,23,4,109,158,158,92,84,109,0,79,40,115,31,11,2,20,135,45,113,47,66,0,19,0
389,476,452,1462587,4615591,CC(C)(NC(=O)C1=CC2=CC=CC=C2C=N1)C1=CC(Br)=CC=N1,CN(CCOCCC(=O)NCC(F)C1=CC=CC=C1)C(=O)[C@@H]1CCOC1,CC(C)(NC(=O)c1cc2ccccc2cn1)c1cc(Br)ccn1,CN(CCOCCC(=O)NCC(F)c1ccccc1)C(=O)[C@@H]1CCOC1,23,25,26,27,25.657991,,12,11,,,0,0,0,1,0,73,25,1,268,375,375,241,129,268,0,216,128,189,73,45,16,28,350,143,232,98,134,0,24,0
390,452,691,4615591,1837898,CN(CCOCCC(=O)NCC(F)C1=CC=CC=C1)C(=O)[C@@H]1CCOC1,CC(F)CC(=O)NCCC(C)(C)C(=O)N1CCC12CCSCC2,CN(CCOCCC(=O)NCC(F)c1ccccc1)C(=O)[C@@H]1CCOC1,CC(F)CC(=O)NCCC(C)(C)C(=O)N1CCC12CCSCC2,26,27,23,24,29.319773,,12,11,,,0,0,0,1,0,70,24,2,270,463,463,224,449,270,1,213,113,334,64,324,25,24,439,122,341,102,239,0,27,0
391,218,523,9306769,9042743,NC(=O)C1CCCN(CCCNC(=O)NC(C2=CC=C(Cl)C=C2)C2=CC=C(Cl)C=C2)C1,COCCCC(=O)NCC(=O)N1CCC(NC2=CC=C([N+](=O)[O-])C(C(F)F)=C2)CC1,NC(=O)C1CCCN(CCCNC(=O)NC(c2ccc(Cl)cc2)c2ccc(Cl)cc2)C1,COCCCC(=O)NCC(=O)N1CCC(Nc2ccc([N+](=O)[O-])c(C(F)F)c2)CC1,31,33,30,31,52.620937,,12,11,,,0,0,0,1,0,88,31,6,345,530,530,308,156,345,0,298,149,332,130,12,4,62,499,197,333,111,222,0,27,0
392,484,812,2194018,7391471,CCOC(=O)[C@H]1C[C@@H]1C(=O)OCCN1C2=CC=C(Br)C=C2N=C1N,C=C1CCC(C(=O)N2CC3CN(C(=O)C4=C(F)C=NC=C4C)CC(C2)O3)CC1,CCOC(=O)[C@H]1C[C@@H]1C(=O)OCCn1c(N)nc2cc(Br)ccc21,C=C1CCC(C(=O)N2CC3CN(C(=O)c4c(C)cncc4F)CC(C2)O3)CC1,24,26,28,31,32.796036,,13,12,,,0,0,0,1,0,58,26,1,223,382,382,211,85,223,0,207,117,191,66,39,3,53,356,154,228,57,171,0,25,0
393,922,982,7781499,1527277,CCCCCCN(CC1=CC=C2NC(=O)OC2=C1)CC1=CC=C(OC)N=C1C,CCC1CN(C2=NC=C(C3=CC(OC)=CC=C3)S2)CCC1(F)F,CCCCCCN(Cc1ccc2[nH]c(=O)oc2c1)Cc1ccc(OC)nc1C,CCC1CN(c2ncc(-c3cccc(OC)c3)s2)CCC1(F)F,28,30,23,25,15.421389,,9,9,,,0,0,0,1,0,47,25,4,178,221,221,149,91,178,1,133,81,123,41,15,6,19,196,101,120,48,72,0,21,0
394,815,753,3432128,3617621,C[C@@H]1C[C@@H](C(=O)NCC2=CC=CC=C2O)N(C(=O)CC2CC=CC2)C1,CCN(C(=O)C1=NC=CC=N1)C1CCN(C(=O)C2=CC(C)(C)C2)CC1,C[C@@H]1C[C@@H](C(=O)NCc2ccccc2O)N(C(=O)CC2CC=CC2)C1,CCN(C(=O)c1ncccn1)C1CCN(C(=O)C2=CC(C)(C)C2)CC1,25,27,25,27,86.486435,,13,12,,,0,0,0,1,0,174,27,1,690,1069,1069,646,116,690,0,629,307,415,268,96,45,60,1042,426,643,220,423,0,27,0
395,173,674,4765778,1957771,COCC1(CC(=O)N(CCNC(=O)C2=CN(C)C(=O)N2C)C(C)C)CC1,CC1=CN=C(NCCC2=CNN=N2)N=C1N1CCC(CF)CC1,COCC1(CC(=O)N(CCNC(=O)c2cn(C)c(=O)n2C)C(C)C)CC1,Cc1cnc(NCCc2c[nH]nn2)nc1N1CCC(CF)CC1,26,27,23,25,20.955713,,10,9,,,0,0,0,1,0,64,25,3,250,349,349,217,72,250,0,204,112,164,76,13,7,32,324,130,219,87,132,0,23,0
396,86,290,2966459,7838366,COC(=O)[C@@H]1CCC[C@@H]1NC(=O)C1CCC2=CC=CC=C2N(C)C1=O,C[C@@H]1CN(C)C(=O)CN1C(C(=O)NCCOCC1=CC=CC=C1)C1=CSN=N1,COC(=O)[C@@H]1CCC[C@@H]1NC(=O)C1CCc2ccccc2N(C)C1=O,C[C@@H]1CN(C)C(=O)CN1C(C(=O)NCCOCc1ccccc1)c1csnn1,25,27,28,30,47.238327,,8,7,,,0,0,0,1,0,94,27,0,363,607,607,317,116,363,0,309,133,346,150,32,7,96,580,163,444,154,290,0,27,0
397,527,679,416008,46259,COC1(CNC2=NC=C(C#N)N2C)CC(C)CC(C)C1,COC(C)(C)CC(=O)NCC(C)N1C=CC=N1,COC1(CNc2ncc(C#N)n2C)CC(C)CC(C)C1,COC(C)(C)CC(=O)NCC(C)n1cccn1,20,21,17,17,2.719038,,7,6,,,0,0,0,1,0,20,17,2,78,95,95,72,14,78,0,68,47,14,6,6,4,0,78,37,58,35,23,0,15,0
398,648,634,7753473,8570018,CC1C(CN(CC2=CC=C(CF)C=C2)C(=O)CNC(=O)CN(C)C)CC1(C)C,C1=NC=NC(N2CC(NC3=NC(N4CCCN(C5CCCC5)CC4)=NC=N3)C2)=C1,CC1C(CN(Cc2ccc(CF)cc2)C(=O)CNC(=O)CN(C)C)CC1(C)C,c1cc(N2CC(Nc3ncnc(N4CCCN(C5CCCC5)CC4)n3)C2)ncn1,28,29,29,33,103.087616,,13,12,,,0,0,0,1,0,116,29,3,455,720,720,415,122,455,0,384,166,309,176,84,47,58,691,278,442,137,305,0,35,0
399,343,95,748696,9309198,CC(C)C1=CC=C2OCC[C@H](NCCN3C=CN=N3)C2=C1,COC1=CC=C(CC2CCN(C(=O)C3=CC=C(N4C=NC5=CC=CC=C54)C=C3)C2)C=C1,CC(C)c1ccc2c(c1)[C@@H](NCCn1ccnn1)CCO2,COc1ccc(CC2CCN(C(=O)c3ccc(-n4cnc5ccccc54)cc3)C2)cc1,21,23,31,35,172.097839,,14,13,,,0,0,0,1,0,164,23,2,655,974,974,571,277,655,1,559,306,449,200,209,44,43,951,356,618,215,403,0,21,0
400,838,974,5886891,3767260,COC1(C)CN(CC(=O)N(C)C2CCN(C(=O)C3=CC(C#N)=CN3)CC2)C1,CN(CC1=CN(CCC(=O)O)N=N1)C(=O)CCCN1C=CC=CC1=O,COC1(C)CN(CC(=O)N(C)C2CCN(C(=O)c3cc(C#N)c[nH]3)CC2)C1,CN(Cc1cn(CCC(=O)O)nn1)C(=O)CCCn1ccccc1=O,27,29,25,26,24.961185,,13,12,,,0,0,0,1,0,65,26,2,252,302,302,224,82,252,0,196,127,100,52,34,21,6,276,114,188,110,78,0,28,0
401,769,240,2464715,7246223,CCCOCC(=O)N1CCC2CC2(C(=O)NCC2(O)CSC2)CC1,CC(C)C(F)C(=O)N1CCN(C(=O)C2=COC3=CC=CC=C32)CC1C1CCC1,CCCOCC(=O)N1CCC2CC2(C(=O)NCC2(O)CSC2)CC1,CC(C)C(F)C(=O)N1CCN(C(=O)c2coc3ccccc23)CC1C1CCC1,24,26,28,31,103.087814,,12,11,,,0,0,0,1,0,124,26,2,488,994,994,444,669,488,1,421,180,736,168,456,72,106,968,256,738,188,550,0,26,0
402,688,317,5365216,5061301,CCN(CC)CC1CCN(C(=O)NC2=CC(C(=O)OC)=CN3C=CN=C23)C1,CC1(C(=O)N(CC2=CC(F)=CC=C2O)C[C@@H]2CCC(=O)N2)CCCCC1,CCN(CC)CC1CCN(C(=O)Nc2cc(C(=O)OC)cn3ccnc23)C1,CC1(C(=O)N(Cc2cc(F)ccc2O)C[C@@H]2CCC(=O)N2)CCCCC1,27,29,26,28,135.376648,,13,12,,,0,0,0,1,0,127,28,1,497,1006,1006,451,253,497,0,408,127,603,210,175,87,196,978,200,806,251,555,0,27,0
403,230,825,980564,6852006,COC1=CC2=NC=C(C(=O)NC3=CC(Cl)=CC(Cl)=N3)N2C=C1,CC1=NOC(CC(=O)N2CC(OCCC(=O)NCC3=CC=C(F)N=C3C)C2)=C1,COc1ccn2c(C(=O)Nc3cc(Cl)cc(Cl)n3)cnc2c1,Cc1cc(CC(=O)N2CC(OCCC(=O)NCc3ccc(F)nc3C)C2)on1,22,24,28,30,37.936939,,13,12,,,0,0,0,1,0,71,24,2,280,504,504,257,167,280,0,241,108,312,122,78,5,63,480,171,333,86,247,0,22,0
404,203,150,5641571,6358870,C=CCC(CNC(=O)CCC1=NN(C)C=C1)C(=O)N1CCC2(CCCC2)C1,CCC1=NNC(C(=O)N(CCCNC(N)=O)CC2=CC(C)=CC(F)=C2)=C1C,C=CCC(CNC(=O)CCc1ccn(C)n1)C(=O)N1CCC2(CCCC2)C1,CCc1n[nH]c(C(=O)N(CCCNC(N)=O)Cc2cc(C)cc(F)c2)c1C,27,29,27,28,164.341354,,15,14,,,0,0,0,1,0,182,28,1,714,1067,1067,607,475,714,0,578,287,704,243,202,50,71,1039,412,655,195,460,0,29,0
405,25,47,7637054,3282808,C=C1CC2CC1CN2C1=NC(N2CCOC(C3=CC=C(C)S3)C2)=NC(NC)=N1,CCO[C@@H]1CCC[C@H]1NC(=O)C1CCCN1C(=O)C12CCC(CC1)C2,C=C1CC2CC1CN2c1nc(NC)nc(N2CCOC(c3ccc(C)s3)C2)n1,CCO[C@@H]1CCC[C@H]1NC(=O)C1CCCN1C(=O)C12CCC(CC1)C2,28,32,25,28,63.603577,,11,10,,,0,0,0,1,0,144,28,2,565,908,908,506,184,565,0,495,248,478,183,79,49,129,880,308,600,198,402,0,35,0
406,250,486,970568,5472619,CC1=CC=C(F)C=C1NC(=O)CC(C1=CC=CC=C1)C(C)C,C#CCOC1=CC(CNC(=O)C(=O)N2CCCCCC2C(=O)NC)=CC=C1,Cc1ccc(F)cc1NC(=O)CC(c1ccccc1)C(C)C,C#CCOc1cccc(CNC(=O)C(=O)N2CCCCCC2C(=O)NC)c1,22,23,27,28,33.110344,,11,10,,,0,0,0,1,0,86,23,1,340,451,451,298,99,340,0,282,166,174,87,54,23,14,428,184,267,114,153,0,29,0
407,625,870,5436299,1277142,CCC(C)C(NC(=O)C1=CC=C(NS(=O)(=O)C2=CC=CC=C2)C=C1)C(=O)O,CC/C=C/CC(=O)N[C@@H](COC)C(=O)NC1=CC(O)=CC=C1,CCC(C)C(NC(=O)c1ccc(NS(=O)(=O)c2ccccc2)cc1)C(=O)O,CC/C=C/CC(=O)N[C@@H](COC)C(=O)Nc1cccc(O)c1,27,28,22,22,14.774808,,10,9,,,0,0,0,1,0,48,22,1,192,259,259,171,87,192,1,158,87,142,60,12,3,17,237,115,144,56,88,0,22,0
408,786,74,8429886,7720307,CC(F)(CNC(=O)[C@H]1CC[C@H](C2=CC=CC=C2)C1)CNC1=NC=C2SC=CC2=N1,O=C1CCC(CC(=O)N(CCN2C=CC=CC2=O)CC2=CC(F)=CC(F)=C2)N1,CC(F)(CNC(=O)[C@H]1CC[C@H](c2ccccc2)C1)CNc1ncc2sccc2n1,O=C1CCC(CC(=O)N(CCn2ccccc2=O)Cc2cc(F)cc(F)c2)N1,29,32,28,30,85.269234,,13,12,,,0,0,0,1,0,118,30,0,469,761,761,423,163,469,0,400,177,409,214,61,2,60,731,324,437,99,338,0,31,0
409,466,424,3997278,6107964,O=C(/C=C/C1=CC=CC=C1)C(=O)NC1=CC=CC2=C(C3CC3)C=CC=C12,O=C(CCC1=CN=CO1)NC[C@H]1CCCN(C(=O)CN2CCOCC2=O)C1,O=C(/C=C/c1ccccc1)C(=O)Nc1cccc2c(C3CC3)cccc12,O=C(CCc1cnco1)NC[C@H]1CCCN(C(=O)CN2CCOCC2=O)C1,26,29,27,29,43.168739,,11,10,,,0,0,0,1,0,81,29,1,322,587,587,294,36,322,0,277,118,258,141,42,7,100,558,211,376,83,293,0,30,0
410,907,644,6101477,7872633,CN(C(=O)C1=CC(C(N)=O)=CO1)[C@H]1CCN(C(=O)CCC2CCOCC2)C1,CC1=CC=C(CCN(CC2CCCO2)C(=O)CSC2=CC=C([N+](=O)[O-])C=C2)C=C1,CN(C(=O)c1cc(C(N)=O)co1)[C@H]1CCN(C(=O)CCC2CCOCC2)C1,Cc1ccc(CCN(CC2CCCO2)C(=O)CSc2ccc([N+](=O)[O-])cc2)cc1,27,29,29,31,38.660057,,11,11,,,0,0,0,1,0,98,29,0,389,583,583,351,124,389,0,331,158,279,132,47,32,48,554,237,346,114,232,0,32,0
411,589,199,6811291,4455554,CCCC1(CO)CCCN1C(=O)C(=O)NC(CSC)CC1=CC=C(F)C=C1F,CCOCC1(C(=O)N[C@H]2CC[C@H](CC(=O)N(C)[C@H]3CCOC3=O)C2)CC1,CCCC1(CO)CCCN1C(=O)C(=O)NC(CSC)Cc1ccc(F)cc1F,CCOCC1(C(=O)N[C@H]2CC[C@H](CC(=O)N(C)[C@H]3CCOC3=O)C2)CC1,28,29,26,28,65.448364,,11,10,,,0,0,0,1,0,123,28,0,489,791,791,425,243,489,0,414,160,512,223,69,14,74,763,271,520,154,366,0,30,0
412,735,713,8858626,1020902,COC[C@H]1CC[C@@H]1C(=O)N[C@H](CC1CCOCC1)C(=O)N(C)CC1(OC)CCCC1,CCCCC1=NC(C)=C(C(=O)N(C)C2CN(C)S(=O)(=O)C2)S1,COC[C@H]1CC[C@@H]1C(=O)N[C@H](CC1CCOCC1)C(=O)N(C)CC1(OC)CCCC1,CCCCc1nc(C)c(C(=O)N(C)C2CN(C)S(=O)(=O)C2)s1,30,32,22,23,10.262590,,11,10,,,0,0,0,1,0,37,23,6,132,148,148,108,66,132,2,93,69,84,22,0,0,11,125,55,93,53,40,0,17,0
413,393,506,789945,3999241,COC1=CSC(C(=O)NCC2=CN=C(C(=O)O)C=C2C)=C1,COC(=O)[C@@H](CC1=NNC=C1)NC(=O)C1CCCN(C(=O)C(C)(C)C)C1,COc1csc(C(=O)NCc2cnc(C(=O)O)cc2C)c1,COC(=O)[C@@H](Cc1cc[nH]n1)NC(=O)C1CCCN(C(=O)C(C)(C)C)C1,21,22,26,27,35.415054,,16,15,,,0,0,0,1,0,79,22,2,302,361,361,254,260,302,0,216,135,259,71,81,28,0,339,153,208,101,107,0,22,0
414,409,249,265056,4332357,COCC1=NC=CC(CN2CC[C@H](O)[C@@H]2C2CC2)=N1,CC(CC(=O)NC1(C(=O)NC(C)CCN(C)C)CCCCC1)CN(C)C,COCc1nccc(CN2CC[C@H](O)[C@@H]2C2CC2)n1,CC(CC(=O)NC1(C(=O)NC(C)CCN(C)C)CCCCC1)CN(C)C,19,21,26,26,38.953156,,13,12,,,0,0,0,1,0,89,21,3,339,504,504,301,153,339,0,273,129,257,135,78,19,13,483,194,310,107,203,0,20,0
415,151,671,6361710,6371504,CSCCCN(CC1=NN(C)C2=CC=CC=C21)C(=O)C1=C(C2CC2)C=CO1,CC1=CC=CC=C1CN(CC[C@H]1CCO[C@H]1C)C(=O)COC1CCCOC1,CSCCCN(Cc1nn(C)c2ccccc12)C(=O)c1occc1C1CC1,Cc1ccccc1CN(CC[C@H]1CCO[C@H]1C)C(=O)COC1CCCOC1,27,30,27,29,275.548767,,20,19,,,0,0,0,1,0,216,29,0,851,1379,1379,743,612,851,0,711,358,710,220,507,136,69,1350,609,770,134,636,0,35,0
416,704,5,5775328,2557616,CC(C)(CNC(=O)[C@H]1C[C@H](N=[N+]=[N-])CN1C(=O)CC1(C#N)CC1)CC(F)F,CC1=COC(CNC(=O)[C@H]2CC=CC[C@H]2NC(=O)C=CC2CC2)=N1,CC(C)(CNC(=O)[C@H]1C[C@H](N=[N+]=[N-])CN1C(=O)CC1(C#N)CC1)CC(F)F,Cc1coc(CNC(=O)[C@H]2CC=CC[C@H]2NC(=O)C=CC2CC2)n1,27,28,24,26,15.755456,,12,11,,,0,0,0,1,0,42,26,4,146,177,177,117,102,146,2,96,60,120,35,14,0,16,151,62,115,55,60,0,23,0
417,914,768,7709021,5597798,C#CC1=CC=C(CN(CCCOCC2CCC2)C(=O)C2CCCOC2C)C=C1,CC1(CCC(=O)N2CCS(=N)(=O)CC2)CN(C(=O)[C@@H]2CC[C@H](C(N)=O)C2)C1,C#Cc1ccc(CN(CCCOCC2CCC2)C(=O)C2CCCOC2C)cc1,CC1(CCC(=O)N2CCS(=N)(=O)CC2)CN(C(=O)[C@@H]2CC[C@H](C(N)=O)C2)C1,28,30,27,29,159.006958,,16,15,,,0,0,0,1,0,241,29,4,960,1340,1340,787,810,960,0,764,396,1114,337,215,29,89,1311,585,755,202,553,0,36,0
418,881,788,2480057,3169914,COC1(C(=O)NC(C)CSC)CCN(C(=O)CCC2OCCO2)C1,CC(C)(C)C1=CC=C(NC(=O)[C@H]2CNC[C@@H]2C(C)(C)C)C=C1[N+](=O)[O-],COC1(C(=O)NC(C)CSC)CCN(C(=O)CCC2OCCO2)C1,CC(C)(C)c1ccc(NC(=O)[C@H]2CNC[C@@H]2C(C)(C)C)cc1[N+](=O)[O-],24,25,25,26,24.080044,,13,12,,,0,0,0,1,0,45,25,8,171,279,279,153,198,171,2,127,49,209,45,91,42,23,254,57,222,96,126,0,22,0
419,906,109,80879,4573591,CC(C)(NCC1=CC(O)=CC=C1)C1=NC=CS1,CC(=O)NC1CN(C(=O)[C@@H]2CN(C(=O)[C@H]3NC(=O)OC3(C)C)CCO2)C1,CC(C)(NCc1cccc(O)c1)c1nccs1,CC(=O)NC1CN(C(=O)[C@@H]2CN(C(=O)[C@H]3NC(=O)OC3(C)C)CCO2)C1,17,18,26,28,12.381098,,9,8,,,0,0,0,1,0,29,18,2,109,168,168,96,32,109,1,85,44,81,32,6,4,30,150,36,132,60,72,0,16,0
420,797,435,4460729,8099950,CCC(C)ONC(=O)[C@@H]1C[C@H](CC)CCN1C(=O)C1=CC=C(OC)N=C1,COC1=CC(NC(=O)C2CC3(CCC3)CN2C(=O)C2CCCOCC2)=CC=C1C,CCC(C)ONC(=O)[C@@H]1C[C@H](CC)CCN1C(=O)c1ccc(OC)nc1,COc1cc(NC(=O)C2CC3(CCC3)CN2C(=O)C2CCCOCC2)ccc1C,26,27,29,32,249.973633,,20,19,,,0,0,0,1,0,241,27,1,964,1557,1557,828,1374,964,1,795,361,1210,208,866,233,79,1530,708,849,120,729,0,36,0
421,224,180,3745793,5029912,CS(=O)(=O)CC1(CCN2C(=O)CCN(CC3CC4CC4C3)C2=O)CC1,NC(=O)[C@H]1C[C@H]1C(=O)N(CC1=NNC2=CC=CC=C21)C[C@H]1COCCO1,CS(=O)(=O)CC1(CCN2C(=O)CCN(CC3CC4CC4C3)C2=O)CC1,NC(=O)[C@H]1C[C@H]1C(=O)N(Cc1n[nH]c2ccccc12)C[C@H]1COCCO1,25,28,26,29,53.225651,,13,12,,,0,0,0,1,0,115,28,4,454,675,675,401,194,454,0,375,175,358,160,78,42,49,647,251,424,150,274,0,26,0
422,823,980,208121,5308922,CCN1C=CC(C(=O)NC(C)C2(C)CCC2)=CC1=O,O=C(CCN1N=NC2=CC=CC=C2C1=O)N1CCC2(CCCCCC2)CC1,CCn1ccc(C(=O)NC(C)C2(C)CCC2)cc1=O,O=C(CCn1nnc2ccccc2c1=O)N1CCC2(CCCCCC2)CC1,19,20,27,30,42.678459,,11,10,,,0,0,0,1,0,89,20,0,352,566,566,305,219,352,0,275,123,361,135,99,27,56,546,213,353,92,261,0,23,0
423,712,530,4406000,4785432,CN1CCC(C(=O)N2CCOCCC2C(=O)NC2CC(=O)NC2=O)CC1,CCC(CC(=O)N[C@H](CO)[C@H](C)NC(=O)C1=CC=NNC1=O)CN(C)C,CN1CCC(C(=O)N2CCOCCC2C(=O)NC2CC(=O)NC2=O)CC1,CCC(CC(=O)N[C@H](CO)[C@H](C)NC(=O)c1ccn[nH]c1=O)CN(C)C,26,28,26,26,64.834137,,18,17,,,0,0,0,1,0,105,26,1,412,539,539,323,447,412,1,301,168,476,118,158,12,11,513,212,327,111,216,0,25,0
424,475,51,553233,1637007,C=C1CCCN(C(=O)[C@@H]2CCN2C(=O)C2C=CCC2)C1,CCC1CN2CCCC2CN1C(=O)NCCOC1=CC=NC=C1,C=C1CCCN(C(=O)[C@@H]2CCN2C(=O)C2C=CCC2)C1,CCC1CN2CCCC2CN1C(=O)NCCOc1ccncc1,20,22,23,25,75.169777,,13,12,,,0,0,0,1,0,108,22,2,428,781,781,382,443,428,0,362,108,604,203,216,51,54,759,265,516,117,399,0,20,0
425,570,255,3634174,27530,O=C(C1CSC1)N1CC2CC(C1)N(C(=O)C1=CN3C=NN=C3C=C1)C2,CC1=C(CNCCNS(C)(=O)=O)C(Cl)=NN1,O=C(C1CSC1)N1CC2CC(C1)N(C(=O)c1ccc3nncn3c1)C2,Cc1[nH]nc(Cl)c1CNCCNS(C)(=O)=O,25,29,16,16,5.094841,,10,9,,,0,0,0,1,0,15,16,4,58,68,68,51,35,58,2,36,26,29,11,9,2,1,52,20,48,31,17,0,12,0
426,939,868,8477057,7961506,CN1N=CC2=CC(C(=O)N[C@H]3CCC[C@H]3C3=CN([C@H]4CC[C@H](N)C4)N=N3)=CN=C21,CN(C1=CC=C(CNC(=O)NC2=NC=CC=C2OCCF)C=C1)C1CCCCC1,Cn1ncc2cc(C(=O)N[C@H]3CCC[C@H]3c3cn([C@H]4CC[C@H](N)C4)nn3)cnc21,CN(c1ccc(CNC(=O)Nc2ncccc2OCCF)cc1)C1CCCCC1,29,33,29,31,195.070694,,15,14,,,0,0,0,1,0,157,31,3,621,996,996,551,309,621,0,524,290,605,176,115,57,169,965,348,648,203,445,0,33,0
427,124,467,10006801,4755768,CC(C)(C)OC(=O)N1CCC2=CC(COC(=O)COC3=CC=C4CCCCC4=C3)=CC=C2C1,CC1=CC(C)=C(C(=O)N[C@H](CNC(=O)/C=C/C2=COC=C2)CC(C)C)O1,CC(C)(C)OC(=O)N1CCc2cc(COC(=O)COc3ccc4c(c3)CCCC4)ccc2C1,Cc1cc(C)c(C(=O)N[C@H](CNC(=O)/C=C/c2ccoc2)CC(C)C)o1,33,36,26,27,25.525030,,11,10,,,0,0,0,1,0,44,27,1,170,251,251,149,129,170,1,125,52,171,67,33,4,26,224,68,183,81,102,0,26,0
428,136,820,5829771,1378260,CN1CC[C@H]2CN(C(=O)CNC(=O)CNC(=O)C3(N4C=CC=N4)CC3)C[C@H]21,CCOC1=CC=C(CN(CC(C)CC)C(=O)[C@H]2C[C@H]2C)C=C1,CN1CC[C@H]2CN(C(=O)CNC(=O)CNC(=O)C3(n4cccn4)CC3)C[C@H]21,CCOc1ccc(CN(CC(C)CC)C(=O)[C@H]2C[C@H]2C)cc1,27,30,22,23,48.546001,,10,9,,,0,0,0,1,0,57,23,2,226,438,438,184,153,226,1,162,64,310,70,73,29,121,415,80,358,104,254,0,21,0
429,475,683,553233,4203123,C=C1CCCN(C(=O)[C@@H]2CCN2C(=O)C2C=CCC2)C1,O=C(NC1=CC=CC(C2=CN=CO2)=C1)C(=O)NC1(C2CCCOC2)CC1,C=C1CCCN(C(=O)[C@@H]2CCN2C(=O)C2C=CCC2)C1,O=C(Nc1cccc(-c2cnco2)c1)C(=O)NC1(C2CCCOC2)CC1,20,22,26,29,22.096281,,16,15,,,0,0,0,1,0,61,22,2,238,331,331,201,161,238,0,179,81,257,96,9,4,28,309,133,198,68,130,0,20,0
430,543,572,4382667,6831905,CCN1C=C(NC(=O)[C@@H]2CCCN2C(=O)C2=CC=CC=C2O)C(C#N)=N1,CC(=O)N1C[C@@H]2C[C@H]1CN2C(=O)CN1CCN(C(=O)CN2CCSCC2)CC1,CCn1cc(NC(=O)[C@@H]2CCCN2C(=O)c2ccccc2O)c(C#N)n1,CC(=O)N1C[C@@H]2C[C@H]1CN2C(=O)CN1CCN(C(=O)CN2CCSCC2)CC1,26,28,28,31,357.882812,,16,15,,,0,0,0,1,0,241,28,3,957,1979,1979,780,493,957,1,766,281,1364,334,301,140,630,1951,551,1428,229,1199,0,26,0
431,609,324,4351004,7283187,O=C(NCC(O)C(=O)NC1=CC=C(F)C(CO)=C1)C1=CC(O)=CC(F)=C1,CC1=CC=CN=C1C(=O)N[C@@H]1COC[C@H]1CNC(=O)C1CC2CCC(C1)N2C,O=C(NCC(O)C(=O)Nc1ccc(F)c(CO)c1)c1cc(O)cc(F)c1,Cc1cccnc1C(=O)N[C@@H]1COC[C@H]1CNC(=O)C1CC2CCC(C1)N2C,26,27,28,31,152.109497,,20,19,,,0,0,0,1,0,135,27,2,528,781,781,466,376,528,0,435,243,466,160,198,38,18,754,299,482,167,315,0,29,0
432,972,773,4070462,5332740,CCC(CC)N1CC[C@@H](NS(=O)(=O)C2=CN=C(C3=CC=C(Br)C=C3)S2)C1,O=C(NC1=NN=C(C2CCCCC2)O1)C1CC(=O)N(C2=CC(F)=CC=C2)C1,CCC(CC)N1CC[C@@H](NS(=O)(=O)c2cnc(-c3ccc(Br)cc3)s2)C1,O=C(Nc1nnc(C2CCCCC2)o1)C1CC(=O)N(c2cccc(F)c2)C1,26,28,27,30,10.853154,,11,10,,,0,0,0,1,0,40,28,7,149,169,169,132,70,149,0,109,73,72,32,6,6,3,141,85,84,47,37,0,21,0
433,912,453,8238602,1371765,O=C(NC1COCCN(C(=O)C2=NN3C=CC=NC3=C2)C1)[C@H]1C[C@H]2O[C@@H]1[C@@H]1C[C@H]21,CCC1=C(CNC2=NC(NC3CCSCC3)=NC=C2)C=NN1,O=C(NC1COCCN(C(=O)c2cc3ncccn3n2)C1)[C@H]1C[C@H]2O[C@@H]1[C@@H]1C[C@@H]12,CCc1[nH]ncc1CNc1ccnc(NC2CCSCC2)n1,29,34,22,24,27.705477,,10,9,,,0,0,0,1,0,57,24,2,219,324,324,196,64,219,1,179,98,151,68,17,8,44,300,115,209,81,128,0,22,0
434,627,834,6195180,800527,CCC1=CC=C(O)C=C1C(=O)NC[C@@H](CO)NC1=NC=C(OC)C(SC)=N1,NC1=CC=C(CC(=O)NC2=CC=C(C3CC3)N=C2)C(F)=C1,CCc1ccc(O)cc1C(=O)NC[C@@H](CO)Nc1ncc(OC)c(SC)n1,Nc1ccc(CC(=O)Nc2ccc(C3CC3)nc2)c(F)c1,27,28,21,23,74.100235,,14,13,,,0,0,0,1,0,130,23,1,517,744,744,469,105,517,0,458,279,348,163,9,5,94,721,363,381,106,275,0,22,0
435,736,913,3920092,9854679,CCCCCCNC(=O)C(N1CCCC(C)(C)C1C#N)C1(CC)CC1,CCC(C)(CC1=CN(C2CCCCNC2=O)N=N1)C(=O)N1CCC(C)=C(C2=CC=CO2)C1,CCCCCCNC(=O)C(N1CCCC(C)(C)C1C#N)C1(CC)CC1,CCC(C)(Cc1cn(C2CCCCNC2=O)nn1)C(=O)N1CCC(C)=C(c2ccco2)C1,25,26,32,35,156.976135,,17,16,,,0,0,0,1,0,129,26,1,510,943,943,428,1379,510,0,374,175,732,77,1132,151,17,917,296,647,132,515,0,51,0
436,516,436,10102962,5343171,CC1=CC(N2CC(CCO)OC(C)(C)C2)=NC=C1S(=O)(=O)NC1CCC(C(=O)N(C)C)CC1,COCCN(C(=O)NC1=CC(C2=NC(C)=NO2)=CC=C1)C1CCCC(C)C1,Cc1cc(N2CC(CCO)OC(C)(C)C2)ncc1S(=O)(=O)NC1CCC(C(=O)N(C)C)CC1,COCCN(C(=O)Nc1cccc(-c2nc(C)no2)c1)C1CCCC(C)C1,33,35,27,29,118.345703,,15,14,,,0,0,0,1,0,136,29,1,538,891,891,467,308,538,0,435,213,542,178,158,48,131,862,380,511,87,424,0,35,0
437,850,928,8234603,8694168,CC1CC(NC(=O)CCC2=NN(C)C=C2)CN1C(=O)CC/C=C/C1=CC=CC=C1,CN1N=C(C2CC2)C=C1CN(CC1=C(Cl)SC=C1)C[C@H]1CO[C@@H]2CCCC[C@H]2O1,CC1CC(NC(=O)CCc2ccn(C)n2)CN1C(=O)CC/C=C/c1ccccc1,Cn1nc(C2CC2)cc1CN(Cc1ccsc1Cl)C[C@H]1CO[C@@H]2CCCC[C@H]2O1,29,31,29,33,28.081873,,14,13,,,0,0,0,1,0,72,31,3,287,342,342,243,120,287,1,211,129,155,73,31,13,14,311,117,225,126,99,0,28,0
438,561,456,499562,3254747,CC(C)CCCCCNC(=O)C1=CN=C2CNCCN12,CC1=C(C)SC(CNC(=O)CC(C)(C)CNC(=O)CC2OCCO2)=C1,CC(C)CCCCCNC(=O)c1cnc2n1CCNC2,Cc1cc(CNC(=O)CC(C)(C)CNC(=O)CC2OCCO2)sc1C,20,21,25,26,8.527867,,11,10,,,0,0,0,1,0,34,21,0,127,201,201,119,11,127,0,117,56,72,42,0,0,21,180,79,122,40,82,0,21,0
439,918,162,987717,2108996,COC(=O)C12CC(C(=O)N[C@@H](C)C3=CC=CO3)(C1)OC2(C)C,CC(C)[C@@H](C(=O)N1CCC2=CC=C(F)C=C2C1)C1=CC=C(Cl)C=C1,COC(=O)C12CC(C(=O)N[C@@H](C)c3ccco3)(C1)OC2(C)C,CC(C)[C@@H](C(=O)N1CCc2ccc(F)cc2C1)c1ccc(Cl)cc1,22,24,24,26,29.577637,,14,13,,,0,0,0,1,0,54,24,6,209,294,294,185,228,209,1,163,80,232,52,82,35,15,270,85,209,100,109,0,18,0
440,761,882,10150633,9656200,CN1CCC2(CCN(C(C(=O)NCCN3C=CN=C3)C3=CC=C(C(F)(F)C(F)(F)F)S3)C2)C1,COC1=C(C)C=CC=C1CN(CC1=CC=C(N2C=CN=C2)C=C1)CC1OCCC12CC2,CN1CCC2(CCN(C(C(=O)NCCn3ccnc3)c3ccc(C(F)(F)C(F)(F)F)s3)C2)C1,COc1c(C)cccc1CN(Cc1ccc(-n2ccnc2)cc1)CC1OCCC12CC2,33,36,31,35,417.736023,,17,16,,,0,0,0,1,0,326,35,4,1302,2123,2123,1130,513,1302,0,1101,481,1141,504,330,114,224,2088,753,1370,377,993,0,34,0
441,486,460,5472619,2206695,C#CCOC1=CC(CNC(=O)C(=O)N2CCCCCC2C(=O)NC)=CC=C1,CC(C)N1C=CC(CS(=O)(=O)C(C)C(=O)N(C)C2=CC=CC=C2)=N1,C#CCOc1cccc(CNC(=O)C(=O)N2CCCCCC2C(=O)NC)c1,CC(C)n1ccc(CS(=O)(=O)C(C)C(=O)N(C)c2ccccc2)n1,27,28,24,25,9.752295,,11,10,,,0,0,0,1,0,51,25,5,199,224,224,179,41,199,0,161,112,60,47,0,0,2,199,124,100,55,45,0,24,0
442,265,769,4857791,2464715,O=C(OC1=CC=CC=C1C1=CC=C2OCCC2=C1)[C@H]1CCO[C@@H]1C1CC1,CCCOCC(=O)N1CCC2CC2(C(=O)NCC2(O)CSC2)CC1,O=C(Oc1ccccc1-c1ccc2c(c1)CCO2)[C@H]1CCO[C@@H]1C1CC1,CCCOCC(=O)N1CCC2CC2(C(=O)NCC2(O)CSC2)CC1,26,30,24,26,5.441808,,9,8,,,0,0,0,1,0,14,26,7,53,67,67,45,79,53,3,30,13,46,9,30,4,1,41,16,51,29,22,0,19,0
443,253,860,1231139,4985995,COC1=CC=C(C(=O)C2CCCN2CC2=CC=C(Br)O2)C=C1,CN1N=C(CN(CCCOCC2CC2)C(=O)C2=CN=CC=C2O)C=C1Cl,COc1ccc(C(=O)C2CCCN2Cc2ccc(Br)o2)cc1,Cn1nc(CN(CCCOCC2CC2)C(=O)c2cnccc2O)cc1Cl,22,24,26,28,29.494061,,13,12,,,0,0,0,1,0,68,24,1,263,380,380,235,97,263,0,221,122,191,79,27,11,38,356,127,253,108,145,0,23,0
444,652,283,205531,4185089,CCC(NC(=O)C1=C(C)C=C(C#N)S1)C1=NN=CN1,CN(C)C1=CC=C(NC(=O)NNC(=O)NC2CCN(CCCO)C2)C=C1,CCC(NC(=O)c1sc(C#N)cc1C)c1nnc[nH]1,CN(C)c1ccc(NC(=O)NNC(=O)NC2CCN(CCCO)C2)cc1,19,20,26,27,8.415608,,10,9,,,0,0,0,1,0,22,20,3,79,128,128,74,46,79,0,59,24,61,23,19,10,11,108,27,101,47,54,0,17,0
445,784,796,1426711,7840005,CC(C(=O)NC1=NN(C)C(=O)N1C)N1C=NC2=C(N)N=CN=C21,CNC(=O)C(C1=C2COCCN2N=N1)N1CCC(OC2=CC=CC=C2C#N)C1,CC(C(=O)Nc1nn(C)c(=O)n1C)n1cnc2c(N)ncnc21,CNC(=O)C(c1nnn2c1COCC2)N1CCC(Oc2ccccc2C#N)C1,23,25,28,31,35.688972,,11,10,,,0,0,0,1,0,64,25,0,249,536,536,228,99,249,0,217,62,324,110,58,31,133,511,148,388,80,308,0,26,0
446,533,496,4112943,5028808,CCCC(NC(=O)C(C)S(=O)(=O)CC1=CC=C(Cl)C=N1)C1=CC=CC=C1,CO[C@H]1C[C@H](CN(CC2=NC3=C(CCC3)S2)C(=O)C(F)(F)C(C)(C)O)C1,CCCC(NC(=O)C(C)S(=O)(=O)Cc1ccc(Cl)cn1)c1ccccc1,CO[C@H]1C[C@H](CN(Cc2nc3c(s2)CCC3)C(=O)C(F)(F)C(C)(C)O)C1,26,27,26,28,31.277235,,15,14,,,0,0,0,1,0,77,27,3,302,422,422,267,113,302,0,249,143,189,84,49,16,36,395,207,215,60,155,0,24,0
447,641,244,9019778,5315419,CCOCC1=CN(C[C@H]2C[C@H](O)CN2C(=O)C2=CC(C3=CC=C(Br)C=C3)=NO2)N=N1,CC1=CC(C)=C(C(=O)OCC(=O)NN(C2=CC=CC=C2)C2=CC=CC=C2)N1,CCOCc1cn(C[C@H]2C[C@H](O)CN2C(=O)c2cc(-c3ccc(Br)cc3)no2)nn1,Cc1cc(C)c(C(=O)OCC(=O)NN(c2ccccc2)c2ccccc2)[nH]1,30,33,27,29,38.263344,,12,11,,,0,0,0,1,0,73,29,0,289,386,386,236,207,289,0,201,103,268,81,60,23,39,357,100,286,136,150,0,42,0
448,281,450,7360629,3479660,CCC1=NC(C)=C(C(=O)N2CCN(C(=O)C=CC3=CSC=C3)CC23CCC3)O1,CC(C)CCC(NC(=O)C1COCCO1)C(=O)NC1CCCCCC1,CCc1nc(C)c(C(=O)N2CCN(C(=O)C=Cc3ccsc3)CC23CCC3)o1,CC(C)CCC(NC(=O)C1COCCO1)C(=O)NC1CCCCCC1,28,31,25,26,65.531593,,16,15,,,0,0,0,1,0,99,26,0,386,589,589,353,169,386,0,321,165,258,100,120,62,53,563,231,358,122,236,0,39,0
449,79,730,483871,3192510,CN1N=CC(F)=C1CNC(=O)N1CCN2N=CC=C2C1,CC1(C)CCC(CC(=O)N(CC2CC2)C2=CC=C(C(=O)O)C=C2)CC1,Cn1ncc(F)c1CNC(=O)N1CCn2nccc2C1,CC1(C)CCC(CC(=O)N(CC2CC2)c2ccc(C(=O)O)cc2)CC1,20,22,25,27,5.787843,,9,8,,,0,0,0,1,0,25,22,3,91,128,128,81,34,91,0,74,45,56,17,3,0,13,106,51,77,30,47,0,19,0
450,292,240,9663046,7246223,CCCC1=CC=C(CN(CC2=NC(CC)=CO2)C(=O)NC2=C3N=CC=CN3N=C2)C=C1,CC(C)C(F)C(=O)N1CCN(C(=O)C2=COC3=CC=CC=C32)CC1C1CCC1,CCCc1ccc(CN(Cc2nc(CC)co2)C(=O)Nc2cnn3cccnc23)cc1,CC(C)C(F)C(=O)N1CCN(C(=O)c2coc3ccccc23)CC1C1CCC1,31,34,28,31,218.128738,,17,16,,,0,0,0,1,0,273,31,1,1091,1942,1942,1023,529,1091,0,990,433,1137,511,278,49,199,1911,863,1079,160,919,0,36,0
451,278,343,1541030,748696,COCC(COC)CS(=O)(=O)NNC(=O)C1=CC=C(C#N)C=N1,CC(C)C1=CC=C2OCC[C@H](NCCN3C=CN=N3)C2=C1,COCC(COC)CS(=O)(=O)NNC(=O)c1ccc(C#N)cn1,CC(C)c1ccc2c(c1)[C@@H](NCCn1ccnn1)CCO2,23,23,21,23,4.161100,,10,9,,,0,0,0,1,0,23,23,6,79,84,84,67,35,79,1,52,38,28,12,0,0,1,61,27,57,40,17,0,17,0
452,327,914,6018529,7709021,CCC1=NC=CC=C1C(=O)N1CC(NC(=O)C2=C(C)OCC2)CC12CCC2,C#CC1=CC=C(CN(CCCOCC2CCC2)C(=O)C2CCCOC2C)C=C1,CCc1ncccc1C(=O)N1CC(NC(=O)C2=C(C)OCC2)CC12CCC2,C#Cc1ccc(CN(CCCOCC2CCC2)C(=O)C2CCCOC2C)cc1,27,30,28,30,161.773712,,16,15,,,0,0,0,1,0,174,30,1,686,1603,1603,632,727,686,0,593,220,1008,238,658,145,240,1573,531,1072,101,971,0,32,0
453,553,82,4693304,2083033,C/C=C/CC(CC)C(=O)NCC12CC1CN(C(=O)CC1=C(C)C=CS1)C2,COCC1CCCCC1NC(=O)C1=CC=C(OC)C2=CN=CC=C12,C/C=C/CC(CC)C(=O)NCC12CC1CN(C(=O)Cc1sccc1C)C2,COCC1CCCCC1NC(=O)c1ccc(OC)c2cnccc12,26,28,24,26,200.429596,,17,16,,,0,0,0,1,0,227,26,4,907,1412,1412,804,465,907,0,779,419,812,288,233,75,145,1386,520,892,284,608,0,24,0
454,141,154,359532,10276769,CC[C@@H]1[C@H](C(=O)NC2=CN=C(OC)C(C)=C2)CCN1C,COC1=CC(OC)=C(C(=O)O)C=C1CNC1=CC=C(N2CCN(C(=O)OC(C)(C)C)CC2)C(F)=C1,CC[C@@H]1[C@H](C(=O)Nc2cnc(OC)c(C)c2)CCN1C,COc1cc(OC)c(C(=O)O)cc1CNc1ccc(N2CCN(C(=O)OC(C)(C)C)CC2)c(F)c1,20,21,35,37,55.404846,,15,14,,,0,0,0,1,0,78,21,0,306,459,459,275,223,306,0,249,107,324,132,60,15,35,438,195,264,80,184,0,21,0
455,236,392,687930,5671171,CS(=N)(=O)C1=CC=C(N2CCCC3(C=CCO3)CC2)N=C1,CC1(C)CC=C(C(=O)N[C@H]2C[C@@](C)(C(=O)N[C@H]3CCC[C@H]3N=[N+]=[N-])C2)CC1,CS(=N)(=O)c1ccc(N2CCCC3(C=CCO3)CC2)nc1,CC1(C)CC=C(C(=O)N[C@H]2C[C@@](C)(C(=O)N[C@H]3CCC[C@H]3N=[N+]=[N-])C2)CC1,21,23,27,29,18.705383,,12,11,,,0,0,0,1,0,42,23,6,158,223,223,141,51,158,1,132,76,107,48,3,0,17,200,96,127,45,82,0,17,0
456,710,156,198201,2819811,C#CC1CC(NC(=O)C2=CC3=C(Br)N=CN3C=C2)C1,CCC1(C(=O)N(CCC(F)CO)CC2=CN(CC(C)C)N=C2)CC1,C#CC1CC(NC(=O)c2ccn3cnc(Br)c3c2)C1,CCC1(C(=O)N(CCC(F)CO)Cc2cnn(CC(C)C)c2)CC1,19,21,24,25,59.538300,,12,11,,,0,0,0,1,0,94,21,2,373,638,638,306,39,373,0,297,137,344,150,6,0,164,617,248,390,58,332,0,23,0
457,723,219,2735746,6861264,CC[C@@H](CNC(=O)CC1=C(F)C=C(F)C(F)=N1)NS(=O)(=O)C(F)Cl,CC1(C#CC(=O)N2CCCC(C(=O)NC3=CN=C(C4CC4)N=C3)C2)CCCO1,CC[C@@H](CNC(=O)Cc1nc(F)c(F)cc1F)NS(=O)(=O)C(F)Cl,CC1(C#CC(=O)N2CCCC(C(=O)Nc3cnc(C4CC4)nc3)C2)CCCO1,24,24,28,31,12.015864,,12,11,,,0,0,0,1,0,36,24,9,131,163,163,120,26,131,0,106,74,44,31,0,0,3,139,63,100,57,43,0,15,0
458,65,424,1298607,6107964,C#CCN(C)C(=O)CC1(C)CCN(C(=O)CCCN(C)C)C1,O=C(CCC1=CN=CO1)NC[C@H]1CCCN(C(=O)CN2CCOCC2=O)C1,C#CCN(C)C(=O)CC1(C)CCN(C(=O)CCCN(C)C)C1,O=C(CCc1cnco1)NC[C@H]1CCCN(C(=O)CN2CCOCC2=O)C1,22,22,27,29,41.830463,,15,14,,,0,0,0,1,0,125,22,1,493,647,647,424,163,493,0,415,250,264,123,96,30,10,625,294,353,130,223,0,21,0
459,417,338,6853801,9637513,CCC(CNC(=O)C[C@H]1CC[C@H](NC(=O)C2CCC3(CC3)C2)CC1)C(C)(F)F,CC1=C2C=C(CN(CC3=CN(C4=CC=CC=C4)N=C3)CC3[C@H](C)[C@H]3C)C=CC2=NN1C,CCC(CNC(=O)C[C@H]1CC[C@H](NC(=O)C2CCC3(CC3)C2)CC1)C(C)(F)F,Cc1c2cc(CN(Cc3cnn(-c4ccccc4)c3)CC3[C@H](C)[C@H]3C)ccc2nn1C,28,30,31,35,264.434509,,15,14,,,0,0,0,1,0,241,30,4,949,1452,1452,810,396,949,1,788,416,798,306,208,62,168,1422,460,992,350,642,0,32,0
460,555,477,4745780,9197540,CSC1(C(=O)N[C@H]2CN(C(=O)[C@@H]3CCC[C@H](O)C3)C[C@@H]2C(F)F)CCC1,CC1=CON=C1CC(=O)N(CC1=CC(C(C)C)=CC=C1)CC1=CC(C2CC2)=NN1C,CSC1(C(=O)N[C@H]2CN(C(=O)[C@@H]3CCC[C@H](O)C3)C[C@@H]2C(F)F)CCC1,Cc1conc1CC(=O)N(Cc1cccc(C(C)C)c1)Cc1cc(C2CC2)nn1C,26,28,30,33,124.338058,,15,15,,,0,0,0,1,0,196,28,4,783,1143,1143,699,502,783,1,657,338,703,266,215,71,37,1115,543,600,156,444,0,27,0
461,425,63,9958200,6635203,COC1=CN=CC(NC(=O)N(CCC2=CNC3=CC=CC=C23)CC(C)C2CCOCC2)=C1,CCCCC1=NC=C(NC(=O)C(C)(O)C2CN(C(=O)OC(C)(C)C)C2)C(C)=N1,COc1cncc(NC(=O)N(CCc2c[nH]c3ccccc23)CC(C)C2CCOCC2)c1,CCCCc1ncc(NC(=O)C(C)(O)C2CN(C(=O)OC(C)(C)C)C2)c(C)n1,32,35,28,29,84.989937,,13,12,,,0,0,0,1,0,126,29,0,490,881,881,423,385,490,0,405,153,696,211,117,30,172,852,268,613,155,458,0,29,0
462,211,852,7225292,3728846,CC=CCCC(=O)NC[C@H]1C[C@H]2CC[C@@H](C1)N2C(=O)CCCC1=CC=NC=C1,CC[C@@H]1CN(C(=O)C2CCNC(=O)C2)C[C@@H]1NC1=CC=NC=C1C#N,CC=CCCC(=O)NC[C@H]1C[C@H]2CC[C@@H](C1)N2C(=O)CCCc1ccncc1,CC[C@@H]1CN(C(=O)C2CCNC(=O)C2)C[C@@H]1Nc1ccncc1C#N,28,30,25,27,71.126785,,15,14,,,0,0,0,1,0,137,27,1,539,782,782,476,240,539,1,440,229,421,178,97,43,56,755,346,436,130,306,0,27,0
463,430,398,4050179,7103894,CN1C=CN=C1SCC1=CC=C(C(=O)N2CCC3=C(C=CN=C3N)C2)O1,CCC1=CON=C1CC(=O)NCC1=C(C(=O)N2CCC(C(C)O)CC2)NC=C1,Cn1ccnc1SCc1ccc(C(=O)N2CCc3c(ccnc3N)C2)o1,CCc1conc1CC(=O)NCc1cc[nH]c1C(=O)N1CCC(C(C)O)CC1,26,29,28,30,212.112534,,17,16,,,0,0,0,1,0,257,29,2,1024,1624,1624,906,711,1024,1,876,425,1028,379,372,75,79,1595,691,933,215,718,0,37,0
464,926,788,1194359,3169914,CCC1=CC=C(CNC(=O)C2=CN=C(C(=O)O)C(Cl)=C2)N=C1,CC(C)(C)C1=CC=C(NC(=O)[C@H]2CNC[C@@H]2C(C)(C)C)C=C1[N+](=O)[O-],CCc1ccc(CNC(=O)c2cnc(C(=O)O)c(Cl)c2)nc1,CC(C)(C)c1ccc(NC(=O)[C@H]2CNC[C@@H]2C(C)(C)C)cc1[N+](=O)[O-],22,23,25,26,108.003181,,16,15,,,0,0,0,1,0,141,23,2,550,780,780,458,194,550,1,445,255,492,182,0,0,130,757,270,510,188,322,0,23,0
465,598,968,5494392,9459574,C=CCN(CC(=O)NC)C(=O)C1CN(C(=O)C2=CC=NC(CO)=C2)CCO1,COC[C@H](O)CN1C=C(C2CC23CCN(C(=O)CC2=CC=C(OC)C(Cl)=C2)CC3)N=N1,C=CCN(CC(=O)NC)C(=O)C1CN(C(=O)c2ccnc(CO)c2)CCO1,COC[C@H](O)Cn1cc(C2CC23CCN(C(=O)Cc2ccc(OC)c(Cl)c2)CC3)nn1,27,28,31,34,49.753723,,12,11,,,0,0,0,1,0,86,28,1,334,554,554,295,142,334,0,280,114,295,133,77,21,52,526,195,359,100,259,0,27,0
466,712,20,4406000,4572575,CN1CCC(C(=O)N2CCOCCC2C(=O)NC2CC(=O)NC2=O)CC1,CC1=C(CCNC(=O)C(NC(=O)[C@@H]2CC=C[C@H](O)C2)C2CCC2)N=CO1,CN1CCC(C(=O)N2CCOCCC2C(=O)NC2CC(=O)NC2=O)CC1,Cc1ocnc1CCNC(=O)C(NC(=O)[C@@H]1CC=C[C@H](O)C1)C1CCC1,26,28,26,28,168.743515,,19,18,,,0,0,0,1,0,248,28,0,985,1476,1476,871,678,985,0,847,383,1121,378,133,82,133,1448,622,854,249,605,0,30,0
467,877,901,1634311,8616169,C=C[C@H]1C[C@@H]1CNC(=O)NCC1=CC=C(C2=CC=CC=C2)C=C1,CCCC1=NNC(C(=O)N(CC[C@H]2CCC(=O)N2)CC2=NNC(C3CCC3)=C2)=C1,C=C[C@H]1C[C@@H]1CNC(=O)NCc1ccc(-c2ccccc2)cc1,CCCc1cc(C(=O)N(CC[C@H]2CCC(=O)N2)Cc2cc(C3CCC3)[nH]n2)[nH]n1,23,25,29,32,62.244354,,11,10,,,0,0,0,1,0,95,25,1,369,552,552,338,57,369,0,324,169,198,138,48,7,17,527,210,342,128,214,0,30,0
468,783,589,9628048,6811291,CC1=CN(CCN(CC2=CC=C(C)C3=C2CCC3)C(=O)C2=CC=CC(C#N)=C2O)N=C1,CCCC1(CO)CCCN1C(=O)C(=O)NC(CSC)CC1=CC=C(F)C=C1F,Cc1cnn(CCN(Cc2ccc(C)c3c2CCC3)C(=O)c2cccc(C#N)c2O)c1,CCCC1(CO)CCCN1C(=O)C(=O)NC(CSC)Cc1ccc(F)cc1F,31,34,28,29,119.732239,,15,14,,,0,0,0,1,0,148,29,4,577,828,828,514,251,577,1,483,276,469,188,63,25,90,799,348,480,166,314,0,27,0
469,389,488,7130093,2669399,CCCC1=CN=NC(C(=O)N[C@H]2COC[C@H]2N2C=C(CC(OC)OC)N=N2)=C1,CC1=CC=C(C(=O)N2CCN(C(=O)C3CCCN(C)C3)CC2C)O1,CCCc1cnnc(C(=O)N[C@H]2COC[C@H]2n2cc(CC(OC)OC)nn2)c1,Cc1ccc(C(=O)N2CCN(C(=O)C3CCCN(C)C3)CC2C)o1,28,30,24,26,89.643944,,16,15,,,0,0,0,1,0,185,26,0,735,1095,1095,682,243,735,0,665,315,614,330,16,11,60,1069,463,632,219,413,0,26,0
470,6,965,9819790,9227748,CC1=CC=C(C(C)C)C(C(=O)NC[C@H]2CC[C@H](CN3C=C(CN4C=CN=C4)N=N3)CC2)=C1,CCC1=C(CN(CC2=CN(CC3CCOC3)N=N2)CC2(C)CSCCO2)C=NN1C,Cc1ccc(C(C)C)c(C(=O)NC[C@H]2CC[C@H](Cn3cc(Cn4ccnc4)nn3)CC2)c1,CCc1c(CN(Cc2cn(CC3CCOC3)nn2)CC2(C)CSCCO2)cnn1C,32,35,30,33,39.796272,,15,15,,,0,0,0,1,0,77,33,6,305,385,385,248,214,305,4,215,108,255,95,63,18,18,352,147,238,101,137,0,27,0
471,360,305,7542303,10117801,CC(C)[C@H](NC(=O)C1CCN1C1CCCC1)C1=CN([C@H]2CC[C@H](N)CC2)N=N1,C#CCCC1CCN(C(C2=CN(C3=CC=CC(F)=C3)N=C2C)C2=NN=NN2CCC2CC2)C1,CC(C)[C@H](NC(=O)C1CCN1C1CCCC1)c1cn([C@H]2CC[C@H](N)CC2)nn1,C#CCCC1CCN(C(c2cn(-c3cccc(F)c3)nc2C)c2nnnn2CCC2CC2)C1,28,31,33,37,70.987770,,17,17,,,0,0,0,1,0,115,31,1,450,634,634,387,314,450,0,327,162,402,137,124,58,37,603,267,367,120,247,0,44,0
472,771,399,2346134,4889020,CN1N=CC=C1N1CCN(CC2=C(F)C3=CC=CC=C3C=C2)CC1,CCC1=CC=C(C(=O)N[C@H]2C[C@H]2NC2=NC(C)=CC=C2[N+](=O)[O-])C(C)=N1,Cn1nccc1N1CCN(Cc2ccc3ccccc3c2F)CC1,CCc1ccc(C(=O)N[C@H]2C[C@H]2Nc2nc(C)ccc2[N+](=O)[O-])c(C)n1,24,27,26,28,241.570282,,18,17,,,0,0,0,1,0,388,27,2,1547,2335,2335,1461,304,1547,0,1449,700,1019,723,132,13,7,2308,1217,1118,244,874,0,30,0
473,873,913,4690001,9854679,CN1CC(C(=O)NCCC2(O)CN(C(=O)C3=CC(C#N)=CS3)C2)CC1=O,CCC(C)(CC1=CN(C2CCCCNC2=O)N=N1)C(=O)N1CCC(C)=C(C2=CC=CO2)C1,CN1CC(C(=O)NCCC2(O)CN(C(=O)c3cc(C#N)cs3)C2)CC1=O,CCC(C)(Cc1cn(C2CCCCNC2=O)nn1)C(=O)N1CCC(C)=C(c2ccco2)C1,26,28,32,35,61.401100,,13,12,,,0,0,0,1,0,113,28,3,444,650,650,403,235,444,1,373,183,340,132,112,63,26,622,240,410,163,247,0,25,0
474,976,855,4398596,809260,CCC(CC)C(OC)C(=O)N1CCO[C@@H](C)[C@@H]1C(=O)NCC1=CN=CS1,CC(C)C1(C)CCC(NC(=O)C2=C3CNCC3=NN2C)C1,CCC(CC)C(OC)C(=O)N1CCO[C@@H](C)[C@@H]1C(=O)NCc1cncs1,CC(C)C1(C)CCC(NC(=O)c2c3c(nn2C)CNC3)C1,26,27,21,23,59.659828,,12,11,,,0,0,0,1,0,115,23,1,453,782,782,396,223,453,1,380,119,498,213,86,42,86,759,274,508,122,386,0,24,0
475,429,551,2046013,3108760,O=C(C1=CC=NC2=NC=NN12)N1CCC(COCC(F)(F)F)CC1,CC1=C(CCNC(=O)NCC(=O)N2CCCO2)C2=CC(Cl)=CC=C2N1,O=C(c1ccnc2ncnn12)N1CCC(COCC(F)(F)F)CC1,Cc1[nH]c2ccc(Cl)cc2c1CCNC(=O)NCC(=O)N1CCCO1,24,26,25,27,27.925922,,14,13,,,0,0,0,1,0,49,26,4,192,317,317,166,121,192,1,126,54,183,65,63,25,40,291,116,201,50,151,0,32,0
476,765,752,1085713,7186989,CN(CCC(O)C1=CC=CC=C1)S(=O)(=O)N1CCCC1(C)C,CCC1=CC(C(=O)N2CCCC[C@H]2CNC(=O)C2=CC=C(Cl)C=C2N)=NC=N1,CN(CCC(O)c1ccccc1)S(=O)(=O)N1CCCC1(C)C,CCc1cc(C(=O)N2CCCC[C@H]2CNC(=O)c2ccc(Cl)cc2N)ncn1,22,23,28,30,8.172115,,9,8,,,0,0,0,1,0,28,23,5,102,121,121,94,49,102,0,78,55,31,18,19,3,0,98,54,67,40,27,0,20,0
477,559,819,3629384,965724,CC(=O)NCC(=O)NC[C@H]1C[C@@](F)(CNC(=O)C(C)(C)CCCF)C1,NC[C@H]1C[C@H]1C(=O)NC1=NN(CC2=CC=C(Cl)C=C2)C=N1,CC(=O)NCC(=O)NC[C@H]1C[C@@](F)(CNC(=O)C(C)(C)CCCF)C1,NC[C@H]1C[C@H]1C(=O)Nc1ncn(Cc2ccc(Cl)cc2)n1,25,25,21,23,13.810108,,8,7,,,0,0,0,1,0,42,23,2,155,231,231,139,51,155,0,133,74,114,42,6,2,28,208,73,158,66,92,0,21,0
478,617,919,6120154,5243094,CCC(C(=O)NC[C@@H]1C[C@@H](F)CN1C(=O)C1=CC=C(F)C=C1)N1C=CC=N1,CC(CC(C)(C)O)C(=O)NC1CCCN(C2=CC=C(OC(F)F)C=C2)C1=O,CCC(C(=O)NC[C@@H]1C[C@@H](F)CN1C(=O)c1ccc(F)cc1)n1cccn1,CC(CC(C)(C)O)C(=O)NC1CCCN(c2ccc(OC(F)F)cc2)C1=O,27,29,27,28,132.873474,,18,17,,,0,0,0,1,0,229,28,3,911,1328,1328,826,436,911,0,794,431,635,276,275,94,6,1300,621,707,205,502,0,31,0
479,225,499,9996204,5522744,CCOC(=O)C1=C(C2=CN=CO2)N(C2=CC(C)=CC(C)=C2)C(=S)NC1C1=CC(C2CC2)=NO1,CC(C)(CNC(=O)C(C)(C)C(C)(C)O)CC(=O)NCC1CC/C=C\CCC1,CCOC(=O)C1=C(c2cnco2)N(c2cc(C)cc(C)c2)C(=S)NC1c1cc(C2CC2)no1,CC(C)(CNC(=O)C(C)(C)C(C)(C)O)CC(=O)NCC1CC/C=C\CCC1,33,37,27,27,35.332291,,10,9,,,0,0,0,1,0,55,27,0,215,303,303,205,67,215,0,188,113,104,62,34,3,4,276,91,212,114,98,0,28,0
480,224,279,3745793,4764529,CS(=O)(=O)CC1(CCN2C(=O)CCN(CC3CC4CC4C3)C2=O)CC1,CCN(CC)CCC(=O)NC1CCC12CCN(C(=O)C1=CNC=C1)CC2,CS(=O)(=O)CC1(CCN2C(=O)CCN(CC3CC4CC4C3)C2=O)CC1,CCN(CC)CCC(=O)NC1CCC12CCN(C(=O)c1cc[nH]c1)CC2,25,28,26,28,186.771286,,15,14,,,0,0,0,1,0,233,28,4,927,1572,1572,811,437,927,0,799,399,1015,346,154,42,283,1544,570,1002,241,761,0,28,0
481,446,497,3959197,5645193,CCC(C)OC1=CC=CC(NC(=O)C2=C3C=CC=CC3=NC(OC)=C2)=C1,CC(=O)N1CCCC1CNC(=O)C1=C(CNC(=O)[C@H]2CCN(C)C2)C=CS1,CCC(C)Oc1cccc(NC(=O)c2cc(OC)nc3ccccc23)c1,CC(=O)N1CCCC1CNC(=O)c1sccc1CNC(=O)[C@H]1CCN(C)C1,26,28,27,29,102.057823,,16,15,,,0,0,0,1,0,163,28,4,650,974,974,590,301,650,1,575,304,528,224,130,38,47,946,385,589,205,384,0,28,0
482,29,398,5500785,7103894,CCN(C(=O)CC1CC(NC(=O)C2=C(C)OC(CO)=C2)C1)C(C)C1CCC1,CCC1=CON=C1CC(=O)NCC1=C(C(=O)N2CCC(C(C)O)CC2)NC=C1,CCN(C(=O)CC1CC(NC(=O)c2cc(CO)oc2C)C1)C(C)C1CCC1,CCc1conc1CC(=O)NCc1cc[nH]c1C(=O)N1CCC(C(C)O)CC1,27,29,28,30,235.422348,,16,15,,,0,0,0,1,0,295,29,0,1178,2071,2071,1051,641,1178,0,1033,292,1329,598,303,132,144,2042,671,1400,380,1020,0,34,0
483,344,684,9516268,3714033,N#CC[C@@H](O)CN1C=C(C2=CC=CC(OCC(=O)NC3CCC4=NC=CN4C3)=C2)N=N1,CC(C)(C)OC(=O)NC12CC(CCOC(=O)CCC3=COC=N3)(C1)C2,N#CC[C@@H](O)Cn1cc(-c2cccc(OCC(=O)NC3CCc4nccn4C3)c2)nn1,CC(C)(C)OC(=O)NC12CC(CCOC(=O)CCc3cocn3)(C1)C2,31,34,25,27,49.733074,,11,10,,,0,0,0,1,0,111,27,0,438,733,733,427,207,438,0,424,191,348,167,138,42,19,706,267,466,160,306,0,28,0
484,695,817,296716,1288058,COCC1(CF)CN(C(=O)C2(F)CNCC23CC3)C1,CCC[C@H](NC(=O)[C@H]1C[C@@H](O)C1)C(O)C(=O)NCC(=O)OC,COCC1(CF)CN(C(=O)C2(F)CNCC23CC3)C1,CCC[C@H](NC(=O)[C@H]1C[C@@H](O)C1)C(O)C(=O)NCC(=O)OC,19,21,22,22,58.454254,,12,11,,,0,0,0,1,0,95,21,2,373,787,787,332,345,373,0,315,147,430,146,349,20,33,766,247,540,85,455,0,23,0
485,414,741,7851635,974333,CN1C(=O)SC2=CC(C3=C(NC4CC(F)(F)C4)N4C=C(Br)C=CC4=N3)=CC=C21,CCCN(C(=O)C1=CC=C(OC2CC2)C=N1)C1CCCCC1,Cn1c(=O)sc2cc(-c3nc4ccc(Br)cn4c3NC3CC(F)(F)C3)ccc21,CCCN(C(=O)c1ccc(OC2CC2)cn1)C1CCCCC1,28,32,22,24,43.415981,,13,12,,,0,0,0,1,0,63,24,2,248,332,332,205,205,248,0,165,86,207,49,97,48,30,308,122,210,83,127,0,46,0
486,169,860,1102655,4985995,CC1=NN=C(CNC(=O)C2=NN=C(C3=CC=CC=C3)O2)N1C,CN1N=C(CN(CCCOCC2CC2)C(=O)C2=CN=CC=C2O)C=C1Cl,Cc1nnc(CNC(=O)c2nnc(-c3ccccc3)o2)n1C,Cn1nc(CN(CCCOCC2CC2)C(=O)c2cnccc2O)cc1Cl,22,24,26,28,19.358650,,10,9,,,0,0,0,1,0,47,24,0,181,293,293,165,34,181,0,158,80,135,58,3,3,50,269,82,211,83,128,0,24,0
487,478,941,7298707,3762436,CCC1=CC(C(=O)N2CC3CC(C2)N(C(=O)C2=CC(C)=CC=C2C)C3)=CC=N1,CC(NC(=O)C1=CN(CC(F)F)C=N1)C1=CN(C[C@H]2C[C@H](N)C2)N=N1,CCc1cc(C(=O)N2CC3CC(C2)N(C(=O)c2cc(C)ccc2C)C3)ccn1,CC(NC(=O)c1cn(CC(F)F)cn1)c1cn(C[C@H]2C[C@H](N)C2)nn1,28,31,25,27,28.413260,,15,14,,,0,0,0,1,0,58,27,4,229,280,280,191,123,229,1,147,79,160,74,21,15,16,253,118,162,73,89,0,23,0
488,130,637,7266784,6933994,C[C@H](O)[C@H](C(=O)N1CCC(C)(CNC(=O)CCC2=CC=CC=C2F)C1)N(C)C,CCCCC(=O)C(=O)N1CCC2(C=C(C(=O)NC(C)C3=C(C)NN=C3C)C2)C1,C[C@H](O)[C@H](C(=O)N1CCC(C)(CNC(=O)CCc2ccccc2F)C1)N(C)C,CCCCC(=O)C(=O)N1CCC2(C=C(C(=O)NC(C)c3c(C)n[nH]c3C)C2)C1,28,29,28,30,120.170006,,15,14,,,0,0,0,1,0,230,29,2,918,1215,1215,782,257,918,1,771,397,510,263,152,95,56,1186,566,649,216,433,0,28,0
489,546,27,3100926,6857256,O=C(NCCC1=COC=C1)NC12CC(CN(CC3=CC=CC=C3)C1)C2,CC(=O)N[C@@H](C(=O)N1CCC(C(=O)NC2CCN3N=NN=C3C2)CC1)C(C)C,O=C(NCCc1ccoc1)NC12CC(CN(Cc3ccccc3)C1)C2,CC(=O)N[C@@H](C(=O)N1CCC(C(=O)NC2CCn3nnnc3C2)CC1)C(C)C,25,28,28,30,132.529892,,13,12,,,0,0,0,1,0,235,28,2,926,1444,1444,844,212,926,0,832,419,560,364,224,35,33,1416,624,820,220,600,0,40,0
490,928,403,8694168,3279471,CN1N=C(C2CC2)C=C1CN(CC1=C(Cl)SC=C1)C[C@H]1CO[C@@H]2CCCC[C@H]2O1,CC[C@H](NC(=O)C1=COC(SC)=C1)C(=O)NCC1=CC(C)=CC(C)=N1,Cn1nc(C2CC2)cc1CN(Cc1ccsc1Cl)C[C@H]1CO[C@@H]2CCCC[C@H]2O1,CC[C@H](NC(=O)c1coc(SC)c1)C(=O)NCc1cc(C)cc(C)n1,29,33,25,26,41.575260,,13,12,,,0,0,0,1,0,74,26,2,292,439,439,257,138,292,0,233,127,255,101,36,5,45,413,147,292,110,182,0,24,0
491,606,577,633273,4218303,CN1N=CC=C1C1(C(=O)NCC2=CN=CO2)CCOCC1,C[C@@H]1CC2(C[C@H](C)O1)CN(C(=O)C(=O)NC1=NOC(C3CCCC3)=C1)C2,Cn1nccc1C1(C(=O)NCc2cnco2)CCOCC1,C[C@@H]1CC2(C[C@H](C)O1)CN(C(=O)C(=O)Nc1cc(C3CCCC3)on1)C2,21,23,26,29,54.549458,,12,11,,,0,0,0,1,0,67,23,1,266,483,483,229,171,266,0,203,99,301,71,99,37,128,460,132,351,97,254,0,28,0
492,678,27,4318056,6857256,N#CC1(CCC(=O)NCCC2(C(=O)NCC3CC3(F)F)CCC2)CCC1,CC(=O)N[C@@H](C(=O)N1CCC(C(=O)NC2CCN3N=NN=C3C2)CC1)C(C)C,N#CC1(CCC(=O)NCCC2(C(=O)NCC3CC3(F)F)CCC2)CCC1,CC(=O)N[C@@H](C(=O)N1CCC(C(=O)NC2CCn3nnnc3C2)CC1)C(C)C,26,28,28,30,70.217461,,17,16,,,0,0,0,1,0,134,28,3,533,782,782,491,299,533,1,455,183,419,206,143,77,11,754,380,402,111,291,0,25,0
493,85,658,3367573,3484017,CCN(C(=O)[C@H]1COC[C@H]1NC(=O)C1CCC(=O)N1)C1CCCCC1,CC1=CC=C(F)C=C1CNC(=O)CN(C(=O)C1=C(C)CCC1)C1CC1,CCN(C(=O)[C@H]1COC[C@H]1NC(=O)C1CCC(=O)N1)C1CCCCC1,CC1=C(C(=O)N(CC(=O)NCc2cc(F)ccc2C)C2CC2)CCC1,25,27,25,27,30.794128,,13,12,,,0,0,0,1,0,58,27,2,228,386,386,199,235,228,0,171,77,267,64,127,33,53,359,135,251,64,187,0,25,0
494,438,138,6760261,4247004,CN(CC1=NN=CN1)C(=O)C(=O)NC1=CC=CC(NC(=O)C2=CC=NC=C2)=C1,OCCCN(CC1=CC=NC=C1Cl)C(C1=CC=CC=C1)C1=CC=CC=C1,CN(Cc1nnc[nH]1)C(=O)C(=O)Nc1cccc(NC(=O)c2ccncc2)c1,OCCCN(Cc1ccncc1Cl)C(c1ccccc1)c1ccccc1,28,30,26,28,130.404648,,14,14,,,0,0,0,1,0,166,28,2,658,1046,1046,531,527,658,0,497,203,643,114,368,188,86,1018,436,610,95,515,0,49,0
495,887,472,3833951,3485370,CCC1=CC=C(C(=O)N(CCC2(C)OCCO2)CC2=CSC(Cl)=C2)N1,CC1=CC=C(NC(=O)C(C)CNC(=O)CCOCC(C)C)C(CO)=C1,CCc1ccc(C(=O)N(CCC2(C)OCCO2)Cc2csc(Cl)c2)[nH]1,Cc1ccc(NC(=O)C(C)CNC(=O)CCOCC(C)C)c(CO)c1,25,27,25,25,27.082542,,12,11,,,0,0,0,1,0,76,25,0,288,392,392,243,141,288,0,235,115,221,89,43,14,17,367,139,253,104,149,0,25,0
496,186,51,1420794,1637007,COC(=O)C1CN(C)C(=O)CN1C(=O)CCC1=CC=C(F)N=C1,CCC1CN2CCCC2CN1C(=O)NCCOC1=CC=NC=C1,COC(=O)C1CN(C)C(=O)CN1C(=O)CCc1ccc(F)nc1,CCC1CN2CCCC2CN1C(=O)NCCOc1ccncc1,23,24,23,25,71.549866,,12,11,,,0,0,0,1,0,103,24,1,408,702,702,390,189,408,0,378,177,330,139,147,51,60,678,235,467,155,312,0,23,0
497,266,388,5626801,9410350,COC1=CC=C(NC(=O)CC2(C)CCN2C(=O)[C@@H]2C[C@H]3CC[C@@H]2C3)C(O)=C1,CCC1=CNC(=O)C(C(=O)N2CCN(C(=O)C3=CC(Cl)=CC=N3)CC3CCCCC32)=C1,COc1ccc(NC(=O)CC2(C)CCN2C(=O)[C@@H]2C[C@H]3CC[C@@H]2C3)c(O)c1,CCc1c[nH]c(=O)c(C(=O)N2CCN(C(=O)c3cc(Cl)ccn3)CC3CCCCC32)c1,27,30,31,34,1516.334229,,23,22,,,0,0,0,1,0,1113,30,3,4446,6891,6891,3964,2683,4446,0,3899,1871,4575,1870,997,196,219,6861,2908,3983,1056,2927,0,37,0
498,335,216,1746059,7320354,O=C(/C=C/C1=CC=CO1)NCCOCC(=O)NCC1=NSC=N1,NC1=CC=NC(C(=O)N2C[C@@H]3C[C@@H](C[C@H](NC(=O)CCN4C=CC=N4)C3)C2)=C1,O=C(/C=C/c1ccco1)NCCOCC(=O)NCc1ncsn1,Nc1ccnc(C(=O)N2C[C@@H]3C[C@@H](C[C@H](NC(=O)CCn4cccn4)C3)C2)c1,23,24,28,31,2.639217,,7,6,,,0,0,0,1,0,10,24,7,39,55,55,38,20,39,1,28,16,14,5,0,0,3,31,13,42,25,17,0,17,0
499,465,334,2159572,9829448,CN(C1CCC2(CC1)COC2)S(=O)(=O)C1=CC=C([N+](=O)[O-])C(Cl)=C1,CC1=NC(NCCCO[C@@H]2CCN(C(=O)C3=CC=C([C@H](O)C4CC4)C=C3)C2)=NC(C)=C1C,CN(C1CCC2(CC1)COC2)S(=O)(=O)c1ccc([N+](=O)[O-])c(Cl)c1,Cc1nc(NCCCO[C@@H]2CCN(C(=O)c3ccc([C@H](O)C4CC4)cc3)C2)nc(C)c1C,24,26,32,35,26.300602,,8,8,,,0,0,0,1,0,37,26,7,148,213,213,127,85,148,0,114,59,108,31,36,18,14,187,43,170,84,86,0,19,0
500,345,779,5723901,433542,COC(=O)C[C@H]1C[C@H](NC(=O)[C@H]2C[C@H](CNC(=O)C3COCCC3C)C2)C1,CNS(=O)(=O)NCCCNCC1=CC=C(Cl)C(Cl)=C1F,COC(=O)C[C@H]1C[C@H](NC(=O)[C@H]2C[C@H](CNC(=O)C3COCCC3C)C2)C1,CNS(=O)(=O)NCCCNCc1ccc(Cl)c(Cl)c1F,27,29,20,20,10.117092,,10,9,,,0,0,0,1,0,29,20,7,110,139,139,102,7,110,2,93,65,26,24,0,0,2,119,78,61,24,37,0,13,0
501,900,388,3234087,9410350,CCCCSCCC(=O)NC(C)C(C)C(=O)NC1CC2(C1)CN(C)C2,CCC1=CNC(=O)C(C(=O)N2CCN(C(=O)C3=CC(Cl)=CC=N3)CC3CCCCC32)=C1,CCCCSCCC(=O)NC(C)C(C)C(=O)NC1CC2(C1)CN(C)C2,CCc1c[nH]c(=O)c(C(=O)N2CCN(C(=O)c3cc(Cl)ccn3)CC3CCCCC32)c1,25,26,31,34,249.408920,,15,14,,,0,0,0,1,0,239,26,2,949,1928,1928,862,290,949,1,847,264,837,565,489,9,11,1902,540,1388,322,1066,0,31,0
502,284,770,8276759,9498109,CCCC1=CC=C(C(=O)N2CC[C@H](CO)[C@@H](NC(=O)C3C[C@H]4CC[C@H]4C3)C2)C=C1,CC1=C2C=NC(NCCCN3CCC(NC(=O)CC4=CCN(C)CC4)C3)=NC2=NN1C,CCCc1ccc(C(=O)N2CC[C@H](CO)[C@@H](NC(=O)C3C[C@H]4CC[C@H]4C3)C2)cc1,Cc1c2cnc(NCCCN3CCC(NC(=O)CC4=CCN(C)CC4)C3)nc2nn1C,29,32,31,34,282.678284,,15,14,,,0,0,0,1,0,371,32,1,1479,2708,2708,1381,379,1479,0,1374,433,1578,886,96,31,348,2676,1173,1535,208,1327,0,31,0
503,974,851,3767260,1749296,CN(CC1=CN(CCC(=O)O)N=N1)C(=O)CCCN1C=CC=CC1=O,C=C1CCN(C(=O)CC2(NC(=O)CC34CCC(CC3)C4)CC2)C1,CN(Cc1cn(CCC(=O)O)nn1)C(=O)CCCn1ccccc1=O,C=C1CCN(C(=O)CC2(NC(=O)CC34CCC(CC3)C4)CC2)C1,25,26,23,26,17.327387,,13,12,,,0,0,0,1,0,58,26,3,228,280,280,204,75,228,0,177,120,90,44,34,17,8,254,151,129,53,76,0,27,0
504,431,258,8201981,7726940,CC1=CN(CC(=O)N2CCC(O)(CNC(=O)C3=C(C)N=C(N)N=C3C)CC2)N=C1,CCOC(CN(CCC1=CC=CC=C1C#N)C(=O)C1=NC(N)=CN=C1)C1CC1,Cc1cnn(CC(=O)N2CCC(O)(CNC(=O)c3c(C)nc(N)nc3C)CC2)c1,CCOC(CN(CCc1ccccc1C#N)C(=O)c1cncc(N)n1)C1CC1,29,31,28,30,105.592583,,13,12,,,0,0,0,1,0,131,30,1,520,983,983,484,245,520,0,460,155,511,226,202,74,87,953,337,646,147,499,0,35,0
505,854,83,3570458,3458125,C[C@H]1CCO[C@H]1C(=O)NC[C@H]1CCCCN1C(=O)/C=C/C1=CNC=N1,C#CCN(CC(=O)NCC1=NC(C)=NC=C1)C(=O)CC1CCCCC1,C[C@H]1CCO[C@H]1C(=O)NC[C@H]1CCCCN1C(=O)/C=C/c1c[nH]cn1,C#CCN(CC(=O)NCc1ccnc(C)n1)C(=O)CC1CCCCC1,25,27,25,26,42.532505,,15,14,,,0,0,0,1,0,79,26,1,304,460,460,278,90,304,0,245,122,187,101,56,30,40,434,189,271,89,182,0,30,0
506,481,19,3500280,5862849,CSCC[C@H](NC(=O)CC1CCCO1)C(=O)NCC1=CN=CC=C1C,CCOCC1=CN([C@H](C(=O)NCC(C)(C)C2=NNC(C)=N2)C(C)(C)C)N=N1,CSCC[C@H](NC(=O)CC1CCCO1)C(=O)NCc1cnccc1C,CCOCc1cn([C@H](C(=O)NCC(C)(C)c2n[nH]c(C)n2)C(C)(C)C)nn1,25,26,27,28,68.420311,,20,19,,,0,0,0,1,0,71,26,2,280,390,390,238,241,280,0,187,113,219,61,147,40,16,364,117,273,121,152,0,30,0
507,767,552,5752683,3688653,CC1=NOC(CCCNC(=O)CC(C)(C)N(C)C(=O)CC2CC(F)(F)C2)=N1,CC(=O)OCCC(=O)NC1CC(C(C)NC(=O)C2=CN(C)C=C2C)C1,Cc1noc(CCCNC(=O)CC(C)(C)N(C)C(=O)CC2CC(F)(F)C2)n1,CC(=O)OCCC(=O)NC1CC(C(C)NC(=O)c2cn(C)cc2C)C1,27,28,25,26,44.469978,,17,16,,,0,0,0,1,0,123,26,0,489,634,634,401,259,489,0,373,194,443,177,23,4,53,608,258,376,143,233,0,27,0
508,53,974,8457323,3767260,CN1N=C(C2=CN([C@H]3CCNC3)N=N2)C=C1C(=O)NC1CC(CN2C=CC=N2)C1,CN(CC1=CN(CCC(=O)O)N=N1)C(=O)CCCN1C=CC=CC1=O,Cn1nc(-c2cn([C@H]3CCNC3)nn2)cc1C(=O)NC1CC(Cn2cccn2)C1,CN(Cc1cn(CCC(=O)O)nn1)C(=O)CCCn1ccccc1=O,29,33,25,26,24.434412,,16,15,,,0,0,0,1,0,49,26,1,194,235,235,179,79,194,0,145,100,87,42,21,12,9,209,99,136,80,56,0,25,0
509,358,229,2463404,2179347,CC#CCCC(=O)N1CC2=C(C1)C(C(=O)N1CC[Si](C)(C)C1)=CO2,COC1=CC=C(C(=O)N2CCN(CCO)C(C)C2)C(C(F)(F)F)=C1,CC#CCCC(=O)N1Cc2occ(C(=O)N3CC[Si](C)(C)C3)c2C1,COc1ccc(C(=O)N2CCN(CCO)C(C)C2)c(C(F)(F)F)c1,24,26,24,25,66.764236,,12,11,,,0,0,0,1,0,134,25,3,518,838,838,446,194,518,0,429,183,496,204,65,37,133,813,343,495,103,392,0,28,0
510,665,70,7440053,4319416,O=C(CC1=CC=CC=C1OC1CCCC1)OC/C=C/C1=CC=C2OCOC2=C1,CCCCSCC(=O)N[C@H]1CC[C@@H](CC(=O)N2CC(CO)(OC)C2)CC1,O=C(Cc1ccccc1OC1CCCC1)OC/C=C/c1ccc2c(c1)OCO2,CCCCSCC(=O)N[C@H]1CC[C@@H](CC(=O)N2CC(CO)(OC)C2)CC1,28,31,26,27,4.470786,,9,9,,,0,0,0,1,0,16,27,7,63,59,59,51,48,63,3,33,24,24,4,6,3,0,32,17,42,34,8,0,20,0
511,799,980,7651720,5308922,C#CCOC(C)C(=O)N(CC1=CC=CC2=CN=CC=C21)CC1(C)CC(C)(C)C1,O=C(CCN1N=NC2=CC=CC=C2C1=O)N1CCC2(CCCCCC2)CC1,C#CCOC(C)C(=O)N(Cc1cccc2cnccc12)CC1(C)CC(C)(C)C1,O=C(CCn1nnc2ccccc2c1=O)N1CCC2(CCCCCC2)CC1,28,30,27,30,208.531647,,16,15,,,0,0,0,1,0,220,30,3,864,1521,1521,785,557,864,1,747,331,775,321,485,106,34,1491,589,932,196,736,0,35,0
512,667,41,4170183,2214787,COC1=CC=C(C(CF)NC(=O)NCC2=CC=C(C)C(C3CC3)=C2)C=C1,CC(C)C(=O)CN1CCC(CN2C(=O)C3=CC=CC=C3C2=O)CC1,COc1ccc(C(CF)NC(=O)NCc2ccc(C)c(C3CC3)c2)cc1,CC(C)C(=O)CN1CCC(CN2C(=O)c3ccccc3C2=O)CC1,26,28,24,26,20.289154,,10,10,,,0,0,0,1,0,56,26,0,216,337,337,197,142,216,0,174,71,208,82,46,18,23,311,140,197,57,140,0,30,0
513,772,31,5110604,10065918,C=CCCC(C)CN(CC1=C(C)N=C(CC)N1)C(=O)C1=C(C=C)SC=N1,CC1=NC(N(C)CC2=CC=CC3=C2CN(C(=O)CN2N=NN=C2C2CC2)C3)=NC=C1[N+](=O)[O-],C=CCCC(C)CN(Cc1[nH]c(CC)nc1C)C(=O)c1ncsc1C=C,Cc1nc(N(C)Cc2cccc3c2CN(C(=O)Cn2nnnc2C2CC2)C3)ncc1[N+](=O)[O-],26,27,33,37,90.654594,,17,16,,,0,0,0,1,0,81,27,4,319,520,520,261,303,319,1,216,102,378,87,156,49,76,493,153,367,108,259,0,23,0
514,972,253,4070462,1231139,CCC(CC)N1CC[C@@H](NS(=O)(=O)C2=CN=C(C3=CC=C(Br)C=C3)S2)C1,COC1=CC=C(C(=O)C2CCCN2CC2=CC=C(Br)O2)C=C1,CCC(CC)N1CC[C@@H](NS(=O)(=O)c2cnc(-c3ccc(Br)cc3)s2)C1,COc1ccc(C(=O)C2CCCN2Cc2ccc(Br)o2)cc1,26,28,22,24,26.033579,,10,9,,,0,0,0,1,0,70,24,5,280,356,356,247,70,280,1,236,146,144,74,12,8,14,332,162,194,85,109,0,19,0
515,204,859,10319003,3765625,CCOC(=O)CCNC(=O)C(C1=CN(C)C2=C(C#N)C=NN12)N1CCCC1C1=CC=CC(C#N)=C1,CCN1C=C(C2=CC=C(C(=O)NCCSC3=CC=CC=C3Cl)O2)N=N1,CCOC(=O)CCNC(=O)C(c1cn(C)c2c(C#N)cnn12)N1CCCC1c1cccc(C#N)c1,CCn1cc(-c2ccc(C(=O)NCCSc3ccccc3Cl)o2)nn1,35,38,25,27,27.728622,,10,9,,,0,0,0,1,0,42,27,3,156,246,246,142,84,156,2,124,55,150,57,13,6,33,219,57,189,85,104,0,24,0
516,20,636,4572575,4951544,CC1=C(CCNC(=O)C(NC(=O)[C@@H]2CC=C[C@H](O)C2)C2CCC2)N=CO1,COC(=O)C1=CC(NC2(C3=NN=NN3C(C)C)CC[C@@H](C)C2)=CN=C1Br,Cc1ocnc1CCNC(=O)C(NC(=O)[C@@H]1CC=C[C@H](O)C1)C1CCC1,COC(=O)c1cc(NC2(c3nnnn3C(C)C)CC[C@@H](C)C2)cnc1Br,26,28,26,28,33.587399,,15,14,,,0,0,0,1,0,63,28,1,246,379,379,223,233,246,1,171,62,274,92,87,42,15,351,143,236,80,156,0,33,0
517,156,244,2819811,5315419,CCC1(C(=O)N(CCC(F)CO)CC2=CN(CC(C)C)N=C2)CC1,CC1=CC(C)=C(C(=O)OCC(=O)NN(C2=CC=CC=C2)C2=CC=CC=C2)N1,CCC1(C(=O)N(CCC(F)CO)Cc2cnn(CC(C)C)c2)CC1,Cc1cc(C)c(C(=O)OCC(=O)NN(c2ccccc2)c2ccccc2)[nH]1,24,25,27,29,17.837425,,9,8,,,0,0,0,1,0,48,25,1,183,305,305,165,108,183,0,145,54,172,69,50,18,29,280,83,222,82,140,0,24,0
518,129,484,6394273,2194018,CC1=CC=C(CCN(CC2=CC(C)=CN=C2O)C(=O)C2=CN=C(C)O2)C=C1,CCOC(=O)[C@H]1C[C@@H]1C(=O)OCCN1C2=CC=C(Br)C=C2N=C1N,Cc1ccc(CCN(Cc2cc(C)cnc2O)C(=O)c2cnc(C)o2)cc1,CCOC(=O)[C@H]1C[C@@H]1C(=O)OCCn1c(N)nc2cc(Br)ccc21,27,29,24,26,26.514671,,13,12,,,0,0,0,1,0,59,26,1,229,388,388,218,86,229,0,211,114,190,76,40,3,42,362,158,230,60,170,0,25,0
519,685,117,8759367,438266,O=C(N1CCN(CC2=CC=C(N3C=CN=C3)C=C2)CC1)C(F)(F)CCN1C=CN=N1,COCCN1CCC(NC(=O)C2=NNC3=C2CCC3)C1,O=C(N1CCN(Cc2ccc(-n3ccnc3)cc2)CC1)C(F)(F)CCn1ccnn1,COCCN1CCC(NC(=O)c2n[nH]c3c2CCC3)C1,30,33,20,22,69.407303,,15,14,,,0,0,0,1,0,104,22,2,409,653,653,378,91,409,0,366,170,333,184,11,4,70,631,283,370,95,275,0,23,0
520,577,970,4218303,617020,C[C@@H]1CC2(C[C@H](C)O1)CN(C(=O)C(=O)NC1=NOC(C3CCCC3)=C1)C2,CCSC1=CC=C(NC(=O)[C@H]2CN(C)CCN2C)C=C1Cl,C[C@@H]1CC2(C[C@H](C)O1)CN(C(=O)C(=O)Nc1cc(C3CCCC3)on1)C2,CCSc1ccc(NC(=O)[C@H]2CN(C)CCN2C)cc1Cl,26,29,21,22,24.997496,,14,13,,,0,0,0,1,0,75,22,3,289,360,360,244,86,289,2,230,137,169,78,13,10,21,338,169,191,75,116,0,22,0
521,223,476,4544882,1462587,CC(=O)OCC1CN(C(=O)[C@@H]2[C@@H](C)OCCN2C(=O)CC2=NOC=C2)C1,CC(C)(NC(=O)C1=CC2=CC=CC=C2C=N1)C1=CC(Br)=CC=N1,CC(=O)OCC1CN(C(=O)[C@@H]2[C@@H](C)OCCN2C(=O)Cc2ccon2)C1,CC(C)(NC(=O)c1cc2ccccc2cn1)c1cc(Br)ccn1,26,28,23,25,111.463165,,15,14,,,0,0,0,1,0,172,25,1,684,1142,1142,625,249,684,0,611,256,651,308,90,37,127,1117,418,724,207,517,0,27,0
522,716,262,2618020,9258102,CC1=C(C)C(C(=O)NCCN(C(=O)C2CC2(F)Cl)C2CC2)=C(C)O1,CC1=CC=C(NC(=O)C(C2=CC=C(C(C)(C)C)O2)N2CCC(C(C)CO)CC2)C=N1,Cc1oc(C)c(C(=O)NCCN(C(=O)C2CC2(F)Cl)C2CC2)c1C,Cc1ccc(NC(=O)C(c2ccc(C(C)(C)C)o2)N2CCC(C(C)CO)CC2)cn1,24,26,30,32,91.072296,,17,16,,,0,0,0,1,0,149,26,2,587,889,889,519,470,587,1,485,241,544,193,270,61,26,863,331,558,188,370,0,38,0
523,785,377,6568211,1277356,NC(CC(=O)NC1=CC=CC2=C1CN(C1CC1)C2=O)C1CCC(F)(F)CC1,CONC(=O)CNC(=O)CCOCCNC(=O)C1=CC=CS1,NC(CC(=O)Nc1cccc2c1CN(C1CC1)C2=O)C1CCC(F)(F)CC1,CONC(=O)CNC(=O)CCOCCNC(=O)c1cccs1,27,30,22,22,1.968236,,9,8,,,0,0,0,1,0,12,22,6,45,48,48,42,20,45,2,33,25,6,1,0,0,0,26,17,31,25,6,0,16,0
524,171,620,1539034,2339736,CC1(CS(=O)(=O)NC2(C3=CC=C(F)C=C3Br)CC2)CC(F)(F)C1,CN1C=C(CNCC2=CC3=CC(Br)=CC=C3OC2)C2=CC=CC=C21,CC1(CS(=O)(=O)NC2(c3ccc(F)cc3Br)CC2)CC(F)(F)C1,Cn1cc(CNCC2=Cc3cc(Br)ccc3OC2)c2ccccc21,23,25,24,27,16.224834,,9,9,,,0,0,0,1,0,30,25,7,116,204,204,105,133,116,0,84,36,107,22,99,29,7,179,48,156,57,99,0,25,0
525,621,986,1945448,6080779,COCC(C)N1C=C(COCC(=O)N(C)CC2CCCC2)N=N1,CN1C(=O)C=CC=C1C(=O)N1CC2CCC(C1)N(C(=O)CCC1CCC1)C2,COCC(C)n1cc(COCC(=O)N(C)CC2CCCC2)nn1,Cn1c(C(=O)N2CC3CCC(C2)N(C(=O)CCC2CCC2)C3)cccc1=O,23,24,27,30,11.404159,,11,10,,,0,0,0,1,0,36,24,6,141,160,160,125,32,141,0,112,75,42,32,0,0,0,136,75,85,50,35,0,19,0
526,765,735,1085713,8858626,CN(CCC(O)C1=CC=CC=C1)S(=O)(=O)N1CCCC1(C)C,COC[C@H]1CC[C@@H]1C(=O)N[C@H](CC1CCOCC1)C(=O)N(C)CC1(OC)CCCC1,CN(CCC(O)c1ccccc1)S(=O)(=O)N1CCCC1(C)C,COC[C@H]1CC[C@@H]1C(=O)N[C@H](CC1CCOCC1)C(=O)N(C)CC1(OC)CCCC1,22,23,30,32,16.249342,,10,9,,,0,0,0,1,0,35,23,4,131,166,166,113,52,131,0,97,57,59,34,19,3,8,143,67,99,46,53,0,19,0
527,117,796,438266,7840005,COCCN1CCC(NC(=O)C2=NNC3=C2CCC3)C1,CNC(=O)C(C1=C2COCCN2N=N1)N1CCC(OC2=CC=CC=C2C#N)C1,COCCN1CCC(NC(=O)c2n[nH]c3c2CCC3)C1,CNC(=O)C(c1nnn2c1COCC2)N1CCC(Oc2ccccc2C#N)C1,20,22,28,31,74.118401,,14,13,,,0,0,0,1,0,132,22,0,520,884,884,456,138,520,0,450,173,513,248,31,13,135,862,333,551,123,428,0,27,0
528,838,167,5886891,6662504,COC1(C)CN(CC(=O)N(C)C2CCN(C(=O)C3=CC(C#N)=CN3)CC2)C1,COC1=CC2=C(C=C1S(=O)(=O)N1CCC(C)(C3=CC=C(Cl)C=C3)CC1)CCC2,COC1(C)CN(CC(=O)N(C)C2CCN(C(=O)c3cc(C#N)c[nH]3)CC2)C1,COc1cc2c(cc1S(=O)(=O)N1CCC(C)(c3ccc(Cl)cc3)CC1)CCC2,27,29,28,31,14.783993,,9,8,,,0,0,0,1,0,43,29,3,170,261,261,156,48,170,0,146,67,114,54,10,9,22,232,95,166,61,105,0,26,0
529,987,318,4093080,6665413,CC(C)(C)OC(=O)NC1(CNC(=O)CC2=CSC=N2)CCC(F)(F)CC1,CCCCN1C2=CC=CC=C2N=C1CNS(=O)(=O)C1=CC(C(F)(F)F)=CC=N1,CC(C)(C)OC(=O)NC1(CNC(=O)Cc2cscn2)CCC(F)(F)CC1,CCCCn1c(CNS(=O)(=O)c2cc(C(F)(F)F)ccn2)nc2ccccc21,26,27,28,30,36.877857,,13,12,,,0,0,0,1,0,49,27,4,194,346,346,176,107,194,1,155,68,157,72,93,13,31,319,99,247,77,170,0,23,0
530,110,592,9332415,3401358,COC(=O)C1=CC=C2CCCC(NC(=O)NCC3=CC=C(CNS(C)(=O)=O)C=C3)C2=C1,CC1(C)CC1(NC(=O)C=CC1=CC=CN=C1)C(=O)NCC1=CC=CO1,COC(=O)c1ccc2c(c1)C(NC(=O)NCc1ccc(CNS(C)(=O)=O)cc1)CCC2,CC1(C)CC1(NC(=O)C=Cc1cccnc1)C(=O)NCc1ccco1,31,33,25,27,19.184475,,9,8,,,0,0,0,1,0,40,27,1,147,258,258,143,111,147,1,131,52,139,46,61,19,17,231,70,188,73,115,0,26,0
531,26,951,1325871,2058576,CC(=CC1CC1)C(=O)N[C@@H]1CN(C(=O)C2=COCC2)C[C@H]1O,CN1C=C(S(=O)(=O)N2CC(NC(=O)C3=CC4=C(CCC4)S3)C2)C=N1,CC(=CC1CC1)C(=O)N[C@@H]1CN(C(=O)C2=COCC2)C[C@H]1O,Cn1cc(S(=O)(=O)N2CC(NC(=O)c3cc4c(s3)CCC4)C2)cn1,22,24,24,27,9.881153,,10,9,,,0,0,0,1,0,32,24,5,122,182,182,108,65,122,1,96,48,107,40,9,1,20,158,59,123,49,74,0,19,0
532,319,589,4194139,6811291,O=C(NC1=NN(C2=CC=NC(C(F)F)=C2)C=C1)C(=O)N1CCCC(O)C1,CCCC1(CO)CCCN1C(=O)C(=O)NC(CSC)CC1=CC=C(F)C=C1F,O=C(Nc1ccn(-c2ccnc(C(F)F)c2)n1)C(=O)N1CCCC(O)C1,CCCC1(CO)CCCN1C(=O)C(=O)NC(CSC)Cc1ccc(F)cc1F,26,28,28,29,35.693695,,15,14,,,0,0,0,1,0,68,28,1,264,390,390,233,192,264,0,186,84,230,87,89,35,29,362,152,238,81,157,0,33,0
533,693,929,867295,235085,CCC(CC)CCC(=O)NC(CC1CC1)C(=O)N(C)CC,FC(F)C1=NN=C(N2C[C@H]3CCC[C@@]3(C(F)F)C2)S1,CCC(CC)CCC(=O)NC(CC1CC1)C(=O)N(C)CC,FC(F)c1nnc(N2C[C@H]3CCC[C@@]3(C(F)F)C2)s1,21,21,19,21,10.821794,,9,8,,,0,0,0,1,0,27,21,2,105,142,142,96,42,105,0,80,50,57,22,9,5,14,121,35,107,61,46,0,20,0
534,981,384,7098766,3903101,CS[C@H]1C[C@H](CC(=O)N(C)[C@@H](CC(C)C)C(=O)NCC2CCN2C(C)(C)C)C1,CC1=C(CN(CC2=CC(F)=CN=C2)CC2(C)CC2(C)C)NC=C1C#N,CS[C@H]1C[C@H](CC(=O)N(C)[C@@H](CC(C)C)C(=O)NCC2CCN2C(C)(C)C)C1,Cc1c(C#N)c[nH]c1CN(Cc1cncc(F)c1)CC1(C)CC1(C)C,28,29,25,27,101.871773,,14,13,,,0,0,0,1,0,136,27,2,529,1044,1044,493,537,529,1,460,177,584,218,478,73,32,1017,376,668,117,551,0,28,0
535,406,964,9037698,3383014,CC(C(=O)N[C@H]1C[C@H]2CC[C@@H]1CN(C1=NC=C3C=CC=NC3=N1)C2)C1CCOCC1,CC(C)(C)CC(O)C(=O)NC(CC(=O)N1CCCNC(=O)C1)C(F)F,CC(C(=O)N[C@H]1C[C@H]2CC[C@@H]1CN(c1ncc3cccnc3n1)C2)C1CCOCC1,CC(C)(C)CC(O)C(=O)NC(CC(=O)N1CCCNC(=O)C1)C(F)F,30,34,25,25,109.918716,,16,15,,,0,0,0,1,0,151,25,2,594,821,821,528,182,594,0,516,290,443,213,5,2,63,796,329,492,199,293,0,23,0
536,732,203,1118423,5641571,CC(F)(F)C(F)(F)CCOC(=O)C1CCC2=NN=CN2CC1,C=CCC(CNC(=O)CCC1=NN(C)C=C1)C(=O)N1CCC2(CCCC2)C1,CC(F)(F)C(F)(F)CCOC(=O)C1CCc2nncn2CC1,C=CCC(CNC(=O)CCc1ccn(C)n1)C(=O)N1CCC2(CCCC2)C1,22,23,27,29,16.501120,,10,9,,,0,0,0,1,0,35,23,6,138,219,219,120,50,138,1,112,50,113,51,14,2,25,196,57,162,63,99,0,23,0
537,77,606,5195946,633273,CC(C)(C)OC(=O)N1CCCC1CCC(=O)NCC1=CC=C2OC=CC2=C1,CN1N=CC=C1C1(C(=O)NCC2=CN=CO2)CCOCC1,CC(C)(C)OC(=O)N1CCCC1CCC(=O)NCc1ccc2occc2c1,Cn1nccc1C1(C(=O)NCc2cnco2)CCOCC1,27,29,21,23,31.476793,,11,10,,,0,0,0,1,0,63,23,1,248,455,455,235,97,248,0,216,85,216,92,77,36,61,432,157,298,78,220,0,27,0
538,707,850,8176720,8234603,CN(C[C@@H]1CCCCN1C(=O)C1=CN2C=CN=C2S1)C(=O)CCOCC(F)(F)F,CC1CC(NC(=O)CCC2=NN(C)C=C2)CN1C(=O)CC/C=C/C1=CC=CC=C1,CN(C[C@@H]1CCCCN1C(=O)c1cn2ccnc2s1)C(=O)CCOCC(F)(F)F,CC1CC(NC(=O)CCc2ccn(C)n2)CN1C(=O)CC/C=C/c1ccccc1,29,31,29,31,75.476418,,16,15,,,0,0,0,1,0,169,31,7,672,906,906,573,295,672,2,556,284,435,186,163,79,27,875,452,454,121,333,0,34,0
539,642,248,3685140,1499937,O=C(NC[C@@H]1C[C@@H](F)CN1C(=O)CC1=CC=CS1)C1CC(F)(CF)C1,O=C(CCC1=NC(C2CCCC2)=NO1)NC(CO)C1=CC=CS1,O=C(NC[C@@H]1C[C@@H](F)CN1C(=O)Cc1cccs1)C1CC(F)(CF)C1,O=C(CCc1nc(C2CCCC2)no1)NC(CO)c1cccs1,25,27,23,25,12.412188,,11,10,,,0,0,0,1,0,46,25,3,177,225,225,160,43,177,0,137,86,78,48,4,4,15,200,109,116,51,65,0,22,0
540,104,713,6937058,1020902,CC1=CN=C(O)C(NC(=O)C2CCN(C(=O)C(F)C3(O)CCCC3)CCO2)=C1,CCCCC1=NC(C)=C(C(=O)N(C)C2CN(C)S(=O)(=O)C2)S1,Cc1cnc(O)c(NC(=O)C2CCN(C(=O)C(F)C3(O)CCCC3)CCO2)c1,CCCCc1nc(C)c(C(=O)N(C)C2CN(C)S(=O)(=O)C2)s1,28,30,22,23,8.410330,,11,10,,,0,0,0,1,0,33,23,6,122,143,143,101,59,122,2,89,62,80,22,0,0,11,120,58,85,43,42,0,17,0
541,791,308,9428881,2580761,CC1=CC(C(=O)N2[C@H](CNC(=O)C3=CC=C(N=[N+]=[N-])C=C3)C[C@@H]3CCC[C@@H]32)=NN=C1C,CC1=CC(NC(=O)C(C)NC(=O)C2CCC(=O)NC2)=CC(C)=C1O,Cc1cc(C(=O)N2[C@H](CNC(=O)c3ccc(N=[N+]=[N-])cc3)C[C@@H]3CCC[C@@H]32)nnc1C,Cc1cc(NC(=O)C(C)NC(=O)C2CCC(=O)NC2)cc(C)c1O,31,34,24,25,260.552704,,18,17,,,0,0,0,1,0,287,25,1,1144,1410,1410,918,460,1144,1,901,464,831,383,97,47,41,1385,685,725,233,492,0,27,0
542,870,700,1277142,2480793,CC/C=C/CC(=O)N[C@@H](COC)C(=O)NC1=CC(O)=CC=C1,CC(=O)OC(C)(C)C(=O)NC1CC2(C1)CC2C(=O)NCC1(F)CC1,CC/C=C/CC(=O)N[C@@H](COC)C(=O)Nc1cccc(O)c1,CC(=O)OC(C)(C)C(=O)NC1CC2(C1)CC2C(=O)NCC1(F)CC1,22,22,24,26,21.009588,,11,10,,,0,0,0,1,0,52,22,1,198,272,272,178,83,198,1,169,100,146,56,10,1,24,250,105,167,73,94,0,22,0
543,614,824,6934516,1881865,C[C@H]1COC(C)(C)CN1C(=O)C1CN(C(=O)C=CC2=CC=CC=C2)C(C)(C)C1,CCC(COC)C(=O)NCC(NC(=O)C1(C)CC=CC1)C(C)C,C[C@H]1COC(C)(C)CN1C(=O)C1CN(C(=O)C=Cc2ccccc2)C(C)(C)C1,CCC(COC)C(=O)NCC(NC(=O)C1(C)CC=CC1)C(C)C,28,30,23,23,31.877394,,11,10,,,0,0,0,1,0,75,23,0,294,432,432,274,90,294,0,258,126,162,75,62,50,24,409,131,301,143,158,0,43,0
544,123,815,2996567,3432128,CC[C@@H](NS(=O)(=O)CC1CC2(CCOCC2)C(=O)O1)C1=CC=CC=N1,C[C@@H]1C[C@@H](C(=O)NCC2=CC=CC=C2O)N(C(=O)CC2CC=CC2)C1,CC[C@@H](NS(=O)(=O)CC1CC2(CCOCC2)C(=O)O1)c1ccccn1,C[C@@H]1C[C@@H](C(=O)NCc2ccccc2O)N(C(=O)CC2CC=CC2)C1,25,27,25,27,22.677647,,10,9,,,0,0,0,1,0,56,27,4,220,334,334,203,54,220,0,186,97,108,68,50,15,10,307,109,225,94,131,0,23,0
545,579,801,5792433,6389538,C=CCOCC(=O)N1CCCCC1CCC(=O)NCC(C)(O)C1CCCC1,C=CCC(OC)C(=O)N(CC1=CC=NN1COC)CC1CCCOC1(C)C,C=CCOCC(=O)N1CCCCC1CCC(=O)NCC(C)(O)C1CCCC1,C=CCC(OC)C(=O)N(Cc1ccnn1COC)CC1CCCOC1(C)C,27,28,27,28,73.921875,,15,14,,,0,0,0,1,0,145,28,0,571,821,821,508,183,571,0,494,260,389,192,78,28,53,793,319,502,189,313,0,30,0
546,42,355,1415851,1599064,O=C(NC1=NN2C=CC=CC2=C1)C1=C2OCCCC2=CC(Br)=C1,O=[N+]([O-])C1=CC=C(CNC(CO)C2=CC=C(Br)C(Cl)=C2)C=C1F,O=C(Nc1cc2ccccn2n1)c1cc(Br)cc2c1OCCC2,O=[N+]([O-])c1ccc(CNC(CO)c2ccc(Br)c(Cl)c2)cc1F,23,26,23,24,45.923466,,15,15,,,0,0,0,1,0,109,24,4,430,530,530,376,180,430,1,343,215,299,141,9,0,13,506,288,242,88,154,0,20,0
547,545,438,5030749,6760261,CCC(CC(=O)N(CCC1CCC1)CC1=CC=C2C=CC=NN21)C(F)F,CN(CC1=NN=CN1)C(=O)C(=O)NC1=CC=CC(NC(=O)C2=CC=NC=C2)=C1,CCC(CC(=O)N(CCC1CCC1)Cc1ccc2cccnn12)C(F)F,CN(Cc1nnc[nH]1)C(=O)C(=O)Nc1cccc(NC(=O)c2ccncc2)c1,26,28,28,30,67.053055,,13,12,,,0,0,0,1,0,121,28,2,458,703,703,398,161,458,0,375,173,411,188,27,11,88,675,255,448,143,305,0,36,0
548,677,379,4192068,1962038,O=C(NCC1=NOC(C2CCOCC2)=N1)NC[C@@]12CCCC[C@]1(CO)C2,C=C(Br)CNC1=NC(N(C)CCN2C=NC=N2)=NC2=C1CSC2,O=C(NCc1noc(C2CCOCC2)n1)NC[C@@]12CCCC[C@]1(CO)C2,C=C(Br)CNc1nc(N(C)CCn2cncn2)nc2c1CSC2,26,29,23,25,11.426350,,12,11,,,0,0,0,1,0,37,25,5,141,214,214,129,74,141,2,114,67,99,33,37,9,17,189,72,142,57,85,0,20,0
549,70,518,4319416,1126877,CCCCSCC(=O)N[C@H]1CC[C@@H](CC(=O)N2CC(CO)(OC)C2)CC1,O=C(COC(=O)C1=C(Br)C=NO1)NC1=CC=C2CCCC2=C1,CCCCSCC(=O)N[C@H]1CC[C@@H](CC(=O)N2CC(CO)(OC)C2)CC1,O=C(COC(=O)c1oncc1Br)Nc1ccc2c(c1)CCC2,26,27,22,24,55.320175,,13,12,,,0,0,0,1,0,125,24,2,496,663,663,427,189,496,0,393,216,315,156,85,33,17,639,331,332,96,236,0,27,0
550,663,349,5891057,9128830,COC1=CC(C(=O)N2C[C@@H]3[C@H](C2)[C@H]3NC(=O)C2=NN(C)C(C)=C2)=CC=C1C,CCC(CNS(=O)(=O)C1=CC=C(NC[C@@H](O)C2=CC=C(F)C=C2)N=C1)N1C=CC=N1,COc1cc(C(=O)N2C[C@@H]3[C@H](C2)[C@H]3NC(=O)c2cc(C)n(C)n2)ccc1C,CCC(CNS(=O)(=O)c1ccc(NC[C@@H](O)c2ccc(F)cc2)nc1)n1cccn1,27,30,30,32,62.978951,,13,12,,,0,0,0,1,0,121,30,2,479,812,812,427,276,479,0,413,147,564,234,64,18,98,782,286,526,141,385,0,28,0
551,12,869,1143739,8948212,FC(F)C1(CN2CCCCC(C3=CC=C(Cl)C=C3)C2)COC1,CCC(CC)C(C)C(=O)NC1(C2CCCCN2C(=O)C(F)=CC2=CN(C)N=N2)CC1,FC(F)C1(CN2CCCCC(c3ccc(Cl)cc3)C2)COC1,CCC(CC)C(C)C(=O)NC1(C2CCCCN2C(=O)C(F)=Cc2cn(C)nn2)CC1,22,24,30,32,94.049644,,12,11,,,0,0,0,1,0,146,24,3,582,876,876,510,124,582,0,496,258,392,203,74,28,94,852,348,528,162,366,0,28,0
552,430,842,4050179,3050571,CN1C=CN=C1SCC1=CC=C(C(=O)N2CCC3=C(C=CN=C3N)C2)O1,CSC1=NC=C(Br)C(NC(=O)CNC(=O)C2=CC3=C(CCCC3)S2)=N1,Cn1ccnc1SCc1ccc(C(=O)N2CCc3c(ccnc3N)C2)o1,CSc1ncc(Br)c(NC(=O)CNC(=O)c2cc3c(s2)CCCC3)n1,26,29,25,27,27.776377,,10,9,,,0,0,0,1,0,68,27,1,269,411,411,243,59,269,0,236,119,179,94,21,4,35,384,147,264,96,168,0,27,0
553,501,108,4499785,10299613,C#CCOC(=O)CNC(=O)C(F)C1CC(NC(=O)CC2CC3(CC3)C2)C1,COCC1CCN(C2=CC=C(S(=O)(=O)NCC3CN(CC4=CC(C)=CC=C4)CCO3)C=C2C#N)C1,C#CCOC(=O)CNC(=O)C(F)C1CC(NC(=O)CC2CC3(CC3)C2)C1,COCC1CCN(c2ccc(S(=O)(=O)NCC3CN(Cc4cccc(C)c4)CCO3)cc2C#N)C1,26,28,35,38,77.484840,,13,12,,,0,0,0,1,0,112,28,5,447,733,733,410,134,447,0,386,209,314,155,114,23,62,705,286,447,124,323,0,27,0
554,443,983,4553163,2980854,C#CCN(CC(=O)N[C@@H](CCC)C(F)(F)F)C(=O)CCN1CCCC1=O,CCOC(=O)C1=C(C(F)F)N=C(NCC2=CC(C(=O)OC)=CC=C2)S1,C#CCN(CC(=O)N[C@@H](CCC)C(F)(F)F)C(=O)CCN1CCCC1=O,CCOC(=O)c1sc(NCc2cccc(C(=O)OC)c2)nc1C(F)F,26,26,25,26,6.391077,,8,7,,,0,0,0,1,0,24,26,1,93,154,154,88,65,93,0,77,33,73,24,32,6,14,128,43,111,45,66,0,25,0
555,370,650,9041022,2369078,CC1=CC=C([N+](=O)[O-])C(NC2COCCCN(C(=O)C[C@@H](C)C3=CC=CC=C3)C2)=N1,CC1(C(=O)O)CCC2=CC(C3=CC=C(F)C(C(F)(F)F)=C3)=CC=C21,Cc1ccc([N+](=O)[O-])c(NC2COCCCN(C(=O)C[C@@H](C)c3ccccc3)C2)n1,CC1(C(=O)O)CCc2cc(-c3ccc(F)c(C(F)(F)F)c3)ccc21,30,32,24,26,254.625488,,11,10,,,0,0,0,1,0,288,26,4,1148,2031,2031,1029,428,1148,0,1004,369,1152,550,248,88,216,2005,637,1394,392,1002,0,39,0
556,912,848,8238602,852893,O=C(NC1COCCN(C(=O)C2=NN3C=CC=NC3=C2)C1)[C@H]1C[C@H]2O[C@@H]1[C@@H]1C[C@H]21,CC1=C(C(=O)N2C[C@@H](O)C[C@H]2C(=O)NC2CC2)CCCO1,O=C(NC1COCCN(C(=O)c2cc3ncccn3n2)C1)[C@H]1C[C@H]2O[C@@H]1[C@@H]1C[C@@H]12,CC1=C(C(=O)N2C[C@@H](O)C[C@H]2C(=O)NC2CC2)CCCO1,29,34,21,23,50.559551,,15,14,,,0,0,0,1,0,78,23,1,304,457,457,265,298,304,0,233,125,256,88,210,30,2,434,177,280,88,192,0,25,0
557,470,724,3166266,374384,N[C@@H](CC1=CC=CC(NC(=O)C2=C(F)C=C(CO)C=C2F)=C1)C(=O)O,CC[C@H]1C[C@@H]1C(=O)N(C)CC1=CC2=C(C=C1Br)OCO2,N[C@@H](Cc1cccc(NC(=O)c2c(F)cc(CO)cc2F)c1)C(=O)O,CC[C@H]1C[C@@H]1C(=O)N(C)Cc1cc2c(cc1Br)OCO2,25,26,20,22,120.381340,,15,14,,,0,0,0,1,0,172,22,1,672,1207,1207,625,179,672,1,616,213,713,371,27,20,173,1185,502,705,123,582,0,21,0
558,156,445,2819811,8869065,CCC1(C(=O)N(CCC(F)CO)CC2=CN(CC(C)C)N=C2)CC1,CC1(C)CC(CNC(=O)/C=C/C2=CC=CC=C2)(C(=O)N2CCC(N3CCCC3)C2)C1,CCC1(C(=O)N(CCC(F)CO)Cc2cnn(CC(C)C)c2)CC1,CC1(C)CC(CNC(=O)/C=C/c2ccccc2)(C(=O)N2CCC(N3CCCC3)C2)C1,24,25,30,33,68.936600,,16,15,,,0,0,0,1,0,106,25,3,417,524,524,334,442,417,0,297,174,460,97,142,41,23,499,231,293,103,190,0,22,0
559,180,751,5029912,4375377,NC(=O)[C@H]1C[C@H]1C(=O)N(CC1=NNC2=CC=CC=C21)C[C@H]1COCCO1,CC(C)C[C@@H](CC(=O)N1C2CSCC1C2)NC(=O)C1=NN2CCCC2=C1,NC(=O)[C@H]1C[C@H]1C(=O)N(Cc1n[nH]c2ccccc12)C[C@H]1COCCO1,CC(C)C[C@@H](CC(=O)N1C2CSCC1C2)NC(=O)c1cc2n(n1)CCC2,26,29,26,29,144.628540,,15,15,,,0,0,0,1,0,264,29,4,1049,1415,1415,878,406,1049,2,850,504,750,307,164,42,92,1386,717,698,161,537,0,34,0
560,534,988,9236964,6019508,OCCOC1=CC=CC(CN(CC2=CC=C(C(F)(F)F)O2)CC2OCCC23CC3)=C1,O=C(CNC1=CC=NC=C1)NCC1CC(CNC(=O)CN2C=CN=N2)CO1,OCCOc1cccc(CN(Cc2ccc(C(F)(F)F)o2)CC2OCCC23CC3)c1,O=C(CNc1ccncc1)NCC1CC(CNC(=O)Cn2ccnn2)CO1,30,33,27,29,16.653980,,10,9,,,0,0,0,1,0,47,29,4,179,233,233,161,48,179,1,149,86,89,48,3,2,5,204,101,132,60,72,0,25,0
561,666,276,2410406,6286911,CCCN1C=CC(NC(=O)CC2CCN(C(=O)[C@H]3C[C@H]3C)CC2)=N1,CCC(C)(C)CCNC(C1=NN=NN1CCC#N)C1=C(F)C=C(F)C(F)=C1,CCCn1ccc(NC(=O)CC2CCN(C(=O)[C@H]3C[C@H]3C)CC2)n1,CCC(C)(C)CCNC(c1cc(F)c(F)cc1F)c1nnnn1CCC#N,24,26,27,28,28.633751,,12,11,,,0,0,0,1,0,75,26,2,288,386,386,248,112,288,0,224,128,219,93,3,3,40,360,138,248,110,138,0,25,0
562,630,827,4381149,10017841,C[C@H]1[C@H](CNC(=O)[C@@H]2C[C@@H](F)CN2C(=O)C2=CC=C(C(N)=O)O2)C1(F)F,CC(C)(C)OC(=O)N1CCN(C(=O)NCC2=CC3=CN=NC=C3O2)C(C2=CC=CC=C2F)C1,C[C@H]1[C@H](CNC(=O)[C@@H]2C[C@@H](F)CN2C(=O)c2ccc(C(N)=O)o2)C1(F)F,CC(C)(C)OC(=O)N1CCN(C(=O)NCc2cc3cnncc3o2)C(c2ccccc2F)C1,26,28,33,36,111.317215,,13,12,,,0,0,0,1,0,134,28,0,531,992,992,461,413,531,0,434,158,702,226,212,49,173,964,276,716,185,531,0,30,0
563,941,551,3762436,3108760,CC(NC(=O)C1=CN(CC(F)F)C=N1)C1=CN(C[C@H]2C[C@H](N)C2)N=N1,CC1=C(CCNC(=O)NCC(=O)N2CCCO2)C2=CC(Cl)=CC=C2N1,CC(NC(=O)c1cn(CC(F)F)cn1)c1cn(C[C@H]2C[C@H](N)C2)nn1,Cc1[nH]c2ccc(Cl)cc2c1CCNC(=O)NCC(=O)N1CCCO1,25,27,25,27,12.807158,,12,11,,,0,0,0,1,0,45,27,4,175,244,244,154,84,175,1,125,61,130,64,15,6,16,217,101,143,53,90,0,23,0
564,793,495,1506852,224835,O=C(NC12CCC(C(F)F)(CC1)OC2)C1=CC2=NC=CN2C=C1,C=CC(C)(O)CNC(=O)C1=CC2=C(N=CN2)C(F)=C1,O=C(NC12CCC(C(F)F)(CC1)OC2)c1ccn2ccnc2c1,C=CC(C)(O)CNC(=O)c1cc(F)c2nc[nH]c2c1,23,26,19,20,96.249481,,15,14,,,0,0,0,1,0,140,20,1,542,891,891,485,260,542,0,467,235,534,202,112,29,116,871,337,554,148,406,0,28,0
565,476,446,1462587,3959197,CC(C)(NC(=O)C1=CC2=CC=CC=C2C=N1)C1=CC(Br)=CC=N1,CCC(C)OC1=CC=CC(NC(=O)C2=C3C=CC=CC3=NC(OC)=C2)=C1,CC(C)(NC(=O)c1cc2ccccc2cn1)c1cc(Br)ccn1,CCC(C)Oc1cccc(NC(=O)c2cc(OC)nc3ccccc23)c1,23,25,26,28,90.354523,,16,15,,,0,0,0,1,0,157,25,1,617,833,833,551,274,617,0,526,304,431,171,98,52,37,808,430,403,121,282,0,24,0
566,845,748,2726269,3675863,CSC1=NC=CC(NC2CC(CCNC(=O)[C@H](O)C3CCC3)C2)=N1,CN1CCC[C@H]1CC(=O)N1C[C@H](NC(=O)C(=O)NCC2CC2)[C@@H](O)C1,CSc1nccc(NC2CC(CCNC(=O)[C@H](O)C3CCC3)C2)n1,CN1CCC[C@H]1CC(=O)N1C[C@H](NC(=O)C(=O)NCC2CC2)[C@@H](O)C1,24,26,25,27,23.485100,,12,11,,,0,0,0,1,0,71,26,2,271,381,381,249,70,271,0,237,110,176,115,0,0,6,355,158,223,91,132,0,24,0
567,606,274,633273,2157471,CN1N=CC=C1C1(C(=O)NCC2=CN=CO2)CCOCC1,C=CC1CCCN1S(=O)(=O)C1=CC=C(NS(=O)(=O)CCCC)C=C1,Cn1nccc1C1(C(=O)NCc2cnco2)CCOCC1,C=CC1CCCN1S(=O)(=O)c1ccc(NS(=O)(=O)CCCC)cc1,21,23,24,25,6.951987,,7,6,,,0,0,0,1,0,19,23,6,68,138,138,66,33,68,2,59,30,43,14,41,5,4,115,33,105,33,72,0,17,0
568,330,872,10117466,5919239,CCC1=CC=CC=C1N1N=NN=C1C(C1=CC=C2C=CN=CC2=C1)N1CC(O)CC(C)(C)C1,CC1=CC(C(=O)NC2(CNC(=O)CCOC3CC3)CCOCC2)=CC=C1F,CCc1ccccc1-n1nnnc1C(c1ccc2ccncc2c1)N1CC(O)CC(C)(C)C1,Cc1cc(C(=O)NC2(CNC(=O)CCOC3CC3)CCOCC2)ccc1F,33,37,27,29,180.423813,,15,14,,,0,0,0,1,0,216,29,3,849,1173,1173,773,201,849,1,760,465,405,219,168,63,32,1144,558,615,215,400,0,26,0
569,251,850,5013558,8234603,CCCN1C=CC(CN(CCC(C)(C)CC)C(=O)CC2COCCO2)=N1,CC1CC(NC(=O)CCC2=NN(C)C=C2)CN1C(=O)CC/C=C/C1=CC=CC=C1,CCCn1ccc(CN(CCC(C)(C)CC)C(=O)CC2COCCO2)n1,CC1CC(NC(=O)CCc2ccn(C)n2)CN1C(=O)CC/C=C/c1ccccc1,26,27,29,31,23.993725,,12,11,,,0,0,0,1,0,58,27,4,225,314,314,185,231,225,2,161,91,211,53,123,18,20,287,116,198,69,129,0,23,0
570,957,88,6383091,420211,CC1CCC(CCN(CC2=C(F)C=CC=C2F)C(=O)C2=CC=CN=C2O)C1,NC(COCCO)=NOC[C@H]1C[C@H]1CC1=CC=CC=C1,CC1CCC(CCN(Cc2c(F)cccc2F)C(=O)c2cccnc2O)C1,NC(COCCO)=NOC[C@H]1C[C@H]1Cc1ccccc1,27,29,20,21,23.921347,,8,7,,,0,0,0,1,0,45,21,2,177,229,229,157,30,177,0,140,80,80,58,0,0,12,208,107,122,50,72,0,22,0
571,285,902,7929346,2466100,COC1=CC=C2C=C(CNCC3N(C(=O)OC(C)(C)C)CCC34CCC4)NC2=C1,CC1=C(C(=O)N2CC[C@H](C)C[C@@H]2C(=O)NC2(C(C)C)CC2)NC=C1,COc1ccc2cc(CNCC3N(C(=O)OC(C)(C)C)CCC34CCC4)[nH]c2c1,Cc1cc[nH]c1C(=O)N1CC[C@H](C)C[C@@H]1C(=O)NC1(C(C)C)CC1,29,32,24,26,188.393570,,17,17,,,0,0,0,1,0,227,26,0,887,1565,1565,785,1148,887,0,759,316,1178,293,722,150,78,1539,585,980,200,780,0,33,0
572,461,249,6469213,4332357,CC(=O)NC(C)C(=O)N(CC1=C(C)C=CC=C1C)CC1(CF)CCCOC1,CC(CC(=O)NC1(C(=O)NC(C)CCN(C)C)CCCCC1)CN(C)C,CC(=O)NC(C)C(=O)N(Cc1c(C)cccc1C)CC1(CF)CCCOC1,CC(CC(=O)NC1(C(=O)NC(C)CCN(C)C)CCCCC1)CN(C)C,27,28,26,26,30.851612,,12,11,,,0,0,0,1,0,81,26,0,302,434,434,275,202,302,0,243,121,228,89,102,39,6,408,176,258,99,159,0,28,0
573,768,475,5597798,553233,CC1(CCC(=O)N2CCS(=N)(=O)CC2)CN(C(=O)[C@@H]2CC[C@H](C(N)=O)C2)C1,C=C1CCCN(C(=O)[C@@H]2CCN2C(=O)C2C=CCC2)C1,CC1(CCC(=O)N2CCS(=N)(=O)CC2)CN(C(=O)[C@@H]2CC[C@H](C(N)=O)C2)C1,C=C1CCCN(C(=O)[C@@H]2CCN2C(=O)C2C=CCC2)C1,27,29,20,22,26.376144,,12,11,,,0,0,0,1,0,74,22,2,288,373,373,238,124,288,0,218,129,208,79,29,10,41,351,156,217,82,135,0,23,0
574,583,624,1681719,1850926,O=C(NCC(O)C1=CC=CC=C1Br)[C@@H]1CCC2=CC=CC=C2N1,CC1=CC(CC(=O)N(C)C(C)C(=O)N(C)CC2=CN=CO2)=CS1,O=C(NCC(O)c1ccccc1Br)[C@@H]1CCc2ccccc2N1,Cc1cc(CC(=O)N(C)C(C)C(=O)N(C)Cc2cnco2)cs1,23,25,23,24,39.541893,,16,15,,,0,0,0,1,0,111,24,2,440,661,661,360,136,440,0,354,141,412,197,0,0,88,637,256,405,104,301,0,22,0
575,684,388,3714033,9410350,CC(C)(C)OC(=O)NC12CC(CCOC(=O)CCC3=COC=N3)(C1)C2,CCC1=CNC(=O)C(C(=O)N2CCN(C(=O)C3=CC(Cl)=CC=N3)CC3CCCCC32)=C1,CC(C)(C)OC(=O)NC12CC(CCOC(=O)CCc3cocn3)(C1)C2,CCc1c[nH]c(=O)c(C(=O)N2CCN(C(=O)c3cc(Cl)ccn3)CC3CCCCC32)c1,25,27,31,34,16.335005,,9,8,,,0,0,0,1,0,32,27,6,127,269,269,122,168,127,2,100,35,164,50,126,16,0,242,62,207,60,147,0,21,0
576,344,29,9516268,5500785,N#CC[C@@H](O)CN1C=C(C2=CC=CC(OCC(=O)NC3CCC4=NC=CN4C3)=C2)N=N1,CCN(C(=O)CC1CC(NC(=O)C2=C(C)OC(CO)=C2)C1)C(C)C1CCC1,N#CC[C@@H](O)Cn1cc(-c2cccc(OCC(=O)NC3CCc4nccn4C3)c2)nn1,CCN(C(=O)CC1CC(NC(=O)c2cc(CO)oc2C)C1)C(C)C1CCC1,31,34,27,29,72.154770,,11,10,,,0,0,0,1,0,108,29,0,418,728,728,364,201,418,0,345,138,482,173,54,24,140,699,235,493,129,364,0,30,0
577,506,871,3999241,882010,COC(=O)[C@@H](CC1=NNC=C1)NC(=O)C1CCCN(C(=O)C(C)(C)C)C1,C=CCCC(C)(C)NC(=O)C1=CCC(NC(=O)C(C)O)C1,COC(=O)[C@@H](Cc1cc[nH]n1)NC(=O)C1CCCN(C(=O)C(C)(C)C)C1,C=CCCC(C)(C)NC(=O)C1=CCC(NC(=O)C(C)O)C1,26,27,21,21,16.805204,,12,11,,,0,0,0,1,0,59,21,2,220,274,274,189,101,220,0,173,119,155,45,9,6,29,253,139,135,50,85,0,19,0
578,332,186,4169540,1420794,COC1=CC=C([C@H](C)NC(=O)N2CC(S(N)(=O)=O)CC23CCCC3)C=C1,COC(=O)C1CN(C)C(=O)CN1C(=O)CCC1=CC=C(F)N=C1,COc1ccc([C@H](C)NC(=O)N2CC(S(N)(=O)=O)CC23CCCC3)cc1,COC(=O)C1CN(C)C(=O)CN1C(=O)CCc1ccc(F)nc1,26,28,23,24,21.521658,,10,9,,,0,0,0,1,0,57,24,1,219,318,318,201,55,219,0,190,92,130,81,18,5,8,294,114,204,87,117,0,25,0
579,499,217,5522744,3764730,CC(C)(CNC(=O)C(C)(C)C(C)(C)O)CC(=O)NCC1CC/C=C\CCC1,CC(C)C(F)(F)C(=O)N1CC(C2=CN(CCCOC3CCC3)N=N2)C1,CC(C)(CNC(=O)C(C)(C)C(C)(C)O)CC(=O)NCC1CC/C=C\CCC1,CC(C)C(F)(F)C(=O)N1CC(c2cn(CCCOC3CCC3)nn2)C1,27,27,25,27,57.366158,,16,15,,,0,0,0,1,0,72,27,1,285,509,509,260,229,285,1,221,82,224,91,226,61,2,482,193,316,67,249,0,31,0
580,363,816,8246786,7636364,CCN(C(=O)CC1=CC(C)=CC=C1C)C1CCC(NC(=O)C2=CC=CN=N2)CC1,CN1C=NC=C1CNC1=NC(NCC(C)(C)C2=CC=NC=C2)=NC2=C1SC=C2,CCN(C(=O)Cc1cc(C)ccc1C)C1CCC(NC(=O)c2cccnn2)CC1,Cn1cncc1CNc1nc(NCC(C)(C)c2ccncc2)nc2ccsc12,29,31,28,31,33.375404,,10,9,,,0,0,0,1,0,71,31,3,280,409,409,239,99,280,2,221,109,208,84,32,18,46,378,117,292,122,170,0,28,0
581,264,348,6289492,2791183,C[C@H]1C[C@H]1CCC(NCCC1=CC=NN1C)C1=NN=NN1CC1=CC=CS1,CCC1=CC=C(CN(CC(Cl)(Cl)Cl)C(=O)CNC(=O)CC(C)C)O1,C[C@H]1C[C@H]1CCC(NCCc1ccnn1C)c1nnnn1Cc1cccs1,CCc1ccc(CN(CC(Cl)(Cl)Cl)C(=O)CNC(=O)CC(C)C)o1,27,30,24,24,7.093752,,13,12,,,0,0,0,1,0,31,24,7,105,127,127,102,35,105,0,92,74,34,11,0,0,0,103,69,58,33,25,0,17,0
582,286,901,7707730,8616169,CCC(C(=O)N(CC1=CC=C(OC)C(C)=C1)C[C@H]1CCCO1)C1=CC=CN=C1,CCCC1=NNC(C(=O)N(CC[C@H]2CCC(=O)N2)CC2=NNC(C3CCC3)=C2)=C1,CCC(C(=O)N(Cc1ccc(OC)c(C)c1)C[C@H]1CCCO1)c1cccnc1,CCCc1cc(C(=O)N(CC[C@H]2CCC(=O)N2)Cc2cc(C3CCC3)[nH]n2)[nH]n1,28,30,29,32,58.503136,,20,19,,,0,0,0,1,0,72,30,4,284,372,372,241,294,284,0,190,108,225,57,165,50,5,342,160,212,81,131,0,42,0
583,610,718,9252596,1002008,CN(CCC1=CC=CC=C1F)C(C(=O)NC1CC(F)(F)C1)C1=NN2C=CC=CC2=C1,CC1=NN=C(CNC(=O)C2=C(C)C(C)(C)OC2=O)N1C1CC1,CN(CCc1ccccc1F)C(C(=O)NC1CC(F)(F)C1)c1cc2ccccn2n1,CC1=C(C(=O)NCc2nnc(C)n2C2CC2)C(=O)OC1(C)C,30,33,22,24,12.452025,,11,10,,,0,0,0,1,0,28,24,3,111,156,156,98,71,111,1,80,41,80,30,24,6,8,132,45,111,53,58,0,21,0
584,901,282,8616169,9846240,CCCC1=NNC(C(=O)N(CC[C@H]2CCC(=O)N2)CC2=NNC(C3CCC3)=C2)=C1,CCC1=C(C(=O)NC(C)C2CCN(S(=O)(=O)C3=CC=CC4=CC=CN=C43)C2)N=NN1CC,CCCc1cc(C(=O)N(CC[C@H]2CCC(=O)N2)Cc2cc(C3CCC3)[nH]n2)[nH]n1,CCc1c(C(=O)NC(C)C2CCN(S(=O)(=O)c3cccc4cccnc34)C2)nnn1CC,29,32,32,35,130.997437,,15,14,,,0,0,0,1,0,151,32,0,582,972,972,529,211,582,0,493,204,539,259,82,34,113,940,338,634,191,443,0,35,0
585,569,10,5065409,975947,CC1=CC=C(C(=O)N(CCCCCO)CC2=CC=CC(C#N)=C2)C(C)=C1,CCN1N=NC2=CC=C(C(=O)NC3=C(Cl)C=CC=C3C)C=C21,Cc1ccc(C(=O)N(CCCCCO)Cc2cccc(C#N)c2)c(C)c1,CCn1nnc2ccc(C(=O)Nc3c(C)cccc3Cl)cc21,26,27,22,24,33.464504,,16,16,,,0,0,0,1,0,95,24,3,372,395,395,324,191,372,0,280,222,198,71,38,10,3,371,236,159,88,71,0,26,0
586,529,970,7258167,617020,CN(C[C@@H]1C[C@H](F)CN1C(=O)CCC1=NN=CS1)C(=O)CCC1=NC=NN1C,CCSC1=CC=C(NC(=O)[C@H]2CN(C)CCN2C)C=C1Cl,CN(C[C@@H]1C[C@H](F)CN1C(=O)CCc1nncs1)C(=O)CCc1ncnn1C,CCSc1ccc(NC(=O)[C@H]2CN(C)CCN2C)cc1Cl,28,30,21,22,26.700104,,13,12,,,0,0,0,1,0,91,22,1,351,471,471,298,108,351,1,287,148,231,113,29,16,33,449,209,262,89,173,0,21,0
587,195,87,9276851,2472285,CC1CN(C(=O)C2=CC=C(NC(=O)C3=NC(C4=CN(C)N=C4)=CC=C3)C=C2)CC(C)O1,C#CC(C)N(C)C(=O)CC(C)C(C)(C)NC(=O)C1=C(Cl)N(C)N=C1,CC1CN(C(=O)c2ccc(NC(=O)c3cccc(-c4cnn(C)c4)n3)cc2)CC(C)O1,C#CC(C)N(C)C(=O)CC(C)C(C)(C)NC(=O)c1cnn(C)c1Cl,31,34,24,24,23.504850,,13,13,,,0,0,0,1,0,82,24,2,319,361,361,257,211,319,0,214,128,241,97,37,10,21,337,167,194,90,104,0,25,0
588,247,737,10070741,1780029,CC(C)C1=NC(O)=CC(N2CC(N3CCN(C(=O)C4=CC=CC(N5C=CC=C5)=N4)CC3)C2)=N1,CSCC(=O)N[C@H](CC(=O)N1C[C@@H](C)[C@H](C(N)=O)C1)CC(C)C,CC(C)c1nc(O)cc(N2CC(N3CCN(C(=O)c4cccc(-n5cccc5)n4)CC3)C2)n1,CSCC(=O)N[C@H](CC(=O)N1C[C@@H](C)[C@H](C(N)=O)C1)CC(C)C,33,37,23,23,72.936569,,12,11,,,0,0,0,1,0,81,23,2,313,540,540,259,288,313,0,249,101,428,117,115,20,75,517,171,369,88,281,0,23,0
589,416,500,7847536,3656579,CC1(C)C[C@@H]1C(C(=O)NCCC#N)N1CCN(C2=CC(C(F)F)=CC=C2)CC1,CCCC(=O)NC(CNC(=O)C1=CC(C)(CC)C1)C1=CC(C)=CC=C1,CC1(C)C[C@@H]1C(C(=O)NCCC#N)N1CCN(c2cccc(C(F)F)c2)CC1,CCCC(=O)NC(CNC(=O)C1=CC(C)(CC)C1)c1cccc(C)c1,28,30,25,26,58.415710,,14,13,,,0,0,0,1,0,85,26,1,314,481,481,283,150,314,0,242,117,206,100,112,41,21,455,170,311,113,198,0,30,0
590,568,776,7777937,5858712,CCN1C=NC(Cl)=C1CN(CC1=NSC=N1)C[C@H]1CCO[C@@H]1C1=CC=CC=C1,CC(C)(F)CNC(=O)[C@@H](N1C=C(C2=CSC(C(C)(F)F)=N2)N=N1)C(C)(C)C,CCn1cnc(Cl)c1CN(Cc1ncsn1)C[C@H]1CCO[C@@H]1c1ccccc1,CC(C)(F)CNC(=O)[C@@H](n1cc(-c2csc(C(C)(F)F)n2)nn1)C(C)(C)C,28,31,27,28,42.024166,,11,10,,,0,0,0,1,0,55,28,6,217,397,397,193,124,217,1,183,91,217,71,83,9,64,369,104,293,89,204,0,23,0
591,246,707,9626254,8176720,COC1=CC(O)=CC(CN(CC2CCC3(CC3)CO2)C(=O)C2=CN=C3OCCC3=C2)=C1,CN(C[C@@H]1CCCCN1C(=O)C1=CN2C=CN=C2S1)C(=O)CCOCC(F)(F)F,COc1cc(O)cc(CN(CC2CCC3(CC3)CO2)C(=O)c2cnc3c(c2)CCO3)c1,CN(C[C@@H]1CCCCN1C(=O)c1cn2ccnc2s1)C(=O)CCOCC(F)(F)F,31,35,29,31,49.333477,,14,13,,,0,0,0,1,0,110,31,5,433,583,583,391,98,433,1,371,205,224,141,36,19,15,552,325,258,66,192,0,26,0
592,487,661,1254773,2104959,OC1(C2=CC=C(C3=CN=C4C(Cl)=CC=CC4=N3)C=C2)CNC1,O=C(C1=NC(O)=CC(C(F)(F)F)=C1)N1CC(C2=CC(Cl)=CC=C2)C1,OC1(c2ccc(-c3cnc4c(Cl)cccc4n3)cc2)CNC1,O=C(c1cc(C(F)(F)F)cc(O)n1)N1CC(c2cccc(Cl)c2)C1,22,25,24,26,272.935883,,16,16,,,0,0,0,1,0,365,25,0,1440,2190,2190,1283,906,1440,0,1252,626,1484,534,302,98,178,2165,1027,1163,256,907,0,28,0
593,728,502,8463940,8415573,CC1=C(C2=CN(C[C@H]3C[C@H]3CO)N=N2)C=CC=C1C(=O)NC(C)(C)C(=O)N(C)C,CCC1=C(C(=O)N2CCC(CN3CCN(C4=NC(C)=NC(N)=N4)CC3)C2)NC=N1,Cc1c(C(=O)NC(C)(C)C(=O)N(C)C)cccc1-c1cn(C[C@H]2C[C@H]2CO)nn1,CCc1nc[nH]c1C(=O)N1CCC(CN2CCN(c3nc(C)nc(N)n3)CC2)C1,29,31,29,32,26.655193,,12,11,,,0,0,0,1,0,65,31,3,249,369,369,207,221,249,1,181,104,226,61,118,14,20,338,118,251,89,162,0,28,0
594,458,811,5830393,4686255,CC(C)C(NC(=O)C(F)=C1CCCCC1)C(=O)NCC1(N2C=CC=N2)CC1,C=CCCOC(C)C(=O)NCC1CN(C(=O)CC2CC2)CCC12CCC2,CC(C)C(NC(=O)C(F)=C1CCCCC1)C(=O)NCC1(n2cccn2)CC1,C=CCCOC(C)C(=O)NCC1CN(C(=O)CC2CC2)CCC12CCC2,27,29,26,28,39.910107,,11,10,,,0,0,0,1,0,69,28,2,272,497,497,244,154,272,1,225,86,247,100,132,32,53,469,135,362,109,253,0,33,0
595,17,95,3039572,9309198,CC(OC(=O)CC1=C2CCCCN2C=N1)C1=CC=C(S(C)(=O)=O)C=C1,COC1=CC=C(CC2CCN(C(=O)C3=CC=C(N4C=NC5=CC=CC=C54)C=C3)C2)C=C1,CC(OC(=O)Cc1ncn2c1CCCC2)c1ccc(S(C)(=O)=O)cc1,COc1ccc(CC2CCN(C(=O)c3ccc(-n4cnc5ccccc54)cc3)C2)cc1,25,27,31,35,34.048859,,12,11,,,0,0,0,1,0,98,27,4,364,412,412,302,194,364,0,269,176,211,64,61,39,13,385,211,201,91,110,0,36,0
596,301,226,6652483,6509040,O=C(C1=CC=C([N+](=O)[O-])C(N2C=CN=C2)=C1)N1CC2(CC(CC(F)(F)F)C2)C1,COC1=CC=CC=C1CN(CC1=CC2=CN=CC=C2N1)CC1(C(N)=O)CC1,O=C(c1ccc([N+](=O)[O-])c(-n2ccnc2)c1)N1CC2(CC(CC(F)(F)F)C2)C1,COc1ccccc1CN(Cc1cc2cnccc2[nH]1)CC1(C(N)=O)CC1,28,31,27,30,409.186401,,17,16,,,0,0,0,1,0,280,30,2,1109,1846,1846,952,650,1109,0,914,371,1065,461,448,92,123,1816,696,1150,256,894,0,45,0
597,414,708,7851635,3943261,CN1C(=O)SC2=CC(C3=C(NC4CC(F)(F)C4)N4C=C(Br)C=CC4=N3)=CC=C21,CCN1C(CC2=CC=CC=C2)=NN=C1SCC1CC2(CCCCC2)CO1,Cn1c(=O)sc2cc(-c3nc4ccc(Br)cn4c3NC3CC(F)(F)C3)ccc21,CCn1c(Cc2ccccc2)nnc1SCC1CC2(CCCCC2)CO1,28,32,26,29,39.438274,,14,14,,,0,0,0,1,0,77,29,3,300,410,410,278,104,300,1,242,160,123,69,81,23,8,381,183,227,95,132,0,26,0
598,249,313,4332357,9758730,CC(CC(=O)NC1(C(=O)NC(C)CCN(C)C)CCCCC1)CN(C)C,CC1=CSC(CC2CCCN(C(=O)C(=O)N3CCCC3C3=CC=CC=C3C(F)(F)F)C2)=N1,CC(CC(=O)NC1(C(=O)NC(C)CCN(C)C)CCCCC1)CN(C)C,Cc1csc(CC2CCCN(C(=O)C(=O)N3CCCC3c3ccccc3C(F)(F)F)C2)n1,26,26,32,35,68.307144,,15,14,,,0,0,0,1,0,89,26,0,343,515,515,296,242,343,0,254,128,304,77,124,65,71,489,165,350,131,219,0,39,0
599,679,595,46259,5446227,COC(C)(C)CC(=O)NCC(C)N1C=CC=N1,CC(C)(C1=CC=CC(NC(=O)C(O)[C@@H](N)CC2=CC=CC=C2)=C1)C(F)(F)F,COC(C)(C)CC(=O)NCC(C)n1cccn1,CC(C)(c1cccc(NC(=O)C(O)[C@@H](N)Cc2ccccc2)c1)C(F)(F)F,17,17,27,28,5.287113,,9,8,,,0,0,0,1,0,23,17,1,91,118,118,85,34,91,0,77,58,47,9,3,2,14,101,48,70,37,33,0,16,0
600,377,484,1277356,2194018,CONC(=O)CNC(=O)CCOCCNC(=O)C1=CC=CS1,CCOC(=O)[C@H]1C[C@@H]1C(=O)OCCN1C2=CC=C(Br)C=C2N=C1N,CONC(=O)CNC(=O)CCOCCNC(=O)c1cccs1,CCOC(=O)[C@H]1C[C@@H]1C(=O)OCCn1c(N)nc2cc(Br)ccc21,22,22,24,26,4.316222,,12,11,,,0,0,0,1,0,25,22,3,92,113,113,92,23,92,2,80,61,24,12,0,0,0,91,56,57,36,21,0,19,0
601,566,543,628570,4382667,C#CCC1(C(=O)N2CC3=CC=C(O)N=C3C2)CC=CCC1,CCN1C=C(NC(=O)[C@@H]2CCCN2C(=O)C2=CC=CC=C2O)C(C#N)=N1,C#CCC1(C(=O)N2Cc3ccc(O)nc3C2)CC=CCC1,CCn1cc(NC(=O)[C@@H]2CCCN2C(=O)c2ccccc2O)c(C#N)n1,21,23,26,28,282.423584,,17,16,,,0,0,0,1,0,360,23,2,1431,2383,2383,1328,818,1431,1,1301,499,1567,684,283,124,138,2360,794,1589,534,1055,0,41,0
602,352,435,4876269,8099950,CCC1=NSC(N2CCC[C@H]2CNC(=O)CC2=CC=C3OCCC3=C2)=N1,COC1=CC(NC(=O)C2CC3(CCC3)CN2C(=O)C2CCCOCC2)=CC=C1C,CCc1nsc(N2CCC[C@H]2CNC(=O)Cc2ccc3c(c2)CCO3)n1,COc1cc(NC(=O)C2CC3(CCC3)CN2C(=O)C2CCCOCC2)ccc1C,26,29,29,32,206.638931,,14,14,,,0,0,0,1,0,221,29,2,875,1416,1416,804,189,875,0,790,404,729,353,42,20,213,1387,635,781,169,612,0,34,0
603,763,563,1215499,6337144,NCC1=CC(Cl)=CC=C1NC(=O)CNC1=NC(Br)=CC=C1Br,CC1=CC=CC(C)=C1CNC1=NC(C)=NC(NC2CCN3CCCCC23)=N1,NCc1cc(Cl)ccc1NC(=O)CNc1nc(Br)ccc1Br,Cc1nc(NCc2c(C)cccc2C)nc(NC2CCN3CCCCC23)n1,22,23,27,30,24.951258,,12,11,,,0,0,0,1,0,62,23,4,241,301,301,219,44,241,1,208,147,97,50,7,3,16,278,123,178,96,82,0,19,0
604,338,360,9637513,7542303,CC1=C2C=C(CN(CC3=CN(C4=CC=CC=C4)N=C3)CC3[C@H](C)[C@H]3C)C=CC2=NN1C,CC(C)[C@H](NC(=O)C1CCN1C1CCCC1)C1=CN([C@H]2CC[C@H](N)CC2)N=N1,Cc1c2cc(CN(Cc3cnn(-c4ccccc4)c3)CC3[C@H](C)[C@H]3C)ccc2nn1C,CC(C)[C@H](NC(=O)C1CCN1C1CCCC1)c1cn([C@H]2CC[C@H](N)CC2)nn1,31,35,28,31,32.138958,,16,16,,,0,0,0,1,0,65,31,1,255,335,335,222,153,255,0,180,99,199,77,34,16,23,304,136,199,86,113,0,30,0
605,719,464,6464583,5336484,COCC(F)(F)CN(CC1=NC(OC)=CC=C1C)C(=O)C(F)C1CCCC1,O=C(CN1CCC(OCC2=CN=CS2)C1)NCCN1CCC2=CC=CC=C21,COCC(F)(F)CN(Cc1nc(OC)ccc1C)C(=O)C(F)C1CCCC1,O=C(CN1CCC(OCc2cncs2)C1)NCCN1CCc2ccccc21,27,28,27,30,57.856182,,14,13,,,0,0,0,1,0,82,28,3,327,549,549,305,150,327,0,271,120,249,116,115,44,32,521,209,340,96,244,0,29,0
606,277,313,10321920,9758730,CC(C)COC1=CC=C(C2=NN(C3=CC=CC=C3)C=C2C(=O)N2CCCC(C3=NNC(=O)O3)C2)C=C1,CC1=CSC(CC2CCCN(C(=O)C(=O)N3CCCC3C3=CC=CC=C3C(F)(F)F)C2)=N1,CC(C)COc1ccc(-c2nn(-c3ccccc3)cc2C(=O)N2CCCC(c3n[nH]c(=O)o3)C2)cc1,Cc1csc(CC2CCCN(C(=O)C(=O)N3CCCC3c3ccccc3C(F)(F)F)C2)n1,36,40,32,35,100.176880,,14,13,,,0,0,0,1,0,133,35,5,526,797,797,443,413,526,1,410,214,556,140,174,59,107,762,260,537,183,354,0,38,0
607,257,236,9402527,687930,C=CCC1(NC(=O)CCC(=O)NCCC)CCN(C(=O)C2=CC=C3C=CC=NC3=C2)C1,CS(=N)(=O)C1=CC=C(N2CCCC3(C=CCO3)CC2)N=C1,C=CCC1(NC(=O)CCC(=O)NCCC)CCN(C(=O)c2ccc3cccnc3c2)C1,CS(=N)(=O)c1ccc(N2CCCC3(C=CCO3)CC2)nc1,31,33,21,23,39.169323,,13,12,,,0,0,0,1,0,63,23,6,241,318,318,214,84,241,1,196,114,163,82,3,1,14,295,141,177,73,104,0,17,0
608,123,738,2996567,7849061,CC[C@@H](NS(=O)(=O)CC1CC2(CCOCC2)C(=O)O1)C1=CC=CC=N1,COC1=CN=CC(C(C(=O)NC2CC2)N2CCOC(CNS(C)(=O)=O)C2)=C1C,CC[C@@H](NS(=O)(=O)CC1CC2(CCOCC2)C(=O)O1)c1ccccn1,COc1cncc(C(C(=O)NC2CC2)N2CCOC(CNS(C)(=O)=O)C2)c1C,25,27,28,30,26.363665,,9,8,,,0,0,0,1,0,66,27,0,262,454,454,245,106,262,0,230,95,167,77,121,46,20,427,118,336,127,209,0,27,0
609,197,323,5252633,5659988,COC(=O)C1(CNC(=O)C2=C3OC(=O)NC3=CC(Br)=C2)CC12CCOCC2,CN(C(=O)CC(NC(=O)C1=C2COCC2=NN1)C(F)(F)F)C1CC(CO)C1,COC(=O)C1(CNC(=O)c2cc(Br)cc3[nH]c(=O)oc23)CC12CCOCC2,CN(C(=O)CC(NC(=O)c1[nH]nc2c1COC2)C(F)(F)F)C1CC(CO)C1,27,30,27,29,35.151352,,12,11,,,0,0,0,1,0,70,29,4,277,379,379,230,146,277,1,209,97,230,91,36,17,21,350,138,241,92,149,0,25,0
610,122,760,8324929,3882586,CCOC1=CC(C(=O)N2C[C@H]3CCN(C(=O)C4=CC(COC)=NN4)[C@H]3[C@@H]2C)=NN1,COC(=O)C(C)(C)C(=O)N(CC1=CSC(C)=C1)CC1OCCC12CC2,CCOc1cc(C(=O)N2C[C@H]3CCN(C(=O)c4cc(COC)n[nH]4)[C@H]3[C@@H]2C)n[nH]1,COC(=O)C(C)(C)C(=O)N(Cc1csc(C)c1)CC1OCCC12CC2,29,32,25,27,130.909698,,14,13,,,0,0,0,1,0,91,27,2,359,790,790,321,452,359,0,290,83,519,137,375,76,48,763,156,634,165,469,0,29,0
611,548,973,1456545,2845154,CCOC(=O)C1=NC=CN1NC(=O)C1=CN2C=CC(Cl)=CC2=C1,CC(C)CNC(=O)C(C(C)C(C)(C)C)N1CCC2=CC(Br)=CC=C21,CCOC(=O)c1nccn1NC(=O)c1cc2cc(Cl)ccn2c1,CC(C)CNC(=O)C(C(C)C(C)(C)C)N1CCc2cc(Br)ccc21,23,25,24,25,29.185503,,10,10,,,0,0,0,1,0,80,25,4,312,370,370,271,125,312,2,248,160,157,64,43,26,6,345,115,255,156,99,0,37,0
612,780,706,6893206,3749861,CCN1CCC[C@H](NC(=O)C[C@H](CC(C)C)NC(=O)C(C)(C)N2C=CN=N2)C1,CCCCN1C=C(CCC(=O)N2CCN3C(=NN=C3C3CC3)C2)N=N1,CCN1CCC[C@H](NC(=O)C[C@H](CC(C)C)NC(=O)C(C)(C)n2ccnn2)C1,CCCCn1cc(CCC(=O)N2CCn3c(nnc3C3CC3)C2)nn1,28,29,25,28,94.944702,,15,14,,,0,0,0,1,0,141,28,0,560,1044,1044,499,315,560,0,481,170,600,275,231,26,72,1016,337,707,162,545,0,28,0
613,189,196,2551630,9156181,CC(NC=O)C(=O)NC(C(=O)NC[C@H]1C[C@H](CF)C1)C1=CC=CS1,C[C@H]1CN(C2=NC3=CC=CC=C3N=C2NCCC2=CC=CC(C3CC3)=C2)C[C@H](C)O1,CC(NC=O)C(=O)NC(C(=O)NC[C@H]1C[C@H](CF)C1)c1cccs1,C[C@H]1CN(c2nc3ccccc3nc2NCCc2cccc(C3CC3)c2)C[C@H](C)O1,24,25,30,34,22.920261,,13,12,,,0,0,0,1,0,48,25,6,178,229,229,152,73,178,1,136,81,125,52,0,0,18,204,91,138,61,77,0,19,0
614,221,756,5336157,10140077,O=C(CN1C[C@@H]2OCO[C@@H]2C1)N1CCN(CC2=CC=CC=C2)C2(CCC2)C1,COC1=CC=CC=C1[C@H](O)CN(CC1=CC=C2C(=C1)C=CN2C)CC1=CN(C2CC2)N=C1C,O=C(CN1C[C@@H]2OCO[C@@H]2C1)N1CCN(Cc2ccccc2)C2(CCC2)C1,COc1ccccc1[C@H](O)CN(Cc1ccc2c(ccn2C)c1)Cc1cn(C2CC2)nc1C,27,31,33,37,37.091583,,14,14,,,0,0,0,1,0,62,31,1,246,330,330,199,305,246,0,148,74,254,33,148,62,11,299,118,212,81,131,0,57,0
615,495,283,224835,4185089,C=CC(C)(O)CNC(=O)C1=CC2=C(N=CN2)C(F)=C1,CN(C)C1=CC=C(NC(=O)NNC(=O)NC2CCN(CCCO)C2)C=C1,C=CC(C)(O)CNC(=O)c1cc(F)c2nc[nH]c2c1,CN(C)c1ccc(NC(=O)NNC(=O)NC2CCN(CCCO)C2)cc1,19,20,26,27,14.330694,,11,10,,,0,0,0,1,0,51,20,2,203,268,268,173,115,203,0,160,91,150,48,38,16,13,248,111,157,62,95,0,25,0
616,741,603,974333,2234872,CCCN(C(=O)C1=CC=C(OC2CC2)C=N1)C1CCCCC1,CC1=CC(CN(C)C(=O)NC2=CN(C(C)(C)C)N=C2C(N)=O)=NO1,CCCN(C(=O)c1ccc(OC2CC2)cn1)C1CCCCC1,Cc1cc(CN(C)C(=O)Nc2cn(C(C)(C)C)nc2C(N)=O)no1,22,24,24,25,22.579294,,10,9,,,0,0,0,1,0,61,24,0,238,388,388,212,53,238,0,194,93,179,77,26,18,68,364,115,273,97,176,0,34,0
617,778,537,7256219,5116604,CC1(C(=O)NCC2(CNC(=O)C[C@@H]3CC[C@H](O)C3)CCCC2)CCC(=O)NC1,CC(CC1CCC1)CN(CCC1OCCO1)CC1=C2C=CC=CN2N=N1,CC1(C(=O)NCC2(CNC(=O)C[C@@H]3CC[C@H](O)C3)CCCC2)CCC(=O)NC1,CC(CC1CCC1)CN(CCC1OCCO1)Cc1nnn2ccccc12,28,30,26,29,29.520945,,16,15,,,0,0,0,1,0,58,29,2,224,305,305,208,105,224,2,177,111,130,59,45,11,4,276,122,183,86,97,0,27,0
618,611,289,6791116,8174796,O=C(N1CCCN(C2=CC=C(C(F)(F)F)C=N2)CC1)C1(C2CC2)CCNCC1,CC(CC1=CC=CN=C1)C(=O)NC[C@H]1C[C@H](NC(=O)CC2OCCCC2(C)C)C1,O=C(N1CCCN(c2ccc(C(F)(F)F)cn2)CC1)C1(C2CC2)CCNCC1,CC(Cc1cccnc1)C(=O)NC[C@H]1C[C@H](NC(=O)CC2OCCCC2(C)C)C1,28,31,29,31,56.626347,,12,11,,,0,0,0,1,0,83,31,3,326,599,599,298,278,326,0,273,98,336,70,210,102,56,568,167,432,131,301,0,39,0
619,102,852,7027068,3728846,O=C(CCC1=CC=CN1)NCC1=CC(C(=O)N2CC(N3C=NN=C3)C2)=CC=N1,CC[C@@H]1CN(C(=O)C2CCNC(=O)C2)C[C@@H]1NC1=CC=NC=C1C#N,O=C(CCc1ccc[nH]1)NCc1cc(C(=O)N2CC(n3cnnc3)C2)ccn1,CC[C@@H]1CN(C(=O)C2CCNC(=O)C2)C[C@@H]1Nc1ccncc1C#N,28,31,25,27,133.303345,,17,16,,,0,0,0,1,0,161,27,1,640,1042,1042,572,485,640,1,525,253,636,205,292,88,86,1015,467,575,105,470,0,42,0
620,198,303,5367121,5874559,CCCC1=CC=CN=C1NC(=O)N1CCC(N2C=NC3=CC=CN=C32)CC1,CC(C)(C)C(C)(C)C(=O)NC[C@H]1C[C@@H](NC(=O)CC2(N3C=CC=N3)CC2)C1,CCCc1cccnc1NC(=O)N1CCC(n2cnc3cccnc32)CC1,CC(C)(C)C(C)(C)C(=O)NC[C@H]1C[C@@H](NC(=O)CC2(n3cccn3)CC2)C1,27,30,27,29,44.681816,,11,10,,,0,0,0,1,0,86,29,1,333,525,525,306,200,333,0,294,142,324,116,66,20,52,496,182,343,124,219,0,28,0
621,232,369,9827247,1952099,CC(C)C1=NC=CC(N2CC34CCCC3(CN(C(=O)C3=C5C(=CC=C3)N=NN5C)C4)C2)=N1,CC(C)(NC(=O)CCC1=CN(CC2CCCOC2)N=N1)C(=O)O,CC(C)c1nccc(N2CC34CCCC3(CN(C(=O)c3cccc5nnn(C)c35)C4)C2)n1,CC(C)(NC(=O)CCc1cn(CC2CCCOC2)nn1)C(=O)O,32,37,23,24,40.762272,,13,12,,,0,0,0,1,0,85,24,3,334,414,414,279,119,334,3,260,151,220,100,12,7,22,390,164,250,115,135,0,21,0
622,183,309,1632171,6909057,O=C(NCC1CCC(F)C1)N1CC2(CCC2)C2=C1C=CC=C2F,CCC(C(=O)N1CCO[C@@H](C)[C@@H]1C(=O)N1C[C@H](OC)[C@H](OC)C1)N1C=NC=N1,O=C(NCC1CCC(F)C1)N1CC2(CCC2)c2c(F)cccc21,CCC(C(=O)N1CCO[C@@H](C)[C@@H]1C(=O)N1C[C@H](OC)[C@H](OC)C1)n1cncn1,23,26,28,30,58.105186,,10,9,,,0,0,0,1,0,80,26,2,317,737,737,301,91,317,1,281,68,296,174,206,35,60,711,161,576,140,436,0,35,0
623,14,725,1256714,9142561,CCCCC(C)(NS(=O)(=O)C1=C(C(=O)OC)OC=C1)C(=O)O,CCN1N=NN=C1C(NC1=CC=C(N2C=C(C)C=N2)C=C1)C1=CC2=NC=CC=C2S1,CCCCC(C)(NS(=O)(=O)c1ccoc1C(=O)OC)C(=O)O,CCn1nnnc1C(Nc1ccc(-n2cc(C)cn2)cc1)c1cc2ncccc2s1,22,22,30,34,1.973021,,7,6,,,0,0,0,1,0,9,22,10,26,35,35,23,26,26,1,16,10,10,0,6,1,0,13,4,31,19,12,0,12,0
624,546,129,3100926,6394273,O=C(NCCC1=COC=C1)NC12CC(CN(CC3=CC=CC=C3)C1)C2,CC1=CC=C(CCN(CC2=CC(C)=CN=C2O)C(=O)C2=CN=C(C)O2)C=C1,O=C(NCCc1ccoc1)NC12CC(CN(Cc3ccccc3)C1)C2,Cc1ccc(CCN(Cc2cc(C)cnc2O)C(=O)c2cnc(C)o2)cc1,25,28,27,29,55.747738,,14,13,,,0,0,0,1,0,148,28,0,585,740,740,531,194,585,0,497,339,277,139,95,25,7,712,400,340,131,209,0,42,0
625,280,46,4926357,4193236,CCN1CCC(C(=O)NCC2(C3=CN([C@@H]4CCC[C@H]4O)N=N3)CCC2)C1,COC(=O)[C@H]1CC[C@@H](CNC(=O)NCC2=CC=C3NCCOC3=C2)CC1,CCN1CCC(C(=O)NCC2(c3cn([C@@H]4CCC[C@H]4O)nn3)CCC2)C1,COC(=O)[C@H]1CC[C@@H](CNC(=O)NCc2ccc3c(c2)OCCN3)CC1,26,29,26,28,49.741405,,10,9,,,0,0,0,1,0,76,28,0,297,467,467,257,114,297,0,249,134,273,92,23,3,83,439,99,368,158,210,0,28,0
626,997,55,7264068,866099,CN1C=CC(CCC(=O)N2CC[C@@H](CNC(=O)C3=CC=CC4=CN=CN43)C2)=N1,C[C@H](NC(=O)C1=CC=NN1C)C(=O)N1CCCC(O)CC1,Cn1ccc(CCC(=O)N2CC[C@@H](CNC(=O)c3cccc4cncn34)C2)n1,C[C@H](NC(=O)c1ccnn1C)C(=O)N1CCCC(O)CC1,28,31,21,22,37.921467,,14,13,,,0,0,0,1,0,87,22,1,345,483,483,317,105,345,0,281,164,160,92,88,40,16,461,233,250,84,166,0,31,0
627,566,299,628570,4236566,C#CCC1(C(=O)N2CC3=CC=C(O)N=C3C2)CC=CCC1,CN1C=C(O[C@@H]2CN(C(=O)[C@H]3C[C@](O)(C4CCNCC4)C3)C[C@H]2O)C=N1,C#CCC1(C(=O)N2Cc3ccc(O)nc3C2)CC=CCC1,Cn1cc(O[C@@H]2CN(C(=O)[C@H]3C[C@](O)(C4CCNCC4)C3)C[C@H]2O)cn1,21,23,26,29,151.966522,,12,12,,,0,0,0,1,0,237,23,2,938,1750,1750,846,378,938,1,828,284,1145,474,115,67,327,1727,706,1044,140,904,0,32,0
628,714,966,7488944,5497199,CCC(C)C1=NC=CC(NC[C@H]2CCC[C@@H](NC(=O)CN3N=CC=C3C)C2)=N1,CC1(C)CC(NC(=O)C2(CNC(=O)[C@@H]3CCCC[C@H]3O)CCC2)C(C)(C)O1,CCC(C)c1nccc(NC[C@H]2CCC[C@@H](NC(=O)Cn3nccc3C)C2)n1,CC1(C)CC(NC(=O)C2(CNC(=O)[C@@H]3CCCC[C@H]3O)CCC2)C(C)(C)O1,28,30,27,29,34.419113,,16,16,,,0,0,0,1,0,99,29,3,391,566,566,326,341,391,1,290,137,420,123,129,40,78,537,227,339,99,240,0,26,0
629,129,653,6394273,5185318,CC1=CC=C(CCN(CC2=CC(C)=CN=C2O)C(=O)C2=CN=C(C)O2)C=C1,CC1=CC(Br)=C(C(=O)NCC2=CC=C(S(=O)(=O)N3CCCC(C)C3)C=C2)S1,Cc1ccc(CCN(Cc2cc(C)cnc2O)C(=O)c2cnc(C)o2)cc1,Cc1cc(Br)c(C(=O)NCc2ccc(S(=O)(=O)N3CCCC(C)C3)cc2)s1,27,29,27,29,39.816254,,13,12,,,0,0,0,1,0,92,29,3,355,480,480,308,126,355,1,280,138,246,131,22,13,23,451,220,260,88,172,0,31,0
630,889,770,6513757,9498109,COCC1=CC=C(CN(CC2=CC(CF)=NN2C)CC(C)(C)C2CCC2)O1,CC1=C2C=NC(NCCCN3CCC(NC(=O)CC4=CCN(C)CC4)C3)=NC2=NN1C,COCc1ccc(CN(Cc2cc(CF)nn2C)CC(C)(C)C2CCC2)o1,Cc1c2cnc(NCCCN3CCC(NC(=O)CC4=CCN(C)CC4)C3)nc2nn1C,27,29,31,34,60.853077,,10,9,,,0,0,0,1,0,71,29,5,277,575,575,248,176,277,0,232,91,314,97,157,36,98,546,111,464,137,327,0,31,0
631,502,105,8415573,1448313,CCC1=C(C(=O)N2CCC(CN3CCN(C4=NC(C)=NC(N)=N4)CC3)C2)NC=N1,CC1=CN(C)N=C1C(=O)N[C@H]1C2=CC=CC=C2CC[C@@H]1N(C)C,CCc1nc[nH]c1C(=O)N1CCC(CN2CCN(c3nc(C)nc(N)n3)CC2)C1,Cc1cn(C)nc1C(=O)N[C@H]1c2ccccc2CC[C@@H]1N(C)C,29,32,23,25,125.972168,,15,14,,,0,0,0,1,0,172,25,1,679,1181,1181,600,247,679,1,591,257,581,249,218,70,148,1156,402,779,198,581,0,29,0
632,893,12,9480951,1143739,C=C[C@H]1CN(C(=O)CC2=C(C)N(CC)N=C2C)C[C@H]1NC1=NC(C(=O)OC)=NC=C1Cl,FC(F)C1(CN2CCCCC(C3=CC=C(Cl)C=C3)C2)COC1,C=C[C@H]1CN(C(=O)Cc2c(C)nn(CC)c2C)C[C@H]1Nc1nc(C(=O)OC)ncc1Cl,FC(F)C1(CN2CCCCC(c3ccc(Cl)cc3)C2)COC1,31,33,22,24,115.648407,,13,12,,,0,0,0,1,0,143,24,2,570,887,887,487,124,570,0,475,227,419,207,80,31,111,863,316,571,171,400,0,25,0
633,587,291,10199232,9542854,CC(=CN1C=CN=N1)C(=O)N1CCCCC1CC[C@H]1CCCN1C(=O)CC1=C(F)C=CC=C1F,CCC1=NC(C(=O)NC[C@H]2CC[C@H](C3=CN(C4=CC(C)=CC(C)=C4)N=N3)CC2)=C(C)S1,CC(=Cn1ccnn1)C(=O)N1CCCCC1CC[C@H]1CCCN1C(=O)Cc1c(F)cccc1F,CCc1nc(C(=O)NC[C@H]2CC[C@H](c3cn(-c4cc(C)cc(C)c4)nn3)CC2)c(C)s1,34,37,31,34,243.653946,,20,19,,,0,0,0,1,0,252,34,2,1000,1473,1473,872,672,1000,1,838,417,1002,379,233,44,85,1439,657,816,215,601,0,32,0
634,480,490,9541253,7273608,COC(=O)C1(CC2=CN(C3C(=O)OCC3(C)C)N=N2)CCN(C(=O)CC2=NC=CN2)C1,C#CCCN(C)CC(=O)N[C@H]1CC[C@@H](NC(=O)CC2=CC=C(F)C(F)=C2)CC1,COC(=O)C1(Cc2cn(C3C(=O)OCC3(C)C)nn2)CCN(C(=O)Cc2ncc[nH]2)C1,C#CCCN(C)CC(=O)N[C@H]1CC[C@@H](NC(=O)Cc2ccc(F)c(F)c2)CC1,31,34,28,29,61.317181,,11,10,,,0,0,0,1,0,107,29,3,422,578,578,368,77,422,0,360,226,255,114,3,2,73,549,184,394,184,210,0,26,0
635,451,348,4620690,2791183,CC(C(=O)N1CCC(CC(=O)N(C)CCC2=CN=CC=N2)C1)C(C)(C)C,CCC1=CC=C(CN(CC(Cl)(Cl)Cl)C(=O)CNC(=O)CC(C)C)O1,CC(C(=O)N1CCC(CC(=O)N(C)CCc2cnccn2)C1)C(C)(C)C,CCc1ccc(CN(CC(Cl)(Cl)Cl)C(=O)CNC(=O)CC(C)C)o1,26,27,24,24,9.967567,,10,9,,,0,0,0,1,0,39,24,5,148,170,170,121,61,148,0,110,70,65,23,15,9,3,146,53,117,68,49,0,19,0
636,188,988,8673493,6019508,CCN1C=CC(CCN(CC2=CC=C(COC)C=C2)CC2=C(F)C(F)=CC=C2)=N1,O=C(CNC1=CC=NC=C1)NCC1CC(CNC(=O)CN2C=CN=N2)CO1,CCn1ccc(CCN(Cc2ccc(COC)cc2)Cc2cccc(F)c2F)n1,O=C(CNc1ccncc1)NCC1CC(CNC(=O)Cn2ccnn2)CO1,29,31,27,29,10.980165,,11,10,,,0,0,0,1,0,36,29,2,134,185,185,125,27,134,0,112,63,55,34,3,1,8,156,78,107,47,60,0,27,0
637,52,258,2354011,7726940,NC1(C2CCN(CC3=CC(C(F)(F)C(F)(F)F)=CC=C3)CC2)CC1,CCOC(CN(CCC1=CC=CC=C1C#N)C(=O)C1=NC(N)=CN=C1)C1CC1,NC1(C2CCN(Cc3cccc(C(F)(F)C(F)(F)F)c3)CC2)CC1,CCOC(CN(CCc1ccccc1C#N)C(=O)c1cncc(N)n1)C1CC1,24,26,28,30,130.531937,,16,15,,,0,0,0,1,0,214,26,5,850,1121,1121,759,395,850,1,729,422,654,295,76,21,4,1095,550,571,209,362,0,35,0
638,963,882,8676093,9656200,CCOC1CCC(CN(CC2=CC3=NC=CN3C=C2)CC2=NN(C)C(C)=N2)CC1,COC1=C(C)C=CC=C1CN(CC1=CC=C(N2C=CN=C2)C=C1)CC1OCCC12CC2,CCOC1CCC(CN(Cc2ccn3ccnc3c2)Cc2nc(C)n(C)n2)CC1,COc1c(C)cccc1CN(Cc1ccc(-n2ccnc2)cc1)CC1OCCC12CC2,29,32,31,35,748.285034,,16,16,,,0,0,0,1,0,358,32,1,1430,2632,2632,1183,254,1430,0,1161,557,1425,545,245,50,668,2600,1043,1589,140,1449,0,36,0
639,489,116,5841099,6693676,CCC=CC=CC(=O)NC(C)(C)CC(F)C(=O)NC(C)C1=CC=C(C)C=N1,CCOC1=CC=C(C=CC(=O)NCC2=CC=C(COC)C(F)=C2)C=C1OCC,CCC=CC=CC(=O)NC(C)(C)CC(F)C(=O)NC(C)c1ccc(C)cn1,CCOc1ccc(C=CC(=O)NCc2ccc(COC)c(F)c2)cc1OCC,27,27,28,29,21.206598,,11,10,,,0,0,0,1,0,54,27,0,211,312,312,187,109,211,0,176,99,177,61,27,0,30,285,119,193,68,125,0,28,0
640,841,66,8019379,1150763,O=C(C1=CC(Cl)=CC=C1Cl)N1CCCC1C1=NC(C2=CN3C=CC=CC3=N2)=NO1,CNS(=O)(=O)CCCNC(=O)NC1=C(F)C=C(Br)C=C1OC,O=C(c1cc(Cl)ccc1Cl)N1CCCC1c1nc(-c2cn3ccccc3n2)no1,CNS(=O)(=O)CCCNC(=O)Nc1c(F)cc(Br)cc1OC,29,33,22,22,18.899561,,9,8,,,0,0,0,1,0,35,22,6,134,206,206,126,33,134,1,119,68,80,37,12,5,17,184,77,129,49,80,0,17,0
641,410,503,9748132,3347191,CN1N=C(NC(=O)C(=O)N(C)C2(CNC(=O)OC(C)(C)C)CC2)C=C1CN1CCOCC1,CC1CC(CO)(NC(=O)C2CCN(C(=O)C3(C)CCCC3)CCO2)C1,CN(C(=O)C(=O)Nc1cc(CN2CCOCC2)n(C)n1)C1(CNC(=O)OC(C)(C)C)CC1,CC1CC(CO)(NC(=O)C2CCN(C(=O)C3(C)CCCC3)CCO2)C1,32,34,25,27,82.434814,,13,12,,,0,0,0,1,0,100,27,0,392,738,738,342,192,392,0,330,150,434,127,127,38,150,711,180,558,162,396,0,27,0
642,75,590,4380174,10231444,C[C@@H](CC(=O)NCC(C)(C)N1C=CN=C1)NC(=O)C(O)CN1C=NC=N1,CCCCN1N=NN=C1C1(NC2=C(C)N(C3=CC=CC(Cl)=C3)N=C2)CCN(C2CCCC2)CC1,C[C@@H](CC(=O)NCC(C)(C)n1ccnc1)NC(=O)C(O)Cn1cncn1,CCCCn1nnnc1C1(Nc2cnn(-c3cccc(Cl)c3)c2C)CCN(C2CCCC2)CC1,26,27,34,38,33.150055,,14,13,,,0,0,0,1,0,78,27,3,285,391,391,263,75,285,0,238,127,144,96,32,16,14,364,184,207,79,128,0,24,0
643,644,702,7872633,2979898,CC1=CC=C(CCN(CC2CCCO2)C(=O)CSC2=CC=C([N+](=O)[O-])C=C2)C=C1,CC(C)COC1CCN(C2=C(Cl)C(=O)N(C3=CC=CC=C3)N=C2)CC1,Cc1ccc(CCN(CC2CCCO2)C(=O)CSc2ccc([N+](=O)[O-])cc2)cc1,CC(C)COC1CCN(c2cnn(-c3ccccc3)c(=O)c2Cl)CC1,29,31,25,27,17.481230,,11,10,,,0,0,0,1,0,54,27,2,207,294,294,188,92,207,0,172,98,146,59,24,6,24,267,124,170,64,106,0,25,0
644,54,155,4571397,9673052,CCC[C@@H](CC(=O)N1CC(SC(F)F)C1)NC(=O)C1CCC(C)(C)OC1,O=C(NCCC1CC1)C(C1=CN(CCF)N=C1)N1CCN(CC2=CC(F)=CC=C2)CC1,CCC[C@@H](CC(=O)N1CC(SC(F)F)C1)NC(=O)C1CCC(C)(C)OC1,O=C(NCCC1CC1)C(c1cnn(CCF)c1)N1CCN(Cc2cccc(F)c2)CC1,26,27,31,34,24.600969,,10,9,,,0,0,0,1,0,47,27,4,185,264,264,162,92,185,2,137,72,133,61,33,6,11,237,102,162,60,102,0,23,0
645,152,830,2237266,9121256,COC1=CC(S(C)(=O)=O)=CC=C1NC(=O)NC1(CO)CC(C)(C)C1,CCC1=CN=CC(C(=O)N2CC(C(=O)O)(C3=CN(C[C@@H]4C[C@H]5CC[C@@H]4O5)N=N3)C2)=C1,COc1cc(S(C)(=O)=O)ccc1NC(=O)NC1(CO)CC(C)(C)C1,CCc1cncc(C(=O)N2CC(C(=O)O)(c3cn(C[C@@H]4C[C@H]5CC[C@@H]4O5)nn3)C2)c1,24,25,30,34,20.263296,,9,8,,,0,0,0,1,0,37,25,4,141,232,232,126,132,141,0,116,62,140,35,69,8,24,207,60,172,66,106,0,22,0
646,576,971,8922616,7431360,CCOC1=CC=C(C(=O)N2[C@@H]3CC[C@H]2C[C@@H](NC(=O)C2=CC(OCC)=NO2)C3)C=N1,CCN1C(C)=CC(C(=O)N2CCC(N3C=C(CCC4CCOC4)N=N3)C2)=C1C,CCOc1ccc(C(=O)N2[C@@H]3CC[C@H]2C[C@@H](NC(=O)c2cc(OCC)no2)C3)cn1,CCn1c(C)cc(C(=O)N2CCC(n3cc(CCC4CCOC4)nn3)C2)c1C,30,33,28,31,501.133179,,18,17,,,0,0,0,1,0,537,31,2,2142,3115,3115,1931,747,2142,0,1918,1067,1790,780,110,55,295,3084,1536,1579,395,1184,0,29,0
647,311,87,5615921,2472285,COC(=O)NC1CN(C(=O)C2=CC(CNC(=O)C3(CC(C)=O)CC3)=CS2)C1,C#CC(C)N(C)C(=O)CC(C)C(C)(C)NC(=O)C1=C(Cl)N(C)N=C1,COC(=O)NC1CN(C(=O)c2cc(CNC(=O)C3(CC(C)=O)CC3)cs2)C1,C#CC(C)N(C)C(=O)CC(C)C(C)(C)NC(=O)c1cnn(C)c1Cl,27,29,24,24,28.471128,,11,10,,,0,0,0,1,0,58,24,3,229,317,317,178,194,229,1,170,92,270,63,40,2,44,293,95,222,83,139,0,21,0
648,254,121,8813492,8523030,CC(C)(C)OC(=O)N1CC(F)(F)CC1CNC(=O)NCC1=CC=C([N+](=O)[O-])C=C1F,CC1=CC(NC(C2=CSC=C2)C2=NN=NN2CC2=CC=CC=C2)=NN1CCC#N,CC(C)(C)OC(=O)N1CC(F)(F)CC1CNC(=O)NCc1ccc([N+](=O)[O-])cc1F,Cc1cc(NC(c2ccsc2)c2nnnn2Cc2ccccc2)nn1CCC#N,30,31,29,32,18.416447,,10,10,,,0,0,0,1,0,51,31,9,204,255,255,178,75,204,2,168,107,119,47,3,2,9,224,80,175,98,77,0,22,0
649,571,782,7161113,4753759,CC1=CC(C(=O)N2CCC[C@H](NC(=O)C3CC4(C3)OCCO4)C2)=CC(C)=C1F,CNC1=CC=C(C(=O)N[C@@H]2CCN(C(=O)C3=CSC=C3)C[C@H]2CO)N=C1,Cc1cc(C(=O)N2CCC[C@H](NC(=O)C3CC4(C3)OCCO4)C2)cc(C)c1F,CNc1ccc(C(=O)N[C@@H]2CCN(C(=O)c3ccsc3)C[C@H]2CO)nc1,28,31,26,28,63.668850,,12,12,,,0,0,0,1,0,114,28,2,445,639,639,367,265,445,0,348,161,394,164,112,16,39,611,260,379,107,272,0,28,0
650,426,620,3997114,2339736,CN1C=C(C(=O)N2CCC3=C(C2)NC(C(F)(F)F)=C3)C2=C(NC=C2)C1=O,CN1C=C(CNCC2=CC3=CC(Br)=CC=C3OC2)C2=CC=CC=C21,Cn1cc(C(=O)N2CCc3cc(C(F)(F)F)[nH]c3C2)c2cc[nH]c2c1=O,Cn1cc(CNCC2=Cc3cc(Br)ccc3OC2)c2ccccc21,26,29,24,27,44.874702,,15,14,,,0,0,0,1,0,71,27,4,275,325,325,217,329,275,1,187,105,262,48,148,41,4,298,106,219,111,108,0,23,0
651,610,809,9252596,1815971,CN(CCC1=CC=CC=C1F)C(C(=O)NC1CC(F)(F)C1)C1=NN2C=CC=CC2=C1,CN(CC1=COC=C1)C(=O)/C=C/C1CCN(C(=O)CC#N)CC1,CN(CCc1ccccc1F)C(C(=O)NC1CC(F)(F)C1)c1cc2ccccn2n1,CN(Cc1ccoc1)C(=O)/C=C/C1CCN(C(=O)CC#N)CC1,30,33,23,24,10.524388,,10,9,,,0,0,0,1,0,22,24,4,86,109,109,72,86,86,2,55,32,73,20,27,0,1,85,33,76,39,37,0,22,0
652,633,231,3234345,8073256,CC(C)C1=C(C(=O)N2CCOC(C(=O)NCC3(CO)CC3)C2)N=CO1,C#C[C@H]1CC[C@H](CNC(=O)C[C@H]2C[C@H](F)CN2C(=O)C2=C(C)C(C)=CC=C2)CC1,CC(C)c1ocnc1C(=O)N1CCOC(C(=O)NCC2(CO)CC2)C1,C#C[C@H]1CC[C@H](CNC(=O)C[C@H]2C[C@H](F)CN2C(=O)c2cccc(C)c2C)CC1,25,27,29,31,17.999907,,20,19,,,0,0,0,1,0,95,27,5,376,396,396,324,210,376,2,245,183,181,63,73,56,4,369,241,155,83,72,0,25,0
653,794,535,6228162,3042370,CC1=CC=NC=C1S(=O)(=O)NCC(O)CCNC(=O)/C=C/C1=CN=CC=N1,CC1=C(O)C=CC2=C1OC(=O)C=C2COC(=O)C1=CC(=O)N(C)N=C1,Cc1ccncc1S(=O)(=O)NCC(O)CCNC(=O)/C=C/c1cnccn1,Cc1c(O)ccc2c(COC(=O)c3cnn(C)c(=O)c3)cc(=O)oc12,27,28,25,27,15.838693,,7,6,,,0,0,0,1,0,36,27,1,143,257,257,127,37,143,1,119,42,124,54,17,5,42,230,54,203,73,130,0,26,0
654,389,461,7130093,6469213,CCCC1=CN=NC(C(=O)N[C@H]2COC[C@H]2N2C=C(CC(OC)OC)N=N2)=C1,CC(=O)NC(C)C(=O)N(CC1=C(C)C=CC=C1C)CC1(CF)CCCOC1,CCCc1cnnc(C(=O)N[C@H]2COC[C@H]2n2cc(CC(OC)OC)nn2)c1,CC(=O)NC(C)C(=O)N(Cc1c(C)cccc1C)CC1(CF)CCCOC1,28,30,27,28,48.747452,,14,13,,,0,0,0,1,0,94,28,1,369,620,620,348,164,369,0,307,149,297,150,111,22,34,592,222,398,126,272,0,36,0
655,930,453,2596144,1371765,CC(C)CC(CNC(=O)CC1C=NN(C)C1=O)C(=O)N(C)CCF,CCC1=C(CNC2=NC(NC3CCSCC3)=NC=C2)C=NN1,CC(C)CC(CNC(=O)CC1C=NN(C)C1=O)C(=O)N(C)CCF,CCc1[nH]ncc1CNc1ccnc(NC2CCSCC2)n1,24,24,22,24,12.179867,,11,10,,,0,0,0,1,0,40,24,5,145,201,201,132,62,145,1,119,78,93,33,15,2,14,177,88,113,44,69,0,19,0
656,304,880,5749390,3711333,CCC1=NC=C(C(=O)N2C[C@H](C(=O)NCCNS(C)(=O)=O)[C@@H](C(C)C)C2)S1,CC1(C)CC(=O)CC1C(=O)OCC1=CC=C(C2(C(F)(F)F)N=N2)C=C1,CCc1ncc(C(=O)N2C[C@H](C(=O)NCCNS(C)(=O)=O)[C@@H](C(C)C)C2)s1,CC1(C)CC(=O)CC1C(=O)OCc1ccc(C2(C(F)(F)F)N=N2)cc1,27,28,25,27,16.676493,,8,7,,,0,0,0,1,0,31,27,6,118,209,209,102,138,118,2,86,35,136,32,84,14,16,182,31,178,71,107,0,21,0
657,602,439,1073129,4011897,FC1=CC=C(N2CCC(C3=CC(F)=C(F)C(F)=C3)CC2)N=N1,CC(C)(C)OC(=O)NCCCNC(=O)C(O)CC1=CC=C([N+](=O)[O-])C=C1,Fc1ccc(N2CCC(c3cc(F)c(F)c(F)c3)CC2)nn1,CC(C)(C)OC(=O)NCCCNC(=O)C(O)Cc1ccc([N+](=O)[O-])cc1,22,24,26,26,9.760628,,13,13,,,0,0,0,1,0,50,24,5,197,214,214,174,85,197,1,138,104,84,45,12,6,3,190,117,97,57,40,0,24,0
658,312,582,3410328,8551964,COCC(O)CNC(=O)C(NC(=O)C1CC=CC1)C1(O)CCCCC1,C[C@H]1CCN(C2=NC3=C(CCCCC3)C(N3CCC4(CC3)COC(CO)C4)=N2)C1,COCC(O)CNC(=O)C(NC(=O)C1CC=CC1)C1(O)CCCCC1,C[C@H]1CCN(c2nc3c(c(N4CCC5(CC4)COC(CO)C5)n2)CCCCC3)C1,25,26,29,33,26.901278,,13,12,,,0,0,0,1,0,53,26,3,204,266,266,184,94,204,0,157,99,90,33,58,29,3,240,105,161,79,82,0,23,0
659,635,61,7258865,5763808,CC1=CC(=O)NC=C1C(=O)N1CC[C@@H](NC(=O)C(C)OC2CCCC2)[C@H](O)C1,C[C@@H]1CC[C@H](C(=O)NCC2CCCSC2)CN1C(=O)C1=CC(F)=CC(F)=C1,Cc1cc(=O)[nH]cc1C(=O)N1CC[C@@H](NC(=O)C(C)OC2CCCC2)[C@H](O)C1,C[C@@H]1CC[C@H](C(=O)NCC2CCCSC2)CN1C(=O)c1cc(F)cc(F)c1,28,30,27,29,145.113937,,17,16,,,0,0,0,1,0,157,29,4,620,988,988,534,616,620,0,505,216,637,171,403,122,49,959,343,645,191,454,0,39,0
660,624,983,1850926,2980854,CC1=CC(CC(=O)N(C)C(C)C(=O)N(C)CC2=CN=CO2)=CS1,CCOC(=O)C1=C(C(F)F)N=C(NCC2=CC(C(=O)OC)=CC=C2)S1,Cc1cc(CC(=O)N(C)C(C)C(=O)N(C)Cc2cnco2)cs1,CCOC(=O)c1sc(NCc2cccc(C(=O)OC)c2)nc1C(F)F,23,24,25,26,10.605138,,8,7,,,0,0,0,1,0,28,24,0,110,194,194,100,46,110,0,93,31,112,45,4,0,29,170,41,153,59,94,0,24,0
661,757,101,9393866,5024803,COC1=NC=C(C(=O)N2CC[C@@H]3CN(C(=O)CCC4=CSC(C)=N4)C[C@@H]3CC2)C(C)=N1,CC(C)OCCN(CC1=CC=C2CCCOC2=C1)C(=O)C1=CN(C)C=C1,COc1ncc(C(=O)N2CC[C@@H]3CN(C(=O)CCc4csc(C)n4)C[C@@H]3CC2)c(C)n1,CC(C)OCCN(Cc1ccc2c(c1)OCCC2)C(=O)c1ccn(C)c1,31,34,26,28,374.728546,,16,15,,,0,0,0,1,0,212,28,0,844,1953,1953,757,608,844,0,716,177,1296,347,475,205,458,1925,464,1489,293,1196,0,51,0
662,970,781,617020,9990567,CCSC1=CC=C(NC(=O)[C@H]2CN(C)CCN2C)C=C1Cl,COC(=O)C1=CC=C(NC(=O)C2CCN(C(=O)C3=CC=C(F)C=C3F)CC2)C2=CC=NC=C12,CCSc1ccc(NC(=O)[C@H]2CN(C)CCN2C)cc1Cl,COC(=O)c1ccc(NC(=O)C2CCN(C(=O)c3ccc(F)cc3F)CC2)c2ccncc12,21,22,33,36,37.988255,,11,11,,,0,0,0,1,0,68,22,3,269,407,407,220,55,269,2,214,87,215,110,7,4,56,385,171,236,49,187,0,19,0
663,212,640,7369947,9709085,CCC1=C(C(=O)N2CC3CCC(C2)C3NC(=O)C2=NC=CN2C(C)C)N=NN1,CC(C)(C)N1CCC(NC(=O)C(CC2=CC=C(O)C=C2)NC(=O)OCC2=CC=CC=C2)C1,CCc1[nH]nnc1C(=O)N1CC2CCC(C1)C2NC(=O)c1nccn1C(C)C,CC(C)(C)N1CCC(NC(=O)C(Cc2ccc(O)cc2)NC(=O)OCc2ccccc2)C1,28,31,32,34,137.079453,,15,14,,,0,0,0,1,0,237,31,2,944,1527,1527,849,454,944,1,834,327,989,465,109,28,129,1496,680,847,169,678,0,29,0
664,216,270,7320354,4467697,NC1=CC=NC(C(=O)N2C[C@@H]3C[C@@H](C[C@H](NC(=O)CCN4C=CC=N4)C3)C2)=C1,CCC1=C(C(=O)N2CC(C)C2C(=O)NCC2CCCCCCC2)SC=N1,Nc1ccnc(C(=O)N2C[C@@H]3C[C@@H](C[C@H](NC(=O)CCn4cccn4)C3)C2)c1,CCc1ncsc1C(=O)N1CC(C)C1C(=O)NCC1CCCCCCC1,28,31,26,28,282.043610,,18,17,,,0,0,0,1,0,414,28,2,1638,2134,2134,1465,361,1638,0,1447,951,804,453,196,35,114,2106,1198,936,267,669,0,31,0
665,676,83,6649760,3458125,CC(C)(C)OC(=O)N(CCNC(=O)C1=C(Br)C(O)=CC=C1)CC1=CC=CC=C1,C#CCN(CC(=O)NCC1=NC(C)=NC=C1)C(=O)CC1CCCCC1,CC(C)(C)OC(=O)N(CCNC(=O)c1cccc(O)c1Br)Cc1ccccc1,C#CCN(CC(=O)NCc1ccnc(C)n1)C(=O)CC1CCCCC1,28,29,25,26,27.162327,,16,15,,,0,0,0,1,0,59,26,1,227,310,310,206,87,227,0,163,91,130,70,34,20,22,284,142,168,64,104,0,38,0
666,160,245,5176555,9700358,CC(C)[C@@H](NC(=O)CN1C=NC(Cl)=C1Cl)C1=CSC(C2=NC=CN2C)=N1,COC1=CC=C(C[C@H](NC(=O)OC(C)(C)C)C(=O)NCC2=CC=NC3=CC=CC=C23)C=C1,CC(C)[C@@H](NC(=O)Cn1cnc(Cl)c1Cl)c1csc(-c2nccn2C)n1,COc1ccc(C[C@H](NC(=O)OC(C)(C)C)C(=O)NCc2ccnc3ccccc23)cc1,26,28,32,34,31.373163,,10,9,,,0,0,0,1,0,72,28,4,282,450,450,264,58,282,0,253,115,190,106,26,19,40,422,150,300,114,186,0,24,0
667,177,565,9001892,1184618,CC1=CC(F)=CC(C(=O)N2C[C@H](CNC(=O)C3=CC=C([N+](=O)[O-])N3)[C@](F)(CO)C2)=C1,CCC(O)(CC)CNC(=O)C(=O)NC1=NC(COC)=CC=C1,Cc1cc(F)cc(C(=O)N2C[C@H](CNC(=O)c3ccc([N+](=O)[O-])[nH]3)[C@](F)(CO)C2)c1,CCC(O)(CC)CNC(=O)C(=O)Nc1cccc(COC)n1,30,32,22,22,48.957973,,14,13,,,0,0,0,1,0,94,22,0,373,516,516,323,77,373,0,312,160,236,137,12,4,37,494,224,292,99,193,0,22,0
668,76,160,2495255,5176555,CCCCCC(=O)NCC1=C(C(=O)N[C@H](CO)C(C)(C)C)C=CO1,CC(C)[C@@H](NC(=O)CN1C=NC(Cl)=C1Cl)C1=CSC(C2=NC=CN2C)=N1,CCCCCC(=O)NCc1occc1C(=O)N[C@H](CO)C(C)(C)C,CC(C)[C@@H](NC(=O)Cn1cnc(Cl)c1Cl)c1csc(-c2nccn2C)n1,24,24,26,28,9.087512,,9,8,,,0,0,0,1,0,31,24,3,115,158,158,102,128,115,1,89,52,111,23,49,6,10,134,50,108,52,56,0,21,0
669,2,418,66768,5513770,CC(C)[C@H](C)C(=O)OCC1=CC=C(Cl)C(F)=C1,C#CCCCCCNC(=O)[C@H]1CCC[C@H](NC(=O)C23CCC(C)(C2)OC3)C1,CC(C)[C@H](C)C(=O)OCc1ccc(Cl)c(F)c1,C#CCCCCCNC(=O)[C@H]1CCC[C@H](NC(=O)C23CCC(C)(C2)OC3)C1,17,17,27,29,14.775011,,8,7,,,0,0,0,1,0,37,17,2,135,176,176,120,30,135,0,108,65,68,40,0,0,12,159,61,115,59,56,0,15,0
670,461,705,6469213,2397220,CC(=O)NC(C)C(=O)N(CC1=C(C)C=CC=C1C)CC1(CF)CCCOC1,CN1CCN(C(=O)C2=COCC2)CC1C(=O)N1C[C@H]2C[C@@]2(CO)C1,CC(=O)NC(C)C(=O)N(Cc1c(C)cccc1C)CC1(CF)CCCOC1,CN1CCN(C(=O)C2=COCC2)CC1C(=O)N1C[C@H]2C[C@@]2(CO)C1,27,28,24,27,98.208801,,15,14,,,0,0,0,1,0,191,27,1,761,1126,1126,613,1430,761,0,565,238,1145,210,769,139,47,1099,399,727,214,513,0,32,0
671,608,481,8889911,3500280,CC(C)N1CCN(C2CCN(C(=O)C(C)N3C=C(C4=CC=C(Cl)C=N4)N=N3)C2)CC1,CSCC[C@H](NC(=O)CC1CCCO1)C(=O)NCC1=CN=CC=C1C,CC(C)N1CCN(C2CCN(C(=O)C(C)n3cc(-c4ccc(Cl)cn4)nn3)C2)CC1,CSCC[C@H](NC(=O)CC1CCCO1)C(=O)NCc1cnccc1C,30,33,25,26,33.051247,,18,17,,,0,0,0,1,0,49,26,4,188,234,234,168,135,188,0,137,85,122,37,52,24,3,208,101,133,67,66,0,25,0
672,298,33,1594986,4859545,CC1CN(C[C@@H](O)CCOCC2=CC=CC=C2)CCN1C1CC1,CC(C)[C@@H](CC(=O)OCC1(C)CCN2C=CN=C21)NC(=O)OC(C)(C)C,CC1CN(C[C@@H](O)CCOCc2ccccc2)CCN1C1CC1,CC(C)[C@@H](CC(=O)OCC1(C)CCn2ccnc21)NC(=O)OC(C)(C)C,23,25,26,27,29.691719,,15,14,,,0,0,0,1,0,96,25,0,376,521,521,345,127,376,0,334,197,223,109,55,14,21,496,249,272,96,176,0,25,0
673,237,295,3242096,5237297,CC1=CC(C(=O)N2CCN(C)C(C(=O)NC(C)CCO)C2)=NC=C1N,O=C1C=CC=CN1CC1=CC(NS(=O)(=O)C2=CC(Cl)=C(Br)C=C2F)=CC=C1,Cc1cc(C(=O)N2CCN(C)C(C(=O)NC(C)CCO)C2)ncc1N,O=c1ccccn1Cc1cccc(NS(=O)(=O)c2cc(Cl)c(Br)cc2F)c1,25,26,27,29,44.639549,,13,12,,,0,0,0,1,0,81,26,1,313,543,543,271,179,313,1,259,97,372,134,54,15,95,517,193,350,78,272,0,25,0
674,723,289,2735746,8174796,CC[C@@H](CNC(=O)CC1=C(F)C=C(F)C(F)=N1)NS(=O)(=O)C(F)Cl,CC(CC1=CC=CN=C1)C(=O)NC[C@H]1C[C@H](NC(=O)CC2OCCCC2(C)C)C1,CC[C@@H](CNC(=O)Cc1nc(F)c(F)cc1F)NS(=O)(=O)C(F)Cl,CC(Cc1cccnc1)C(=O)NC[C@H]1C[C@H](NC(=O)CC2OCCCC2(C)C)C1,24,24,29,31,11.657440,,14,13,,,0,0,0,1,0,37,24,9,139,169,169,127,29,139,0,111,87,46,25,0,0,11,145,83,86,44,42,0,15,0
675,719,880,6464583,3711333,COCC(F)(F)CN(CC1=NC(OC)=CC=C1C)C(=O)C(F)C1CCCC1,CC1(C)CC(=O)CC1C(=O)OCC1=CC=C(C2(C(F)(F)F)N=N2)C=C1,COCC(F)(F)CN(Cc1nc(OC)ccc1C)C(=O)C(F)C1CCCC1,CC1(C)CC(=O)CC1C(=O)OCc1ccc(C2(C(F)(F)F)N=N2)cc1,27,28,25,27,48.784615,,9,8,,,0,0,0,1,0,58,27,1,223,509,509,208,289,223,0,195,65,334,81,229,36,56,482,67,442,141,301,0,26,0
676,464,72,5336484,7466727,O=C(CN1CCC(OCC2=CN=CS2)C1)NCCN1CCC2=CC=CC=C21,CC1=NOC(CC(=O)N[C@@H]2C[C@H](CO)CC[C@@H]2CNC2=NC=C(F)C=N2)=C1C,O=C(CN1CCC(OCc2cncs2)C1)NCCN1CCc2ccccc21,Cc1noc(CC(=O)N[C@@H]2C[C@H](CO)CC[C@@H]2CNc2ncc(F)cn2)c1C,27,30,28,30,20.180185,,11,10,,,0,0,0,1,0,63,30,2,247,305,305,211,148,247,0,178,109,168,58,42,16,9,275,113,192,98,94,0,32,0
677,703,239,6291509,9025322,CC(NCCNC(=O)C1=CN=CC=N1)(C1=NN=NN1CCC1CC1)C1CC1,NC1=NC(N2CCCC(NC(=O)/C=C/C3=CC=C4OCOC4=C3)C2)=NC(C2CC2)=N1,CC(NCCNC(=O)c1cnccn1)(c1nnnn1CCC1CC1)C1CC1,Nc1nc(C2CC2)nc(N2CCCC(NC(=O)/C=C/c3ccc4c(c3)OCO4)C2)n1,27,30,30,34,41.809002,,10,9,,,0,0,0,1,0,70,30,3,263,437,437,235,95,263,0,217,100,192,71,74,37,61,407,118,319,117,202,0,27,0
678,946,270,6109539,4467697,COCC1(CNC(=O)C2=CC(F)=CN2)CCN(C(=O)CC2=CSC(C)=N2)C1,CCC1=C(C(=O)N2CC(C)C2C(=O)NCC2CCCCCCC2)SC=N1,COCC1(CNC(=O)c2cc(F)c[nH]2)CCN(C(=O)Cc2csc(C)n2)C1,CCc1ncsc1C(=O)N1CC(C)C1C(=O)NCC1CCCCCCC1,27,29,26,28,168.361191,,19,18,,,0,0,0,1,0,300,28,0,1185,1744,1744,1077,485,1185,0,1069,524,890,474,234,51,70,1716,731,1013,346,667,0,28,0
679,806,810,542253,2056724,C=CCN(OC)C(=O)CCNC(=O)C1=CN=NN1C=C,CC1=CC(C)=C(OCC(=O)NCC2=CC=CN=C2N(C)C)C(C)=C1,C=CCN(OC)C(=O)CCNC(=O)c1cnnn1C=C,Cc1cc(C)c(OCC(=O)NCc2cccnc2N(C)C)c(C)c1,20,20,24,25,7.009615,,10,9,,,0,0,0,1,0,21,20,5,74,112,112,64,24,74,2,57,34,54,15,0,0,20,92,32,80,32,48,0,15,0
680,640,603,9709085,2234872,CC(C)(C)N1CCC(NC(=O)C(CC2=CC=C(O)C=C2)NC(=O)OCC2=CC=CC=C2)C1,CC1=CC(CN(C)C(=O)NC2=CN(C(C)(C)C)N=C2C(N)=O)=NO1,CC(C)(C)N1CCC(NC(=O)C(Cc2ccc(O)cc2)NC(=O)OCc2ccccc2)C1,Cc1cc(CN(C)C(=O)Nc2cn(C(C)(C)C)nc2C(N)=O)no1,32,34,24,25,17.369598,,12,11,,,0,0,0,1,0,30,25,2,116,172,172,93,129,116,1,72,39,107,24,71,7,16,147,44,128,49,79,0,23,0
681,677,823,4192068,208121,O=C(NCC1=NOC(C2CCOCC2)=N1)NC[C@@]12CCCC[C@]1(CO)C2,CCN1C=CC(C(=O)NC(C)C2(C)CCC2)=CC1=O,O=C(NCc1noc(C2CCOCC2)n1)NC[C@@]12CCCC[C@]1(CO)C2,CCn1ccc(C(=O)NC(C)C2(C)CCC2)cc1=O,26,29,19,20,24.039869,,9,8,,,0,0,0,1,0,50,20,0,194,312,312,176,116,194,0,154,63,192,73,40,20,35,292,88,224,88,136,0,24,0
682,956,202,6083509,1802632,CCN1C=CC(CC(=O)NCC2CN(C(=O)CCOC(C)=O)CC2(F)F)=N1,CC(C)NC(=O)C1CCN(C(=O)C2=NOC(CO)=C2)CC1(C)C,CCn1ccc(CC(=O)NCC2CN(C(=O)CCOC(C)=O)CC2(F)F)n1,CC(C)NC(=O)C1CCN(C(=O)c2cc(CO)on2)CC1(C)C,27,28,23,24,85.211800,,15,14,,,0,0,0,1,0,155,24,1,611,997,997,534,512,611,0,517,186,695,269,253,56,8,973,362,635,172,463,0,26,0
683,435,117,8099950,438266,COC1=CC(NC(=O)C2CC3(CCC3)CN2C(=O)C2CCCOCC2)=CC=C1C,COCCN1CCC(NC(=O)C2=NNC3=C2CCC3)C1,COc1cc(NC(=O)C2CC3(CCC3)CN2C(=O)C2CCCOCC2)ccc1C,COCCN1CCC(NC(=O)c2n[nH]c3c2CCC3)C1,29,32,20,22,67.749786,,14,13,,,0,0,0,1,0,151,22,1,600,840,840,540,222,600,0,520,266,471,247,27,6,28,818,467,373,73,300,0,27,0
684,557,230,3798566,980564,COC(=O)NC1CCN(C2=NC(N3CCC(C#N)CC3)=NC=C2)CC1,COC1=CC2=NC=C(C(=O)NC3=CC(Cl)=CC(Cl)=N3)N2C=C1,COC(=O)NC1CCN(c2ccnc(N3CCC(C#N)CC3)n2)CC1,COc1ccn2c(C(=O)Nc3cc(Cl)cc(Cl)n3)cnc2c1,25,27,22,24,38.889545,,16,15,,,0,0,0,1,0,86,24,2,316,499,499,286,208,316,0,267,130,314,108,80,26,52,475,203,296,83,213,0,22,0
685,663,152,5891057,2237266,COC1=CC(C(=O)N2C[C@@H]3[C@H](C2)[C@H]3NC(=O)C2=NN(C)C(C)=C2)=CC=C1C,COC1=CC(S(C)(=O)=O)=CC=C1NC(=O)NC1(CO)CC(C)(C)C1,COc1cc(C(=O)N2C[C@@H]3[C@H](C2)[C@H]3NC(=O)c2cc(C)n(C)n2)ccc1C,COc1cc(S(C)(=O)=O)ccc1NC(=O)NC1(CO)CC(C)(C)C1,27,30,24,25,18.435617,,10,9,,,0,0,0,1,0,42,25,4,161,300,300,150,157,161,0,138,59,195,46,86,24,39,275,89,211,61,150,0,23,0
686,930,272,2596144,5955960,CC(C)CC(CNC(=O)CC1C=NN(C)C1=O)C(=O)N(C)CCF,CO[C@H]1C[C@@H](C(=O)N2CC3(CN(C(=O)C=CC4=CN(C)C=N4)CCO3)C2)C1,CC(C)CC(CNC(=O)CC1C=NN(C)C1=O)C(=O)N(C)CCF,CO[C@H]1C[C@@H](C(=O)N2CC3(CN(C(=O)C=Cc4cn(C)cn4)CCO3)C2)C1,24,24,27,30,23.556309,,14,13,,,0,0,0,1,0,44,24,3,167,232,232,144,130,167,1,123,64,166,44,28,15,23,208,111,121,33,88,0,26,0
687,846,145,5791452,6128949,CC[C@H](CC(=O)N[C@@H]1CCCCN(C)C1=O)NC(=O)C(NC(C)=O)C(C)C,COC[C@@H](CNC(=O)C1CN2CCC1CC2)NC(=O)[C@@H]1CC(=O)CC(=O)N1,CC[C@H](CC(=O)N[C@@H]1CCCCN(C)C1=O)NC(=O)C(NC(C)=O)C(C)C,COC[C@@H](CNC(=O)C1CN2CCC1CC2)NC(=O)[C@@H]1CC(=O)CC(=O)N1,27,27,27,29,30.083973,,17,16,,,0,0,0,1,0,57,27,0,226,301,301,193,189,226,0,140,77,147,49,113,40,6,274,120,181,73,108,0,39,0
688,73,61,4206817,5763808,CC(=O)C1=CC2=C(C=C1NC(=O)C(=O)N1CCOC(C)(C)C1C)OCO2,C[C@@H]1CC[C@H](C(=O)NCC2CCCSC2)CN1C(=O)C1=CC(F)=CC(F)=C1,CC(=O)c1cc2c(cc1NC(=O)C(=O)N1CCOC(C)(C)C1C)OCO2,C[C@@H]1CC[C@H](C(=O)NCC2CCCSC2)CN1C(=O)c1cc(F)cc(F)c1,26,28,27,29,40.313755,,12,11,,,0,0,0,1,0,68,28,6,263,389,389,208,184,263,1,191,101,297,69,37,16,75,361,109,280,99,181,0,22,0
689,169,811,1102655,4686255,CC1=NN=C(CNC(=O)C2=NN=C(C3=CC=CC=C3)O2)N1C,C=CCCOC(C)C(=O)NCC1CN(C(=O)CC2CC2)CCC12CCC2,Cc1nnc(CNC(=O)c2nnc(-c3ccccc3)o2)n1C,C=CCCOC(C)C(=O)NCC1CN(C(=O)CC2CC2)CCC12CCC2,22,24,26,28,14.735559,,10,9,,,0,0,0,1,0,40,24,2,154,226,226,145,39,154,0,137,58,93,62,3,3,0,202,84,142,61,81,0,22,0
690,314,609,7030770,4351004,C=C(Cl)CC(NC(=O)C1=CC=C(O)C(C)=C1)C(=O)N[C@@H]1COC[C@H]1CN(C)C,O=C(NCC(O)C(=O)NC1=CC=C(F)C(CO)=C1)C1=CC(O)=CC(F)=C1,C=C(Cl)CC(NC(=O)c1ccc(O)c(C)c1)C(=O)N[C@@H]1COC[C@H]1CN(C)C,O=C(NCC(O)C(=O)Nc1ccc(F)c(CO)c1)c1cc(O)cc(F)c1,28,29,26,27,54.050060,,12,12,,,0,0,0,1,0,75,27,2,290,494,494,261,178,290,0,233,116,272,100,110,20,61,467,180,314,81,233,0,25,0
691,766,844,2760909,3117112,CC1=C(C)CN(C2=NC=CC(NCC3=CC=CC4=C3C=NN4)=N2)C1,CCOC(CCNC(=O)NCC1=CC=C(F)C(F)=C1Br)C1CCCC1,CC1=C(C)CN(c2nccc(NCc3cccc4[nH]ncc34)n2)C1,CCOC(CCNC(=O)NCc1ccc(F)c(F)c1Br)C1CCCC1,24,27,25,26,12.895972,,12,11,,,0,0,0,1,0,44,26,6,166,179,179,148,41,166,1,123,100,39,26,3,2,4,153,80,99,68,31,0,20,0
692,582,943,8551964,2359342,C[C@H]1CCN(C2=NC3=C(CCCCC3)C(N3CCC4(CC3)COC(CO)C4)=N2)C1,O=C(NCCNC(=O)C1=CC(Br)=CC=C1)C(=O)N1C2CCC1CC2,C[C@H]1CCN(c2nc3c(c(N4CCC5(CC4)COC(CO)C5)n2)CCCCC3)C1,O=C(NCCNC(=O)c1cccc(Br)c1)C(=O)N1C2CCC1CC2,29,33,24,26,26.373161,,10,9,,,0,0,0,1,0,62,26,4,246,347,347,221,79,246,0,201,115,149,74,30,10,23,321,124,223,97,126,0,26,0
693,295,449,5237297,5518045,O=C1C=CC=CN1CC1=CC(NS(=O)(=O)C2=CC(Cl)=C(Br)C=C2F)=CC=C1,CC(CCC(=O)N1CCC(C(=O)NCC2=CN(C)N=C2)C12CCC2)N(C)C,O=c1ccccn1Cc1cccc(NS(=O)(=O)c2cc(Cl)c(Br)cc2F)c1,CC(CCC(=O)N1CCC(C(=O)NCc2cnn(C)c2)C12CCC2)N(C)C,27,29,27,29,59.587330,,14,13,,,0,0,0,1,0,99,29,7,392,510,510,336,155,392,1,311,184,250,106,49,24,24,481,187,323,149,174,0,22,0
694,127,479,2363158,1510011,CN(CC1(C#N)CCC1)C(=O)C(=O)NCC1=CC=C(C2CC2)C=C1,CN(CC1=CC=CC(CO)=C1)C(=O)C1=CC2=CN=CN2C(O)=N1,CN(CC1(C#N)CCC1)C(=O)C(=O)NCc1ccc(C2CC2)cc1,CN(Cc1cccc(CO)c1)C(=O)c1cc2cncn2c(O)n1,24,26,23,25,43.317776,,14,13,,,0,0,0,1,0,72,25,2,281,464,464,250,135,281,0,220,77,231,97,91,53,51,439,151,313,99,214,0,35,0
695,705,311,2397220,5615921,CN1CCN(C(=O)C2=COCC2)CC1C(=O)N1C[C@H]2C[C@@]2(CO)C1,COC(=O)NC1CN(C(=O)C2=CC(CNC(=O)C3(CC(C)=O)CC3)=CS2)C1,CN1CCN(C(=O)C2=COCC2)CC1C(=O)N1C[C@H]2C[C@@]2(CO)C1,COC(=O)NC1CN(C(=O)c2cc(CNC(=O)C3(CC(C)=O)CC3)cs2)C1,24,27,27,29,71.876999,,12,11,,,0,0,0,1,0,127,27,1,506,959,959,449,515,506,0,430,164,672,210,325,49,52,932,311,648,138,510,0,29,0
696,716,412,2618020,1294583,CC1=C(C)C(C(=O)NCCN(C(=O)C2CC2(F)Cl)C2CC2)=C(C)O1,CC[C@H](O)C(=O)NCC1=C(C(=O)N[C@H](C)CCOC)OC=C1,Cc1oc(C)c(C(=O)NCCN(C(=O)C2CC2(F)Cl)C2CC2)c1C,CC[C@H](O)C(=O)NCc1ccoc1C(=O)N[C@H](C)CCOC,24,26,22,22,27.507137,,10,10,,,0,0,0,1,0,65,22,0,254,362,362,216,139,254,0,202,115,219,65,44,14,50,340,109,253,107,146,0,22,0
697,965,278,9227748,1541030,CCC1=C(CN(CC2=CN(CC3CCOC3)N=N2)CC2(C)CSCCO2)C=NN1C,COCC(COC)CS(=O)(=O)NNC(=O)C1=CC=C(C#N)C=N1,CCc1c(CN(Cc2cn(CC3CCOC3)nn2)CC2(C)CSCCO2)cnn1C,COCC(COC)CS(=O)(=O)NNC(=O)c1ccc(C#N)cn1,30,33,23,23,6.600461,,10,9,,,0,0,0,1,0,23,23,5,89,106,106,76,35,89,1,63,42,42,16,0,0,9,83,35,71,41,30,0,18,0
698,512,552,6791459,3688653,COC1=CC(C(=O)N2CCCCC2CNC(=O)CCN)=CC=C1OCC(N)=O,CC(=O)OCCC(=O)NC1CC(C(C)NC(=O)C2=CN(C)C=C2C)C1,COc1cc(C(=O)N2CCCCC2CNC(=O)CCN)ccc1OCC(N)=O,CC(=O)OCCC(=O)NC1CC(C(C)NC(=O)c2cn(C)cc2C)C1,28,29,25,26,61.018139,,13,12,,,0,0,0,1,0,136,26,0,534,852,852,452,238,534,0,442,170,556,251,54,5,87,826,344,508,108,400,0,27,0
699,505,448,2926318,8681379,O=C(NC1=NN(CCC2=CC=CC=C2)C=C1)C1=C2C=CC=CN2C=N1,C=CN1C=C(CN(CC[C@@H]2CCC[C@H]2O)CC2=CC(C(=O)OC)=CC(O)=C2)C=N1,O=C(Nc1ccn(CCc2ccccc2)n1)c1ncn2ccccc12,C=Cn1cc(CN(CC[C@@H]2CCC[C@H]2O)Cc2cc(O)cc(C(=O)OC)c2)cn1,25,28,29,31,35.693077,,14,13,,,0,0,0,1,0,79,28,0,298,400,400,262,69,298,0,241,143,161,80,17,11,39,372,178,222,84,138,0,28,0
700,82,612,2083033,9388609,COCC1CCCCC1NC(=O)C1=CC=C(OC)C2=CN=CC=C12,CC1=NN2C=CC=CC2=C1C(=O)NCCC1=CC=C(CNC(=O)C2=CSC(Cl)=N2)C=C1,COCC1CCCCC1NC(=O)c1ccc(OC)c2cnccc12,Cc1nn2ccccc2c1C(=O)NCCc1ccc(CNC(=O)c2csc(Cl)n2)cc1,24,26,31,34,268.002747,,19,18,,,0,0,0,1,0,291,26,4,1156,1748,1748,1050,533,1156,0,1024,520,926,422,274,86,61,1722,748,1000,302,698,0,30,0
701,40,910,1255781,7959757,COC1=CC=C(C2=C3NC=C(CC(=O)O)C3=CC=C2)C=C1O,CCCN(CCN(CC)CC)C(=O)NC1=C(C2=CC=CC=C2)N=C2N=CC=CN21,COc1ccc(-c2cccc3c(CC(=O)O)c[nH]c23)cc1O,CCCN(CCN(CC)CC)C(=O)Nc1c(-c2ccccc2)nc2ncccn12,22,24,29,31,98.913498,,12,12,,,0,0,0,1,0,145,24,4,572,1007,1007,517,319,572,1,500,186,622,240,164,71,103,983,320,687,197,490,0,31,0
702,442,752,2222483,7186989,COC(=O)C1CCN(CC2=CC(C#N)=CC=C2Br)C12CCCCC2,CCC1=CC(C(=O)N2CCCC[C@H]2CNC(=O)C2=CC=C(Cl)C=C2N)=NC=N1,COC(=O)C1CCN(Cc2cc(C#N)ccc2Br)C12CCCCC2,CCc1cc(C(=O)N2CCCC[C@H]2CNC(=O)c2ccc(Cl)cc2N)ncn1,24,26,28,30,81.903252,,14,14,,,0,0,0,1,0,121,26,4,480,712,712,403,607,480,0,367,185,567,86,321,110,20,686,287,425,116,309,0,43,0
703,330,618,10117466,5085485,CCC1=CC=CC=C1N1N=NN=C1C(C1=CC=C2C=CN=CC2=C1)N1CC(O)CC(C)(C)C1,CCC1=CN=C(C(=O)N(CCC2(CO)CCC2)C[C@@H]2COC[C@H]2C)N=C1,CCc1ccccc1-n1nnnc1C(c1ccc2ccncc2c1)N1CC(O)CC(C)(C)C1,CCc1cnc(C(=O)N(CCC2(CO)CCC2)C[C@@H]2COC[C@H]2C)nc1,33,37,26,28,555.872742,,17,16,,,0,0,0,1,0,257,28,1,1027,2293,2293,858,984,1027,0,819,345,1542,345,848,141,457,2265,736,1557,122,1435,0,33,0
704,256,26,5798555,1325871,CNC(=O)NCC(=O)NC1CC2(C1)CC(C(=O)NCC(C(C)C)C(C)C)C2,CC(=CC1CC1)C(=O)N[C@@H]1CN(C(=O)C2=COCC2)C[C@H]1O,CNC(=O)NCC(=O)NC1CC2(C1)CC(C(=O)NCC(C(C)C)C(C)C)C2,CC(=CC1CC1)C(=O)N[C@@H]1CN(C(=O)C2=COCC2)C[C@H]1O,27,28,22,24,6.706106,,10,9,,,0,0,0,1,0,28,24,5,110,148,148,99,51,110,1,82,44,67,32,9,4,6,124,48,100,51,49,0,19,0
705,93,234,7173889,5046189,CC(C)C(C#N)C(=O)NCC(NC(=O)C1=CN(C2CCC2)N=N1)C1CCCC1,CC(C)C(C)(C)CN(CC1=CN2C=NC=C2C=C1)C(=O)COCCCF,CC(C)C(C#N)C(=O)NCC(NC(=O)c1cn(C2CCC2)nn1)C1CCCC1,CC(C)C(C)(C)CN(Cc1ccc2cncn2c1)C(=O)COCCCF,28,30,26,27,68.242035,,15,14,,,0,0,0,1,0,124,27,3,485,720,720,430,155,485,2,401,191,382,190,37,25,72,693,288,432,142,290,0,24,0
706,984,690,4318055,6237758,CN(C)C1CN(C(=O)C2(CCNC(=O)CCCOC(C)(C)C)CCC2)C1,CC(C)C1=NN=C(CCN2CCC(=O)N(CCCC(=O)NC3CC3)C2=O)S1,CN(C)C1CN(C(=O)C2(CCNC(=O)CCCOC(C)(C)C)CCC2)C1,CC(C)c1nnc(CCN2CCC(=O)N(CCCC(=O)NC3CC3)C2=O)s1,26,27,27,29,14.090878,,14,13,,,0,0,0,1,0,46,27,2,176,252,252,149,146,176,1,131,74,145,41,75,9,8,225,61,191,88,103,0,25,0
707,856,881,4563398,2480057,CCCN(CC(=O)NCC1(OC)CN(C)C1)C(=O)[C@@H]1C[C@H](C)CC(=O)N1,COC1(C(=O)NC(C)CSC)CCN(C(=O)CCC2OCCO2)C1,CCCN(CC(=O)NCC1(OC)CN(C)C1)C(=O)[C@@H]1C[C@H](C)CC(=O)N1,COC1(C(=O)NC(C)CSC)CCN(C(=O)CCC2OCCO2)C1,26,27,24,25,60.090450,,12,11,,,0,0,0,1,0,92,25,2,361,629,629,308,228,361,0,300,144,355,93,169,48,101,604,167,462,141,321,0,23,0
708,589,601,6811291,7965965,CCCC1(CO)CCCN1C(=O)C(=O)NC(CSC)CC1=CC=C(F)C=C1F,CNC(=O)CN1C=CC2=CC=C(NC(=O)NC3=C4OC(=O)NC4=CC(Cl)=C3)C=C21,CCCC1(CO)CCCN1C(=O)C(=O)NC(CSC)Cc1ccc(F)cc1F,CNC(=O)Cn1ccc2ccc(NC(=O)Nc3cc(Cl)cc4[nH]c(=O)oc34)cc21,28,29,29,32,124.344040,,14,14,,,0,0,0,1,0,226,29,4,896,1280,1280,764,525,896,1,733,433,846,223,160,83,192,1251,531,749,233,516,0,30,0
709,973,21,2845154,6114384,CC(C)CNC(=O)C(C(C)C(C)(C)C)N1CCC2=CC(Br)=CC=C21,CC1CC(C(=O)N2CCN(C(=O)C3=C(F)C=NC(O)=C3)CC2C(C)(C)C)C1,CC(C)CNC(=O)C(C(C)C(C)(C)C)N1CCc2cc(Br)ccc21,CC1CC(C(=O)N2CCN(C(=O)c3cc(O)ncc3F)CC2C(C)(C)C)C1,24,25,27,29,635.088196,,18,17,,,0,0,0,1,0,459,25,1,1826,3767,3767,1658,1006,1826,0,1632,784,1474,642,1611,208,78,3742,1231,2536,427,2109,0,52,0
710,783,688,9628048,5365216,CC1=CN(CCN(CC2=CC=C(C)C3=C2CCC3)C(=O)C2=CC=CC(C#N)=C2O)N=C1,CCN(CC)CC1CCN(C(=O)NC2=CC(C(=O)OC)=CN3C=CN=C23)C1,Cc1cnn(CCN(Cc2ccc(C)c3c2CCC3)C(=O)c2cccc(C#N)c2O)c1,CCN(CC)CC1CCN(C(=O)Nc2cc(C(=O)OC)cn3ccnc23)C1,31,34,27,29,61.720627,,12,11,,,0,0,0,1,0,95,29,0,378,589,589,324,249,378,0,305,141,378,136,107,18,54,560,195,394,129,265,0,30,0
711,841,275,8019379,2091376,O=C(C1=CC(Cl)=CC=C1Cl)N1CCCC1C1=NC(C2=CN3C=CC=CC3=N2)=NO1,CC(C)(C)OC(=O)NCC(C)(O)C(=O)NNC1=CC=C(Cl)C=C1Cl,O=C(c1cc(Cl)ccc1Cl)N1CCCC1c1nc(-c2cn3ccccc3n2)no1,CC(C)(C)OC(=O)NCC(C)(O)C(=O)NNc1ccc(Cl)cc1Cl,29,33,24,24,9.099245,,8,7,,,0,0,0,1,0,23,24,1,87,118,118,78,61,87,1,69,38,60,15,18,2,5,94,39,79,39,40,0,26,0
712,590,41,10231444,2214787,CCCCN1N=NN=C1C1(NC2=C(C)N(C3=CC=CC(Cl)=C3)N=C2)CCN(C2CCCC2)CC1,CC(C)C(=O)CN1CCC(CN2C(=O)C3=CC=CC=C3C2=O)CC1,CCCCn1nnnc1C1(Nc2cnn(-c3cccc(Cl)c3)c2C)CCN(C2CCCC2)CC1,CC(C)C(=O)CN1CCC(CN2C(=O)c3ccccc3C2=O)CC1,34,38,24,26,549.376892,,17,16,,,0,0,0,1,0,677,26,3,2698,4079,4079,2534,482,2698,1,2524,1109,1840,1345,162,57,33,4053,2220,1859,314,1545,0,32,0
713,781,774,9990567,6610078,COC(=O)C1=CC=C(NC(=O)C2CCN(C(=O)C3=CC=C(F)C=C3F)CC2)C2=CC=NC=C12,CO[C@H]1CN(C(=O)C2=COC(C3=CSC(C)=N3)=C2)C[C@H]1NC(=O)OC(C)(C)C,COC(=O)c1ccc(NC(=O)C2CCN(C(=O)c3ccc(F)cc3F)CC2)c2ccncc12,CO[C@H]1CN(C(=O)c2coc(-c3csc(C)n3)c2)C[C@H]1NC(=O)OC(C)(C)C,33,36,28,30,73.468987,,13,12,,,0,0,0,1,0,101,30,2,396,677,677,348,229,396,0,331,108,477,189,50,23,86,647,259,418,89,329,0,28,0
714,179,481,3940154,3500280,CC(=O)NC1=NC(C[C@@H](NC(=O)C(C)N2N=CC=C2C)C(C)C)=CS1,CSCC[C@H](NC(=O)CC1CCCO1)C(=O)NCC1=CN=CC=C1C,CC(=O)Nc1nc(C[C@@H](NC(=O)C(C)n2nccc2C)C(C)C)cs1,CSCC[C@H](NC(=O)CC1CCCO1)C(=O)NCc1cnccc1C,25,26,25,26,18.350658,,14,13,,,0,0,0,1,0,64,26,1,252,309,309,210,152,252,0,196,119,205,57,19,9,21,283,139,170,71,99,0,26,0
715,531,667,9109685,4170183,COC1=CC=CC(CN2C=C(CCN(C(=O)CCC3=CC=CS3)C(C)(C)C)N=N2)=C1,COC1=CC=C(C(CF)NC(=O)NCC2=CC=C(C)C(C3CC3)=C2)C=C1,COc1cccc(Cn2cc(CCN(C(=O)CCc3cccs3)C(C)(C)C)nn2)c1,COc1ccc(C(CF)NC(=O)NCc2ccc(C)c(C3CC3)c2)cc1,30,32,26,28,48.314438,,9,9,,,0,0,0,1,0,91,28,1,356,604,604,311,178,356,0,301,135,363,135,79,14,81,576,221,383,90,293,0,27,0
716,452,938,4615591,5112381,CN(CCOCCC(=O)NCC(F)C1=CC=CC=C1)C(=O)[C@@H]1CCOC1,C/C=C/CCN(CC1CCOCC1)C(=O)NC1=CC=C2OCCOC2=C1,CN(CCOCCC(=O)NCC(F)c1ccccc1)C(=O)[C@@H]1CCOC1,C/C=C/CCN(CC1CCOCC1)C(=O)Nc1ccc2c(c1)OCCO2,26,27,26,28,13.266918,,10,9,,,0,0,0,1,0,46,27,1,176,234,234,165,28,176,0,151,89,65,47,5,3,7,207,89,145,76,69,0,26,0
717,284,185,8276759,2149036,CCCC1=CC=C(C(=O)N2CC[C@H](CO)[C@@H](NC(=O)C3C[C@H]4CC[C@H]4C3)C2)C=C1,O=C(C1=CC=CC=C1)C1=CC(NCCC2COCCO2)=CC=C1F,CCCc1ccc(C(=O)N2CC[C@H](CO)[C@@H](NC(=O)C3C[C@H]4CC[C@H]4C3)C2)cc1,O=C(c1ccccc1)c1cc(NCCC2COCCO2)ccc1F,29,32,24,26,137.031204,,16,15,,,0,0,0,1,0,109,26,1,423,634,634,394,149,423,1,383,199,305,141,59,29,45,608,245,389,149,240,0,25,0
718,599,446,6560591,3959197,CCC1(CN2C=C(CCN3CCOC(C)(C(C)(C)C)C3)N=N2)CCCCO1,CCC(C)OC1=CC=CC(NC(=O)C2=C3C=CC=CC3=NC(OC)=C2)=C1,CCC1(Cn2cc(CCN3CCOC(C)(C(C)(C)C)C3)nn2)CCCCO1,CCC(C)Oc1cccc(NC(=O)c2cc(OC)nc3ccccc23)c1,27,29,26,28,92.713921,,16,15,,,0,0,0,1,0,162,28,1,643,1064,1064,597,351,643,0,582,303,579,224,210,43,80,1036,390,674,207,467,0,32,0
719,650,833,2369078,2527213,CC1(C(=O)O)CCC2=CC(C3=CC=C(F)C(C(F)(F)F)=C3)=CC=C21,CCC1(C)CN(C(=O)C(C)CN(C)C(=O)CCCC2CCCO2)C1,CC1(C(=O)O)CCc2cc(-c3ccc(F)c(C(F)(F)F)c3)ccc21,CCC1(C)CN(C(=O)C(C)CN(C)C(=O)CCCC2CCCO2)C1,24,26,24,25,10.209150,,9,8,,,0,0,0,1,0,16,25,6,62,87,87,61,11,62,2,55,30,14,12,0,0,2,62,23,64,38,26,0,19,0
720,503,992,3347191,6262055,CC1CC(CO)(NC(=O)C2CCN(C(=O)C3(C)CCCC3)CCO2)C1,CC(C)CN1C=C(C(C)(C)N2CCN(C(=O)CCCCCC#N)CC2)N=N1,CC1CC(CO)(NC(=O)C2CCN(C(=O)C3(C)CCCC3)CCO2)C1,CC(C)Cn1cc(C(C)(C)N2CCN(C(=O)CCCCCC#N)CC2)nn1,25,27,27,28,23.763817,,12,11,,,0,0,0,1,0,76,27,3,295,432,432,273,137,295,1,254,144,178,79,92,26,10,405,172,260,101,159,0,25,0
721,93,481,7173889,3500280,CC(C)C(C#N)C(=O)NCC(NC(=O)C1=CN(C2CCC2)N=N1)C1CCCC1,CSCC[C@H](NC(=O)CC1CCCO1)C(=O)NCC1=CN=CC=C1C,CC(C)C(C#N)C(=O)NCC(NC(=O)c1cn(C2CCC2)nn1)C1CCCC1,CSCC[C@H](NC(=O)CC1CCCO1)C(=O)NCc1cnccc1C,28,30,25,26,41.504990,,17,16,,,0,0,0,1,0,68,26,4,266,341,341,226,135,266,0,196,119,161,60,63,25,14,315,148,193,78,115,0,23,0
722,356,418,296035,5513770,CC(CNC(=O)C1=CC2(CNC2)OC1)OC(F)(F)F,C#CCCCCCNC(=O)[C@H]1CCC[C@H](NC(=O)C23CCC(C)(C2)OC3)C1,CC(CNC(=O)C1=CC2(CNC2)OC1)OC(F)(F)F,C#CCCCCCNC(=O)[C@H]1CCC[C@H](NC(=O)C23CCC(C)(C2)OC3)C1,19,20,27,29,18.600918,,13,12,,,0,0,0,1,0,40,20,4,150,237,237,133,52,150,1,116,56,98,28,39,33,39,217,88,149,45,104,0,16,0
723,341,328,7596939,494157,CCC(C)(C)N1N=NN=C1C(C1=CN=C(C2CC2)O1)N1CCC(C)(CSC)C1,COC1=CC=CC(NC(=O)C2(CN)CC2(F)F)=C1OC,CCC(C)(C)n1nnnc1C(c1cnc(C2CC2)o1)N1CCC(C)(CSC)C1,COc1cccc(NC(=O)C2(CN)CC2(F)F)c1OC,28,31,20,21,18.635592,,12,11,,,0,0,0,1,0,40,21,3,152,215,215,127,153,152,1,114,51,163,34,58,24,10,194,56,159,71,88,0,18,0
724,686,107,2090176,1352525,CC1=CC(O)=CC(C)=C1CC(=O)NCCCC1=CC=C(Cl)C=C1Cl,CC(CCN1C=CC=N1)OC(=O)C1=CC2=C(C=N1)OCCC2,Cc1cc(O)cc(C)c1CC(=O)NCCCc1ccc(Cl)cc1Cl,CC(CCn1cccn1)OC(=O)c1cc2c(cn1)OCCC2,24,25,22,24,18.351557,,11,10,,,0,0,0,1,0,42,24,1,164,230,230,145,84,164,0,127,69,121,42,24,11,18,206,83,147,62,85,0,25,0
725,878,164,9046219,3187396,CC1=CC=C(C(CNC2=CN=C(C#N)C=N2)NC(=O)CN2C=C(C(F)F)C=N2)C=C1,COC1=CC(CN2CCCCC2CCC2=CC=CC=C2)=CN=C1OC,Cc1ccc(C(CNc2cnc(C#N)cn2)NC(=O)Cn2cc(C(F)F)cn2)cc1,COc1cc(CN2CCCCC2CCc2ccccc2)cnc1OC,30,32,25,27,38.105156,,11,10,,,0,0,0,1,0,82,27,4,320,439,439,298,58,320,1,281,168,157,101,15,6,19,412,193,246,105,141,0,23,0
726,337,421,5535017,6676599,CC1=CC(C#N)=CN=C1C(=O)N1CCCC(C(=O)NCCC2=CSC=N2)C1,C=CCOC(=O)N1CCC(CC(=O)N2CCN(C3=CC=NC=C3)CC2C)CC1,Cc1cc(C#N)cnc1C(=O)N1CCCC(C(=O)NCCc2cscn2)C1,C=CCOC(=O)N1CCC(CC(=O)N2CCN(c3ccncc3)CC2C)CC1,27,29,28,30,142.576370,,18,17,,,0,0,0,1,0,207,29,3,815,1148,1148,732,372,815,0,719,399,621,279,137,28,38,1119,532,616,200,416,0,26,0
727,710,507,198201,2423837,C#CC1CC(NC(=O)C2=CC3=C(Br)N=CN3C=C2)C1,CN(CCCCO)C(=O)[C@H]1CCCN1C(=O)C1CCCCNC1=O,C#CC1CC(NC(=O)c2ccn3cnc(Br)c3c2)C1,CN(CCCCO)C(=O)[C@H]1CCCN1C(=O)C1CCCCNC1=O,19,21,24,25,69.063469,,13,12,,,0,0,0,1,0,148,21,2,584,864,864,509,105,584,0,492,217,417,260,21,13,74,843,355,509,154,355,0,26,0
728,295,678,5237297,4318056,O=C1C=CC=CN1CC1=CC(NS(=O)(=O)C2=CC(Cl)=C(Br)C=C2F)=CC=C1,N#CC1(CCC(=O)NCCC2(C(=O)NCC3CC3(F)F)CCC2)CCC1,O=c1ccccn1Cc1cccc(NS(=O)(=O)c2cc(Cl)c(Br)cc2F)c1,N#CC1(CCC(=O)NCCC2(C(=O)NCC3CC3(F)F)CCC2)CCC1,27,29,26,28,84.834152,,13,12,,,0,0,0,1,0,127,28,1,493,944,944,452,485,493,0,431,195,602,195,346,35,72,916,337,607,115,492,0,29,0
729,967,410,10252318,9748132,CCOC(=O)C1=CC=C(NC(=O)C(C2=CC(OCC)=CC=C2)N2CCOC(C)(C)C2(C)C)C=C1,CN1N=C(NC(=O)C(=O)N(C)C2(CNC(=O)OC(C)(C)C)CC2)C=C1CN1CCOCC1,CCOC(=O)c1ccc(NC(=O)C(c2cccc(OCC)c2)N2CCOC(C)(C)C2(C)C)cc1,CN(C(=O)C(=O)Nc1cc(CN2CCOCC2)n(C)n1)C1(CNC(=O)OC(C)(C)C)CC1,34,36,32,34,62.776260,,14,13,,,0,0,0,1,0,109,34,1,436,687,687,360,348,436,0,322,132,512,117,126,78,133,653,220,467,140,327,0,39,0
730,833,778,2527213,7256219,CCC1(C)CN(C(=O)C(C)CN(C)C(=O)CCCC2CCCO2)C1,CC1(C(=O)NCC2(CNC(=O)C[C@@H]3CC[C@H](O)C3)CCCC2)CCC(=O)NC1,CCC1(C)CN(C(=O)C(C)CN(C)C(=O)CCCC2CCCO2)C1,CC1(C(=O)NCC2(CNC(=O)C[C@@H]3CC[C@H](O)C3)CCCC2)CCC(=O)NC1,24,25,28,30,206.416397,,21,20,,,0,0,0,1,0,372,25,0,1478,1791,1791,1234,374,1478,0,1219,730,895,471,9,8,68,1766,896,895,338,557,0,27,0
731,563,37,6337144,1607588,CC1=CC=CC(C)=C1CNC1=NC(C)=NC(NC2CCN3CCCCC23)=N1,CC1=CC(NC(=O)NC2=CC3=CC=NN3C=C2)=CC=C1C1CC1,Cc1nc(NCc2c(C)cccc2C)nc(NC2CCN3CCCCC23)n1,Cc1cc(NC(=O)Nc2ccn3nccc3c2)ccc1C1CC1,27,30,23,26,77.073174,,13,12,,,0,0,0,1,0,139,26,2,547,809,809,487,246,547,0,462,215,423,209,119,39,35,783,372,437,115,322,0,24,0
732,465,90,2159572,5413039,CN(C1CCC2(CC1)COC2)S(=O)(=O)C1=CC=C([N+](=O)[O-])C(Cl)=C1,COCCC1=CC=C(NC(=O)C(=O)NC2=CC=CC(Cl)=C2C(F)(F)F)C=C1,CN(C1CCC2(CC1)COC2)S(=O)(=O)c1ccc([N+](=O)[O-])c(Cl)c1,COCCc1ccc(NC(=O)C(=O)Nc2cccc(Cl)c2C(F)(F)F)cc1,24,26,27,28,27.208504,,9,9,,,0,0,0,1,0,48,26,6,187,309,309,170,118,187,0,146,51,170,54,60,45,31,283,107,202,63,139,0,22,0
733,322,258,9662440,7726940,CCOC1=CC=C(NC(=O)N(CCC(C)(C)CO)CC2=CC(CC)=CC(F)=C2)N=C1C,CCOC(CN(CCC1=CC=CC=C1C#N)C(=O)C1=NC(N)=CN=C1)C1CC1,CCOc1ccc(NC(=O)N(CCC(C)(C)CO)Cc2cc(F)cc(CC)c2)nc1C,CCOC(CN(CCc1ccccc1C#N)C(=O)c1cncc(N)n1)C1CC1,31,32,28,30,64.144318,,16,15,,,0,0,0,1,0,95,30,1,376,568,568,332,222,376,0,297,162,300,99,124,42,44,538,167,401,165,236,0,31,0
734,331,118,7357466,8758240,CCN(C)[C@H]1C[C@@H](C(=O)NCCC(C)(C)NC(=O)C2=CC(F)=CC(F)=C2N)C1,COC(=O)C12CC(CN1CC1=CC=CC=C1)N(C(=O)C1=CC([N+](=O)[O-])=CC(Br)=C1)C2,CCN(C)[C@H]1C[C@@H](C(=O)NCCC(C)(C)NC(=O)c2cc(F)cc(F)c2N)C1,COC(=O)C12CC(CN1Cc1ccccc1)N(C(=O)c1cc(Br)cc([N+](=O)[O-])c1)C2,28,29,30,33,203.850677,,21,21,,,0,0,0,1,0,252,29,2,1002,1218,1218,852,723,1002,0,781,535,798,237,246,53,43,1189,662,556,190,366,0,35,0
735,993,791,5130606,9428881,FC(F)OC1=CC=C(CN(CC2=CC=CN=C2)CC2=CC(Cl)=NO2)C=N1,CC1=CC(C(=O)N2[C@H](CNC(=O)C3=CC=C(N=[N+]=[N-])C=C3)C[C@@H]3CCC[C@@H]32)=NN=C1C,FC(F)Oc1ccc(CN(Cc2cccnc2)Cc2cc(Cl)no2)cn1,Cc1cc(C(=O)N2[C@H](CNC(=O)c3ccc(N=[N+]=[N-])cc3)C[C@@H]3CCC[C@@H]32)nnc1C,26,28,31,34,76.076302,,15,14,,,0,0,0,1,0,78,28,7,297,378,378,251,146,297,1,226,128,203,78,41,24,14,350,124,254,127,127,0,23,0
736,413,885,5351304,8269833,CC(C)(C)OC(=O)NC[C@H]1CC[C@H]1CNC(=O)NC1=CC=NC2=CC=NN21,CC(C)C1=CC(C(=O)NC2CN(C(=O)[C@H]3C[C@H]4C=C[C@@H]3O4)C3(CCCC3)C2)=NO1,CC(C)(C)OC(=O)NC[C@H]1CC[C@H]1CNC(=O)Nc1ccnc2ccnn12,CC(C)c1cc(C(=O)NC2CN(C(=O)[C@H]3C[C@H]4C=C[C@@H]3O4)C3(CCCC3)C2)no1,27,29,29,33,26.475208,,10,9,,,0,0,0,1,0,49,29,1,193,292,292,177,78,193,2,169,97,154,47,12,5,39,263,77,215,100,115,0,28,0
737,526,844,2184418,3117112,COCCOC1=CC=CC(C(=O)NNC2=NC(C)=C(C)C(=O)N2)=C1,CCOC(CCNC(=O)NCC1=CC=C(F)C(F)=C1Br)C1CCCC1,COCCOc1cccc(C(=O)NNc2nc(C)c(C)c(=O)[nH]2)c1,CCOC(CCNC(=O)NCc1ccc(F)c(F)c1Br)C1CCCC1,24,25,25,26,15.826377,,10,9,,,0,0,0,1,0,42,25,1,164,232,232,141,133,164,1,130,63,173,51,27,3,15,207,78,154,63,91,0,24,0
738,1,673,10338086,8997505,CC1=CC=C(F)C(N2C=C(CC3(C(=O)O)CCN(C(=O)[C@@H](CCC4=CC=CC=C4)N(C)C)C3)N=N2)=C1,CCN1C=NC(C(=O)N(CC)CC2CCCCN2C(=O)CC2=C(F)C(C)=CC=C2)=N1,Cc1ccc(F)c(-n2cc(CC3(C(=O)O)CCN(C(=O)[C@@H](CCc4ccccc4)N(C)C)C3)nn2)c1,CCN(CC1CCCCN1C(=O)Cc1cccc(C)c1F)C(=O)c1ncn(CC)n1,36,39,30,32,381.208740,,21,20,,,0,0,0,1,0,339,32,0,1351,1898,1898,1186,821,1351,0,1150,645,1166,452,334,57,49,1866,939,959,247,712,0,36,0
739,890,555,302330,4745780,NC1=CN=C(Br)C=C1CN1CCC(C(O)CO)CC1,CSC1(C(=O)N[C@H]2CN(C(=O)[C@@H]3CCC[C@H](O)C3)C[C@@H]2C(F)F)CCC1,Nc1cnc(Br)cc1CN1CCC(C(O)CO)CC1,CSC1(C(=O)N[C@H]2CN(C(=O)[C@@H]3CCC[C@H](O)C3)C[C@@H]2C(F)F)CCC1,19,20,26,28,75.627190,,13,12,,,0,0,0,1,0,106,20,1,421,564,564,343,271,421,0,329,191,399,125,71,8,46,544,194,370,149,221,0,19,0
740,473,423,7018083,4149423,C=CCC1(C(=O)N2CCCC2CCC)CCN(C(=O)C2=COC(N(C)C)=N2)C1,CN(C)[C@H]1C[C@@](C)(NC(=O)N2CCC(C(=O)OCC3=CC=CC=C3)C2)C1,C=CCC1(C(=O)N2CCCC2CCC)CCN(C(=O)c2coc(N(C)C)n2)C1,CN(C)[C@H]1C[C@@](C)(NC(=O)N2CCC(C(=O)OCc3ccccc3)C2)C1,28,30,26,28,36.006042,,9,9,,,0,0,0,1,0,81,28,0,324,512,512,281,175,324,0,271,133,319,109,59,11,74,484,159,353,122,231,0,28,0
741,55,192,866099,7683253,C[C@H](NC(=O)C1=CC=NN1C)C(=O)N1CCCC(O)CC1,COCCN1C=C(CN(CC2(OC)CCCOC2)C(=O)CSC(C)(C)C)C=N1,C[C@H](NC(=O)c1ccnn1C)C(=O)N1CCCC(O)CC1,COCCn1cc(CN(CC2(OC)CCCOC2)C(=O)CSC(C)(C)C)cn1,21,22,28,29,13.442874,,11,10,,,0,0,0,1,0,49,22,0,192,250,250,171,83,192,0,152,88,136,60,4,1,13,228,105,145,66,79,0,22,0
742,530,370,4785432,9041022,CCC(CC(=O)N[C@H](CO)[C@H](C)NC(=O)C1=CC=NNC1=O)CN(C)C,CC1=CC=C([N+](=O)[O-])C(NC2COCCCN(C(=O)C[C@@H](C)C3=CC=CC=C3)C2)=N1,CCC(CC(=O)N[C@H](CO)[C@H](C)NC(=O)c1ccn[nH]c1=O)CN(C)C,Cc1ccc([N+](=O)[O-])c(NC2COCCCN(C(=O)C[C@@H](C)c3ccccc3)C2)n1,26,26,30,32,45.840851,,16,15,,,0,0,0,1,0,105,26,1,408,519,519,342,327,408,1,327,160,445,147,33,10,1,493,212,307,130,177,0,25,0
743,637,774,6933994,6610078,CCCCC(=O)C(=O)N1CCC2(C=C(C(=O)NC(C)C3=C(C)NN=C3C)C2)C1,CO[C@H]1CN(C(=O)C2=COC(C3=CSC(C)=N3)=C2)C[C@H]1NC(=O)OC(C)(C)C,CCCCC(=O)C(=O)N1CCC2(C=C(C(=O)NC(C)c3c(C)n[nH]c3C)C2)C1,CO[C@H]1CN(C(=O)c2coc(-c3csc(C)n3)c2)C[C@H]1NC(=O)OC(C)(C)C,28,30,28,30,95.350853,,15,14,,,0,0,0,1,0,168,30,2,661,1051,1051,590,498,661,1,562,289,687,244,229,29,77,1021,455,596,135,461,0,28,0
744,510,640,9152088,9709085,COCCC1CCN(C(C2=CC=C(C)O2)C2=NN=NN2CCSC)C2=CC=CC=C21,CC(C)(C)N1CCC(NC(=O)C(CC2=CC=C(O)C=C2)NC(=O)OCC2=CC=CC=C2)C1,COCCC1CCN(C(c2ccc(C)o2)c2nnnn2CCSC)c2ccccc21,CC(C)(C)N1CCC(NC(=O)C(Cc2ccc(O)cc2)NC(=O)OCc2ccccc2)C1,30,33,32,34,156.734955,,17,17,,,0,0,0,1,0,123,33,5,489,948,948,433,685,489,0,368,134,624,136,539,135,68,915,280,668,153,515,0,37,0
745,452,778,4615591,7256219,CN(CCOCCC(=O)NCC(F)C1=CC=CC=C1)C(=O)[C@@H]1CCOC1,CC1(C(=O)NCC2(CNC(=O)C[C@@H]3CC[C@H](O)C3)CCCC2)CCC(=O)NC1,CN(CCOCCC(=O)NCC(F)c1ccccc1)C(=O)[C@@H]1CCOC1,CC1(C(=O)NCC2(CNC(=O)C[C@@H]3CC[C@H](O)C3)CCCC2)CCC(=O)NC1,26,27,28,30,24.075912,,11,10,,,0,0,0,1,0,51,27,1,196,247,247,178,24,196,0,162,106,65,46,1,0,12,220,94,153,84,69,0,27,0
746,52,208,2354011,3149100,NC1(C2CCN(CC3=CC(C(F)(F)C(F)(F)F)=CC=C3)CC2)CC1,CC1CC2(C1)CC(CCNC(=O)C(=O)NC1=CC(N(C)C)=CN=C1)C2,NC1(C2CCN(Cc3cccc(C(F)(F)C(F)(F)F)c3)CC2)CC1,CC1CC2(C1)CC(CCNC(=O)C(=O)Nc1cncc(N(C)C)c1)C2,24,26,25,27,40.149673,,11,10,,,0,0,0,1,0,74,26,5,291,463,463,263,137,291,1,239,127,278,94,34,21,74,437,145,318,118,200,0,25,0
747,273,562,7258588,3285629,CCC(CC(=O)NCC1CN(C(=O)C2=NC=CN=C2OC)CC12CCC2)OC,CC=CCCC(=O)N1C[C@H]2C[C@@]2(C(=O)N2CC(C)(C)OCC2(C)C)C1,CCC(CC(=O)NCC1CN(C(=O)c2nccnc2OC)CC12CCC2)OC,CC=CCCC(=O)N1C[C@H]2C[C@@]2(C(=O)N2CC(C)(C)OCC2(C)C)C1,28,30,25,27,1106.740967,,17,16,,,0,0,0,1,0,675,27,1,2693,7688,7688,2505,4483,2693,1,2479,559,4868,1494,4771,426,478,7661,1730,5958,775,5183,0,40,0
748,134,949,8810698,712462,CCOC1=CC2=C(C=C1OCC)CN(C(=O)NC1C3=C(OC1C)C(F)=CC=C3)CC2,CCN1C=CC(CNCC2=CN=CC(N3C=CN=C3)=C2)=N1,CCOc1cc2c(cc1OCC)CN(C(=O)NC1c3cccc(F)c3OC1C)CC2,CCn1ccc(CNCc2cncc(-n3ccnc3)c2)n1,30,33,21,23,19.959311,,10,9,,,0,0,0,1,0,52,23,1,198,279,279,177,47,198,0,162,91,113,61,13,3,22,256,106,173,71,102,0,25,0
749,294,448,6002839,8681379,CC1=CN=C(C(=O)N2CC3CC(C2)CN(C(=O)C(CCO)N(C)C)C3)C=N1,C=CN1C=C(CN(CC[C@@H]2CCC[C@H]2O)CC2=CC(C(=O)OC)=CC(O)=C2)C=N1,Cc1cnc(C(=O)N2CC3CC(C2)CN(C(=O)C(CCO)N(C)C)C3)cn1,C=Cn1cc(CN(CC[C@@H]2CCC[C@H]2O)Cc2cc(O)cc(C(=O)OC)c2)cn1,27,29,29,31,168.701309,,15,14,,,0,0,0,1,0,203,29,0,809,1487,1487,712,723,809,0,687,205,1115,392,353,86,126,1458,448,1039,264,775,0,29,0
750,901,715,8616169,9969763,CCCC1=NNC(C(=O)N(CC[C@H]2CCC(=O)N2)CC2=NNC(C3CCC3)=C2)=C1,CCN1N=C(C)C(NC(=O)N(C[C@H]2OCCC[C@H]2O)C[C@@H]2[C@H]3CC4=CC=CC=C4[C@H]32)=C1C,CCCc1cc(C(=O)N(CC[C@H]2CCC(=O)N2)Cc2cc(C3CCC3)[nH]n2)[nH]n1,CCn1nc(C)c(NC(=O)N(C[C@@H]2[C@H]3Cc4ccccc4[C@H]32)C[C@H]2OCCC[C@H]2O)c1C,29,32,32,36,117.309814,,17,16,,,0,0,0,1,0,116,32,0,461,723,723,401,220,461,0,364,168,429,183,79,18,77,691,231,492,170,322,0,36,0
751,496,124,5028808,10006801,CO[C@H]1C[C@H](CN(CC2=NC3=C(CCC3)S2)C(=O)C(F)(F)C(C)(C)O)C1,CC(C)(C)OC(=O)N1CCC2=CC(COC(=O)COC3=CC=C4CCCCC4=C3)=CC=C2C1,CO[C@H]1C[C@H](CN(Cc2nc3c(s2)CCC3)C(=O)C(F)(F)C(C)(C)O)C1,CC(C)(C)OC(=O)N1CCc2cc(COC(=O)COc3ccc4c(c3)CCCC4)ccc2C1,26,28,33,36,42.222195,,11,10,,,0,0,0,1,0,63,28,4,248,388,388,222,134,248,0,211,93,191,93,79,12,6,360,105,283,117,166,0,25,0
752,29,996,5500785,6242893,CCN(C(=O)CC1CC(NC(=O)C2=C(C)OC(CO)=C2)C1)C(C)C1CCC1,C[C@@H](N)CN1C=C(CCCCC(=O)N2CCC3=CC(F)=CC(Cl)=C3C2)N=N1,CCN(C(=O)CC1CC(NC(=O)c2cc(CO)oc2C)C1)C(C)C1CCC1,C[C@@H](N)Cn1cc(CCCCC(=O)N2CCc3cc(F)cc(Cl)c3C2)nn1,27,29,27,29,122.712601,,15,14,,,0,0,0,1,0,171,29,3,673,1216,1216,592,426,673,1,573,220,837,249,185,97,211,1187,448,768,144,624,0,30,0
753,645,623,7579062,2844946,COC1CC(CNC2(C3=NN=NN3CC3(C)OCCO3)COC3(CCC3)C2)C1,COC(=O)[C@H]1[C@H]2C[C@H]2CN1C(C(=O)NCCC#N)C1=CC(Br)=CO1,COC1CC(CNC2(c3nnnn3CC3(C)OCCO3)COC3(CCC3)C2)C1,COC(=O)[C@H]1[C@H]2C[C@H]2CN1C(C(=O)NCCC#N)c1cc(Br)co1,28,32,24,26,32.049473,,17,16,,,0,0,0,1,0,69,26,4,271,330,330,208,341,271,0,172,95,284,55,148,36,4,304,103,227,105,122,0,27,0
754,818,245,10162931,9700358,CC(C)(C)OC(=O)N[C@H](C(=O)NC(CC1=CC=CC=C1)CN1CCOCC1)C1=CC=C(F)C=C1,COC1=CC=C(C[C@H](NC(=O)OC(C)(C)C)C(=O)NCC2=CC=NC3=CC=CC=C23)C=C1,CC(C)(C)OC(=O)N[C@H](C(=O)NC(Cc1ccccc1)CN1CCOCC1)c1ccc(F)cc1,COc1ccc(C[C@H](NC(=O)OC(C)(C)C)C(=O)NCc2ccnc3ccccc23)cc1,34,36,32,34,1701.584961,,26,26,,,0,0,0,1,0,939,34,0,3752,5583,5583,3314,3123,3752,0,3227,1948,3267,757,2075,575,217,5549,3136,2447,178,2269,0,47,0
755,726,162,10048139,2108996,O=C(NCC1CN(C(=O)CCC(=O)C2CC2)CCC12CCOCC2)C1=NC=CC=C1C1CC1,CC(C)[C@@H](C(=O)N1CCC2=CC=C(F)C=C2C1)C1=CC=C(Cl)C=C1,O=C(NCC1CN(C(=O)CCC(=O)C2CC2)CCC12CCOCC2)c1ncccc1C1CC1,CC(C)[C@@H](C(=O)N1CCc2ccc(F)cc2C1)c1ccc(Cl)cc1,33,37,24,26,637.474487,,18,17,,,0,0,0,1,0,349,26,2,1389,2275,2275,1169,1505,1389,0,1111,451,1555,303,1027,391,105,2249,719,1556,450,1106,0,50,0
756,318,564,6665413,7531033,CCCCN1C2=CC=CC=C2N=C1CNS(=O)(=O)C1=CC(C(F)(F)F)=CC=N1,CCC1=CC(C(=O)NCC2(C3=CN(CC4=CC=NC=N4)N=N3)CC2)=CC=C1C,CCCCn1c(CNS(=O)(=O)c2cc(C(F)(F)F)ccn2)nc2ccccc21,CCc1cc(C(=O)NCC2(c3cn(Cc4ccncn4)nn3)CC2)ccc1C,28,30,28,31,29.617834,,11,10,,,0,0,0,1,0,60,30,7,225,341,341,200,134,225,1,184,102,183,56,63,19,28,311,106,235,94,141,0,23,0
757,14,565,1256714,1184618,CCCCC(C)(NS(=O)(=O)C1=C(C(=O)OC)OC=C1)C(=O)O,CCC(O)(CC)CNC(=O)C(=O)NC1=NC(COC)=CC=C1,CCCCC(C)(NS(=O)(=O)c1ccoc1C(=O)OC)C(=O)O,CCC(O)(CC)CNC(=O)C(=O)Nc1cccc(COC)n1,22,22,22,22,4.621675,,8,7,,,0,0,0,1,0,15,22,4,50,82,82,49,42,50,0,32,14,35,11,18,6,8,60,12,70,37,33,0,18,0
758,417,95,6853801,9309198,CCC(CNC(=O)C[C@H]1CC[C@H](NC(=O)C2CCC3(CC3)C2)CC1)C(C)(F)F,COC1=CC=C(CC2CCN(C(=O)C3=CC=C(N4C=NC5=CC=CC=C54)C=C3)C2)C=C1,CCC(CNC(=O)C[C@H]1CC[C@H](NC(=O)C2CCC3(CC3)C2)CC1)C(C)(F)F,COc1ccc(CC2CCN(C(=O)c3ccc(-n4cnc5ccccc54)cc3)C2)cc1,28,30,31,35,544.184692,,17,16,,,0,0,0,1,0,450,30,2,1797,3022,3022,1598,1267,1797,1,1561,754,1798,683,858,133,76,2992,1232,1790,366,1424,0,40,0
759,230,861,980564,4587767,COC1=CC2=NC=C(C(=O)NC3=CC(Cl)=CC(Cl)=N3)N2C=C1,CC1=NC=C(C(=O)N[C@H]2C[C@@H](C(=O)N3CC(C4=NOCC4)C3)C2)C(N)=N1,COc1ccn2c(C(=O)Nc3cc(Cl)cc(Cl)n3)cnc2c1,Cc1ncc(C(=O)N[C@H]2C[C@@H](C(=O)N3CC(C4=NOCC4)C3)C2)c(N)n1,22,24,26,29,38.718929,,14,13,,,0,0,0,1,0,82,24,2,323,496,496,289,133,323,0,276,145,259,115,57,7,45,472,208,288,81,207,0,22,0
760,934,116,9655269,6693676,COC1=CC(CN(CC2=CC3=CC=NC=C3S2)CC2CCC3=NC=CN3C2)=CC(Cl)=N1,CCOC1=CC=C(C=CC(=O)NCC2=CC=C(COC)C(F)=C2)C=C1OCC,COc1cc(CN(Cc2cc3ccncc3s2)CC2CCc3nccn3C2)cc(Cl)n1,CCOc1ccc(C=CC(=O)NCc2ccc(COC)c(F)c2)cc1OCC,31,35,28,29,29.043392,,9,8,,,0,0,0,1,0,44,29,3,168,254,254,150,56,168,0,140,71,124,52,6,1,33,225,70,184,80,104,0,26,0
761,472,969,3485370,999951,CC1=CC=C(NC(=O)C(C)CNC(=O)CCOCC(C)C)C(CO)=C1,C#CC1=CC(CC(=O)N[C@H]2CC[C@@H](C(=O)OC)CC2)=CC=C1,Cc1ccc(NC(=O)C(C)CNC(=O)CCOCC(C)C)c(CO)c1,C#Cc1cccc(CC(=O)N[C@H]2CC[C@@H](C(=O)OC)CC2)c1,25,25,22,23,59.139198,,12,12,,,0,0,0,1,0,120,23,1,471,658,658,380,271,471,0,363,200,462,146,61,12,90,635,263,395,117,278,0,25,0
762,120,663,2127325,5891057,O=C([C@H]1[C@@H](C2=CC=CC=C2)C1(F)F)N1OCCC1C1=CC=CC=C1,COC1=CC(C(=O)N2C[C@@H]3[C@H](C2)[C@H]3NC(=O)C2=NN(C)C(C)=C2)=CC=C1C,O=C([C@H]1[C@@H](c2ccccc2)C1(F)F)N1OCCC1c1ccccc1,COc1cc(C(=O)N2C[C@@H]3[C@H](C2)[C@H]3NC(=O)c2cc(C)n(C)n2)ccc1C,24,27,27,30,227.527985,,15,14,,,0,0,0,1,0,168,27,3,666,1262,1262,599,288,666,0,551,181,565,225,351,169,156,1235,409,853,190,663,0,47,0
763,852,157,3728846,7323505,CC[C@@H]1CN(C(=O)C2CCNC(=O)C2)C[C@@H]1NC1=CC=NC=C1C#N,CC(C)N1CCCC(C(=O)N[C@H](C)CCNC(=O)C2=CN3N=CC=CC3=C2)C1,CC[C@@H]1CN(C(=O)C2CCNC(=O)C2)C[C@@H]1Nc1ccncc1C#N,CC(C)N1CCCC(C(=O)N[C@H](C)CCNC(=O)c2cc3cccnn3c2)C1,25,27,28,30,202.515167,,20,19,,,0,0,0,1,0,159,27,1,626,986,986,517,915,626,1,461,224,737,121,616,146,25,959,275,711,242,469,0,47,0
764,510,955,9152088,1594940,COCCC1CCN(C(C2=CC=C(C)O2)C2=NN=NN2CCSC)C2=CC=CC=C21,O=C1NC2=CC=CC=C2N1CCCNC1(C2CCCOC2)CC1,COCCC1CCN(C(c2ccc(C)o2)c2nnnn2CCSC)c2ccccc21,O=c1[nH]c2ccccc2n1CCCNC1(C2CCCOC2)CC1,30,33,23,26,60.484100,,13,12,,,0,0,0,1,0,115,26,1,448,602,602,401,189,448,0,376,222,265,98,99,56,33,576,239,363,162,201,0,34,0
765,733,298,5747447,1594986,CC1=NON=C1CC(=O)N1C[C@H]2CCC[C@H]2[C@H]1C(=O)N(C)[C@@H]1CCC[C@H]1O,CC1CN(C[C@@H](O)CCOCC2=CC=CC=C2)CCN1C1CC1,Cc1nonc1CC(=O)N1C[C@H]2CCC[C@H]2[C@H]1C(=O)N(C)[C@@H]1CCC[C@H]1O,CC1CN(C[C@@H](O)CCOCc2ccccc2)CCN1C1CC1,27,30,23,25,131.557541,,15,14,,,0,0,0,1,0,234,25,0,932,1249,1249,803,411,932,0,789,427,550,247,282,104,10,1224,528,721,275,446,0,35,0
766,521,722,2868885,5837062,COC1=C(C)C(C(=O)N(C)CC(=O)NC2=CC=C(F)C=C2)=CC=C1Br,[N-]=[N+]=NCCCCC(=O)N[C@H](CC(=O)N1CCC(=C(F)F)CC1)CC1CC1,COc1c(Br)ccc(C(=O)N(C)CC(=O)Nc2ccc(F)cc2)c1C,[N-]=[N+]=NCCCCC(=O)N[C@H](CC(=O)N1CCC(=C(F)F)CC1)CC1CC1,25,26,27,28,36.199982,,12,11,,,0,0,0,1,0,84,26,3,331,481,481,280,181,331,1,269,152,325,90,31,15,79,455,177,304,103,201,0,24,0
767,279,425,4764529,9958200,CCN(CC)CCC(=O)NC1CCC12CCN(C(=O)C1=CNC=C1)CC2,COC1=CN=CC(NC(=O)N(CCC2=CNC3=CC=CC=C23)CC(C)C2CCOCC2)=C1,CCN(CC)CCC(=O)NC1CCC12CCN(C(=O)c1cc[nH]c1)CC2,COc1cncc(NC(=O)N(CCc2c[nH]c3ccccc23)CC(C)C2CCOCC2)c1,26,28,32,35,251.780930,,17,16,,,0,0,0,1,0,312,28,0,1242,1913,1913,1057,565,1242,0,1033,457,1082,520,308,52,105,1885,681,1232,376,856,0,36,0
768,854,494,3570458,2566066,C[C@H]1CCO[C@H]1C(=O)NC[C@H]1CCCCN1C(=O)/C=C/C1=CNC=N1,CCCCCC1CN(C(=O)[C@H]2C[C@H](NC(=O)[C@H](O)C(F)(F)F)C2)C1,C[C@H]1CCO[C@H]1C(=O)NC[C@H]1CCCCN1C(=O)/C=C/c1c[nH]cn1,CCCCCC1CN(C(=O)[C@H]2C[C@H](NC(=O)[C@H](O)C(F)(F)F)C2)C1,25,27,24,25,34.885956,,13,12,,,0,0,0,1,0,91,25,3,361,574,574,316,160,361,1,304,146,372,141,18,7,96,549,213,361,103,258,0,22,0
769,483,249,7811093,4332357,CN1C=NC=C1CN(CC1=CC=NN1CC(F)(F)F)CC1(CF)CCCCC1,CC(CC(=O)NC1(C(=O)NC(C)CCN(C)C)CCCCC1)CN(C)C,Cn1cncc1CN(Cc1ccnn1CC(F)(F)F)CC1(CF)CCCCC1,CC(CC(=O)NC1(C(=O)NC(C)CCN(C)C)CCCCC1)CN(C)C,28,30,26,26,19.178301,,13,13,,,0,0,0,1,0,53,26,2,190,229,229,161,178,190,0,125,75,157,42,59,20,2,203,89,140,72,68,0,31,0
770,467,564,4755768,7531033,CC1=CC(C)=C(C(=O)N[C@H](CNC(=O)/C=C/C2=COC=C2)CC(C)C)O1,CCC1=CC(C(=O)NCC2(C3=CN(CC4=CC=NC=N4)N=N3)CC2)=CC=C1C,Cc1cc(C)c(C(=O)N[C@H](CNC(=O)/C=C/c2ccoc2)CC(C)C)o1,CCc1cc(C(=O)NCC2(c3cn(Cc4ccncn4)nn3)CC2)ccc1C,26,27,28,31,15.842522,,12,11,,,0,0,0,1,0,39,27,5,151,193,193,134,94,151,1,115,66,110,44,16,2,7,166,82,111,52,59,0,22,0
771,148,392,5386831,5671171,O=C(NC[C@H]1C[C@@H]1C1=C(F)C=CC=C1F)N[C@H](C1=CC=CC=C1)C1CCC1,CC1(C)CC=C(C(=O)N[C@H]2C[C@@](C)(C(=O)N[C@H]3CCC[C@H]3N=[N+]=[N-])C2)CC1,O=C(NC[C@H]1C[C@@H]1c1c(F)cccc1F)N[C@H](c1ccccc1)C1CCC1,CC1(C)CC=C(C(=O)N[C@H]2C[C@@](C)(C(=O)N[C@H]3CCC[C@H]3N=[N+]=[N-])C2)CC1,27,30,27,29,57.526203,,10,9,,,0,0,0,1,0,71,29,3,278,524,524,262,141,278,2,252,118,297,84,79,34,100,495,154,370,108,262,0,28,0
772,195,943,9276851,2359342,CC1CN(C(=O)C2=CC=C(NC(=O)C3=NC(C4=CN(C)N=C4)=CC=C3)C=C2)CC(C)O1,O=C(NCCNC(=O)C1=CC(Br)=CC=C1)C(=O)N1C2CCC1CC2,CC1CN(C(=O)c2ccc(NC(=O)c3cccc(-c4cnn(C)c4)n3)cc2)CC(C)O1,O=C(NCCNC(=O)c1cccc(Br)c1)C(=O)N1C2CCC1CC2,31,34,24,26,32.580475,,13,13,,,0,0,0,1,0,111,26,1,440,537,537,382,253,440,0,337,209,326,125,52,23,14,511,281,256,101,155,0,31,0
773,613,520,7752066,4123390,COC(=O)C1=CC(CN(C[C@@H]2CCC[C@H]2O)C(=O)/C=C/C2=CC=CC=N2)=CN1,O=[N+]([O-])C1=CN(CC(O)CN2CC3CC2(C(O)C2=CC=CC=C2)C3)N=C1,COC(=O)c1cc(CN(C[C@@H]2CCC[C@H]2O)C(=O)/C=C/c2ccccn2)c[nH]1,O=[N+]([O-])c1cnn(CC(O)CN2CC3CC2(C(O)c2ccccc2)C3)c1,28,30,26,29,106.090042,,15,14,,,0,0,0,1,0,157,29,3,618,1197,1197,570,414,618,0,554,229,651,261,361,54,112,1168,393,804,177,627,0,28,0
774,764,900,3570718,3234087,O=C(NCC1CN(C(=O)CCN2C=CN=C2)CCO1)C1=CSN=C1Cl,CCCCSCCC(=O)NC(C)C(C)C(=O)NC1CC2(C1)CN(C)C2,O=C(NCC1CN(C(=O)CCn2ccnc2)CCO1)c1csnc1Cl,CCCCSCCC(=O)NC(C)C(C)C(=O)NC1CC2(C1)CN(C)C2,25,27,25,26,34.328159,,13,12,,,0,0,0,1,0,72,26,0,285,533,533,260,80,285,0,253,127,321,104,3,3,147,507,191,342,69,273,0,27,0
775,139,884,8598954,7734203,COC1=CC=CC(CN(CC2=NOC(C3CC3)=C2C)C(=O)/C=C/C2=COC=C2)=C1,CCC1=C(C(=O)N(CCC2=NC(C)=CC=N2)CC(C)CCC=C(C)C)C=NN1,COc1cccc(CN(Cc2noc(C3CC3)c2C)C(=O)/C=C/c2ccoc2)c1,CCc1[nH]ncc1C(=O)N(CCc1nccc(C)n1)CC(C)CCC=C(C)C,29,32,28,29,68.760521,,14,13,,,0,0,0,1,0,98,29,1,390,598,598,344,111,390,2,326,195,283,100,54,21,97,569,256,342,88,254,0,28,0
776,71,282,4769611,9846240,CC(C)(C)CCCCC(=O)N1CC(CCNC(=O)C2=CC=NC=C2F)C1,CCC1=C(C(=O)NC(C)C2CCN(S(=O)(=O)C3=CC=CC4=CC=CN=C43)C2)N=NN1CC,CC(C)(C)CCCCC(=O)N1CC(CCNC(=O)c2ccncc2F)C1,CCc1c(C(=O)NC(C)C2CCN(S(=O)(=O)c3cccc4cccnc34)C2)nnn1CC,26,27,32,35,74.012550,,13,12,,,0,0,0,1,0,142,27,1,559,716,716,506,109,559,1,493,314,289,164,3,2,30,689,332,384,174,210,0,27,0
777,791,808,9428881,7721289,CC1=CC(C(=O)N2[C@H](CNC(=O)C3=CC=C(N=[N+]=[N-])C=C3)C[C@@H]3CCC[C@@H]32)=NN=C1C,CC(C)OC(C)(C)C(=O)N(CC1=CC=C(F)C=C1O)CC(O)C1=CC=CC=C1,Cc1cc(C(=O)N2[C@H](CNC(=O)c3ccc(N=[N+]=[N-])cc3)C[C@@H]3CCC[C@@H]32)nnc1C,CC(C)OC(C)(C)C(=O)N(Cc1ccc(F)cc1O)CC(O)c1ccccc1,31,34,28,29,78.882553,,16,16,,,0,0,0,1,0,92,29,5,364,400,400,275,375,364,1,238,151,335,38,135,62,4,371,156,244,119,125,0,38,0
778,874,424,7444830,6107964,COC(=O)C1=CC(NCCNC(=O)C2CCCCC2C2CC2)=NC(C2CC2)=N1,O=C(CCC1=CN=CO1)NC[C@H]1CCCN(C(=O)CN2CCOCC2=O)C1,COC(=O)c1cc(NCCNC(=O)C2CCCCC2C2CC2)nc(C2CC2)n1,O=C(CCc1cnco1)NC[C@H]1CCCN(C(=O)CN2CCOCC2=O)C1,28,31,27,29,40.848274,,15,14,,,0,0,0,1,0,95,29,0,379,546,546,340,100,379,0,327,150,258,151,19,10,25,517,233,313,107,206,0,30,0
779,348,956,2791183,6083509,CCC1=CC=C(CN(CC(Cl)(Cl)Cl)C(=O)CNC(=O)CC(C)C)O1,CCN1C=CC(CC(=O)NCC2CN(C(=O)CCOC(C)=O)CC2(F)F)=N1,CCc1ccc(CN(CC(Cl)(Cl)Cl)C(=O)CNC(=O)CC(C)C)o1,CCn1ccc(CC(=O)NCC2CN(C(=O)CCOC(C)=O)CC2(F)F)n1,24,24,27,28,7.628276,,9,8,,,0,0,0,1,0,36,24,3,137,178,178,116,58,137,0,104,48,82,40,12,7,2,154,58,120,58,62,0,21,0
780,806,519,542253,8176671,C=CCN(OC)C(=O)CCNC(=O)C1=CN=NN1C=C,CCC1=CC=C(C(=O)N2CCCC[C@H]2CN(C)C(=O)CCNC2=CC=CC=N2)N1,C=CCN(OC)C(=O)CCNC(=O)c1cnnn1C=C,CCc1ccc(C(=O)N2CCCC[C@H]2CN(C)C(=O)CCNc2ccccn2)[nH]1,20,20,29,31,9.807813,,12,11,,,0,0,0,1,0,33,20,6,112,125,125,90,66,112,2,79,56,80,20,0,0,6,105,53,72,37,35,0,14,0
781,273,840,7258588,7897823,CCC(CC(=O)NCC1CN(C(=O)C2=NC=CN=C2OC)CC12CCC2)OC,COC1=CC=CC2=C1C(C1NC(=O)N(C)C3=C1C(=O)NC1(CCOCC1)C3)=CN2,CCC(CC(=O)NCC1CN(C(=O)c2nccnc2OC)CC12CCC2)OC,COc1cccc2[nH]cc(C3NC(=O)N(C)C4=C3C(=O)NC3(CCOCC3)C4)c12,28,30,29,33,231.829773,,14,13,,,0,0,0,1,0,215,30,0,854,1768,1768,780,690,854,0,748,202,1228,410,420,138,294,1738,524,1244,256,988,0,32,0
782,2,289,66768,8174796,CC(C)[C@H](C)C(=O)OCC1=CC=C(Cl)C(F)=C1,CC(CC1=CC=CN=C1)C(=O)NC[C@H]1C[C@H](NC(=O)CC2OCCCC2(C)C)C1,CC(C)[C@H](C)C(=O)OCc1ccc(Cl)c(F)c1,CC(Cc1cccnc1)C(=O)NC[C@H]1C[C@H](NC(=O)CC2OCCCC2(C)C)C1,17,17,29,31,13.293336,,9,8,,,0,0,0,1,0,44,17,2,158,206,206,145,20,158,0,139,87,64,43,0,0,7,189,97,109,48,61,0,15,0
783,743,305,7082654,10117801,CC1=NN(CC(=O)NC(CC(=O)NCC(C)C2=CC=NC=C2)CC(C)C)N=N1,C#CCCC1CCN(C(C2=CN(C3=CC=CC(F)=C3)N=C2C)C2=NN=NN2CCC2CC2)C1,Cc1nnn(CC(=O)NC(CC(=O)NCC(C)c2ccncc2)CC(C)C)n1,C#CCCC1CCN(C(c2cn(-c3cccc(F)c3)nc2C)c2nnnn2CCC2CC2)C1,28,29,33,37,61.703392,,13,12,,,0,0,0,1,0,99,29,2,392,505,505,349,69,392,0,335,191,187,129,7,2,10,476,203,302,146,156,0,27,0
784,857,601,2350705,7965965,N#CC1=CC=C(N2CCC(C(CN)C3=CC=CC=C3)CC2)C(F)=C1,CNC(=O)CN1C=CC2=CC=C(NC(=O)NC3=C4OC(=O)NC4=CC(Cl)=C3)C=C21,N#Cc1ccc(N2CCC(C(CN)c3ccccc3)CC2)c(F)c1,CNC(=O)Cn1ccc2ccc(NC(=O)Nc3cc(Cl)cc4[nH]c(=O)oc34)cc21,24,26,29,32,150.286728,,11,11,,,0,0,0,1,0,248,26,2,984,1526,1526,879,250,984,0,859,368,725,408,145,79,106,1500,598,928,281,647,0,27,0
785,593,675,247809,6756127,CN1N=CC(CNCCC2=CNN=N2)=C1S(N)(=O)=O,CC(C)C(=O)NCC1CCCN(C(=O)C(=O)NC2=CC=CC3=CC=NC=C32)C1,Cn1ncc(CNCCc2c[nH]nn2)c1S(N)(=O)=O,CC(C)C(=O)NCC1CCCN(C(=O)C(=O)Nc2cccc3ccncc23)C1,19,20,28,30,11.630871,,10,9,,,0,0,0,1,0,28,20,7,94,113,113,82,27,94,3,76,58,40,11,0,0,6,93,48,65,34,31,0,13,0
786,501,886,4499785,7135267,C#CCOC(=O)CNC(=O)C(F)C1CC(NC(=O)CC2CC3(CC3)C2)C1,O=C(C1=CC=C(F)C=C1)N(CCN1C=NC(Br)=N1)CC1=CC2=NC=CC=C2S1,C#CCOC(=O)CNC(=O)C(F)C1CC(NC(=O)CC2CC3(CC3)C2)C1,O=C(c1ccc(F)cc1)N(CCn1cnc(Br)n1)Cc1cc2ncccc2s1,26,28,28,31,63.369553,,14,13,,,0,0,0,1,0,128,28,3,503,878,878,472,224,503,1,444,215,424,211,178,21,43,850,371,507,101,406,0,33,0
787,152,457,2237266,6812556,COC1=CC(S(C)(=O)=O)=CC=C1NC(=O)NC1(CO)CC(C)(C)C1,CCC1=NOC(CNC(=O)C(=O)N2CCN(C3=CC=C(C(C)=O)C=C3)CC2)=N1,COc1cc(S(C)(=O)=O)ccc1NC(=O)NC1(CO)CC(C)(C)C1,CCc1noc(CNC(=O)C(=O)N2CCN(c3ccc(C(C)=O)cc3)CC2)n1,24,25,28,30,15.394768,,8,8,,,0,0,0,1,0,37,25,4,146,286,286,134,122,146,0,124,50,167,48,81,15,26,261,64,222,70,152,0,22,0
788,551,495,3108760,224835,CC1=C(CCNC(=O)NCC(=O)N2CCCO2)C2=CC(Cl)=CC=C2N1,C=CC(C)(O)CNC(=O)C1=CC2=C(N=CN2)C(F)=C1,Cc1[nH]c2ccc(Cl)cc2c1CCNC(=O)NCC(=O)N1CCCO1,C=CC(C)(O)CNC(=O)c1cc(F)c2nc[nH]c2c1,25,27,19,20,57.042576,,14,13,,,0,0,0,1,0,103,20,2,401,597,597,355,186,401,0,339,188,342,127,64,22,60,577,236,361,119,242,0,23,0
789,353,340,5603307,2339548,COC(C(=O)NCCOC1CCCC1)C1CN(C(=O)C2=NOC(C)(C)C2)C1,C[C@H](O)C1=CC=CC(NCC(C)(C)C(=O)OCC2=CC=CC=C2)=C1,COC(C(=O)NCCOC1CCCC1)C1CN(C(=O)C2=NOC(C)(C)C2)C1,C[C@H](O)c1cccc(NCC(C)(C)C(=O)OCc2ccccc2)c1,27,29,24,25,38.521214,,13,12,,,0,0,0,1,0,82,25,0,320,484,484,308,115,320,0,303,146,220,107,46,30,19,459,150,334,158,176,0,25,0
790,565,781,1184618,9990567,CCC(O)(CC)CNC(=O)C(=O)NC1=NC(COC)=CC=C1,COC(=O)C1=CC=C(NC(=O)C2CCN(C(=O)C3=CC=C(F)C=C3F)CC2)C2=CC=NC=C12,CCC(O)(CC)CNC(=O)C(=O)Nc1cccc(COC)n1,COC(=O)c1ccc(NC(=O)C2CCN(C(=O)c3ccc(F)cc3F)CC2)c2ccncc12,22,22,33,36,29.544172,,10,9,,,0,0,0,1,0,44,22,0,162,226,226,140,76,162,0,128,78,131,36,9,4,34,204,80,146,60,86,0,22,0
791,556,386,4622436,2507309,CCCC(=O)C1=CN(CC2CN(C(=O)C3=CN=CN=C3C3CC3)C2)N=N1,CCONC(=O)C1=CC2(CN(C(=O)C3CCCC(=O)CC3)C2)OC1,CCCC(=O)c1cn(CC2CN(C(=O)c3cncnc3C3CC3)C2)nn1,CCONC(=O)C1=CC2(CN(C(=O)C3CCCC(=O)CC3)C2)OC1,26,29,24,26,109.571465,,13,13,,,0,0,0,1,0,201,26,5,796,1078,1078,719,255,796,2,704,427,578,263,12,8,80,1052,523,555,196,359,0,37,0
792,466,955,3997278,1594940,O=C(/C=C/C1=CC=CC=C1)C(=O)NC1=CC=CC2=C(C3CC3)C=CC=C12,O=C1NC2=CC=CC=C2N1CCCNC1(C2CCCOC2)CC1,O=C(/C=C/c1ccccc1)C(=O)Nc1cccc2c(C3CC3)cccc12,O=c1[nH]c2ccccc2n1CCCNC1(C2CCCOC2)CC1,26,29,23,26,20.845938,,12,11,,,0,0,0,1,0,61,26,2,237,278,278,206,145,237,2,189,127,140,37,52,18,10,252,129,149,77,72,0,24,0
793,329,890,2878372,302330,CC(C)C(=O)C1=CN=CC=C1NC(=O)COC1=CC=C(C#N)C=C1Cl,NC1=CN=C(Br)C=C1CN1CCC(C(O)CO)CC1,CC(C)C(=O)c1cnccc1NC(=O)COc1ccc(C#N)cc1Cl,Nc1cnc(Br)cc1CN1CCC(C(O)CO)CC1,25,26,19,20,20.061483,,10,9,,,0,0,0,1,0,56,20,1,223,342,342,208,66,223,0,198,92,157,93,23,4,13,322,148,194,60,134,0,19,0
794,193,714,2352518,7488944,COC(=O)C(C)(C)CCC1=NC(C2=NC3=CC(Br)=CC=C3O2)=NO1,CCC(C)C1=NC=CC(NC[C@H]2CCC[C@@H](NC(=O)CN3N=CC=C3C)C2)=N1,COC(=O)C(C)(C)CCc1nc(-c2nc3cc(Br)ccc3o2)no1,CCC(C)c1nccc(NC[C@H]2CCC[C@@H](NC(=O)Cn3nccc3C)C2)n1,24,26,28,30,17.902870,,13,13,,,0,0,0,1,0,62,26,7,226,239,239,198,54,226,1,170,134,62,43,4,2,1,213,121,118,77,41,0,19,0
795,244,585,5315419,3609064,CC1=CC(C)=C(C(=O)OCC(=O)NN(C2=CC=CC=C2)C2=CC=CC=C2)N1,CCCOCCC(=O)NC[C@@H]1C[C@H]2CC[C@@H](C1)N2C(=O)C1=CN=CO1,Cc1cc(C)c(C(=O)OCC(=O)NN(c2ccccc2)c2ccccc2)[nH]1,CCCOCCC(=O)NC[C@@H]1C[C@H]2CC[C@@H](C1)N2C(=O)c1cnco1,27,29,25,27,60.785160,,10,9,,,0,0,0,1,0,108,27,0,424,777,777,396,155,424,0,393,127,410,221,99,21,56,750,238,539,158,381,0,29,0
796,392,239,5671171,9025322,CC1(C)CC=C(C(=O)N[C@H]2C[C@@](C)(C(=O)N[C@H]3CCC[C@H]3N=[N+]=[N-])C2)CC1,NC1=NC(N2CCCC(NC(=O)/C=C/C3=CC=C4OCOC4=C3)C2)=NC(C2CC2)=N1,CC1(C)CC=C(C(=O)N[C@H]2C[C@@](C)(C(=O)N[C@H]3CCC[C@H]3N=[N+]=[N-])C2)CC1,Nc1nc(C2CC2)nc(N2CCCC(NC(=O)/C=C/c3ccc4c(c3)OCO4)C2)n1,27,29,30,34,150.960861,,16,15,,,0,0,0,1,0,175,29,2,678,1342,1342,633,427,678,1,613,254,839,330,269,22,184,1313,488,854,145,709,0,27,0
797,876,794,10304745,6228162,CC[C@H](NC(=O)OC(C)(C)C)C(C1=NN=NN1C1=CC(C(=O)OC)=CC=C1)N(C)C1CCN(C)C1,CC1=CC=NC=C1S(=O)(=O)NCC(O)CCNC(=O)/C=C/C1=CN=CC=N1,CC[C@H](NC(=O)OC(C)(C)C)C(c1nnnn1-c1cccc(C(=O)OC)c1)N(C)C1CCN(C)C1,Cc1ccncc1S(=O)(=O)NCC(O)CCNC(=O)/C=C/c1cnccn1,35,37,27,28,7.690039,,7,6,,,0,0,0,1,0,27,28,5,103,125,125,96,19,103,2,89,55,22,18,0,0,0,97,42,83,54,29,0,23,0
798,420,44,8672863,7233874,CC1=CC=C(CN(CCC2=CC=C(F)C=C2C)CC2=CN(C)C(C#N)=C2)C(O)=C1,C#CCC(CC(F)F)C(=O)NC1(C2CCCN2C(=O)CC2=CC=C(C)O2)CC1,Cc1ccc(CN(CCc2ccc(F)cc2C)Cc2cc(C#N)n(C)c2)c(O)c1,C#CCC(CC(F)F)C(=O)NC1(C2CCCN2C(=O)Cc2ccc(C)o2)CC1,29,31,28,30,55.176735,,16,15,,,0,0,0,1,0,95,30,3,375,561,561,333,249,375,0,305,166,329,107,115,33,44,531,213,348,120,228,0,30,0
799,325,762,5684693,4031768,C=CCC1(C(=O)N[C@H]2CCCCC2(F)F)CN(C(=O)C[C@@H]2CC=CCC2)C1,CC(C)C1(CNC(=O)CNC(=O)C2=CC=C(S(N)(=O)=O)C=C2)OCCO1,C=CCC1(C(=O)N[C@H]2CCCCC2(F)F)CN(C(=O)C[C@@H]2CC=CCC2)C1,CC(C)C1(CNC(=O)CNC(=O)c2ccc(S(N)(=O)=O)cc2)OCCO1,27,29,26,27,16.214725,,10,9,,,0,0,0,1,0,47,27,8,184,224,224,163,25,184,1,150,97,60,47,0,0,0,197,97,127,66,61,0,19,0
800,484,722,2194018,5837062,CCOC(=O)[C@H]1C[C@@H]1C(=O)OCCN1C2=CC=C(Br)C=C2N=C1N,[N-]=[N+]=NCCCCC(=O)N[C@H](CC(=O)N1CCC(=C(F)F)CC1)CC1CC1,CCOC(=O)[C@H]1C[C@@H]1C(=O)OCCn1c(N)nc2cc(Br)ccc21,[N-]=[N+]=NCCCCC(=O)N[C@H](CC(=O)N1CCC(=C(F)F)CC1)CC1CC1,24,26,27,28,16.127125,,10,9,,,0,0,0,1,0,40,26,5,152,253,253,139,70,152,2,132,76,103,35,57,7,21,227,80,173,59,114,0,25,0
801,935,830,1579789,9121256,CC1=CC=C(F)C=C1CCCC(=O)OCCC#CC[Si](C)(C)C,CCC1=CN=CC(C(=O)N2CC(C(=O)O)(C3=CN(C[C@@H]4C[C@H]5CC[C@@H]4O5)N=N3)C2)=C1,Cc1ccc(F)cc1CCCC(=O)OCCC#CC[Si](C)(C)C,CCc1cncc(C(=O)N2CC(C(=O)O)(c3cn(C[C@@H]4C[C@H]5CC[C@@H]4O5)nn3)C2)c1,23,23,30,34,23.305092,,8,7,,,0,0,0,1,0,36,23,6,137,176,176,126,33,137,2,118,77,56,29,6,3,2,153,56,120,70,50,0,17,0
802,390,395,364061,5105215,CC1(C)CC(CC(=O)NCCC2(C)N=N2)CC(C)(C)C1,CC1=CC=C(CN(CCCC2=COC=N2)C(=O)C2=NOC(C)=C2)C(F)=C1,CC1(C)CC(CC(=O)NCCC2(C)N=N2)CC(C)(C)C1,Cc1ccc(CN(CCCc2cocn2)C(=O)c2cc(C)on2)c(F)c1,20,21,26,28,41.512978,,13,12,,,0,0,0,1,0,61,21,1,233,411,411,216,262,233,0,194,115,226,57,208,24,14,390,144,267,72,195,0,21,0
803,679,811,46259,4686255,COC(C)(C)CC(=O)NCC(C)N1C=CC=N1,C=CCCOC(C)C(=O)NCC1CN(C(=O)CC2CC2)CCC12CCC2,COC(C)(C)CC(=O)NCC(C)n1cccn1,C=CCCOC(C)C(=O)NCC1CN(C(=O)CC2CC2)CCC12CCC2,17,17,26,28,6.340346,,10,9,,,0,0,0,1,0,25,17,1,96,128,128,90,35,96,0,80,58,50,12,6,4,15,111,51,77,39,38,0,16,0
804,840,667,7897823,4170183,COC1=CC=CC2=C1C(C1NC(=O)N(C)C3=C1C(=O)NC1(CCOCC1)C3)=CN2,COC1=CC=C(C(CF)NC(=O)NCC2=CC=C(C)C(C3CC3)=C2)C=C1,COc1cccc2[nH]cc(C3NC(=O)N(C)C4=C3C(=O)NC3(CCOCC3)C4)c12,COc1ccc(C(CF)NC(=O)NCc2ccc(C)c(C3CC3)c2)cc1,29,33,26,28,401.511261,,20,19,,,0,0,0,1,0,415,28,1,1643,2411,2411,1498,729,1643,0,1470,748,1472,673,138,50,146,2383,1172,1239,326,913,0,33,0
805,155,507,9673052,2423837,O=C(NCCC1CC1)C(C1=CN(CCF)N=C1)N1CCN(CC2=CC(F)=CC=C2)CC1,CN(CCCCO)C(=O)[C@H]1CCCN1C(=O)C1CCCCNC1=O,O=C(NCCC1CC1)C(c1cnn(CCF)c1)N1CCN(Cc2cccc(F)c2)CC1,CN(CCCCO)C(=O)[C@H]1CCCN1C(=O)C1CCCCNC1=O,31,34,24,25,196.594742,,17,16,,,0,0,0,1,0,197,25,1,785,1390,1390,700,508,785,0,686,326,818,265,355,85,160,1365,494,896,206,690,0,31,0
806,987,37,4093080,1607588,CC(C)(C)OC(=O)NC1(CNC(=O)CC2=CSC=N2)CCC(F)(F)CC1,CC1=CC(NC(=O)NC2=CC3=CC=NN3C=C2)=CC=C1C1CC1,CC(C)(C)OC(=O)NC1(CNC(=O)Cc2cscn2)CCC(F)(F)CC1,Cc1cc(NC(=O)Nc2ccn3nccc3c2)ccc1C1CC1,26,27,23,26,34.246311,,10,9,,,0,0,0,1,0,72,26,1,277,429,429,237,177,277,0,223,115,275,74,68,23,56,403,116,313,121,192,0,25,0
807,129,514,6394273,9243210,CC1=CC=C(CCN(CC2=CC(C)=CN=C2O)C(=O)C2=CN=C(C)O2)C=C1,CCSC1=NN=C(CN(CC2=CC=C(C#N)C(Cl)=C2)C(=O)NC2=CC=CC=C2)N1C,Cc1ccc(CCN(Cc2cc(C)cnc2O)C(=O)c2cnc(C)o2)cc1,CCSc1nnc(CN(Cc2ccc(C#N)c(Cl)c2)C(=O)Nc2ccccc2)n1C,27,29,30,32,58.775642,,12,11,,,0,0,0,1,0,93,29,3,370,608,608,323,121,370,1,301,127,319,144,58,26,80,579,205,403,118,285,0,26,0
808,988,604,6019508,2155819,O=C(CNC1=CC=NC=C1)NCC1CC(CNC(=O)CN2C=CN=N2)CO1,CCOC1=CC=C(S(=O)(=O)N2CC(C(=O)OC)CC2(C)C)C=C1Cl,O=C(CNc1ccncc1)NCC1CC(CNC(=O)Cn2ccnn2)CO1,CCOc1ccc(S(=O)(=O)N2CC(C(=O)OC)CC2(C)C)cc1Cl,27,29,24,25,9.462231,,9,8,,,0,0,0,1,0,23,25,5,77,137,137,70,89,77,1,51,21,69,16,61,13,9,112,22,115,48,67,0,20,0
809,339,890,4402122,302330,C#CCC1(C(=O)N2CC(F)(C3CC3)C2)CCN(C(=O)[C@H]2C[C@@H]2C(C)C)C1,NC1=CN=C(Br)C=C1CN1CCC(C(O)CO)CC1,C#CCC1(C(=O)N2CC(F)(C3CC3)C2)CCN(C(=O)[C@H]2C[C@@H]2C(C)C)C1,Nc1cnc(Br)cc1CN1CCC(C(O)CO)CC1,26,29,19,20,58.998341,,15,14,,,0,0,0,1,0,84,20,3,329,346,346,256,233,329,1,225,157,276,71,24,11,9,326,187,159,69,90,0,22,0
810,102,895,7027068,5132325,O=C(CCC1=CC=CN1)NCC1=CC(C(=O)N2CC(N3C=NN=C3)C2)=CC=N1,COC1=CC(C)=NC(CN(CC[C@@H]2COC[C@H]2O)CC2=CC=CC=C2)=C1,O=C(CCc1ccc[nH]1)NCc1cc(C(=O)N2CC(n3cnnc3)C2)ccn1,COc1cc(C)nc(CN(CC[C@@H]2COC[C@H]2O)Cc2ccccc2)c1,28,31,26,28,40.513702,,16,15,,,0,0,0,1,0,101,28,5,397,468,468,352,139,397,0,327,229,190,89,36,11,3,440,242,226,110,116,0,25,0
811,865,450,9781908,3479660,COCC1(NC(=O)C2=CC=C3C=NOC3=C2)CCN(C(=O)CCCCN2CCCC2)CC1,CC(C)CCC(NC(=O)C1COCCO1)C(=O)NC1CCCCCC1,COCC1(NC(=O)c2ccc3cnoc3c2)CCN(C(=O)CCCCN2CCCC2)CC1,CC(C)CCC(NC(=O)C1COCCO1)C(=O)NC1CCCCCC1,32,35,25,26,62.567940,,14,13,,,0,0,0,1,0,92,26,0,359,467,467,311,46,359,0,292,184,168,100,8,1,42,441,166,301,145,156,0,27,0
812,102,538,7027068,461995,O=C(CCC1=CC=CN1)NCC1=CC(C(=O)N2CC(N3C=NN=C3)C2)=CC=N1,CSC1=C2CN(CCN3CCOC(C)C3)CCN2N=C1,O=C(CCc1ccc[nH]1)NCc1cc(C(=O)N2CC(n3cnnc3)C2)ccn1,CSc1cnn2c1CN(CCN1CCOC(C)C1)CC2,28,31,20,22,23.944586,,12,11,,,0,0,0,1,0,49,22,4,189,263,263,160,107,189,1,147,79,149,51,39,12,14,241,94,169,66,103,0,18,0
813,932,467,3724941,4755768,CSC1=NC=NC(N2CCC(F)(CNC(=O)[C@@H]3CCC(=O)O3)C2)=C1Cl,CC1=CC(C)=C(C(=O)N[C@H](CNC(=O)/C=C/C2=COC=C2)CC(C)C)O1,CSc1ncnc(N2CCC(F)(CNC(=O)[C@@H]3CCC(=O)O3)C2)c1Cl,Cc1cc(C)c(C(=O)N[C@H](CNC(=O)/C=C/c2ccoc2)CC(C)C)o1,25,27,26,27,14.016458,,12,12,,,0,0,0,1,0,56,27,4,214,264,264,181,103,214,0,155,89,153,67,3,2,15,237,121,143,60,83,0,29,0
814,15,739,2467240,2048329,C#CCCCOCCNC(=O)CC1CN(C(=O)CC=C)CC12CC2,COC1=CC(Br)=CC=C1OCC(=O)NCCN1C=NN=C1C(C)C,C#CCCCOCCNC(=O)CC1CN(C(=O)CC=C)CC12CC2,COc1cc(Br)ccc1OCC(=O)NCCn1cnnc1C(C)C,24,25,24,25,14.378339,,10,9,,,0,0,0,1,0,41,25,2,150,263,263,133,89,150,0,123,60,124,42,68,8,17,238,78,185,55,130,0,23,0
815,147,419,3267781,8489148,C=C1CC1C(=O)NC1(C(=O)N(C)CC2=CC=CC(C)=C2)CCCCC1,CC(C)CCN1C=C(CN2CCN(C(=O)C3=CN=CC4=CC=CN=C43)CC2)N=N1,C=C1CC1C(=O)NC1(C(=O)N(C)Cc2cccc(C)c2)CCCCC1,CC(C)CCn1cc(CN2CCN(C(=O)c3cncc4cccnc34)CC2)nn1,25,27,29,32,109.208885,,16,15,,,0,0,0,1,0,160,27,1,634,910,910,542,310,634,0,506,268,531,209,117,39,96,883,284,626,258,368,0,32,0
816,891,670,5113980,1785915,CCN1C=CC(CN(CC2=CC=C3NC(=O)OC3=C2)CC2[C@H](C)[C@H]2C)=N1,C=CC(CC)C(=O)N[C@@H](CC(=C)C)C(=O)N[C@@H](C)C1=CSC=N1,CCn1ccc(CN(Cc2ccc3[nH]c(=O)oc3c2)CC2[C@H](C)[C@H]2C)n1,C=CC(CC)C(=O)N[C@@H](CC(=C)C)C(=O)N[C@@H](C)c1cscn1,26,29,23,23,8.651276,,10,9,,,0,0,0,1,0,29,23,4,106,149,149,93,78,106,0,79,35,99,36,11,3,4,126,53,96,40,56,0,19,0
817,993,158,5130606,3115192,FC(F)OC1=CC=C(CN(CC2=CC=CN=C2)CC2=CC(Cl)=NO2)C=N1,COC(=O)CC1=CSC(CNC(=O)N2CCC(C)(N3CCCC3)C2)=N1,FC(F)Oc1ccc(CN(Cc2cccnc2)Cc2cc(Cl)no2)cn1,COC(=O)Cc1csc(CNC(=O)N2CCC(C)(N3CCCC3)C2)n1,26,28,25,27,11.466306,,10,9,,,0,0,0,1,0,47,27,4,183,252,252,167,61,183,0,158,97,85,45,33,2,4,225,120,132,47,85,0,26,0
818,76,480,2495255,9541253,CCCCCC(=O)NCC1=C(C(=O)N[C@H](CO)C(C)(C)C)C=CO1,COC(=O)C1(CC2=CN(C3C(=O)OCC3(C)C)N=N2)CCN(C(=O)CC2=NC=CN2)C1,CCCCCC(=O)NCc1occc1C(=O)N[C@H](CO)C(C)(C)C,COC(=O)C1(Cc2cn(C3C(=O)OCC3(C)C)nn2)CCN(C(=O)Cc2ncc[nH]2)C1,24,24,31,34,33.847710,,13,12,,,0,0,0,1,0,59,24,0,214,300,300,190,150,214,0,172,94,185,57,43,15,24,276,107,193,83,110,0,24,0
819,800,992,376818,6262055,CCOC1(C(=O)N[C@H]2C[C@@H]2C2=CNN=C2)CCOCC1,CC(C)CN1C=C(C(C)(C)N2CCN(C(=O)CCCCCC#N)CC2)N=N1,CCOC1(C(=O)N[C@H]2C[C@@H]2c2cn[nH]c2)CCOCC1,CC(C)Cn1cc(C(C)(C)N2CCN(C(=O)CCCCCC#N)CC2)nn1,20,22,27,28,20.767010,,10,9,,,0,0,0,1,0,54,22,4,207,346,346,182,57,207,2,172,68,188,90,13,6,54,324,100,246,82,164,0,18,0
820,271,346,3835770,2910405,CCC[C@H]1C[C@@H]1CN(CC1=CC=CC2=CC=NC=C21)C(=O)[C@H]1C[C@H]1C,CCSC1=CC=CC=C1CC(=O)NC1=C(F)C=C(Br)C=C1C(=O)OC,CCC[C@H]1C[C@@H]1CN(Cc1cccc2ccncc12)C(=O)[C@H]1C[C@H]1C,CCSc1ccccc1CC(=O)Nc1c(F)cc(Br)cc1C(=O)OC,25,28,25,26,68.123543,,16,15,,,0,0,0,1,0,98,26,6,371,453,453,330,159,371,2,296,200,240,102,18,8,19,427,235,218,95,123,0,22,0
821,638,709,9415663,1574480,C#CCC1(C(=O)NC[C@@H]2CCC[C@H](CNC(=O)C=C(C)C3=CC=CO3)C2)CCOCC1,COCCOCC(O)COC(=O)CC1=NN(C2CCCC2)C=C1,C#CCC1(C(=O)NC[C@@H]2CCC[C@H](CNC(=O)C=C(C)c3ccco3)C2)CCOCC1,COCCOCC(O)COC(=O)Cc1ccn(C2CCCC2)n1,31,33,23,24,12.337242,,10,9,,,0,0,0,1,0,34,24,1,130,171,171,126,29,130,0,115,73,47,28,3,2,1,147,84,87,42,45,0,23,0
822,407,665,913391,7440053,C#CCOCCC(=O)NCCN1CCC(NC(C)=O)CC1,O=C(CC1=CC=CC=C1OC1CCCC1)OC/C=C/C1=CC=C2OCOC2=C1,C#CCOCCC(=O)NCCN1CCC(NC(C)=O)CC1,O=C(Cc1ccccc1OC1CCCC1)OC/C=C/c1ccc2c(c1)OCO2,21,21,28,31,1.405798,,6,5,,,0,0,0,1,0,9,21,8,27,37,37,27,9,27,2,19,14,0,0,0,0,0,16,12,25,15,10,0,13,0
823,82,872,2083033,5919239,COCC1CCCCC1NC(=O)C1=CC=C(OC)C2=CN=CC=C12,CC1=CC(C(=O)NC2(CNC(=O)CCOC3CC3)CCOCC2)=CC=C1F,COCC1CCCCC1NC(=O)c1ccc(OC)c2cnccc12,Cc1cc(C(=O)NC2(CNC(=O)CCOC3CC3)CCOCC2)ccc1F,24,26,27,29,484.497925,,16,16,,,0,0,0,1,0,470,26,0,1870,3172,3172,1558,1110,1870,0,1541,630,2167,724,530,178,484,3146,1094,2078,464,1614,0,33,0
824,336,872,264655,5919239,CC1=CN(CCN2CCN(C)C3(CCOC3)C2)N=C1,CC1=CC(C(=O)NC2(CNC(=O)CCOC3CC3)CCOCC2)=CC=C1F,Cc1cnn(CCN2CCN(C)C3(CCOC3)C2)c1,Cc1cc(C(=O)NC2(CNC(=O)CCOC3CC3)CCOCC2)ccc1F,19,21,27,29,18.580376,,14,13,,,0,0,0,1,0,57,21,1,219,321,321,201,172,219,0,172,92,168,57,102,32,16,300,136,185,65,120,0,27,0
825,690,879,6237758,7519501,CC(C)C1=NN=C(CCN2CCC(=O)N(CCCC(=O)NC3CC3)C2=O)S1,O=C(NC1CC(CF)C1)C1=CC=C(C2=CN(CCOCC3CCCC3)N=N2)O1,CC(C)c1nnc(CCN2CCC(=O)N(CCCC(=O)NC3CC3)C2=O)s1,O=C(NC1CC(CF)C1)c1ccc(-c2cn(CCOCC3CCCC3)nn2)o1,27,29,28,31,12.439318,,9,8,,,0,0,0,1,0,42,29,2,160,220,220,145,48,160,0,134,82,93,35,1,1,22,191,92,128,53,75,0,27,0
826,546,389,3100926,7130093,O=C(NCCC1=COC=C1)NC12CC(CN(CC3=CC=CC=C3)C1)C2,CCCC1=CN=NC(C(=O)N[C@H]2COC[C@H]2N2C=C(CC(OC)OC)N=N2)=C1,O=C(NCCc1ccoc1)NC12CC(CN(Cc3ccccc3)C1)C2,CCCc1cnnc(C(=O)N[C@H]2COC[C@H]2n2cc(CC(OC)OC)nn2)c1,25,28,28,30,47.197750,,13,12,,,0,0,0,1,0,110,28,0,435,676,676,414,152,435,0,392,181,320,180,66,25,30,648,237,439,177,262,0,33,0
827,977,324,10046622,7283187,C#CC1=CC=C(CCC(=O)N2CCC3(CCCCN(C(=O)C4=C(C5CC5)C=CO4)C3)C2)C=C1,CC1=CC=CN=C1C(=O)N[C@@H]1COC[C@H]1CNC(=O)C1CC2CCC(C1)N2C,C#Cc1ccc(CCC(=O)N2CCC3(CCCCN(C(=O)c4occc4C4CC4)C3)C2)cc1,Cc1cccnc1C(=O)N[C@@H]1COC[C@H]1CNC(=O)C1CC2CCC(C1)N2C,33,37,28,31,464.025848,,23,22,,,0,0,0,1,0,388,31,0,1547,2342,2342,1425,616,1547,0,1403,758,1378,602,123,34,222,2311,1081,1261,344,917,0,39,0
828,641,735,9019778,8858626,CCOCC1=CN(C[C@H]2C[C@H](O)CN2C(=O)C2=CC(C3=CC=C(Br)C=C3)=NO2)N=N1,COC[C@H]1CC[C@@H]1C(=O)N[C@H](CC1CCOCC1)C(=O)N(C)CC1(OC)CCCC1,CCOCc1cn(C[C@H]2C[C@H](O)CN2C(=O)c2cc(-c3ccc(Br)cc3)no2)nn1,COC[C@H]1CC[C@@H]1C(=O)N[C@H](CC1CCOCC1)C(=O)N(C)CC1(OC)CCCC1,30,33,30,32,262.017487,,17,16,,,0,0,0,1,0,257,32,0,1022,2123,2123,967,621,1022,0,919,257,1068,490,676,188,85,2091,726,1397,241,1156,0,39,0
829,908,777,8163226,2724797,CC(C)C(CN1CCCC1)NC(=O)CCN1C=C(C(C)(C)C2=CC=CC=C2)N=N1,CCCCC1=CC(NCC[C@H](C)NC(=O)[C@H]2CCC[C@@H]2O)=NC=N1,CC(C)C(CN1CCCC1)NC(=O)CCn1cc(C(C)(C)c2ccccc2)nn1,CCCCc1cc(NCC[C@H](C)NC(=O)[C@H]2CCC[C@@H]2O)ncn1,29,31,24,25,37.460674,,16,15,,,0,0,0,1,0,79,25,1,294,399,399,264,58,294,1,253,146,164,93,4,1,29,374,160,239,104,135,0,24,0
830,499,893,5522744,9480951,CC(C)(CNC(=O)C(C)(C)C(C)(C)O)CC(=O)NCC1CC/C=C\CCC1,C=C[C@H]1CN(C(=O)CC2=C(C)N(CC)N=C2C)C[C@H]1NC1=NC(C(=O)OC)=NC=C1Cl,CC(C)(CNC(=O)C(C)(C)C(C)(C)O)CC(=O)NCC1CC/C=C\CCC1,C=C[C@H]1CN(C(=O)Cc2c(C)nn(CC)c2C)C[C@H]1Nc1nc(C(=O)OC)ncc1Cl,27,27,31,33,123.317703,,15,14,,,0,0,0,1,0,131,27,0,512,781,781,456,132,512,0,435,219,293,178,137,32,36,754,259,522,197,325,0,27,0
831,554,36,751354,3149125,CC1=C(C(=O)CN2CCC2C2CCC(C)(C)CC2)SN=C1,COC1=CC=C(NC(=O)C(=O)NC2=C(C)C=C(C)N=C2Cl)C(F)=C1F,Cc1cnsc1C(=O)CN1CCC1C1CCC(C)(C)CC1,COc1ccc(NC(=O)C(=O)Nc2c(C)cc(C)nc2Cl)c(F)c1F,21,23,25,26,45.818466,,11,10,,,0,0,0,1,0,88,23,2,339,614,614,315,192,339,0,307,151,349,125,119,18,71,591,227,387,88,299,0,23,0
832,632,70,8472175,4319416,CCC(=O)N1CCC(C(=O)NC2CC(C3=CN(CCN4CCOCC4)N=N3)C2)C1,CCCCSCC(=O)N[C@H]1CC[C@@H](CC(=O)N2CC(CO)(OC)C2)CC1,CCC(=O)N1CCC(C(=O)NC2CC(c3cn(CCN4CCOCC4)nn3)C2)C1,CCCCSCC(=O)N[C@H]1CC[C@@H](CC(=O)N2CC(CO)(OC)C2)CC1,29,32,26,27,38.437767,,11,10,,,0,0,0,1,0,81,27,2,322,597,597,297,258,322,1,281,115,383,132,148,25,45,570,195,402,102,300,0,25,0
833,240,646,7246223,3214063,CC(C)C(F)C(=O)N1CCN(C(=O)C2=COC3=CC=CC=C32)CC1C1CCC1,CN(CCCC1=NC2=CC=CC=C2N1)CC1=C(N)C(C(=O)O)=CC=C1,CC(C)C(F)C(=O)N1CCN(C(=O)c2coc3ccccc23)CC1C1CCC1,CN(CCCc1nc2ccccc2[nH]1)Cc1cccc(C(=O)O)c1N,28,31,25,27,75.964188,,14,13,,,0,0,0,1,0,93,27,0,370,578,578,334,245,370,0,299,163,354,109,108,35,53,551,179,399,155,244,0,27,0
834,700,943,2480793,2359342,CC(=O)OC(C)(C)C(=O)NC1CC2(C1)CC2C(=O)NCC1(F)CC1,O=C(NCCNC(=O)C1=CC(Br)=CC=C1)C(=O)N1C2CCC1CC2,CC(=O)OC(C)(C)C(=O)NC1CC2(C1)CC2C(=O)NCC1(F)CC1,O=C(NCCNC(=O)c1cccc(Br)c1)C(=O)N1C2CCC1CC2,24,26,24,26,67.063354,,11,10,,,0,0,0,1,0,119,26,3,474,872,872,434,195,474,1,424,208,512,186,96,17,148,846,295,577,139,438,0,23,0
835,294,232,6002839,9827247,CC1=CN=C(C(=O)N2CC3CC(C2)CN(C(=O)C(CCO)N(C)C)C3)C=N1,CC(C)C1=NC=CC(N2CC34CCCC3(CN(C(=O)C3=C5C(=CC=C3)N=NN5C)C4)C2)=N1,Cc1cnc(C(=O)N2CC3CC(C2)CN(C(=O)C(CCO)N(C)C)C3)cn1,CC(C)c1nccc(N2CC34CCCC3(CN(C(=O)c3cccc5nnn(C)c35)C4)C2)n1,27,29,32,37,2003.733521,,20,20,,,0,0,0,1,0,939,29,1,3751,6405,6405,2993,6415,3751,1,2955,993,6118,1286,3676,686,266,6376,1893,4512,1100,3412,0,34,0
836,764,92,3570718,7892875,O=C(NCC1CN(C(=O)CCN2C=CN=C2)CCO1)C1=CSN=C1Cl,CCOP(=O)(OCC)[C@H](NC(=O)C1=C(F)C=C([N+](=O)[O-])C(F)=C1)C1=CC=CC=C1,O=C(NCC1CN(C(=O)CCn2ccnc2)CCO1)c1csnc1Cl,CCOP(=O)(OCC)[C@H](NC(=O)c1cc(F)c([N+](=O)[O-])cc1F)c1ccccc1,25,27,29,30,8.479339,,9,8,,,0,0,0,1,0,31,27,3,116,180,180,105,35,116,1,94,38,73,37,11,6,14,153,71,109,34,75,0,24,0
837,444,100,48293,8039705,C=CCC(CC(F)F)C(=O)N[C@H]1CCC[C@H]1O,CCCCC(C)CCC(=O)N1CCC2(CC(C(=O)NCC3=NC(C)=CC=C3)C2)C1,C=CCC(CC(F)F)C(=O)N[C@H]1CCC[C@H]1O,CCCCC(C)CCC(=O)N1CCC2(CC(C(=O)NCc3cccc(C)n3)C2)C1,17,17,29,31,10.181135,,12,11,,,0,0,0,1,0,43,17,4,164,197,197,153,30,164,1,139,96,52,40,6,4,0,180,113,84,40,44,0,13,0
838,778,648,7256219,7753473,CC1(C(=O)NCC2(CNC(=O)C[C@@H]3CC[C@H](O)C3)CCCC2)CCC(=O)NC1,CC1C(CN(CC2=CC=C(CF)C=C2)C(=O)CNC(=O)CN(C)C)CC1(C)C,CC1(C(=O)NCC2(CNC(=O)C[C@@H]3CC[C@H](O)C3)CCCC2)CCC(=O)NC1,CC1C(CN(Cc2ccc(CF)cc2)C(=O)CNC(=O)CN(C)C)CC1(C)C,28,30,28,29,139.648926,,14,13,,,0,0,0,1,0,186,29,1,738,1094,1094,649,290,738,0,625,313,562,266,141,42,69,1065,404,690,245,445,0,31,0
839,720,893,2922648,9480951,CN(C)C(=O)C1=CC=C(CNC(=O)[C@H]2CCN3C[C@H]2N(C)C3=O)C=N1,C=C[C@H]1CN(C(=O)CC2=C(C)N(CC)N=C2C)C[C@H]1NC1=NC(C(=O)OC)=NC=C1Cl,CN(C)C(=O)c1ccc(CNC(=O)[C@H]2CCN3C[C@H]2N(C)C3=O)cn1,C=C[C@H]1CN(C(=O)Cc2c(C)nn(CC)c2C)C[C@H]1Nc1nc(C(=O)OC)ncc1Cl,25,27,31,33,266.617676,,16,15,,,0,0,0,1,0,305,27,0,1208,2093,2093,1069,753,1208,0,1047,422,1558,574,191,46,284,2066,811,1282,258,1024,0,32,0
840,102,454,7027068,8292127,O=C(CCC1=CC=CN1)NCC1=CC(C(=O)N2CC(N3C=NN=C3)C2)=CC=N1,C#CCNC(=O)[C@H]1C[C@H]1C(=O)NC1CN(C(=O)CC(C)(C)CC=C)CC12CCC2,O=C(CCc1ccc[nH]1)NCc1cc(C(=O)N2CC(n3cnnc3)C2)ccn1,C#CCNC(=O)[C@H]1C[C@H]1C(=O)NC1CN(C(=O)CC(C)(C)CC=C)CC12CCC2,28,31,29,31,277.643982,,19,18,,,0,0,0,1,0,328,31,1,1303,2051,2051,1126,947,1303,1,1108,500,1603,532,237,64,225,2020,836,1215,290,925,0,37,0
841,170,710,4134008,198201,COC(=O)CCOCCNC(=O)NC1=CC=C(N2C=CC(=O)C=C2)N=C1,C#CC1CC(NC(=O)C2=CC3=C(Br)N=CN3C=C2)C1,COC(=O)CCOCCNC(=O)Nc1ccc(-n2ccc(=O)cc2)nc1,C#CC1CC(NC(=O)c2ccn3cnc(Br)c3c2)C1,26,27,19,21,48.440636,,14,13,,,0,0,0,1,0,102,21,2,398,590,590,358,171,398,0,342,181,326,135,56,23,49,569,233,357,125,232,0,23,0
842,306,925,957487,6553962,CC1=CC=C(CN(CC2=CN=CO2)C[C@H]2CCO2)N=C1C,CCN(CC)C(C(=O)NC1CCC(F)(F)CC1)C1=CN(C2CC2(F)F)N=C1,Cc1ccc(CN(Cc2cnco2)C[C@H]2CCO2)nc1C,CCN(CC)C(C(=O)NC1CCC(F)(F)CC1)c1cnn(C2CC2(F)F)c1,21,23,27,29,21.967049,,13,12,,,0,0,0,1,0,57,23,4,220,257,257,174,136,220,1,151,95,178,50,18,10,22,234,96,161,78,83,0,19,0
843,29,47,5500785,3282808,CCN(C(=O)CC1CC(NC(=O)C2=C(C)OC(CO)=C2)C1)C(C)C1CCC1,CCO[C@@H]1CCC[C@H]1NC(=O)C1CCCN1C(=O)C12CCC(CC1)C2,CCN(C(=O)CC1CC(NC(=O)c2cc(CO)oc2C)C1)C(C)C1CCC1,CCO[C@@H]1CCC[C@H]1NC(=O)C1CCCN1C(=O)C12CCC(CC1)C2,27,29,25,28,795.156982,,21,20,,,0,0,0,1,0,714,28,0,2848,4426,4426,2572,1659,2848,0,2552,1125,3103,1160,379,259,322,4398,1925,2501,647,1854,0,44,0
844,332,815,4169540,3432128,COC1=CC=C([C@H](C)NC(=O)N2CC(S(N)(=O)=O)CC23CCCC3)C=C1,C[C@@H]1C[C@@H](C(=O)NCC2=CC=CC=C2O)N(C(=O)CC2CC=CC2)C1,COc1ccc([C@H](C)NC(=O)N2CC(S(N)(=O)=O)CC23CCCC3)cc1,C[C@@H]1C[C@@H](C(=O)NCc2ccccc2O)N(C(=O)CC2CC=CC2)C1,26,28,25,27,38.608517,,10,10,,,0,0,0,1,0,74,27,1,285,481,481,252,205,285,1,228,102,313,102,88,22,56,454,132,349,120,229,0,26,0
845,57,300,1922535,2370681,CCCC=C(CC)C(=O)N[C@H]1CCC[C@]1(C)NC(=O)C(C)SC,O=C(N[C@@H](CC1=CC=C(F)C=C1)C(=O)O)C1=CN2C=CN=C2C=C1,CCCC=C(CC)C(=O)N[C@H]1CCC[C@]1(C)NC(=O)C(C)SC,O=C(N[C@@H](Cc1ccc(F)cc1)C(=O)O)c1ccc2nccn2c1,23,23,24,26,20.641544,,13,12,,,0,0,0,1,0,44,23,3,175,266,266,149,204,175,2,134,90,170,33,130,6,12,243,91,175,58,117,0,20,0
846,367,383,9447173,8510941,CN(CC1(O)CCN(C(=O)C2=CC=C([N+](=O)[O-])N2C)CC1)C(=O)[C@H](O)C1=CC=CC=C1,CNC1=NC(CNC2=NC=C(S(=O)(=O)N3CC4(CO)CCC3CC4)C(C)=C2)=CS1,CN(CC1(O)CCN(C(=O)c2ccc([N+](=O)[O-])n2C)CC1)C(=O)[C@H](O)c1ccccc1,CNc1nc(CNc2cc(C)c(S(=O)(=O)N3CC4(CO)CCC3CC4)cn2)cs1,31,33,29,32,27.461004,,13,12,,,0,0,0,1,0,60,32,6,231,312,312,199,142,231,0,178,107,156,48,64,18,17,280,113,199,86,113,0,28,0
847,441,149,4468789,1993116,COC1=CN=NC(C(=O)NCC2=C(C(=O)N3CCC[C@H]3CO)C=CO2)=C1,CCSCCN(CC1=CC(C)=NS1)CC1=CC=C2C=CC=NN21,COc1cnnc(C(=O)NCc2occc2C(=O)N2CCC[C@H]2CO)c1,CCSCCN(Cc1cc(C)ns1)Cc1ccc2cccnn12,26,28,23,25,36.614746,,13,12,,,0,0,0,1,0,81,25,4,322,490,490,296,101,322,1,279,139,231,110,39,26,45,465,196,294,100,194,0,25,0
848,250,543,970568,4382667,CC1=CC=C(F)C=C1NC(=O)CC(C1=CC=CC=C1)C(C)C,CCN1C=C(NC(=O)[C@@H]2CCCN2C(=O)C2=CC=CC=C2O)C(C#N)=N1,Cc1ccc(F)cc1NC(=O)CC(c1ccccc1)C(C)C,CCn1cc(NC(=O)[C@@H]2CCCN2C(=O)c2ccccc2O)c(C#N)n1,22,23,26,28,69.775383,,14,13,,,0,0,0,1,0,134,23,1,526,723,723,491,134,526,0,476,268,288,180,54,21,0,700,291,432,200,232,0,29,0
849,421,579,6676599,5792433,C=CCOC(=O)N1CCC(CC(=O)N2CCN(C3=CC=NC=C3)CC2C)CC1,C=CCOCC(=O)N1CCCCC1CCC(=O)NCC(C)(O)C1CCCC1,C=CCOC(=O)N1CCC(CC(=O)N2CCN(c3ccncc3)CC2C)CC1,C=CCOCC(=O)N1CCCCC1CCC(=O)NCC(C)(O)C1CCCC1,28,30,27,28,38.483730,,10,9,,,0,0,0,1,0,78,28,0,308,448,448,266,117,308,0,260,149,225,74,46,15,58,420,155,293,111,182,0,28,0
850,698,811,1177986,4686255,CO[C@@H]1CC[C@H]1CCNC(=O)N[C@H]1CCC2=C(C1)SC(Br)=N2,C=CCCOC(C)C(=O)NCC1CN(C(=O)CC2CC2)CCC12CCC2,CO[C@@H]1CC[C@H]1CCNC(=O)N[C@H]1CCc2nc(Br)sc2C1,C=CCCOC(C)C(=O)NCC1CN(C(=O)CC2CC2)CCC12CCC2,22,24,26,28,17.356913,,9,9,,,0,0,0,1,0,40,24,3,149,206,206,137,56,149,1,131,86,100,30,2,0,21,182,74,132,63,69,0,21,0
851,184,174,10051291,9397592,C[C@@]12CCC[C@H]1N(C(=O)C1=CC3=C(C=N1)NC=C3)CCN(C(=O)C1=CN=C3CCCCN13)C2,CON1CCC(C(=O)N2CC(N3CCN(C(=O)C45CCCCC4CCC5)CC3)C2)CC1,C[C@@]12CCC[C@H]1N(C(=O)c1cc3cc[nH]c3cn1)CCN(C(=O)c1cnc3n1CCCC3)C2,CON1CCC(C(=O)N2CC(N3CCN(C(=O)C45CCCCC4CCC5)CC3)C2)CC1,33,38,31,35,14378.583008,,21,20,,,0,0,0,1,0,5300,35,2,21196,38479,38479,19739,10436,21196,0,19696,9883,18543,7542,10598,2281,1967,38444,13741,24738,5998,18740,0,61,0
852,179,80,3940154,36366,CC(=O)NC1=NC(C[C@@H](NC(=O)C(C)N2N=CC=C2C)C(C)C)=CS1,NC(=O)CCN1CCC(C2CCCNC2)C1,CC(=O)Nc1nc(C[C@@H](NC(=O)C(C)n2nccc2C)C(C)C)cs1,NC(=O)CCN1CCC(C2CCCNC2)C1,25,26,16,17,15.235241,,8,7,,,0,0,0,1,0,50,17,0,186,277,277,169,24,186,0,161,87,112,62,3,3,34,260,74,203,95,108,0,17,0
853,624,891,1850926,5113980,CC1=CC(CC(=O)N(C)C(C)C(=O)N(C)CC2=CN=CO2)=CS1,CCN1C=CC(CN(CC2=CC=C3NC(=O)OC3=C2)CC2[C@H](C)[C@H]2C)=N1,Cc1cc(CC(=O)N(C)C(C)C(=O)N(C)Cc2cnco2)cs1,CCn1ccc(CN(Cc2ccc3[nH]c(=O)oc3c2)CC2[C@H](C)[C@H]2C)n1,23,24,26,29,23.613489,,11,10,,,0,0,0,1,0,55,24,2,215,336,336,185,106,215,0,177,70,232,93,0,0,44,312,101,235,84,151,0,22,0
854,391,634,920791,8570018,CC#CCCC(=O)NCCN(C(=O)[C@@H]1CCCO1)C(C)C,C1=NC=NC(N2CC(NC3=NC(N4CCCN(C5CCCC5)CC4)=NC=N3)C2)=C1,CC#CCCC(=O)NCCN(C(=O)[C@@H]1CCCO1)C(C)C,c1cc(N2CC(Nc3ncnc(N4CCCN(C5CCCC5)CC4)n3)C2)ncn1,21,21,29,33,15.297049,,12,11,,,0,0,0,1,0,32,21,5,113,120,120,99,63,113,2,80,69,40,6,24,8,0,99,35,85,64,21,0,16,0
855,699,246,2927270,9626254,COC(=O)COC1=CC=C(C(=O)N(C)C2=C(C)C=C(C)C=C2C)C=C1,COC1=CC(O)=CC(CN(CC2CCC3(CC3)CO2)C(=O)C2=CN=C3OCCC3=C2)=C1,COC(=O)COc1ccc(C(=O)N(C)c2c(C)cc(C)cc2C)cc1,COc1cc(O)cc(CN(CC2CCC3(CC3)CO2)C(=O)c2cnc3c(c2)CCO3)c1,25,26,31,35,365.565094,,19,18,,,0,0,0,1,0,485,26,0,1927,2263,2263,1537,1246,1927,0,1510,959,1883,518,61,34,169,2237,1159,1104,378,726,0,35,0
856,509,934,9370924,9655269,CC1(NC(=O)C[C@@H](CC2=CC=C([N+](=O)[O-])C=C2)NC(=O)C2=CC=C3CCC3=C2)CSC1,COC1=CC(CN(CC2=CC3=CC=NC=C3S2)CC2CCC3=NC=CN3C2)=CC(Cl)=N1,CC1(NC(=O)C[C@@H](Cc2ccc([N+](=O)[O-])cc2)NC(=O)c2ccc3c(c2)CC3)CSC1,COc1cc(CN(Cc2cc3ccncc3s2)CC2CCc3nccn3C2)cc(Cl)n1,31,34,31,35,195.660614,,15,14,,,0,0,0,1,0,135,34,4,535,927,927,476,202,535,0,434,179,517,228,101,39,149,893,260,667,216,451,0,34,0
857,597,146,2299080,6567263,N#CC1=CC(NC(=O)C(=O)N[C@H]2C=CCC[C@H]2C(N)=O)=NC=C1Cl,COC1=CC=C(N2CCN(C(=O)C3(N=[N+]=[N-])CCNCC3)CC2)C(OC)=C1,N#Cc1cc(NC(=O)C(=O)N[C@H]2C=CCC[C@H]2C(N)=O)ncc1Cl,COc1ccc(N2CCN(C(=O)C3(N=[N+]=[N-])CCNCC3)CC2)c(OC)c1,24,25,27,29,24.313940,,14,13,,,0,0,0,1,0,52,25,3,195,257,257,162,158,195,1,147,82,187,57,39,1,9,232,104,153,58,95,0,22,0
858,237,472,3242096,3485370,CC1=CC(C(=O)N2CCN(C)C(C(=O)NC(C)CCO)C2)=NC=C1N,CC1=CC=C(NC(=O)C(C)CNC(=O)CCOCC(C)C)C(CO)=C1,Cc1cc(C(=O)N2CCN(C)C(C(=O)NC(C)CCO)C2)ncc1N,Cc1ccc(NC(=O)C(C)CNC(=O)CCOCC(C)C)c(CO)c1,25,26,25,25,49.232895,,16,15,,,0,0,0,1,0,133,25,0,508,642,642,449,187,508,0,439,270,309,140,45,14,9,617,310,332,139,193,0,25,0
859,653,260,5185318,6177611,CC1=CC(Br)=C(C(=O)NCC2=CC=C(S(=O)(=O)N3CCCC(C)C3)C=C2)S1,CC1=NC(N[C@@H](C)CNC(=O)C2=CC=C(F)C(CC#N)=C2)=CC(C(F)F)=N1,Cc1cc(Br)c(C(=O)NCc2ccc(S(=O)(=O)N3CCCC(C)C3)cc2)s1,Cc1nc(N[C@@H](C)CNC(=O)c2ccc(F)c(CC#N)c2)cc(C(F)F)n1,27,29,27,28,22.091322,,11,11,,,0,0,0,1,0,60,28,4,232,307,307,204,105,232,1,181,110,164,68,16,2,20,279,148,159,56,103,0,26,0
860,470,261,3166266,1815133,N[C@@H](CC1=CC=CC(NC(=O)C2=C(F)C=C(CO)C=C2F)=C1)C(=O)O,O=C(NC[C@H]1C[C@@H](C(=O)N[C@H]2[C@@H]3CCC[C@@H]32)C1)C1=CSC(Cl)=N1,N[C@@H](Cc1cccc(NC(=O)c2c(F)cc(CO)cc2F)c1)C(=O)O,O=C(NC[C@H]1C[C@@H](C(=O)N[C@H]2[C@@H]3CCC[C@@H]32)C1)c1csc(Cl)n1,25,26,23,26,190.353699,,14,14,,,0,0,0,1,0,240,26,4,953,1368,1368,831,334,953,2,818,503,833,298,13,8,217,1342,685,683,146,537,0,33,0
861,682,9,9171056,4471919,CC(=O)NC1CCN(C2=NC(NC(CC(C)C)CC(C)C)=C3C(=N2)C=NN3C)CC1,CC1=CSC(C(=O)NCC2=CC=CC(C(=O)NC(C)C3=NC=CN3)=N2)=C1,CC(=O)NC1CCN(c2nc(NC(CC(C)C)CC(C)C)c3c(cnn3C)n2)CC1,Cc1csc(C(=O)NCc2cccc(C(=O)NC(C)c3ncc[nH]3)n2)c1,30,32,26,28,43.502460,,11,10,,,0,0,0,1,0,85,28,2,328,491,491,282,113,328,0,269,149,269,101,23,6,83,463,140,351,142,209,0,27,0
862,920,823,298234,208121,CCNC1=CC=C(C(=O)NC2(C)CC(CN)C2)C=N1,CCN1C=CC(C(=O)NC(C)C2(C)CCC2)=CC1=O,CCNc1ccc(C(=O)NC2(C)CC(CN)C2)cn1,CCn1ccc(C(=O)NC(C)C2(C)CCC2)cc1=O,19,20,19,20,29.694117,,12,11,,,0,0,0,1,0,81,20,0,307,468,468,284,211,307,0,265,110,312,114,62,40,17,448,154,314,130,184,0,22,0
863,476,922,1462587,7781499,CC(C)(NC(=O)C1=CC2=CC=CC=C2C=N1)C1=CC(Br)=CC=N1,CCCCCCN(CC1=CC=C2NC(=O)OC2=C1)CC1=CC=C(OC)N=C1C,CC(C)(NC(=O)c1cc2ccccc2cn1)c1cc(Br)ccn1,CCCCCCN(Cc1ccc2[nH]c(=O)oc2c1)Cc1ccc(OC)nc1C,23,25,28,30,34.372608,,14,13,,,0,0,0,1,0,76,25,1,291,416,416,260,143,291,0,226,118,207,100,63,18,18,391,180,236,80,156,0,25,0
864,294,693,6002839,867295,CC1=CN=C(C(=O)N2CC3CC(C2)CN(C(=O)C(CCO)N(C)C)C3)C=N1,CCC(CC)CCC(=O)NC(CC1CC1)C(=O)N(C)CC,Cc1cnc(C(=O)N2CC3CC(C2)CN(C(=O)C(CCO)N(C)C)C3)cn1,CCC(CC)CCC(=O)NC(CC1CC1)C(=O)N(C)CC,27,29,21,21,16.277122,,12,11,,,0,0,0,1,0,35,21,0,133,179,179,113,125,133,0,93,57,117,24,53,11,6,158,60,119,53,66,0,21,0
865,559,161,3629384,1585167,CC(=O)NCC(=O)NC[C@H]1C[C@@](F)(CNC(=O)C(C)(C)CCCF)C1,CC1=CC(C(C)NC(=O)CNC(=O)C2=CC=CC=C2C)=C(C)S1,CC(=O)NCC(=O)NC[C@H]1C[C@@](F)(CNC(=O)C(C)(C)CCCF)C1,Cc1cc(C(C)NC(=O)CNC(=O)c2ccccc2C)c(C)s1,25,25,23,24,60.499458,,14,13,,,0,0,0,1,0,106,24,2,412,627,627,349,101,412,1,341,207,305,117,51,3,100,603,230,397,119,278,0,22,0
866,75,452,4380174,4615591,C[C@@H](CC(=O)NCC(C)(C)N1C=CN=C1)NC(=O)C(O)CN1C=NC=N1,CN(CCOCCC(=O)NCC(F)C1=CC=CC=C1)C(=O)[C@@H]1CCOC1,C[C@@H](CC(=O)NCC(C)(C)n1ccnc1)NC(=O)C(O)Cn1cncn1,CN(CCOCCC(=O)NCC(F)c1ccccc1)C(=O)[C@@H]1CCOC1,26,27,26,27,8.576784,,8,7,,,0,0,0,1,0,36,27,1,133,205,205,119,52,133,0,112,51,99,42,12,0,18,178,60,145,59,86,0,26,0
867,967,353,10252318,5603307,CCOC(=O)C1=CC=C(NC(=O)C(C2=CC(OCC)=CC=C2)N2CCOC(C)(C)C2(C)C)C=C1,COC(C(=O)NCCOC1CCCC1)C1CN(C(=O)C2=NOC(C)(C)C2)C1,CCOC(=O)c1ccc(NC(=O)C(c2cccc(OCC)c2)N2CCOC(C)(C)C2(C)C)cc1,COC(C(=O)NCCOC1CCCC1)C1CN(C(=O)C2=NOC(C)(C)C2)C1,34,36,27,29,39.733921,,12,11,,,0,0,0,1,0,73,29,2,283,420,420,250,182,283,0,223,123,213,84,107,16,22,391,125,295,125,170,0,28,0
868,601,306,7965965,957487,CNC(=O)CN1C=CC2=CC=C(NC(=O)NC3=C4OC(=O)NC4=CC(Cl)=C3)C=C21,CC1=CC=C(CN(CC2=CN=CO2)C[C@H]2CCO2)N=C1C,CNC(=O)Cn1ccc2ccc(NC(=O)Nc3cc(Cl)cc4[nH]c(=O)oc34)cc21,Cc1ccc(CN(Cc2cnco2)C[C@H]2CCO2)nc1C,29,32,21,23,56.674366,,14,13,,,0,0,0,1,0,83,23,0,316,464,464,266,162,316,0,227,125,270,101,65,17,58,441,153,311,113,198,0,23,0
869,654,985,5240309,7493995,CC1=C(NC(=O)CC2CCN(C(=O)OC(C)(C)C)C2)C=CC=C1S(N)(=O)=O,O=C1CC2=C(C=CC=C2C(=O)NCC(CO)NC2=CC=C(C(F)(F)F)N=N2)N1,Cc1c(NC(=O)CC2CCN(C(=O)OC(C)(C)C)C2)cccc1S(N)(=O)=O,O=C1Cc2c(cccc2C(=O)NCC(CO)Nc2ccc(C(F)(F)F)nn2)N1,27,28,28,30,88.598976,,13,12,,,0,0,0,1,0,132,28,4,524,841,841,455,265,524,1,437,197,575,209,49,25,138,813,297,544,158,386,0,24,0
870,434,706,9047910,3749861,CC1=CC(NCC(C)C2CCN(C(=O)C(C)CN3C=CN=C3)CC2)=NC(C(C)C)=N1,CCCCN1C=C(CCC(=O)N2CCN3C(=NN=C3C3CC3)C2)N=N1,Cc1cc(NCC(C)C2CCN(C(=O)C(C)Cn3ccnc3)CC2)nc(C(C)C)n1,CCCCn1cc(CCC(=O)N2CCn3c(nnc3C3CC3)C2)nn1,30,32,25,28,47.535080,,15,14,,,0,0,0,1,0,87,28,3,341,527,527,290,141,341,0,280,131,308,130,42,4,67,499,208,319,82,237,0,25,0
871,256,467,5798555,4755768,CNC(=O)NCC(=O)NC1CC2(C1)CC(C(=O)NCC(C(C)C)C(C)C)C2,CC1=CC(C)=C(C(=O)N[C@H](CNC(=O)/C=C/C2=COC=C2)CC(C)C)O1,CNC(=O)NCC(=O)NC1CC2(C1)CC(C(=O)NCC(C(C)C)C(C)C)C2,Cc1cc(C)c(C(=O)N[C@H](CNC(=O)/C=C/c2ccoc2)CC(C)C)o1,27,28,26,27,12.143791,,13,12,,,0,0,0,1,0,37,27,5,137,150,150,114,90,137,1,99,62,84,29,10,1,2,123,66,84,48,36,0,22,0
872,865,309,9781908,6909057,COCC1(NC(=O)C2=CC=C3C=NOC3=C2)CCN(C(=O)CCCCN2CCCC2)CC1,CCC(C(=O)N1CCO[C@@H](C)[C@@H]1C(=O)N1C[C@H](OC)[C@H](OC)C1)N1C=NC=N1,COCC1(NC(=O)c2ccc3cnoc3c2)CCN(C(=O)CCCCN2CCCC2)CC1,CCC(C(=O)N1CCO[C@@H](C)[C@@H]1C(=O)N1C[C@H](OC)[C@H](OC)C1)n1cncn1,32,35,28,30,57.080009,,11,10,,,0,0,0,1,0,91,30,1,356,639,639,305,272,356,0,292,113,475,145,99,18,111,609,206,433,99,334,0,29,0
873,203,393,5641571,789945,C=CCC(CNC(=O)CCC1=NN(C)C=C1)C(=O)N1CCC2(CCCC2)C1,COC1=CSC(C(=O)NCC2=CN=C(C(=O)O)C=C2C)=C1,C=CCC(CNC(=O)CCc1ccn(C)n1)C(=O)N1CCC2(CCCC2)C1,COc1csc(C(=O)NCc2cnc(C(=O)O)cc2C)c1,27,29,21,22,50.103554,,15,14,,,0,0,0,1,0,87,22,5,336,483,483,305,175,336,1,289,145,290,117,42,26,17,461,178,305,127,178,0,19,0
874,873,494,4690001,2566066,CN1CC(C(=O)NCCC2(O)CN(C(=O)C3=CC(C#N)=CS3)C2)CC1=O,CCCCCC1CN(C(=O)[C@H]2C[C@H](NC(=O)[C@H](O)C(F)(F)F)C2)C1,CN1CC(C(=O)NCCC2(O)CN(C(=O)c3cc(C#N)cs3)C2)CC1=O,CCCCCC1CN(C(=O)[C@H]2C[C@H](NC(=O)[C@H](O)C(F)(F)F)C2)C1,26,28,24,25,87.544586,,16,15,,,0,0,0,1,0,206,25,3,819,1141,1141,713,504,819,1,674,339,880,340,24,12,86,1116,491,650,222,428,0,24,0
875,109,242,4573591,963457,CC(=O)NC1CN(C(=O)[C@@H]2CN(C(=O)[C@H]3NC(=O)OC3(C)C)CCO2)C1,O=C(NC(C1=CC=CC=C1)C1CCNC1)C1=C(Cl)C=CS1,CC(=O)NC1CN(C(=O)[C@@H]2CN(C(=O)[C@H]3NC(=O)OC3(C)C)CCO2)C1,O=C(NC(c1ccccc1)C1CCNC1)c1sccc1Cl,26,28,21,23,19.179834,,12,11,,,0,0,0,1,0,40,23,3,155,270,270,141,54,155,1,123,56,109,51,52,14,31,247,60,210,81,129,0,20,0
876,390,585,364061,3609064,CC1(C)CC(CC(=O)NCCC2(C)N=N2)CC(C)(C)C1,CCCOCCC(=O)NC[C@@H]1C[C@H]2CC[C@@H](C1)N2C(=O)C1=CN=CO1,CC1(C)CC(CC(=O)NCCC2(C)N=N2)CC(C)(C)C1,CCCOCCC(=O)NC[C@@H]1C[C@H]2CC[C@@H](C1)N2C(=O)c1cnco1,20,21,25,27,45.346214,,13,12,,,0,0,0,1,0,70,21,1,269,462,462,252,271,269,0,233,130,260,71,199,31,24,441,162,300,90,210,0,21,0
877,367,588,9447173,7474341,CN(CC1(O)CCN(C(=O)C2=CC=C([N+](=O)[O-])N2C)CC1)C(=O)[C@H](O)C1=CC=CC=C1,CCOC1=NC(N(C)C[C@@H](C)NC(=O)C2=CC=C(C(F)(F)F)C=C2)=NC=C1C,CN(CC1(O)CCN(C(=O)c2ccc([N+](=O)[O-])n2C)CC1)C(=O)[C@H](O)c1ccccc1,CCOc1nc(N(C)C[C@@H](C)NC(=O)c2ccc(C(F)(F)F)cc2)ncc1C,31,33,28,29,39.596489,,12,11,,,0,0,0,1,0,78,29,3,309,428,428,277,128,309,0,257,154,234,93,14,4,42,399,171,257,106,151,0,26,0
878,302,716,5897791,2618020,CCC1=NNC(C(=O)N2C[C@@H]3C[C@H]2CN3C(=O)CCCN2C=CN=C2)=C1C,CC1=C(C)C(C(=O)NCCN(C(=O)C2CC2(F)Cl)C2CC2)=C(C)O1,CCc1n[nH]c(C(=O)N2C[C@@H]3C[C@H]2CN3C(=O)CCCn2ccnc2)c1C,Cc1oc(C)c(C(=O)NCCN(C(=O)C2CC2(F)Cl)C2CC2)c1C,27,30,24,26,140.699249,,19,18,,,0,0,0,1,0,149,26,4,588,955,955,525,809,588,2,474,150,726,142,488,211,8,929,336,619,189,430,0,37,0
879,302,22,5897791,6934501,CCC1=NNC(C(=O)N2C[C@@H]3C[C@H]2CN3C(=O)CCCN2C=CN=C2)=C1C,CCC1=NN=C(CNC(=O)C2CN(C(=O)[C@H](C)C3=CC=CC=C3)C(C)(C)C2)O1,CCc1n[nH]c(C(=O)N2C[C@@H]3C[C@H]2CN3C(=O)CCCn2ccnc2)c1C,CCc1nnc(CNC(=O)C2CN(C(=O)[C@H](C)c3ccccc3)C(C)(C)C2)o1,27,30,28,30,218.608932,,18,17,,,0,0,0,1,0,396,30,0,1563,2444,2444,1379,513,1563,0,1371,614,1394,630,153,105,288,2414,811,1633,568,1065,0,32,0
880,849,674,7821504,1957771,CC1(C)OCC(CCN(CC2=CC=C3CCOC3=C2)CC2C3CCC2CC3)O1,CC1=CN=C(NCCC2=CNN=N2)N=C1N1CCC(CF)CC1,CC1(C)OCC(CCN(Cc2ccc3c(c2)OCC3)CC2C3CCC2CC3)O1,Cc1cnc(NCCc2c[nH]nn2)nc1N1CCC(CF)CC1,28,32,23,25,13.789844,,11,10,,,0,0,0,1,0,48,25,3,185,220,220,151,80,185,0,134,88,118,41,3,0,18,195,96,124,55,69,0,23,0
881,405,281,317178,7360629,CC(C)(N)C/C=C/C(=O)NC1C2CCCC1CCC2,CCC1=NC(C)=C(C(=O)N2CCN(C(=O)C=CC3=CSC=C3)CC23CCC3)O1,CC(C)(N)C/C=C/C(=O)NC1C2CCCC1CCC2,CCc1nc(C)c(C(=O)N2CCN(C(=O)C=Cc3ccsc3)CC23CCC3)o1,19,20,28,31,61.967194,,13,12,,,0,0,0,1,0,132,20,0,520,755,755,473,14,520,0,469,249,214,199,62,5,6,735,258,497,215,282,0,23,0
882,8,579,5894247,5792433,CC(CCNC(=O)C1=CC([N+](=O)[O-])=CC=N1)NC(=O)C1(C(F)F)CC(O)C1,C=CCOCC(=O)N1CCCCC1CCC(=O)NCC(C)(O)C1CCCC1,CC(CCNC(=O)c1cc([N+](=O)[O-])ccn1)NC(=O)C1(C(F)F)CC(O)C1,C=CCOCC(=O)N1CCCCC1CCC(=O)NCC(C)(O)C1CCCC1,27,28,27,28,17.524994,,13,12,,,0,0,0,1,0,55,28,4,218,290,290,186,106,218,0,162,92,153,62,25,8,17,262,97,193,89,104,0,24,0
883,885,702,8269833,2979898,CC(C)C1=CC(C(=O)NC2CN(C(=O)[C@H]3C[C@H]4C=C[C@@H]3O4)C3(CCCC3)C2)=NO1,CC(C)COC1CCN(C2=C(Cl)C(=O)N(C3=CC=CC=C3)N=C2)CC1,CC(C)c1cc(C(=O)NC2CN(C(=O)[C@H]3C[C@H]4C=C[C@@H]3O4)C3(CCCC3)C2)no1,CC(C)COC1CCN(c2cnn(-c3ccccc3)c(=O)c2Cl)CC1,29,33,25,27,99.905212,,20,19,,,0,0,0,1,0,176,27,2,700,883,883,623,349,700,0,582,366,496,201,84,31,24,856,446,437,177,260,0,25,0
884,796,762,7840005,4031768,CNC(=O)C(C1=C2COCCN2N=N1)N1CCC(OC2=CC=CC=C2C#N)C1,CC(C)C1(CNC(=O)CNC(=O)C2=CC=C(S(N)(=O)=O)C=C2)OCCO1,CNC(=O)C(c1nnn2c1COCC2)N1CCC(Oc2ccccc2C#N)C1,CC(C)C1(CNC(=O)CNC(=O)c2ccc(S(N)(=O)=O)cc2)OCCO1,28,31,26,27,30.167465,,12,11,,,0,0,0,1,0,77,27,4,292,429,429,268,125,292,0,255,149,219,84,39,12,36,402,206,223,62,161,0,23,0
885,996,50,6242893,9901881,C[C@@H](N)CN1C=C(CCCCC(=O)N2CCC3=CC(F)=CC(Cl)=C3C2)N=N1,COC(=O)/C=C/C1CCC(NC[C@]2(C3=CC=CC=C3)C[C@H](O)C2)(C2=NN=NN2C(C)C)C1,C[C@@H](N)Cn1cc(CCCCC(=O)N2CCc3cc(F)cc(Cl)c3C2)nn1,COC(=O)/C=C/C1CCC(NC[C@]2(c3ccccc3)C[C@H](O)C2)(c2nnnn2C(C)C)C1,27,29,32,35,112.011826,,15,14,,,0,0,0,1,0,163,29,2,648,821,821,556,302,648,0,524,318,452,170,84,41,41,792,392,429,164,265,0,31,0
886,932,620,3724941,2339736,CSC1=NC=NC(N2CCC(F)(CNC(=O)[C@@H]3CCC(=O)O3)C2)=C1Cl,CN1C=C(CNCC2=CC3=CC(Br)=CC=C3OC2)C2=CC=CC=C21,CSc1ncnc(N2CCC(F)(CNC(=O)[C@@H]3CCC(=O)O3)C2)c1Cl,Cn1cc(CNCC2=Cc3cc(Br)ccc3OC2)c2ccccc21,25,27,24,27,43.430721,,14,13,,,0,0,0,1,0,107,27,6,413,563,563,374,60,413,0,366,229,219,121,3,3,46,536,238,325,136,189,0,21,0
887,763,508,1215499,629164,NCC1=CC(Cl)=CC=C1NC(=O)CNC1=NC(Br)=CC=C1Br,COCCSCCNC(=O)C1=C(C(F)(F)F)SC(C)=C1C,NCc1cc(Cl)ccc1NC(=O)CNc1nc(Br)ccc1Br,COCCSCCNC(=O)c1c(C(F)(F)F)sc(C)c1C,22,23,21,21,3.887225,,9,8,,,0,0,0,1,0,14,21,9,49,65,65,39,45,49,2,29,20,40,6,12,1,3,44,14,51,25,26,0,12,0
888,852,925,3728846,6553962,CC[C@@H]1CN(C(=O)C2CCNC(=O)C2)C[C@@H]1NC1=CC=NC=C1C#N,CCN(CC)C(C(=O)NC1CCC(F)(F)CC1)C1=CN(C2CC2(F)F)N=C1,CC[C@@H]1CN(C(=O)C2CCNC(=O)C2)C[C@@H]1Nc1ccncc1C#N,CCN(CC)C(C(=O)NC1CCC(F)(F)CC1)c1cnn(C2CC2(F)F)c1,25,27,27,29,138.127731,,14,13,,,0,0,0,1,0,193,27,1,768,1452,1452,713,339,768,1,686,260,758,340,294,87,134,1425,558,894,155,739,0,29,0
889,924,293,9497594,7830326,CC(CC(=O)NC[C@H]1C[C@H]1NC1=NC=NC2=CC([N+](=O)[O-])=CC=C21)C1=CC=CC(F)=C1,CCCN1C=C(NC(=O)N(CC2=NN(CC)N=C2)CC2CCC23CCC3)C=N1,CC(CC(=O)NC[C@H]1C[C@H]1Nc1ncnc2cc([N+](=O)[O-])ccc12)c1cccc(F)c1,CCCn1cc(NC(=O)N(Cc2cnn(CC)n2)CC2CCC23CCC3)cn1,31,34,28,31,45.725716,,13,12,,,0,0,0,1,0,62,31,3,237,385,385,220,143,237,0,193,90,180,75,94,27,11,354,138,247,82,165,0,29,0
890,794,818,6228162,10162931,CC1=CC=NC=C1S(=O)(=O)NCC(O)CCNC(=O)/C=C/C1=CN=CC=N1,CC(C)(C)OC(=O)N[C@H](C(=O)NC(CC1=CC=CC=C1)CN1CCOCC1)C1=CC=C(F)C=C1,Cc1ccncc1S(=O)(=O)NCC(O)CCNC(=O)/C=C/c1cnccn1,CC(C)(C)OC(=O)N[C@H](C(=O)NC(Cc1ccccc1)CN1CCOCC1)c1ccc(F)cc1,27,28,34,36,6.134051,,8,7,,,0,0,0,1,0,23,28,5,88,101,101,80,23,88,2,69,43,16,14,0,0,0,73,31,70,49,21,0,23,0
891,235,621,3803888,1945448,CC1(C)CC(CCN(CC2=C(CO)C=CS2)C(=O)[C@@H]2CNC(=O)N2)C1,COCC(C)N1C=C(COCC(=O)N(C)CC2CCCC2)N=N1,CC1(C)CC(CCN(Cc2sccc2CO)C(=O)[C@@H]2CNC(=O)N2)C1,COCC(C)n1cc(COCC(=O)N(C)CC2CCCC2)nn1,25,27,23,24,8.352363,,11,10,,,0,0,0,1,0,43,24,2,161,193,193,147,28,161,0,134,91,50,34,0,0,2,169,91,102,56,46,0,23,0
892,821,360,6077910,7542303,CC1=CC(CC(=O)N2CC3(CCN3C(=O)CCCC3=CC=CC=C3)C2)=NO1,CC(C)[C@H](NC(=O)C1CCN1C1CCCC1)C1=CN([C@H]2CC[C@H](N)CC2)N=N1,Cc1cc(CC(=O)N2CC3(CCN3C(=O)CCCc3ccccc3)C2)no1,CC(C)[C@H](NC(=O)C1CCN1C1CCCC1)c1cn([C@H]2CC[C@H](N)CC2)nn1,27,30,28,31,267.429047,,15,15,,,0,0,0,1,0,396,30,2,1572,2624,2624,1468,588,1572,0,1459,869,1349,413,365,158,462,2594,1191,1433,277,1156,0,32,0
893,224,651,3745793,6792464,CS(=O)(=O)CC1(CCN2C(=O)CCN(CC3CC4CC4C3)C2=O)CC1,CC1=CC=C(C2=CC=CC(C(=O)N3CCCCC3C3(CN)CCOCC3)=C2)O1,CS(=O)(=O)CC1(CCN2C(=O)CCN(CC3CC4CC4C3)C2=O)CC1,Cc1ccc(-c2cccc(C(=O)N3CCCCC3C3(CN)CCOCC3)c2)o1,25,28,28,31,86.216377,,13,13,,,0,0,0,1,0,140,28,4,551,806,806,463,350,551,0,434,224,581,185,82,30,94,778,272,534,191,343,0,26,0
894,194,635,28582,7258865,CCC=C(C)C(=O)NCCN1CCCC1C,CC1=CC(=O)NC=C1C(=O)N1CC[C@@H](NC(=O)C(C)OC2CCCC2)[C@H](O)C1,CCC=C(C)C(=O)NCCN1CCCC1C,Cc1cc(=O)[nH]cc1C(=O)N1CC[C@@H](NC(=O)C(C)OC2CCCC2)[C@H](O)C1,16,16,28,30,4.172645,,8,7,,,0,0,0,1,0,23,16,1,86,100,100,78,28,86,1,62,42,25,15,9,6,0,84,50,50,28,22,0,19,0
895,256,694,5798555,3662999,CNC(=O)NCC(=O)NC1CC2(C1)CC(C(=O)NCC(C(C)C)C(C)C)C2,CCC[C@@H](C(=O)N1CCC12CN(C(=O)CC(CC)C(C)C)C2)N(C)C,CNC(=O)NCC(=O)NC1CC2(C1)CC(C(=O)NCC(C(C)C)C(C)C)C2,CCC[C@@H](C(=O)N1CCC12CN(C(=O)CC(CC)C(C)C)C2)N(C)C,27,28,25,26,51.350735,,13,12,,,0,0,0,1,0,110,26,0,435,789,789,391,289,435,0,367,135,477,164,173,66,97,763,264,525,127,398,0,28,0
896,773,738,5332740,7849061,O=C(NC1=NN=C(C2CCCCC2)O1)C1CC(=O)N(C2=CC(F)=CC=C2)C1,COC1=CN=CC(C(C(=O)NC2CC2)N2CCOC(CNS(C)(=O)=O)C2)=C1C,O=C(Nc1nnc(C2CCCCC2)o1)C1CC(=O)N(c2cccc(F)c2)C1,COc1cncc(C(C(=O)NC2CC2)N2CCOC(CNS(C)(=O)=O)C2)c1C,27,30,28,30,62.798069,,13,12,,,0,0,0,1,0,126,30,2,495,748,748,447,146,495,0,410,227,302,167,115,25,38,718,258,490,189,301,0,29,0
897,785,675,6568211,6756127,NC(CC(=O)NC1=CC=CC2=C1CN(C1CC1)C2=O)C1CCC(F)(F)CC1,CC(C)C(=O)NCC1CCCN(C(=O)C(=O)NC2=CC=CC3=CC=NC=C32)C1,NC(CC(=O)Nc1cccc2c1CN(C1CC1)C2=O)C1CCC(F)(F)CC1,CC(C)C(=O)NCC1CCCN(C(=O)C(=O)Nc2cccc3ccncc23)C1,27,30,28,30,354.869995,,15,14,,,0,0,0,1,0,364,30,2,1451,3068,3068,1295,1559,1451,0,1266,317,2104,619,1197,331,335,3038,956,2112,339,1773,0,36,0
898,697,858,6478423,4562887,CCCC1=CC=CC(CN(CC2=CN=CC=C2C)C(=O)C2=C(F)C=CN2)=C1,CC1=NC=CN1CCC(=O)NC(C(=O)N1CC=CC(O)C1)C1=CC=CS1,CCCc1cccc(CN(Cc2cnccc2C)C(=O)c2[nH]ccc2F)c1,Cc1nccn1CCC(=O)NC(C(=O)N1CC=CC(O)C1)c1cccs1,27,29,26,28,23.701080,,14,13,,,0,0,0,1,0,55,28,4,195,251,251,170,168,195,2,156,89,178,51,42,6,10,223,112,139,58,81,0,24,0
899,140,643,5839086,3790728,CC1=CC=C(C(=O)NC(C(=O)NC23CCC(CC2)C3)C2=CC=CN=C2)C=N1,CC(CNC1=NC(N)=NC(N[C@H]2CCN(CC(F)F)C2)=N1)C(C)(C)C,Cc1ccc(C(=O)NC(C(=O)NC23CCC(CC2)C3)c2cccnc2)cn1,CC(CNc1nc(N)nc(N[C@H]2CCN(CC(F)F)C2)n1)C(C)(C)C,27,30,25,26,11.015881,,9,8,,,0,0,0,1,0,26,26,2,97,172,172,89,61,97,1,73,31,98,25,20,9,37,146,36,136,53,83,0,25,0
900,99,925,2993846,6553962,CCN1CCN(C2=CC=C(CNS(=O)(=O)CC(C)(C)CF)C=N2)CC1,CCN(CC)C(C(=O)NC1CCC(F)(F)CC1)C1=CN(C2CC2(F)F)N=C1,CCN1CCN(c2ccc(CNS(=O)(=O)CC(C)(C)CF)cn2)CC1,CCN(CC)C(C(=O)NC1CCC(F)(F)CC1)c1cnn(C2CC2(F)F)c1,25,26,27,29,24.529457,,13,12,,,0,0,0,1,0,65,26,4,258,383,383,230,101,258,1,213,104,212,93,14,11,38,357,146,237,84,153,0,22,0
901,642,661,3685140,2104959,O=C(NC[C@@H]1C[C@@H](F)CN1C(=O)CC1=CC=CS1)C1CC(F)(CF)C1,O=C(C1=NC(O)=CC(C(F)(F)F)=C1)N1CC(C2=CC(Cl)=CC=C2)C1,O=C(NC[C@@H]1C[C@@H](F)CN1C(=O)Cc1cccs1)C1CC(F)(CF)C1,O=C(c1cc(C(F)(F)F)cc(O)n1)N1CC(c2cccc(Cl)c2)C1,25,27,24,26,262.634552,,16,15,,,0,0,0,1,0,183,26,2,730,1796,1796,693,872,730,0,648,266,649,222,1299,181,28,1770,551,1245,142,1103,0,55,0
902,40,316,1255781,8497143,COC1=CC=C(C2=C3NC=C(CC(=O)O)C3=CC=C2)C=C1O,CC(C)(C)CCN1C=C(C2=CC=NC(C(=O)N3CC(CN4C=CC=N4)C3)=C2)N=N1,COc1ccc(-c2cccc3c(CC(=O)O)c[nH]c23)cc1O,CC(C)(C)CCn1cc(-c2ccnc(C(=O)N3CC(Cn4cccn4)C3)c2)nn1,22,24,29,32,68.830925,,13,12,,,0,0,0,1,0,100,24,4,394,664,664,343,299,394,1,327,136,456,134,140,53,75,640,155,509,188,321,0,23,0
903,807,451,831306,4620690,O=C(O)C1=C(NC(=O)C2=C3CCCCN3C=C2)C=C(Cl)S1,CC(C(=O)N1CCC(CC(=O)N(C)CCC2=CN=CC=N2)C1)C(C)(C)C,O=C(Nc1cc(Cl)sc1C(=O)O)c1ccn2c1CCCC2,CC(C(=O)N1CCC(CC(=O)N(C)CCc2cnccn2)C1)C(C)(C)C,21,23,26,27,66.196259,,15,14,,,0,0,0,1,0,133,23,4,528,741,741,469,180,528,1,445,256,341,168,87,26,33,718,259,482,210,272,0,25,0
904,34,593,3635121,247809,C/C=C(\C)C(=O)NCC1(NC(=O)[C@H]2CCC(=O)O2)CCC(F)(F)CC1,CN1N=CC(CNCCC2=CNN=N2)=C1S(N)(=O)=O,C/C=C(\C)C(=O)NCC1(NC(=O)[C@H]2CCC(=O)O2)CCC(F)(F)CC1,Cn1ncc(CNCCc2c[nH]nn2)c1S(N)(=O)=O,25,26,19,20,3.983830,,8,7,,,0,0,0,1,0,18,20,7,63,81,81,55,23,63,3,49,34,32,8,0,0,4,61,31,50,24,26,0,13,0
905,373,749,4205027,4124116,O=C(NC1=CC=C(N2CCCCCC2)C=C1)C(=O)N1CCCCC(O)C1,CC(CC(=O)OC(C)(C)C)NCC1=NC(C2=CC([N+](=O)[O-])=CC=C2)=NO1,O=C(Nc1ccc(N2CCCCCC2)cc1)C(=O)N1CCCCC(O)C1,CC(CC(=O)OC(C)(C)C)NCc1nc(-c2cccc([N+](=O)[O-])c2)no1,26,28,26,27,21.871124,,14,13,,,0,0,0,1,0,51,27,3,196,254,254,181,85,196,1,162,102,120,53,12,2,7,227,131,123,50,73,0,24,0
906,134,92,8810698,7892875,CCOC1=CC2=C(C=C1OCC)CN(C(=O)NC1C3=C(OC1C)C(F)=CC=C3)CC2,CCOP(=O)(OCC)[C@H](NC(=O)C1=C(F)C=C([N+](=O)[O-])C(F)=C1)C1=CC=CC=C1,CCOc1cc2c(cc1OCC)CN(C(=O)NC1c3cccc(F)c3OC1C)CC2,CCOP(=O)(OCC)[C@H](NC(=O)c1cc(F)c([N+](=O)[O-])cc1F)c1ccccc1,30,33,29,30,51.396900,,10,10,,,0,0,0,1,0,61,30,6,239,374,374,211,168,239,1,187,82,249,78,53,27,40,344,131,243,80,163,0,24,0
907,931,302,9157215,5897791,CC1=C(NC2COC3=CC=C(F)C=C3C2)N=CN=C1NCC1=CC=C2OCOC2=C1,CCC1=NNC(C(=O)N2C[C@@H]3C[C@H]2CN3C(=O)CCCN2C=CN=C2)=C1C,Cc1c(NCc2ccc3c(c2)OCO3)ncnc1NC1COc2ccc(F)cc2C1,CCc1n[nH]c(C(=O)N2C[C@@H]3C[C@H]2CN3C(=O)CCCn2ccnc2)c1C,30,34,27,30,44.604305,,16,15,,,0,0,0,1,0,87,30,3,347,518,518,326,80,347,0,317,160,229,133,13,6,28,488,198,320,128,192,0,27,0
908,334,765,9829448,1085713,CC1=NC(NCCCO[C@@H]2CCN(C(=O)C3=CC=C([C@H](O)C4CC4)C=C3)C2)=NC(C)=C1C,CN(CCC(O)C1=CC=CC=C1)S(=O)(=O)N1CCCC1(C)C,Cc1nc(NCCCO[C@@H]2CCN(C(=O)c3ccc([C@H](O)C4CC4)cc3)C2)nc(C)c1C,CN(CCC(O)c1ccccc1)S(=O)(=O)N1CCCC1(C)C,32,35,22,23,13.860069,,11,10,,,0,0,0,1,0,40,23,4,136,153,153,122,57,136,0,92,75,43,22,19,6,4,130,61,92,61,31,0,19,0
909,425,179,9958200,3940154,COC1=CN=CC(NC(=O)N(CCC2=CNC3=CC=CC=C23)CC(C)C2CCOCC2)=C1,CC(=O)NC1=NC(C[C@@H](NC(=O)C(C)N2N=CC=C2C)C(C)C)=CS1,COc1cncc(NC(=O)N(CCc2c[nH]c3ccccc23)CC(C)C2CCOCC2)c1,CC(=O)Nc1nc(C[C@@H](NC(=O)C(C)n2nccc2C)C(C)C)cs1,32,35,25,26,20.699009,,11,10,,,0,0,0,1,0,47,26,3,180,267,267,157,99,180,0,140,77,163,48,19,9,41,241,89,178,68,110,0,23,0
910,205,135,8248743,475938,C#CC1=CC=C(C(=O)N2C[C@H](O)C[C@H]2CNC(=O)C(C)C2=CC=NC=C2C)C=C1,O=C(NCC1CC(F)(F)CO1)NC12CCC(F)(CC1)C2,C#Cc1ccc(C(=O)N2C[C@H](O)C[C@H]2CNC(=O)C(C)c2ccncc2C)cc1,O=C(NCC1CC(F)(F)CO1)NC12CCC(F)(CC1)C2,29,31,20,22,20.924629,,9,8,,,0,0,0,1,0,55,22,3,210,302,302,183,101,210,0,167,82,181,68,15,14,32,280,116,186,67,119,0,33,0
911,805,552,10189248,3688653,CN(CC1=CC=CC=C1)C(=O)CNC(=O)CNCC1CCCN(C(=O)OCC2=CC=CC=C2)C1,CC(=O)OCCC(=O)NC1CC(C(C)NC(=O)C2=CN(C)C=C2C)C1,CN(Cc1ccccc1)C(=O)CNC(=O)CNCC1CCCN(C(=O)OCc2ccccc2)C1,CC(=O)OCCC(=O)NC1CC(C(C)NC(=O)c2cn(C)cc2C)C1,34,36,25,26,32.548668,,11,10,,,0,0,0,1,0,67,26,0,262,390,390,222,151,262,0,207,108,262,79,28,9,59,364,103,287,119,168,0,26,0
912,897,994,790702,7879141,CC(C)(CCN1CCOCC1)NC(=O)C[C@H]1C[C@H]1C(=O)O,COC1=CC=CC(N(CCC#N)C(=O)C2=C(C)N(C3=CC=CC=C3C)C(C)=C2)=C1,CC(C)(CCN1CCOCC1)NC(=O)C[C@H]1C[C@H]1C(=O)O,COc1cccc(N(CCC#N)C(=O)c2cc(C)n(-c3ccccc3C)c2C)c1,21,22,29,31,75.017624,,16,15,,,0,0,0,1,0,61,22,0,238,451,451,214,222,238,0,181,54,316,104,118,34,43,429,156,295,58,237,0,28,0
913,374,543,10094861,4382667,CC(C(=O)N1CCC(OCC2=CN(C[C@@H]3CCC[C@H]3CN)N=N2)CC1)C1=CC(F)=CC=C1F,CCN1C=C(NC(=O)[C@@H]2CCCN2C(=O)C2=CC=CC=C2O)C(C#N)=N1,CC(C(=O)N1CCC(OCc2cn(C[C@@H]3CCC[C@H]3CN)nn2)CC1)c1cc(F)ccc1F,CCn1cc(NC(=O)[C@@H]2CCCN2C(=O)c2ccccc2O)c(C#N)n1,33,36,26,28,101.560059,,14,13,,,0,0,0,1,0,165,28,1,648,917,917,573,303,648,0,541,344,447,168,169,34,55,889,380,537,193,344,0,32,0
914,513,935,4830738,1579789,CC1=CON=C1CC(=O)NCC(C)(F)CNC(=O)C1CC2(C1)CC21CC1,CC1=CC=C(F)C=C1CCCC(=O)OCCC#CC[Si](C)(C)C,Cc1conc1CC(=O)NCC(C)(F)CNC(=O)C1CC2(C1)CC21CC1,Cc1ccc(F)cc1CCCC(=O)OCCC#CC[Si](C)(C)C,26,29,23,23,51.484852,,9,8,,,0,0,0,1,0,40,23,5,152,235,235,142,57,152,2,132,74,108,43,21,7,20,212,57,178,85,93,0,18,0
915,279,850,4764529,8234603,CCN(CC)CCC(=O)NC1CCC12CCN(C(=O)C1=CNC=C1)CC2,CC1CC(NC(=O)CCC2=NN(C)C=C2)CN1C(=O)CC/C=C/C1=CC=CC=C1,CCN(CC)CCC(=O)NC1CCC12CCN(C(=O)c1cc[nH]c1)CC2,CC1CC(NC(=O)CCc2ccn(C)n2)CN1C(=O)CC/C=C/c1ccccc1,26,28,29,31,122.170296,,16,15,,,0,0,0,1,0,217,28,0,857,1425,1425,805,250,857,0,782,401,611,348,229,28,58,1397,609,816,196,620,0,32,0
916,168,263,8024256,2589071,COC(=O)C1=CC=C(C2=NOC(CCCCC#CC3=CC=CC=C3)=N2)C=C1OC,C=CCCCN(CC)C(=O)C1=C(CNC(=O)C2CC=CC2)C=CN1,COC(=O)c1ccc(-c2noc(CCCCC#Cc3ccccc3)n2)cc1OC,C=CCCCN(CC)C(=O)c1[nH]ccc1CNC(=O)C1CC=CC1,29,31,24,25,11.194239,,11,10,,,0,0,0,1,0,36,25,2,128,183,183,112,83,128,1,100,40,119,47,7,2,10,158,57,126,55,71,0,23,0
917,935,844,1579789,3117112,CC1=CC=C(F)C=C1CCCC(=O)OCCC#CC[Si](C)(C)C,CCOC(CCNC(=O)NCC1=CC=C(F)C(F)=C1Br)C1CCCC1,Cc1ccc(F)cc1CCCC(=O)OCCC#CC[Si](C)(C)C,CCOC(CCNC(=O)NCc1ccc(F)c(F)c1Br)C1CCCC1,23,23,25,26,33.811199,,9,8,,,0,0,0,1,0,48,23,5,178,239,239,160,57,178,2,154,102,95,34,20,6,13,216,77,162,83,79,0,18,0
918,966,493,5497199,5470235,CC1(C)CC(NC(=O)C2(CNC(=O)[C@@H]3CCCC[C@H]3O)CCC2)C(C)(C)O1,C#CCC(CCOC)NC(=O)C(=O)N1CCCC(CC=C)(C(=O)OCC)C1,CC1(C)CC(NC(=O)C2(CNC(=O)[C@@H]3CCCC[C@H]3O)CCC2)C(C)(C)O1,C#CCC(CCOC)NC(=O)C(=O)N1CCCC(CC=C)(C(=O)OCC)C1,27,29,27,27,47.202656,,11,10,,,0,0,0,1,0,59,27,2,233,416,416,201,279,233,0,177,70,294,54,172,52,39,389,101,315,100,215,0,27,0
919,990,825,2377779,6852006,NC(=O)N1CCCN(C(=O)[C@@H]2C[C@@H](O)CN2C(=O)C=CCF)CC1,CC1=NOC(CC(=O)N2CC(OCCC(=O)NCC3=CC=C(F)N=C3C)C2)=C1,NC(=O)N1CCCN(C(=O)[C@@H]2C[C@@H](O)CN2C(=O)C=CCF)CC1,Cc1cc(CC(=O)N2CC(OCCC(=O)NCc3ccc(F)nc3C)C2)on1,24,25,28,30,27.674730,,12,11,,,0,0,0,1,0,68,25,1,257,395,395,223,161,257,1,208,99,244,88,58,12,42,370,135,260,88,172,0,24,0
920,302,764,5897791,3570718,CCC1=NNC(C(=O)N2C[C@@H]3C[C@H]2CN3C(=O)CCCN2C=CN=C2)=C1C,O=C(NCC1CN(C(=O)CCN2C=CN=C2)CCO1)C1=CSN=C1Cl,CCc1n[nH]c(C(=O)N2C[C@@H]3C[C@H]2CN3C(=O)CCCn2ccnc2)c1C,O=C(NCC1CN(C(=O)CCn2ccnc2)CCO1)c1csnc1Cl,27,30,25,27,48.835526,,14,13,,,0,0,0,1,0,85,27,5,329,390,390,283,105,329,2,256,168,141,72,45,21,6,363,149,241,134,107,0,22,0
921,891,346,5113980,2910405,CCN1C=CC(CN(CC2=CC=C3NC(=O)OC3=C2)CC2[C@H](C)[C@H]2C)=N1,CCSC1=CC=CC=C1CC(=O)NC1=C(F)C=C(Br)C=C1C(=O)OC,CCn1ccc(CN(Cc2ccc3[nH]c(=O)oc3c2)CC2[C@H](C)[C@H]2C)n1,CCSc1ccccc1CC(=O)Nc1c(F)cc(Br)cc1C(=O)OC,26,29,25,26,73.888504,,14,13,,,0,0,0,1,0,87,26,4,337,505,505,307,172,337,1,290,173,267,104,77,8,28,479,188,317,119,198,0,22,0
922,823,117,208121,438266,CCN1C=CC(C(=O)NC(C)C2(C)CCC2)=CC1=O,COCCN1CCC(NC(=O)C2=NNC3=C2CCC3)C1,CCn1ccc(C(=O)NC(C)C2(C)CCC2)cc1=O,COCCN1CCC(NC(=O)c2n[nH]c3c2CCC3)C1,19,20,20,22,48.857899,,11,10,,,0,0,0,1,0,94,20,0,374,657,657,328,187,374,0,306,114,331,162,165,32,21,637,173,484,155,329,0,20,0
923,479,986,1510011,6080779,CN(CC1=CC=CC(CO)=C1)C(=O)C1=CC2=CN=CN2C(O)=N1,CN1C(=O)C=CC=C1C(=O)N1CC2CCC(C1)N(C(=O)CCC1CCC1)C2,CN(Cc1cccc(CO)c1)C(=O)c1cc2cncn2c(O)n1,Cn1c(C(=O)N2CC3CCC(C2)N(C(=O)CCC2CCC2)C3)cccc1=O,23,25,27,30,220.725082,,16,15,,,0,0,0,1,0,188,25,2,741,1511,1511,671,340,741,0,638,142,846,287,308,219,298,1486,517,994,154,840,0,51,0
924,77,144,5195946,9216692,CC(C)(C)OC(=O)N1CCCC1CCC(=O)NCC1=CC=C2OC=CC2=C1,CCN1N=C(C)C=C1CN(CC1=CC=C(OC)C(C)=N1)CC(C)CN1CCCC1=O,CC(C)(C)OC(=O)N1CCCC1CCC(=O)NCc1ccc2occc2c1,CCn1nc(C)cc1CN(Cc1ccc(OC)c(C)n1)CC(C)CN1CCCC1=O,27,29,30,32,79.313316,,16,15,,,0,0,0,1,0,126,29,0,501,739,739,439,151,501,0,422,218,373,167,49,25,80,710,287,452,152,300,0,32,0
925,772,989,5110604,3947339,C=CCCC(C)CN(CC1=C(C)N=C(CC)N1)C(=O)C1=C(C=C)SC=N1,CC1CCCC(C)N1C(=O)CC1=CSC2=NC(C3=CC=C(F)C=C3)=CN12,C=CCCC(C)CN(Cc1[nH]c(CC)nc1C)C(=O)c1ncsc1C=C,CC1CCCC(C)N1C(=O)Cc1csc2nc(-c3ccc(F)cc3)cn12,26,27,26,29,63.268497,,15,14,,,0,0,0,1,0,66,27,2,262,489,489,231,363,262,0,191,85,318,65,274,56,33,462,133,356,98,258,0,34,0
926,231,880,8073256,3711333,C#C[C@H]1CC[C@H](CNC(=O)C[C@H]2C[C@H](F)CN2C(=O)C2=C(C)C(C)=CC=C2)CC1,CC1(C)CC(=O)CC1C(=O)OCC1=CC=C(C2(C(F)(F)F)N=N2)C=C1,C#C[C@H]1CC[C@H](CNC(=O)C[C@H]2C[C@H](F)CN2C(=O)c2cccc(C)c2C)CC1,CC1(C)CC(=O)CC1C(=O)OCc1ccc(C2(C(F)(F)F)N=N2)cc1,29,31,25,27,43.843567,,9,9,,,0,0,0,1,0,38,27,3,147,376,376,126,275,147,2,111,37,247,47,253,18,28,349,65,311,61,250,0,24,0
927,692,741,2627573,974333,NC1=CC=C(C(=O)N2C[C@@H]3CN(C(=O)C4=NSC=C4)C[C@@H]3C2)C=N1,CCCN(C(=O)C1=CC=C(OC2CC2)C=N1)C1CCCCC1,Nc1ccc(C(=O)N2C[C@@H]3CN(C(=O)c4ccsn4)C[C@@H]3C2)cn1,CCCN(C(=O)c1ccc(OC2CC2)cn1)C1CCCCC1,24,27,22,24,82.863091,,13,12,,,0,0,0,1,0,100,24,2,396,657,657,358,100,396,0,319,119,273,139,101,78,86,633,179,478,179,299,0,35,0
928,690,406,6237758,9037698,CC(C)C1=NN=C(CCN2CCC(=O)N(CCCC(=O)NC3CC3)C2=O)S1,CC(C(=O)N[C@H]1C[C@H]2CC[C@@H]1CN(C1=NC=C3C=CC=NC3=N1)C2)C1CCOCC1,CC(C)c1nnc(CCN2CCC(=O)N(CCCC(=O)NC3CC3)C2=O)s1,CC(C(=O)N[C@H]1C[C@H]2CC[C@@H]1CN(c1ncc3cccnc3n1)C2)C1CCOCC1,27,29,30,34,69.011238,,18,17,,,0,0,0,1,0,124,29,3,488,684,684,451,235,488,1,424,248,365,161,75,16,18,655,325,359,126,233,0,26,0
929,990,866,2377779,297225,NC(=O)N1CCCN(C(=O)[C@@H]2C[C@@H](O)CN2C(=O)C=CCF)CC1,CC1=CC(C(=O)N(C)CC[C@@H](C)N)=CN=C1C(N)=O,NC(=O)N1CCCN(C(=O)[C@@H]2C[C@@H](O)CN2C(=O)C=CCF)CC1,Cc1cc(C(=O)N(C)CC[C@@H](C)N)cnc1C(N)=O,24,25,19,19,17.898470,,14,13,,,0,0,0,1,0,43,19,0,163,214,214,142,116,163,0,110,72,119,33,45,18,17,195,76,138,66,72,0,19,0
930,823,570,208121,3634174,CCN1C=CC(C(=O)NC(C)C2(C)CCC2)=CC1=O,O=C(C1CSC1)N1CC2CC(C1)N(C(=O)C1=CN3C=NN=C3C=C1)C2,CCn1ccc(C(=O)NC(C)C2(C)CCC2)cc1=O,O=C(C1CSC1)N1CC2CC(C1)N(C(=O)c1ccc3nncn3c1)C2,19,20,25,29,60.885704,,16,15,,,0,0,0,1,0,121,20,0,482,718,718,438,292,482,0,400,194,397,158,153,66,16,698,284,434,154,280,0,25,0
931,374,92,10094861,7892875,CC(C(=O)N1CCC(OCC2=CN(C[C@@H]3CCC[C@H]3CN)N=N2)CC1)C1=CC(F)=CC=C1F,CCOP(=O)(OCC)[C@H](NC(=O)C1=C(F)C=C([N+](=O)[O-])C(F)=C1)C1=CC=CC=C1,CC(C(=O)N1CCC(OCc2cn(C[C@@H]3CCC[C@H]3CN)nn2)CC1)c1cc(F)ccc1F,CCOP(=O)(OCC)[C@H](NC(=O)c1cc(F)c([N+](=O)[O-])cc1F)c1ccccc1,33,36,29,30,82.500397,,16,15,,,0,0,0,1,0,86,30,6,339,526,526,290,386,339,1,245,98,427,109,165,59,21,496,167,359,123,236,0,31,0
932,809,404,1815971,9394067,CN(CC1=COC=C1)C(=O)/C=C/C1CCN(C(=O)CC#N)CC1,CC(C)C1(C(=O)NCC2(O)CCN(C(=O)C3=CN=CC(C4CC4)=C3)CC2)CCOCC1,CN(Cc1ccoc1)C(=O)/C=C/C1CCN(C(=O)CC#N)CC1,CC(C)C1(C(=O)NCC2(O)CCN(C(=O)c3cncc(C4CC4)c3)CC2)CCOCC1,23,24,31,34,5.725946,,11,11,,,0,0,0,1,0,24,24,2,94,73,73,71,85,94,2,44,39,42,10,18,0,0,49,26,47,45,2,0,22,0
933,14,270,1256714,4467697,CCCCC(C)(NS(=O)(=O)C1=C(C(=O)OC)OC=C1)C(=O)O,CCC1=C(C(=O)N2CC(C)C2C(=O)NCC2CCCCCCC2)SC=N1,CCCCC(C)(NS(=O)(=O)c1ccoc1C(=O)OC)C(=O)O,CCc1ncsc1C(=O)N1CC(C)C1C(=O)NCC1CCCCCCC1,22,22,26,28,2.679110,,7,6,,,0,0,0,1,0,10,22,8,32,45,45,29,29,32,2,20,10,15,3,9,2,0,23,9,36,20,16,0,14,0
934,549,126,2397574,7635328,CC1CC(C(=O)N2CCOC(CC(=O)NCC3(F)CCC3)C2)=NO1,COCCC(C)NC1=C2C=NN(C)C2=NC(NCC2=CC=C(CSC)C=C2)=N1,CC1CC(C(=O)N2CCOC(CC(=O)NCC3(F)CCC3)C2)=NO1,COCCC(C)Nc1nc(NCc2ccc(CSC)cc2)nc2c1cnn2C,24,26,28,30,12.157687,,10,9,,,0,0,0,1,0,38,26,5,139,198,198,128,21,139,1,118,63,66,44,0,0,10,172,84,114,44,70,0,22,0
935,465,377,2159572,1277356,CN(C1CCC2(CC1)COC2)S(=O)(=O)C1=CC=C([N+](=O)[O-])C(Cl)=C1,CONC(=O)CNC(=O)CCOCCNC(=O)C1=CC=CS1,CN(C1CCC2(CC1)COC2)S(=O)(=O)c1ccc([N+](=O)[O-])c(Cl)c1,CONC(=O)CNC(=O)CCOCCNC(=O)c1cccs1,24,26,22,22,3.661803,,7,6,,,0,0,0,1,0,18,22,3,67,96,96,65,3,67,0,62,38,12,8,0,0,4,74,31,65,34,31,0,19,0
936,688,766,5365216,2760909,CCN(CC)CC1CCN(C(=O)NC2=CC(C(=O)OC)=CN3C=CN=C23)C1,CC1=C(C)CN(C2=NC=CC(NCC3=CC=CC4=C3C=NN4)=N2)C1,CCN(CC)CC1CCN(C(=O)Nc2cc(C(=O)OC)cn3ccnc23)C1,CC1=C(C)CN(c2nccc(NCc3cccc4[nH]ncc34)n2)C1,27,29,24,27,56.422714,,12,11,,,0,0,0,1,0,93,27,2,361,554,554,318,119,361,2,308,173,290,111,40,9,73,527,159,395,159,236,0,25,0
937,688,268,5365216,2423747,CCN(CC)CC1CCN(C(=O)NC2=CC(C(=O)OC)=CN3C=CN=C23)C1,CCS(=O)(=O)CCNC(=O)[C@H]1CCCN1C(=O)[C@@H]1CC[C@H]1COC,CCN(CC)CC1CCN(C(=O)Nc2cc(C(=O)OC)cn3ccnc23)C1,CCS(=O)(=O)CCNC(=O)[C@H]1CCCN1C(=O)[C@@H]1CC[C@H]1COC,27,29,24,25,64.495445,,11,10,,,0,0,0,1,0,84,25,4,329,598,598,293,197,329,1,280,110,372,139,106,23,74,573,144,454,149,305,0,21,0
938,598,390,5494392,364061,C=CCN(CC(=O)NC)C(=O)C1CN(C(=O)C2=CC=NC(CO)=C2)CCO1,CC1(C)CC(CC(=O)NCCC2(C)N=N2)CC(C)(C)C1,C=CCN(CC(=O)NC)C(=O)C1CN(C(=O)c2ccnc(CO)c2)CCO1,CC1(C)CC(CC(=O)NCCC2(C)N=N2)CC(C)(C)C1,27,28,20,21,30.045324,,11,10,,,0,0,0,1,0,50,21,1,196,354,354,180,198,196,0,164,83,184,57,166,20,14,333,68,286,112,174,0,20,0
939,842,653,3050571,5185318,CSC1=NC=C(Br)C(NC(=O)CNC(=O)C2=CC3=C(CCCC3)S2)=N1,CC1=CC(Br)=C(C(=O)NCC2=CC=C(S(=O)(=O)N3CCCC(C)C3)C=C2)S1,CSc1ncc(Br)c(NC(=O)CNC(=O)c2cc3c(s2)CCCC3)n1,Cc1cc(Br)c(C(=O)NCc2ccc(S(=O)(=O)N3CCCC(C)C3)cc2)s1,25,27,27,29,47.832699,,11,11,,,0,0,0,1,0,118,27,0,465,694,694,394,128,465,0,377,163,344,192,56,12,46,667,301,393,93,300,0,33,0
940,962,380,9950067,1376226,COC1=CC=C(CN(CC2=NNC3=CC(C#N)=CC=C32)CC2CCCC(F)(F)C2)N=C1C,CCC(C)=C(C)C(=O)N(CCC(C)(C)C)CC1COCCO1,COc1ccc(CN(Cc2n[nH]c3cc(C#N)ccc23)CC2CCCC(F)(F)C2)nc1C,CCC(C)=C(C)C(=O)N(CCC(C)(C)C)CC1COCCO1,32,35,22,22,17.898203,,12,11,,,0,0,0,1,0,32,22,2,125,202,202,112,67,125,1,98,40,84,40,52,12,14,180,69,133,43,90,0,20,0
941,110,691,9332415,1837898,COC(=O)C1=CC=C2CCCC(NC(=O)NCC3=CC=C(CNS(C)(=O)=O)C=C3)C2=C1,CC(F)CC(=O)NCCC(C)(C)C(=O)N1CCC12CCSCC2,COC(=O)c1ccc2c(c1)C(NC(=O)NCc1ccc(CNS(C)(=O)=O)cc1)CCC2,CC(F)CC(=O)NCCC(C)(C)C(=O)N1CCC12CCSCC2,31,33,23,24,28.676298,,10,9,,,0,0,0,1,0,54,24,1,212,386,386,193,78,212,0,190,60,205,86,42,24,52,362,126,260,67,193,0,25,0
942,239,482,9025322,1114856,NC1=NC(N2CCCC(NC(=O)/C=C/C3=CC=C4OCOC4=C3)C2)=NC(C2CC2)=N1,CCOC1=CC=C(C(=O)COC(=O)CS(=O)(=O)C(C)C)C=C1,Nc1nc(C2CC2)nc(N2CCCC(NC(=O)/C=C/c3ccc4c(c3)OCO4)C2)n1,CCOc1ccc(C(=O)COC(=O)CS(=O)(=O)C(C)C)cc1,30,34,22,22,32.538616,,10,9,,,0,0,0,1,0,52,22,4,199,308,308,170,107,199,1,161,90,191,60,33,2,41,286,100,208,70,138,0,18,0
943,25,634,7637054,8570018,C=C1CC2CC1CN2C1=NC(N2CCOC(C3=CC=C(C)S3)C2)=NC(NC)=N1,C1=NC=NC(N2CC(NC3=NC(N4CCCN(C5CCCC5)CC4)=NC=N3)C2)=C1,C=C1CC2CC1CN2c1nc(NC)nc(N2CCOC(c3ccc(C)s3)C2)n1,c1cc(N2CC(Nc3ncnc(N4CCCN(C5CCCC5)CC4)n3)C2)ncn1,28,32,29,33,702.570129,,16,16,,,0,0,0,1,0,868,32,5,3463,4841,4841,2901,2048,3463,1,2877,1433,2704,921,1250,520,212,4809,1953,2888,948,1940,0,35,0
944,905,965,1828959,9227748,CC1=C(C(=O)N[C@H]2C[C@H](CC(=O)N[C@H](CO)C3CC3)C2)NC=C1,CCC1=C(CN(CC2=CN(CC3CCOC3)N=N2)CC2(C)CSCCO2)C=NN1C,Cc1cc[nH]c1C(=O)N[C@H]1C[C@H](CC(=O)N[C@H](CO)C2CC2)C1,CCc1c(CN(Cc2cn(CC3CCOC3)nn2)CC2(C)CSCCO2)cnn1C,23,25,30,33,22.008326,,10,9,,,0,0,0,1,0,56,25,2,221,311,311,199,71,221,0,184,93,148,79,10,4,16,286,114,197,85,112,0,23,0
945,574,335,5611587,1746059,CCC1=C(C(=O)N2CC3(C(=O)NCCC4=CSC=C4)CC2CCO3)N=CO1,O=C(/C=C/C1=CC=CO1)NCCOCC(=O)NCC1=NSC=N1,CCc1ocnc1C(=O)N1CC2(C(=O)NCCc3ccsc3)CC1CCO2,O=C(/C=C/c1ccco1)NCCOCC(=O)NCc1ncsn1,27,30,23,24,8.132322,,10,9,,,0,0,0,1,0,27,24,2,105,142,142,100,26,105,0,93,66,44,12,0,0,13,118,59,83,41,42,0,22,0
946,937,624,617794,1850926,NC(=O)C1=CC=CC(C(=O)NC2=CC=NN2C2CC2)=C1F,CC1=CC(CC(=O)N(C)C(C)C(=O)N(C)CC2=CN=CO2)=CS1,NC(=O)c1cccc(C(=O)Nc2ccnn2C2CC2)c1F,Cc1cc(CC(=O)N(C)C(C)C(=O)N(C)Cc2cnco2)cs1,21,23,23,24,15.927217,,10,9,,,0,0,0,1,0,47,23,2,187,274,274,163,77,187,1,154,83,157,57,9,2,38,251,93,181,70,111,0,21,0
947,226,663,6509040,5891057,COC1=CC=CC=C1CN(CC1=CC2=CN=CC=C2N1)CC1(C(N)=O)CC1,COC1=CC(C(=O)N2C[C@@H]3[C@H](C2)[C@H]3NC(=O)C2=NN(C)C(C)=C2)=CC=C1C,COc1ccccc1CN(Cc1cc2cnccc2[nH]1)CC1(C(N)=O)CC1,COc1cc(C(=O)N2C[C@@H]3[C@H](C2)[C@H]3NC(=O)c2cc(C)n(C)n2)ccc1C,27,30,27,30,416.774841,,14,14,,,0,0,0,1,0,272,30,0,1074,2228,2228,973,899,1074,0,932,306,1283,448,837,189,208,2198,723,1505,250,1255,0,38,0
948,64,650,6426821,2369078,COC1=CON=C1CN(CCSC1CCCC1)C(=O)[C@@H]1CC[C@H]1CN=[N+]=[N-],CC1(C(=O)O)CCC2=CC(C3=CC=C(F)C(C(F)(F)F)=C3)=CC=C21,COc1conc1CN(CCSC1CCCC1)C(=O)[C@@H]1CC[C@H]1CN=[N+]=[N-],CC1(C(=O)O)CCc2cc(-c3ccc(F)c(C(F)(F)F)c3)ccc21,27,29,24,26,69.445847,,7,6,,,0,0,0,1,0,75,26,4,296,594,594,273,54,296,0,263,91,282,124,66,36,118,568,96,498,177,321,0,24,0
949,843,475,6410124,553233,COC1=NC=CN=C1CN(CCCC1=NC=CS1)C(=O)CC1OCCC1C,C=C1CCCN(C(=O)[C@@H]2CCN2C(=O)C2C=CCC2)C1,COc1nccnc1CN(CCCc1nccs1)C(=O)CC1OCCC1C,C=C1CCCN(C(=O)[C@@H]2CCN2C(=O)C2C=CCC2)C1,27,29,20,22,56.997425,,14,13,,,0,0,0,1,0,123,22,2,478,735,735,409,428,478,0,389,167,586,199,146,23,40,713,285,450,124,326,0,21,0
950,931,717,9157215,4187519,CC1=C(NC2COC3=CC=C(F)C=C3C2)N=CN=C1NCC1=CC=C2OCOC2=C1,CC[C@@H](CNC(=O)OC(C)(C)C)NC(=O)NCCC1=CC=CC(Br)=C1O,Cc1c(NCc2ccc3c(c2)OCO3)ncnc1NC1COc2ccc(F)cc2C1,CC[C@@H](CNC(=O)OC(C)(C)C)NC(=O)NCCc1cccc(Br)c1O,30,34,26,26,9.105131,,13,13,,,0,0,0,1,0,39,26,3,140,127,127,116,90,140,0,85,69,47,20,21,4,0,101,47,80,69,11,0,25,0
951,309,664,6909057,2027713,CCC(C(=O)N1CCO[C@@H](C)[C@@H]1C(=O)N1C[C@H](OC)[C@H](OC)C1)N1C=NC=N1,CC(=O)N1CCC(NC(=O)C2=CC=C(F)C3=CC=CN=C23)C(C)C1,CCC(C(=O)N1CCO[C@@H](C)[C@@H]1C(=O)N1C[C@H](OC)[C@H](OC)C1)n1cncn1,CC(=O)N1CCC(NC(=O)c2ccc(F)c3cccnc23)C(C)C1,28,30,24,26,46.077415,,10,9,,,0,0,0,1,0,85,26,1,336,614,614,309,99,336,0,300,125,343,148,35,11,114,588,191,423,118,305,0,25,0
952,418,119,5513770,5969415,C#CCCCCCNC(=O)[C@H]1CCC[C@H](NC(=O)C23CCC(C)(C2)OC3)C1,C[C@@H]1CN(C(=O)C2CCOCC2(C)C)CCN1C(=O)CCCN1C=CC=N1,C#CCCCCCNC(=O)[C@H]1CCC[C@H](NC(=O)C23CCC(C)(C2)OC3)C1,C[C@@H]1CN(C(=O)C2CCOCC2(C)C)CCN1C(=O)CCCn1cccn1,27,29,27,29,74.762741,,13,12,,,0,0,0,1,0,149,29,1,590,1099,1099,533,495,590,0,515,188,659,267,373,50,63,1070,384,715,149,566,0,34,0
953,143,46,4493160,4193236,C=CCC(C)(O)C(=O)NC[C@H]1[C@@H](C(=O)NC2=CN(C(C)C)N=C2)C1(C)C,COC(=O)[C@H]1CC[C@@H](CNC(=O)NCC2=CC=C3NCCOC3=C2)CC1,C=CCC(C)(O)C(=O)NC[C@H]1[C@@H](C(=O)Nc2cnn(C(C)C)c2)C1(C)C,COC(=O)[C@H]1CC[C@@H](CNC(=O)NCc2ccc3c(c2)OCCN3)CC1,26,27,26,28,33.451286,,11,10,,,0,0,0,1,0,59,27,2,228,468,468,216,200,228,0,204,67,270,96,154,28,50,441,115,353,101,252,0,25,0
954,968,38,9459574,5686307,COC[C@H](O)CN1C=C(C2CC23CCN(C(=O)CC2=CC=C(OC)C(Cl)=C2)CC3)N=N1,C#C[C@@H](CC(C)C)NC(=O)C(C)(C)C1CCN(C(=O)C2CC(=C3CC3)C2)C1,COC[C@H](O)Cn1cc(C2CC23CCN(C(=O)Cc2ccc(OC)c(Cl)c2)CC3)nn1,C#C[C@@H](CC(C)C)NC(=O)C(C)(C)C1CCN(C(=O)C2CC(=C3CC3)C2)C1,31,34,27,29,90.828926,,15,14,,,0,0,0,1,0,165,29,2,656,901,901,567,336,656,0,524,296,488,220,150,24,38,872,411,490,156,334,0,31,0
955,311,504,5615921,9514001,COC(=O)NC1CN(C(=O)C2=CC(CNC(=O)C3(CC(C)=O)CC3)=CS2)C1,CCOC1(CNC(=O)C2=NC(C)=C(F)C(C)=C2)CN(S(=O)(=O)C2=CC=C(C)C=C2F)C1,COC(=O)NC1CN(C(=O)c2cc(CNC(=O)C3(CC(C)=O)CC3)cs2)C1,CCOC1(CNC(=O)c2cc(C)c(F)c(C)n2)CN(S(=O)(=O)c2ccc(C)cc2F)C1,27,29,31,33,48.320827,,11,10,,,0,0,0,1,0,78,29,0,304,509,509,265,191,304,0,245,92,336,122,70,22,66,480,165,344,100,244,0,29,0
956,118,99,8758240,2993846,COC(=O)C12CC(CN1CC1=CC=CC=C1)N(C(=O)C1=CC([N+](=O)[O-])=CC(Br)=C1)C2,CCN1CCN(C2=CC=C(CNS(=O)(=O)CC(C)(C)CF)C=N2)CC1,COC(=O)C12CC(CN1Cc1ccccc1)N(C(=O)c1cc(Br)cc([N+](=O)[O-])c1)C2,CCN1CCN(c2ccc(CNS(=O)(=O)CC(C)(C)CF)cn2)CC1,30,33,25,26,73.736031,,13,13,,,0,0,0,1,0,106,26,5,422,593,593,376,143,422,2,357,186,316,153,18,16,41,567,284,309,92,217,0,21,0
957,240,908,7246223,8163226,CC(C)C(F)C(=O)N1CCN(C(=O)C2=COC3=CC=CC=C32)CC1C1CCC1,CC(C)C(CN1CCCC1)NC(=O)CCN1C=C(C(C)(C)C2=CC=CC=C2)N=N1,CC(C)C(F)C(=O)N1CCN(C(=O)c2coc3ccccc23)CC1C1CCC1,CC(C)C(CN1CCCC1)NC(=O)CCn1cc(C(C)(C)c2ccccc2)nn1,28,31,29,31,237.044968,,15,14,,,0,0,0,1,0,277,31,3,1102,2320,2320,993,814,1102,0,958,211,1603,624,506,130,335,2289,782,1538,211,1327,0,29,0
958,550,138,2552858,4247004,CC1(NC(=O)C2CC3(CC(NC(=O)C4(CO)COC4)C3)C2)CSC1,OCCCN(CC1=CC=NC=C1Cl)C(C1=CC=CC=C1)C1=CC=CC=C1,CC1(NC(=O)C2CC3(CC(NC(=O)C4(CO)COC4)C3)C2)CSC1,OCCCN(Cc1ccncc1Cl)C(c1ccccc1)c1ccccc1,24,27,26,28,131.244843,,12,11,,,0,0,0,1,0,191,27,4,757,1500,1500,723,298,757,0,704,279,817,265,231,156,280,1473,408,1092,315,777,0,29,0
959,397,464,4941905,5336484,C[C@H](NS(=O)(=O)C1=CC=C(Br)C=C1N1CCOC(C(N)=O)C1)C1CCC1,O=C(CN1CCC(OCC2=CN=CS2)C1)NCCN1CCC2=CC=CC=C21,C[C@H](NS(=O)(=O)c1ccc(Br)cc1N1CCOC(C(N)=O)C1)C1CCC1,O=C(CN1CCC(OCc2cncs2)C1)NCCN1CCc2ccccc21,26,28,27,30,59.739738,,11,11,,,0,0,0,1,0,94,28,4,373,612,612,310,218,373,0,298,134,404,122,88,30,106,584,215,397,95,302,0,26,0
960,379,686,1962038,2090176,C=C(Br)CNC1=NC(N(C)CCN2C=NC=N2)=NC2=C1CSC2,CC1=CC(O)=CC(C)=C1CC(=O)NCCCC1=CC=C(Cl)C=C1Cl,C=C(Br)CNc1nc(N(C)CCn2cncn2)nc2c1CSC2,Cc1cc(O)cc(C)c1CC(=O)NCCCc1ccc(Cl)cc1Cl,23,25,24,25,4.415958,,7,6,,,0,0,0,1,0,18,25,5,56,105,105,53,24,56,2,43,16,51,17,2,0,18,80,29,76,24,52,0,20,0
961,972,760,4070462,3882586,CCC(CC)N1CC[C@@H](NS(=O)(=O)C2=CN=C(C3=CC=C(Br)C=C3)S2)C1,COC(=O)C(C)(C)C(=O)N(CC1=CSC(C)=C1)CC1OCCC12CC2,CCC(CC)N1CC[C@@H](NS(=O)(=O)c2cnc(-c3ccc(Br)cc3)s2)C1,COC(=O)C(C)(C)C(=O)N(Cc1csc(C)c1)CC1OCCC12CC2,26,28,25,27,25.859655,,9,8,,,0,0,0,1,0,57,27,6,224,398,398,201,91,224,0,181,76,213,92,48,12,57,371,143,255,58,197,0,25,0
962,713,968,1020902,9459574,CCCCC1=NC(C)=C(C(=O)N(C)C2CN(C)S(=O)(=O)C2)S1,COC[C@H](O)CN1C=C(C2CC23CCN(C(=O)CC2=CC=C(OC)C(Cl)=C2)CC3)N=N1,CCCCc1nc(C)c(C(=O)N(C)C2CN(C)S(=O)(=O)C2)s1,COC[C@H](O)Cn1cc(C2CC23CCN(C(=O)Cc2ccc(OC)c(Cl)c2)CC3)nn1,22,23,31,34,10.110524,,9,8,,,0,0,0,1,0,29,23,6,107,148,148,93,52,107,2,87,46,86,30,0,0,8,125,56,92,37,55,0,17,0
963,553,429,4693304,2046013,C/C=C/CC(CC)C(=O)NCC12CC1CN(C(=O)CC1=C(C)C=CS1)C2,O=C(C1=CC=NC2=NC=NN12)N1CCC(COCC(F)(F)F)CC1,C/C=C/CC(CC)C(=O)NCC12CC1CN(C(=O)Cc1sccc1C)C2,O=C(c1ccnc2ncnn12)N1CCC(COCC(F)(F)F)CC1,26,28,24,26,19.440470,,12,11,,,0,0,0,1,0,49,26,6,190,248,248,155,112,190,1,127,69,151,53,27,13,18,222,90,158,65,93,0,26,0
964,601,760,7965965,3882586,CNC(=O)CN1C=CC2=CC=C(NC(=O)NC3=C4OC(=O)NC4=CC(Cl)=C3)C=C21,COC(=O)C(C)(C)C(=O)N(CC1=CSC(C)=C1)CC1OCCC12CC2,CNC(=O)Cn1ccc2ccc(NC(=O)Nc3cc(Cl)cc4[nH]c(=O)oc34)cc21,COC(=O)C(C)(C)C(=O)N(Cc1csc(C)c1)CC1OCCC12CC2,29,32,25,27,56.760441,,11,10,,,0,0,0,1,0,88,27,2,344,686,686,305,219,344,0,281,106,368,134,205,40,75,659,214,472,91,381,0,31,0
965,744,158,9181961,3115192,C1=NC=NN1C1CCN(C2=NC(N3CCOC4(CC4)C3)=NC3=C2CCCCC3)CC1,COC(=O)CC1=CSC(CNC(=O)N2CCC(C)(N3CCCC3)C2)=N1,c1ncn(C2CCN(c3nc(N4CCOC5(CC5)C4)nc4c3CCCCC4)CC2)n1,COC(=O)Cc1csc(CNC(=O)N2CCC(C)(N3CCCC3)C2)n1,30,35,25,27,35.705296,,13,12,,,0,0,0,1,0,76,27,4,296,444,444,269,118,296,0,259,128,191,97,74,21,17,417,174,270,95,175,0,27,0
966,906,424,80879,6107964,CC(C)(NCC1=CC(O)=CC=C1)C1=NC=CS1,O=C(CCC1=CN=CO1)NC[C@H]1CCCN(C(=O)CN2CCOCC2=O)C1,CC(C)(NCc1cccc(O)c1)c1nccs1,O=C(CCc1cnco1)NC[C@H]1CCCN(C(=O)CN2CCOCC2=O)C1,17,18,27,29,9.106178,,12,11,,,0,0,0,1,0,26,18,2,104,137,137,92,43,104,1,79,40,58,30,12,6,0,119,52,85,40,45,0,16,0
967,670,101,1785915,5024803,C=CC(CC)C(=O)N[C@@H](CC(=C)C)C(=O)N[C@@H](C)C1=CSC=N1,CC(C)OCCN(CC1=CC=C2CCCOC2=C1)C(=O)C1=CN(C)C=C1,C=CC(CC)C(=O)N[C@@H](CC(=C)C)C(=O)N[C@@H](C)c1cscn1,CC(C)OCCN(Cc1ccc2c(c1)OCCC2)C(=O)c1ccn(C)c1,23,23,26,28,10.535510,,11,10,,,0,0,0,1,0,32,23,4,118,181,181,108,76,118,0,94,45,120,40,6,4,20,158,57,124,51,73,0,19,0
968,853,501,573979,4499785,CC(CC#N)C(=O)N[C@@H](C)CNC(=O)C[C@@H](C)N(C)C,C#CCOC(=O)CNC(=O)C(F)C1CC(NC(=O)CC2CC3(CC3)C2)C1,CC(CC#N)C(=O)N[C@@H](C)CNC(=O)C[C@@H](C)N(C)C,C#CCOC(=O)CNC(=O)C(F)C1CC(NC(=O)CC2CC3(CC3)C2)C1,20,19,26,28,7.831830,,9,8,,,0,0,0,1,0,33,19,1,122,146,146,99,48,122,0,89,53,75,28,1,0,10,127,45,101,54,47,0,18,0
969,630,417,4381149,6853801,C[C@H]1[C@H](CNC(=O)[C@@H]2C[C@@H](F)CN2C(=O)C2=CC=C(C(N)=O)O2)C1(F)F,CCC(CNC(=O)C[C@H]1CC[C@H](NC(=O)C2CCC3(CC3)C2)CC1)C(C)(F)F,C[C@H]1[C@H](CNC(=O)[C@@H]2C[C@@H](F)CN2C(=O)c2ccc(C(N)=O)o2)C1(F)F,CCC(CNC(=O)C[C@H]1CC[C@H](NC(=O)C2CCC3(CC3)C2)CC1)C(C)(F)F,26,28,28,30,53.727570,,14,13,,,0,0,0,1,0,115,28,2,453,664,664,405,215,453,0,384,202,358,152,82,25,53,636,324,340,81,259,0,26,0
970,961,974,1954968,3767260,C=CCCCCC(N[C@H]1CCO[C@H]1C)C1=NN=NN1C1CCC1,CN(CC1=CN(CCC(=O)O)N=N1)C(=O)CCCN1C=CC=CC1=O,C=CCCCCC(N[C@H]1CCO[C@H]1C)c1nnnn1C1CCC1,CN(Cc1cn(CCC(=O)O)nn1)C(=O)CCCn1ccccc1=O,23,25,25,26,16.308775,,10,9,,,0,0,0,1,0,55,25,1,206,326,326,193,44,206,0,180,83,124,73,27,13,22,301,126,200,67,133,0,26,0
971,286,33,7707730,4859545,CCC(C(=O)N(CC1=CC=C(OC)C(C)=C1)C[C@H]1CCCO1)C1=CC=CN=C1,CC(C)[C@@H](CC(=O)OCC1(C)CCN2C=CN=C21)NC(=O)OC(C)(C)C,CCC(C(=O)N(Cc1ccc(OC)c(C)c1)C[C@H]1CCCO1)c1cccnc1,CC(C)[C@@H](CC(=O)OCC1(C)CCn2ccnc21)NC(=O)OC(C)(C)C,28,30,26,27,26.748667,,9,8,,,0,0,0,1,0,64,27,0,253,408,408,229,90,253,0,216,94,200,91,41,17,37,381,130,278,99,179,0,28,0
972,706,379,3749861,1962038,CCCCN1C=C(CCC(=O)N2CCN3C(=NN=C3C3CC3)C2)N=N1,C=C(Br)CNC1=NC(N(C)CCN2C=NC=N2)=NC2=C1CSC2,CCCCn1cc(CCC(=O)N2CCn3c(nnc3C3CC3)C2)nn1,C=C(Br)CNc1nc(N(C)CCn2cncn2)nc2c1CSC2,25,28,23,25,17.597355,,10,9,,,0,0,0,1,0,41,25,4,157,255,255,137,101,157,2,122,57,148,47,46,12,37,230,48,207,89,118,0,21,0
973,222,454,7028356,8292127,CC1=CC=C(CC(=O)N2CC3C=CC2C(C(=O)NCC2=NC(C)=C(C)S2)C3)S1,C#CCNC(=O)[C@H]1C[C@H]1C(=O)NC1CN(C(=O)CC(C)(C)CC=C)CC12CCC2,Cc1ccc(CC(=O)N2CC3C=CC2C(C(=O)NCc2nc(C)c(C)s2)C3)s1,C#CCNC(=O)[C@H]1C[C@H]1C(=O)NC1CN(C(=O)CC(C)(C)CC=C)CC12CCC2,28,31,29,31,218.518951,,17,16,,,0,0,0,1,0,269,31,4,1066,1803,1803,970,875,1066,1,947,370,1181,405,497,168,98,1772,660,1143,310,833,0,27,0
974,455,973,3197541,2845154,O=C(O)CC1CCC1NCC1=CC=CC=C1OCC1=CC=CC=C1F,CC(C)CNC(=O)C(C(C)C(C)(C)C)N1CCC2=CC(Br)=CC=C21,O=C(O)CC1CCC1NCc1ccccc1OCc1ccccc1F,CC(C)CNC(=O)C(C(C)C(C)(C)C)N1CCc2cc(Br)ccc21,25,27,24,25,64.098808,,14,13,,,0,0,0,1,0,165,25,1,656,922,922,595,312,656,0,569,324,437,182,175,65,7,897,491,431,104,327,0,31,0
975,241,875,2413983,6254698,CONC(=O)CNC(=O)C1(NC(=O)C2=CC(C)=NC(C)=C2)CCC1,C=CC(C)OCC(=O)N1CCC(C2=CN(CC3CCC(F)(F)CC3)N=N2)C1,CONC(=O)CNC(=O)C1(NC(=O)c2cc(C)nc(C)c2)CCC1,C=CC(C)OCC(=O)N1CCC(c2cn(CC3CCC(F)(F)CC3)nn2)C1,24,25,27,29,43.770454,,12,11,,,0,0,0,1,0,70,25,1,272,452,452,231,223,272,1,214,91,309,91,110,25,52,427,119,333,112,221,0,29,0
976,371,101,6878309,5024803,C[C@@H]1CN(C(=O)C23CCC(CC2)CO3)C[C@H]1C(=O)N[C@H](C)C1=CC=CC=C1O,CC(C)OCCN(CC1=CC=C2CCCOC2=C1)C(=O)C1=CN(C)C=C1,C[C@@H]1CN(C(=O)C23CCC(CC2)CO3)C[C@H]1C(=O)N[C@H](C)c1ccccc1O,CC(C)OCCN(Cc1ccc2c(c1)OCCC2)C(=O)c1ccn(C)c1,28,31,26,28,699.719482,,18,17,,,0,0,0,1,0,457,28,0,1820,3555,3555,1584,1759,1820,0,1525,391,2175,538,1520,627,363,3527,1104,2451,480,1971,0,65,0
977,702,376,2979898,6724309,CC(C)COC1CCN(C2=C(Cl)C(=O)N(C3=CC=CC=C3)N=C2)CC1,CC(C)C1=CC=CC2=C1CCN(C(=O)NC1=CC(C(N)=O)=CC=C1N(C)C)C2,CC(C)COC1CCN(c2cnn(-c3ccccc3)c(=O)c2Cl)CC1,CC(C)c1cccc2c1CCN(C(=O)Nc1cc(C(N)=O)ccc1N(C)C)C2,25,27,28,30,20.848236,,11,10,,,0,0,0,1,0,52,27,4,202,269,269,174,108,202,1,151,98,147,46,27,7,30,242,98,171,76,95,0,24,0
978,557,923,3798566,4802630,COC(=O)NC1CCN(C2=NC(N3CCC(C#N)CC3)=NC=C2)CC1,CCC1(NC(=O)CCC(=O)C2CC2)CN(C(=O)CC2CCC=CCC2)C1,COC(=O)NC1CCN(c2ccnc(N3CCC(C#N)CC3)n2)CC1,CCC1(NC(=O)CCC(=O)C2CC2)CN(C(=O)CC2CCC=CCC2)C1,25,27,26,28,14.590901,,9,8,,,0,0,0,1,0,50,27,3,188,260,260,162,61,188,0,150,82,121,53,11,3,20,233,112,148,50,98,0,24,0
979,660,367,4114235,9447173,CN1CCC(OC2=CC(NC(=O)C3=CN4N=NN=C4C=C3)=CC=N2)CC1,CN(CC1(O)CCN(C(=O)C2=CC=C([N+](=O)[O-])N2C)CC1)C(=O)[C@H](O)C1=CC=CC=C1,CN1CCC(Oc2cc(NC(=O)c3ccc4nnnn4c3)ccn2)CC1,CN(CC1(O)CCN(C(=O)c2ccc([N+](=O)[O-])n2C)CC1)C(=O)[C@H](O)c1ccccc1,26,29,31,33,24.735632,,14,13,,,0,0,0,1,0,67,29,3,258,319,319,211,105,258,0,185,109,171,73,11,3,24,290,111,208,100,108,0,26,0
980,62,407,6416646,913391,CCOC1CC(CN(CC2=NC=C(OC)N=C2)C(=O)[C@H]2C[C@@]2(C)C2CC2)C1,C#CCOCCC(=O)NCCN1CCC(NC(C)=O)CC1,CCOC1CC(CN(Cc2cnc(OC)cn2)C(=O)[C@H]2C[C@@]2(C)C2CC2)C1,C#CCOCCC(=O)NCCN1CCC(NC(C)=O)CC1,27,30,21,21,17.304070,,11,10,,,0,0,0,1,0,56,21,1,214,277,277,193,68,214,0,173,111,124,62,0,0,21,256,131,146,62,84,0,22,0
981,282,194,9846240,28582,CCC1=C(C(=O)NC(C)C2CCN(S(=O)(=O)C3=CC=CC4=CC=CN=C43)C2)N=NN1CC,CCC=C(C)C(=O)NCCN1CCCC1C,CCc1c(C(=O)NC(C)C2CCN(S(=O)(=O)c3cccc4cccnc34)C2)nnn1CC,CCC=C(C)C(=O)NCCN1CCCC1C,32,35,16,16,5.450495,,9,8,,,0,0,0,1,0,24,16,1,89,105,105,82,28,89,1,69,51,33,14,3,2,6,89,47,58,35,23,0,15,0
982,991,125,2218362,2568785,CN1N=CC=C1C1CCN(CC2CCCN(C(=O)C(C)(C)C)C2)C1,CC(C)OCC(C)(C)C(=O)N[C@H]1C[C@@H](C(=O)NC2CC=CCC2)C1,Cn1nccc1C1CCN(CC2CCCN(C(=O)C(C)(C)C)C2)C1,CC(C)OCC(C)(C)C(=O)N[C@H]1C[C@@H](C(=O)NC2CC=CCC2)C1,24,26,24,25,51.437656,,12,11,,,0,0,0,1,0,98,25,3,388,626,626,347,231,388,2,329,167,423,154,63,4,75,601,210,416,137,279,0,22,0
983,971,868,7431360,7961506,CCN1C(C)=CC(C(=O)N2CCC(N3C=C(CCC4CCOC4)N=N3)C2)=C1C,CN(C1=CC=C(CNC(=O)NC2=NC=CC=C2OCCF)C=C1)C1CCCCC1,CCn1c(C)cc(C(=O)N2CCC(n3cc(CCC4CCOC4)nn3)C2)c1C,CN(c1ccc(CNC(=O)Nc2ncccc2OCCF)cc1)C1CCCCC1,28,31,29,31,49.726814,,11,10,,,0,0,0,1,0,100,31,2,397,668,668,360,181,397,0,351,145,411,161,47,25,87,637,237,431,123,308,0,29,0
984,843,465,6410124,2159572,COC1=NC=CN=C1CN(CCCC1=NC=CS1)C(=O)CC1OCCC1C,CN(C1CCC2(CC1)COC2)S(=O)(=O)C1=CC=C([N+](=O)[O-])C(Cl)=C1,COc1nccnc1CN(CCCc1nccs1)C(=O)CC1OCCC1C,CN(C1CCC2(CC1)COC2)S(=O)(=O)c1ccc([N+](=O)[O-])c(Cl)c1,27,29,24,26,14.818184,,9,8,,,0,0,0,1,0,36,26,6,141,239,239,132,59,141,0,110,45,110,45,30,22,30,213,60,179,72,107,0,22,0
985,93,678,7173889,4318056,CC(C)C(C#N)C(=O)NCC(NC(=O)C1=CN(C2CCC2)N=N1)C1CCCC1,N#CC1(CCC(=O)NCCC2(C(=O)NCC3CC3(F)F)CCC2)CCC1,CC(C)C(C#N)C(=O)NCC(NC(=O)c1cn(C2CCC2)nn1)C1CCCC1,N#CC1(CCC(=O)NCCC2(C(=O)NCC3CC3(F)F)CCC2)CCC1,28,30,26,28,49.170818,,13,12,,,0,0,0,1,0,83,28,2,327,573,573,305,239,327,1,282,116,354,96,126,67,80,545,219,354,86,268,0,33,0
986,217,657,3764730,8708776,CC(C)C(F)(F)C(=O)N1CC(C2=CN(CCCOC3CCC3)N=N2)C1,CO[C@H](CO)CN(CC1=CC=C(OCC(C)C)C=C1)C(=O)NC1=CC=NC(C)=C1,CC(C)C(F)(F)C(=O)N1CC(c2cn(CCCOC3CCC3)nn2)C1,CO[C@H](CO)CN(Cc1ccc(OCC(C)C)cc1)C(=O)Nc1ccnc(C)c1,25,27,29,30,23.292044,,9,8,,,0,0,0,1,0,71,27,4,279,410,410,243,97,279,1,236,106,208,112,30,2,13,383,136,274,107,167,0,23,0
987,654,611,5240309,6791116,CC1=C(NC(=O)CC2CCN(C(=O)OC(C)(C)C)C2)C=CC=C1S(N)(=O)=O,O=C(N1CCCN(C2=CC=C(C(F)(F)F)C=N2)CC1)C1(C2CC2)CCNCC1,Cc1c(NC(=O)CC2CCN(C(=O)OC(C)(C)C)C2)cccc1S(N)(=O)=O,O=C(N1CCCN(c2ccc(C(F)(F)F)cn2)CC1)C1(C2CC2)CCNCC1,27,28,28,31,40.976387,,12,11,,,0,0,0,1,0,76,28,6,296,394,394,245,130,296,2,230,134,236,84,15,5,45,366,127,267,118,149,0,22,0
988,994,21,7879141,6114384,COC1=CC=CC(N(CCC#N)C(=O)C2=C(C)N(C3=CC=CC=C3C)C(C)=C2)=C1,CC1CC(C(=O)N2CCN(C(=O)C3=C(F)C=NC(O)=C3)CC2C(C)(C)C)C1,COc1cccc(N(CCC#N)C(=O)c2cc(C)n(-c3ccccc3C)c2C)c1,CC1CC(C(=O)N2CCN(C(=O)c3cc(O)ncc3F)CC2C(C)(C)C)C1,29,31,27,29,285.167603,,15,14,,,0,0,0,1,0,255,29,1,1008,1877,1877,867,1393,1008,0,815,322,1251,293,1117,224,249,1848,594,1283,273,1010,0,46,0
989,51,805,1637007,10189248,CCC1CN2CCCC2CN1C(=O)NCCOC1=CC=NC=C1,CN(CC1=CC=CC=C1)C(=O)CNC(=O)CNCC1CCCN(C(=O)OCC2=CC=CC=C2)C1,CCC1CN2CCCC2CN1C(=O)NCCOc1ccncc1,CN(Cc1ccccc1)C(=O)CNC(=O)CNCC1CCCN(C(=O)OCc2ccccc2)C1,23,25,34,36,36.605206,,11,10,,,0,0,0,1,0,70,25,0,272,455,455,257,137,272,0,237,119,244,94,66,19,47,430,152,303,105,198,0,28,0
990,341,249,7596939,4332357,CCC(C)(C)N1N=NN=C1C(C1=CN=C(C2CC2)O1)N1CCC(C)(CSC)C1,CC(CC(=O)NC1(C(=O)NC(C)CCN(C)C)CCCCC1)CN(C)C,CCC(C)(C)n1nnnc1C(c1cnc(C2CC2)o1)N1CCC(C)(CSC)C1,CC(CC(=O)NC1(C(=O)NC(C)CCN(C)C)CCCCC1)CN(C)C,28,31,26,26,38.808689,,15,14,,,0,0,0,1,0,86,26,2,336,418,418,279,175,336,0,252,143,225,80,59,32,20,392,138,280,141,139,0,24,0
991,128,805,7513095,10189248,COC1=CC=CC(C(=O)NC(CNS(=O)(=O)CC(C)O)C2=CC(C)=CC=C2)=C1,CN(CC1=CC=CC=C1)C(=O)CNC(=O)CNCC1CCCN(C(=O)OCC2=CC=CC=C2)C1,COc1cccc(C(=O)NC(CNS(=O)(=O)CC(C)O)c2cccc(C)c2)c1,CN(Cc1ccccc1)C(=O)CNC(=O)CNCC1CCCN(C(=O)OCc2ccccc2)C1,28,29,34,36,53.362778,,11,11,,,0,0,0,1,0,83,29,4,321,478,478,286,160,321,1,265,140,292,115,30,6,55,449,175,303,111,192,0,25,0
992,578,210,8026689,1866704,COC1=CC=NC(N2CCN(C(=O)C(=O)NCC3=CN=C(N(C)C)N3C)CC2)=C1,O=C(CN1C=C(CNC2CCOC2)N=N1)NCCC1(O)CCC1,COc1ccnc(N2CCN(C(=O)C(=O)NCc3cnc(N(C)C)n3C)CC2)c1,O=C(Cn1cc(CNC2CCOC2)nn1)NCCC1(O)CCC1,29,31,23,25,27.864304,,13,12,,,0,0,0,1,0,56,25,2,211,295,295,190,52,211,0,169,107,110,48,22,12,35,270,126,169,64,105,0,25,0
993,70,849,4319416,7821504,CCCCSCC(=O)N[C@H]1CC[C@@H](CC(=O)N2CC(CO)(OC)C2)CC1,CC1(C)OCC(CCN(CC2=CC=C3CCOC3=C2)CC2C3CCC2CC3)O1,CCCCSCC(=O)N[C@H]1CC[C@@H](CC(=O)N2CC(CO)(OC)C2)CC1,CC1(C)OCC(CCN(Cc2ccc3c(c2)OCC3)CC2C3CCC2CC3)O1,26,27,28,32,93.781883,,14,14,,,0,0,0,1,0,109,27,4,434,713,713,383,527,434,1,353,178,535,153,292,29,23,686,275,438,108,330,0,28,0
994,783,567,9628048,10058109,CC1=CN(CCN(CC2=CC=C(C)C3=C2CCC3)C(=O)C2=CC=CC(C#N)=C2O)N=C1,COC(=O)C1=CC=CC=C1CN1C=C([C@@H]2CCCN2C(=O)C2=CN=C(C)C(C(C)=O)=C2)N=N1,Cc1cnn(CCN(Cc2ccc(C)c3c2CCC3)C(=O)c2cccc(C#N)c2O)c1,COC(=O)c1ccccc1Cn1cc([C@@H]2CCCN2C(=O)c2cnc(C)c(C(C)=O)c2)nn1,31,34,33,36,754.335266,,17,16,,,0,0,0,1,0,409,34,1,1628,3376,3376,1465,1659,1628,0,1400,511,2059,497,1473,424,347,3342,1013,2363,452,1911,0,55,0
995,212,600,7369947,2966281,CCC1=C(C(=O)N2CC3CCC(C2)C3NC(=O)C2=NC=CN2C(C)C)N=NN1,CCC1=CC=C(C(=O)NC2CC(C3CN(C(=O)OC(C)(C)C)C3)C2)N1,CCc1[nH]nnc1C(=O)N1CC2CCC(C1)C2NC(=O)c1nccn1C(C)C,CCc1ccc(C(=O)NC2CC(C3CN(C(=O)OC(C)(C)C)C3)C2)[nH]1,28,31,25,27,128.082947,,14,13,,,0,0,0,1,0,184,27,2,723,1168,1168,623,212,723,1,605,220,715,372,15,6,155,1141,427,741,196,545,0,25,0
996,221,832,5336157,6223222,O=C(CN1C[C@@H]2OCO[C@@H]2C1)N1CCN(CC2=CC=CC=C2)C2(CCC2)C1,CC1=CN=CC(S(=O)(=O)N2CC[C@@H](NC(=O)C3=CC=C4NN=NC4=N3)C2)=C1,O=C(CN1C[C@@H]2OCO[C@@H]2C1)N1CCN(Cc2ccccc2)C2(CCC2)C1,Cc1cncc(S(=O)(=O)N2CC[C@@H](NC(=O)c3ccc4[nH]nnc4n3)C2)c1,27,31,27,30,36.295589,,14,13,,,0,0,0,1,0,80,30,6,318,458,458,275,198,318,0,262,124,326,127,24,0,26,428,189,269,86,183,0,24,0
997,890,238,302330,5416414,NC1=CN=C(Br)C=C1CN1CCC(C(O)CO)CC1,CC1=CC=C(CN2CCCC2)C=C1NC(=O)C(=O)NCC1=CN=CC=C1O,Nc1cnc(Br)cc1CN1CCC(C(O)CO)CC1,Cc1ccc(CN2CCCC2)cc1NC(=O)C(=O)NCc1cnccc1O,19,20,27,29,89.891495,,13,12,,,0,0,0,1,0,143,20,1,563,934,934,498,184,563,0,492,244,540,217,60,18,157,914,374,560,124,436,0,22,0
998,336,792,264655,5446813,CC1=CN(CCN2CCN(C)C3(CCOC3)C2)N=C1,CN1C=C([C@@H]2C[C@H]2NC(=O)C2=CC=C3C(=C2)NC(=O)C32CCNCC2)C=N1,Cc1cnn(CCN2CCN(C)C3(CCOC3)C2)c1,Cn1cc([C@@H]2C[C@H]2NC(=O)c2ccc3c(c2)NC(=O)C32CCNCC2)cn1,19,21,27,31,7.892952,,8,7,,,0,0,0,1,0,31,21,2,118,160,160,101,75,118,1,87,45,87,28,27,9,11,139,40,120,61,59,0,19,0
999,151,807,6361710,831306,CSCCCN(CC1=NN(C)C2=CC=CC=C21)C(=O)C1=C(C2CC2)C=CO1,O=C(O)C1=C(NC(=O)C2=C3CCCCN3C=C2)C=C(Cl)S1,CSCCCN(Cc1nn(C)c2ccccc12)C(=O)c1occc1C1CC1,O=C(Nc1cc(Cl)sc1C(=O)O)c1ccn2c1CCCC2,27,30,21,23,58.849316,,13,12,,,0,0,0,1,0,135,23,1,531,794,794,489,172,531,0,471,249,360,176,94,42,44,771,353,441,136,305,0,28,0
